rho,run_id,t,queue_length,num_in_system,avg_waiting_time,arrivals_in_interval,departures_in_interval,recent_arrival_rate,recent_service_rate
0.3,0,1.0,0,0,,0,0,0.2,0.2
0.3,0,2.0,0,0,,0,0,0.2,0.2
0.3,0,3.0,0,0,,0,0,0.1,0.1
0.3,0,4.0,0,0,,0,0,0.1,0.1
0.3,0,5.0,0,0,,0,0,0.1,0.1
0.3,0,6.0,0,0,,0,0,0.0,0.1
0.3,0,7.0,0,1,,1,0,0.1,0.0
0.3,0,8.0,0,1,0.0,1,1,0.2,0.1
0.3,0,9.0,0,1,,0,0,0.2,0.1
0.3,0,10.0,0,0,0.06489102356965759,0,1,0.2,0.2
0.3,0,11.0,0,0,,0,0,0.2,0.2
0.3,0,12.0,0,0,,0,0,0.2,0.2
0.3,0,13.0,0,0,,0,0,0.2,0.2
0.3,0,14.0,0,0,,0,0,0.2,0.2
0.3,0,15.0,0,1,,1,0,0.3,0.2
0.3,0,16.0,0,0,0.0,0,1,0.3,0.3
0.3,0,17.0,0,1,,1,0,0.3,0.3
0.3,0,18.0,0,0,0.0,0,1,0.2,0.3
0.3,0,19.0,0,0,,0,0,0.2,0.3
0.3,0,20.0,0,0,,0,0,0.2,0.2
0.3,0,21.0,0,1,,1,0,0.3,0.2
0.3,0,22.0,0,1,,0,0,0.3,0.2
0.3,0,23.0,0,0,0.3752120004526489,1,2,0.4,0.4
0.3,0,24.0,0,0,,0,0,0.4,0.4
0.3,0,25.0,0,0,0.0,1,1,0.4,0.5
0.3,0,26.0,0,0,,0,0,0.4,0.4
0.3,0,27.0,0,0,,0,0,0.3,0.4
0.3,0,28.0,0,0,,0,0,0.3,0.3
0.3,0,29.0,0,0,0.0,1,1,0.4,0.4
0.3,0,30.0,0,0,,0,0,0.4,0.4
0.3,0,31.0,0,0,,0,0,0.3,0.4
0.3,0,32.0,0,0,,0,0,0.3,0.4
0.3,0,33.0,0,0,,0,0,0.2,0.2
0.3,0,34.0,0,0,0.0,1,1,0.3,0.3
0.3,0,35.0,0,0,,0,0,0.2,0.2
0.3,0,36.0,0,0,0.0,1,1,0.3,0.3
0.3,0,37.0,0,0,,0,0,0.3,0.3
0.3,0,38.0,0,0,,0,0,0.3,0.3
0.3,0,39.0,0,0,,0,0,0.2,0.2
0.3,0,40.0,0,0,,0,0,0.2,0.2
0.3,0,41.0,0,1,,1,0,0.3,0.2
0.3,0,42.0,0,0,0.0,0,1,0.3,0.3
0.3,0,43.0,0,0,0.0,1,1,0.4,0.4
0.3,0,44.0,0,0,,0,0,0.3,0.3
0.3,0,45.0,0,0,,0,0,0.3,0.3
0.3,0,46.0,0,0,,0,0,0.2,0.2
0.3,0,47.0,0,0,,0,0,0.2,0.2
0.3,0,48.0,0,0,,0,0,0.2,0.2
0.3,0,49.0,0,0,,0,0,0.2,0.2
0.3,0,50.0,0,1,,1,0,0.3,0.2
0.3,0,51.0,0,0,0.0,0,1,0.2,0.3
0.3,0,52.0,0,0,,0,0,0.2,0.2
0.3,0,53.0,0,0,,0,0,0.1,0.1
0.3,0,54.0,0,0,,0,0,0.1,0.1
0.3,0,55.0,0,0,,0,0,0.1,0.1
0.3,0,56.0,0,0,,0,0,0.1,0.1
0.3,0,57.0,0,0,,0,0,0.1,0.1
0.3,0,58.0,0,1,,1,0,0.2,0.1
0.3,0,59.0,0,1,,0,0,0.2,0.1
0.3,0,60.0,0,1,,0,0,0.1,0.1
0.3,0,61.0,0,1,,0,0,0.1,0.0
0.3,0,62.0,0,1,,0,0,0.1,0.0
0.3,0,63.0,0,1,0.0,1,1,0.2,0.1
0.3,0,64.0,0,0,0.0,0,1,0.2,0.2
0.3,0,65.0,0,1,,1,0,0.3,0.2
0.3,0,66.0,0,0,0.0,0,1,0.3,0.3
0.3,0,67.0,0,0,,0,0,0.3,0.3
0.3,0,68.0,0,0,,0,0,0.2,0.3
0.3,0,69.0,0,0,,0,0,0.2,0.3
0.3,0,70.0,0,0,,0,0,0.2,0.3
0.3,0,71.0,0,0,,0,0,0.2,0.3
0.3,0,72.0,0,1,0.0,2,1,0.4,0.4
0.3,0,73.0,0,0,0.0,0,1,0.3,0.4
0.3,0,74.0,0,0,,0,0,0.3,0.3
0.3,0,75.0,0,0,0.0,1,1,0.3,0.4
0.3,0,76.0,0,0,,0,0,0.3,0.3
0.3,0,77.0,0,0,,0,0,0.3,0.3
0.3,0,78.0,0,0,,0,0,0.3,0.3
0.3,0,79.0,0,0,,0,0,0.3,0.3
0.3,0,80.0,0,0,0.0,1,1,0.4,0.4
0.3,0,81.0,0,0,,0,0,0.4,0.4
0.3,0,82.0,0,0,,0,0,0.2,0.3
0.3,0,83.0,0,0,,0,0,0.2,0.2
0.3,0,84.0,0,1,,1,0,0.3,0.2
0.3,0,85.0,0,0,0.0,0,1,0.2,0.2
0.3,0,86.0,0,0,,0,0,0.2,0.2
0.3,0,87.0,0,0,,0,0,0.2,0.2
0.3,0,88.0,0,0,,0,0,0.2,0.2
0.3,0,89.0,0,0,,0,0,0.2,0.2
0.3,0,90.0,0,0,,0,0,0.1,0.1
0.3,0,91.0,0,0,,0,0,0.1,0.1
0.3,0,92.0,0,0,,0,0,0.1,0.1
0.3,0,93.0,0,0,,0,0,0.1,0.1
0.3,0,94.0,0,1,,1,0,0.1,0.1
0.3,0,95.0,0,0,0.0,0,1,0.1,0.1
0.3,0,96.0,0,0,,0,0,0.1,0.1
0.3,0,97.0,0,0,,0,0,0.1,0.1
0.3,0,98.0,0,1,0.0,2,1,0.3,0.2
0.3,0,99.0,1,2,,1,0,0.4,0.2
0.3,0,100.0,0,1,0.0,0,1,0.4,0.3
0.3,0,101.0,0,1,,0,0,0.4,0.3
0.3,0,102.0,0,0,0.4303601581167129,1,2,0.5,0.5
0.3,0,103.0,0,0,,0,0,0.5,0.5
0.3,0,104.0,0,0,0.0,1,1,0.5,0.6
0.3,0,105.0,0,0,,0,0,0.5,0.5
0.3,0,106.0,0,0,,0,0,0.5,0.5
0.3,0,107.0,0,0,0.0,2,2,0.7,0.7
0.3,0,108.0,0,0,,0,0,0.5,0.6
0.3,0,109.0,0,0,,0,0,0.4,0.6
0.3,0,110.0,0,0,,0,0,0.4,0.5
0.3,0,111.0,0,0,,0,0,0.4,0.5
0.3,0,112.0,0,0,,0,0,0.3,0.3
0.3,0,113.0,0,0,,0,0,0.3,0.3
0.3,0,114.0,0,1,,1,0,0.3,0.2
0.3,0,115.0,0,0,0.0,0,1,0.3,0.3
0.3,0,116.0,0,0,,0,0,0.3,0.3
0.3,0,117.0,0,0,,0,0,0.1,0.1
0.3,0,118.0,0,1,,1,0,0.2,0.1
0.3,0,119.0,1,2,,1,0,0.3,0.1
0.3,0,120.0,1,2,,0,0,0.3,0.1
0.3,0,121.0,0,0,1.0305529852138875,1,3,0.4,0.4
0.3,0,122.0,0,1,,1,0,0.5,0.4
0.3,0,123.0,0,1,,0,0,0.5,0.4
0.3,0,124.0,0,1,,0,0,0.4,0.4
0.3,0,125.0,1,2,,1,0,0.5,0.3
0.3,0,126.0,1,2,,0,0,0.5,0.3
0.3,0,127.0,0,1,0.0,0,1,0.5,0.4
0.3,0,128.0,0,0,1.9182771788563286,0,1,0.4,0.5
0.3,0,129.0,0,0,,0,0,0.3,0.5
0.3,0,130.0,0,0,0.0,1,1,0.4,0.6
0.3,0,131.0,0,0,,0,0,0.3,0.3
0.3,0,132.0,0,0,,0,0,0.2,0.3
0.3,0,133.0,0,0,,0,0,0.2,0.3
0.3,0,134.0,0,0,0.0,1,1,0.3,0.4
0.3,0,135.0,0,1,,1,0,0.3,0.4
0.3,0,136.0,0,1,0.0,1,1,0.4,0.5
0.3,0,137.0,0,0,0.0,0,1,0.4,0.5
0.3,0,138.0,0,0,0.0,1,1,0.5,0.5
0.3,0,139.0,0,0,,0,0,0.5,0.5
0.3,0,140.0,0,1,,1,0,0.5,0.4
0.3,0,141.0,0,0,0.0,0,1,0.5,0.5
0.3,0,142.0,0,0,,0,0,0.5,0.5
0.3,0,143.0,0,0,,0,0,0.5,0.5
0.3,0,144.0,0,0,,0,0,0.4,0.4
0.3,0,145.0,0,0,,0,0,0.3,0.4
0.3,0,146.0,0,0,,0,0,0.2,0.3
0.3,0,147.0,0,0,,0,0,0.2,0.2
0.3,0,148.0,0,0,,0,0,0.1,0.1
0.3,0,149.0,0,0,,0,0,0.1,0.1
0.3,0,150.0,0,0,,0,0,0.0,0.1
0.3,0,151.0,0,1,,1,0,0.1,0.0
0.3,0,152.0,0,1,,0,0,0.1,0.0
0.3,0,153.0,0,0,0.0,0,1,0.1,0.1
0.3,0,154.0,0,0,,0,0,0.1,0.1
0.3,0,155.0,0,0,,0,0,0.1,0.1
0.3,0,156.0,0,0,,0,0,0.1,0.1
0.3,0,157.0,0,1,,1,0,0.2,0.1
0.3,0,158.0,0,0,0.0,0,1,0.2,0.2
0.3,0,159.0,0,0,,0,0,0.2,0.2
0.3,0,160.0,0,0,,0,0,0.2,0.2
0.3,0,161.0,0,0,,0,0,0.1,0.2
0.3,0,162.0,0,0,0.0,1,1,0.2,0.3
0.3,0,163.0,0,0,,0,0,0.2,0.2
0.3,0,164.0,0,0,,0,0,0.2,0.2
0.3,0,165.0,0,0,,0,0,0.2,0.2
0.3,0,166.0,0,0,,0,0,0.2,0.2
0.3,0,167.0,0,0,,0,0,0.1,0.2
0.3,0,168.0,0,0,0.0,1,1,0.2,0.2
0.3,0,169.0,0,0,0.0,1,1,0.3,0.3
0.3,0,170.0,0,0,,0,0,0.3,0.3
0.3,0,171.0,0,0,,0,0,0.3,0.3
0.3,0,172.0,0,0,,0,0,0.2,0.2
0.3,0,173.0,0,0,0.0,1,1,0.3,0.3
0.3,0,174.0,0,0,,0,0,0.3,0.3
0.3,0,175.0,0,0,,0,0,0.3,0.3
0.3,0,176.0,0,0,,0,0,0.3,0.3
0.3,0,177.0,0,0,,0,0,0.3,0.3
0.3,0,178.0,0,0,,0,0,0.2,0.2
0.3,0,179.0,0,0,,0,0,0.1,0.1
0.3,0,180.0,0,0,,0,0,0.1,0.1
0.3,0,181.0,0,0,,0,0,0.1,0.1
0.3,0,182.0,0,0,,0,0,0.1,0.1
0.3,0,183.0,0,0,,0,0,0.0,0.0
0.3,0,184.0,0,1,,1,0,0.1,0.0
0.3,0,185.0,0,0,0.0,0,1,0.1,0.1
0.3,0,186.0,0,0,0.0,1,1,0.2,0.2
0.3,0,187.0,0,0,,0,0,0.2,0.2
0.3,0,188.0,0,0,0.0,1,1,0.3,0.3
0.3,0,189.0,0,0,,0,0,0.3,0.3
0.3,0,190.0,0,0,,0,0,0.3,0.3
0.3,0,191.0,0,1,0.0,2,1,0.5,0.4
0.3,0,192.0,0,1,0.4454041297146887,1,1,0.6,0.5
0.3,0,193.0,0,0,0.0,0,1,0.6,0.6
0.3,0,194.0,0,0,,0,0,0.5,0.6
0.3,0,195.0,0,1,,1,0,0.6,0.5
0.3,0,196.0,1,2,,1,0,0.6,0.4
0.3,0,197.0,3,4,,2,0,0.8,0.4
0.3,0,198.0,2,3,0.0,0,1,0.7,0.4
0.3,0,199.0,2,3,,0,0,0.7,0.4
0.3,0,200.0,0,1,2.9176452343656365,0,2,0.7,0.6
0.3,0,201.0,0,0,3.2884579988633504,0,1,0.5,0.6
0.3,0,202.0,0,0,,0,0,0.4,0.5
0.3,0,203.0,0,0,,0,0,0.4,0.4
0.3,0,204.0,0,0,,0,0,0.4,0.4
0.3,0,205.0,0,0,,0,0,0.3,0.4
0.3,0,206.0,0,0,,0,0,0.2,0.4
0.3,0,207.0,0,0,,0,0,0.0,0.4
0.3,0,208.0,0,0,,0,0,0.0,0.3
0.3,0,209.0,0,0,,0,0,0.0,0.3
0.3,0,210.0,0,0,,0,0,0.0,0.1
0.3,0,211.0,0,1,0.0,2,1,0.2,0.1
0.3,0,212.0,0,1,,0,0,0.2,0.1
0.3,0,213.0,0,1,,0,0,0.2,0.1
0.3,0,214.0,1,2,,1,0,0.3,0.1
0.3,0,215.0,1,2,,0,0,0.3,0.1
0.3,0,216.0,1,2,,0,0,0.3,0.1
0.3,0,217.0,0,1,0.4194086056714923,0,1,0.3,0.2
0.3,0,218.0,0,0,2.5306209248919345,0,1,0.3,0.3
0.3,0,219.0,0,0,,0,0,0.3,0.3
0.3,0,220.0,0,0,,0,0,0.3,0.3
0.3,0,221.0,0,0,,0,0,0.1,0.2
0.3,0,222.0,0,0,,0,0,0.1,0.2
0.3,0,223.0,0,0,,0,0,0.1,0.2
0.3,0,224.0,0,0,,0,0,0.0,0.2
0.3,0,225.0,0,1,,1,0,0.1,0.2
0.3,0,226.0,0,0,0.0,0,1,0.1,0.3
0.3,0,227.0,0,0,,0,0,0.1,0.2
0.3,0,228.0,0,0,,0,0,0.1,0.1
0.3,0,229.0,0,1,,1,0,0.2,0.1
0.3,0,230.0,0,1,,0,0,0.2,0.1
0.3,0,231.0,0,0,0.0,0,1,0.2,0.2
0.3,0,232.0,0,0,,0,0,0.2,0.2
0.3,0,233.0,0,0,,0,0,0.2,0.2
0.3,0,234.0,0,1,,1,0,0.3,0.2
0.3,0,235.0,0,1,0.0,1,1,0.3,0.3
0.3,0,236.0,1,2,,1,0,0.4,0.2
0.3,0,237.0,2,3,0.06250896551125606,2,1,0.6,0.3
0.3,0,238.0,0,0,0.6780972652396523,0,3,0.6,0.6
0.3,0,239.0,0,0,,0,0,0.5,0.6
0.3,0,240.0,0,0,,0,0,0.5,0.6
0.3,0,241.0,0,0,0.0,1,1,0.6,0.6
0.3,0,242.0,0,0,,0,0,0.6,0.6
0.3,0,243.0,0,0,,0,0,0.6,0.6
0.3,0,244.0,1,2,,2,0,0.7,0.6
0.3,0,245.0,1,2,,0,0,0.6,0.5
0.3,0,246.0,1,2,,0,0,0.5,0.5
0.3,0,247.0,0,0,1.3641563419074032,0,2,0.3,0.6
0.3,0,248.0,0,0,,0,0,0.3,0.3
0.3,0,249.0,0,0,,0,0,0.3,0.3
0.3,0,250.0,0,0,,0,0,0.3,0.3
0.3,0,251.0,1,2,,2,0,0.4,0.2
0.3,0,252.0,0,0,0.13179032455451534,0,2,0.4,0.4
0.3,0,253.0,0,0,,0,0,0.4,0.4
0.3,0,254.0,0,0,0.0,1,1,0.3,0.5
0.3,0,255.0,0,0,,0,0,0.3,0.5
0.3,0,256.0,1,2,,2,0,0.5,0.5
0.3,0,257.0,1,2,,0,0,0.5,0.3
0.3,0,258.0,0,1,0.5300446110795747,1,2,0.6,0.5
0.3,0,259.0,1,2,,1,0,0.7,0.5
0.3,0,260.0,2,3,,1,0,0.8,0.5
0.3,0,261.0,1,2,0.0,0,1,0.6,0.6
0.3,0,262.0,2,3,,1,0,0.7,0.4
0.3,0,263.0,1,2,2.6160388978445326,1,2,0.8,0.6
0.3,0,264.0,0,0,1.0512274863093864,0,2,0.7,0.7
0.3,0,265.0,0,0,,0,0,0.7,0.7
0.3,0,266.0,0,0,,0,0,0.5,0.7
0.3,0,267.0,0,1,,1,0,0.6,0.7
0.3,0,268.0,0,1,,0,0,0.5,0.5
0.3,0,269.0,0,0,0.0,0,1,0.4,0.6
0.3,0,270.0,0,0,,0,0,0.3,0.6
0.3,0,271.0,0,0,0.0,1,1,0.4,0.6
0.3,0,272.0,0,0,,0,0,0.3,0.6
0.3,0,273.0,0,0,,0,0,0.2,0.4
0.3,0,274.0,0,0,,0,0,0.2,0.2
0.3,0,275.0,0,0,,0,0,0.2,0.2
0.3,0,276.0,0,0,,0,0,0.2,0.2
0.3,0,277.0,0,0,,0,0,0.1,0.2
0.3,0,278.0,0,0,,0,0,0.1,0.2
0.3,0,279.0,0,1,,1,0,0.2,0.1
0.3,0,280.0,0,0,0.0,1,2,0.3,0.3
0.3,0,281.0,0,1,,1,0,0.3,0.2
0.3,0,282.0,0,0,0.0,0,1,0.3,0.3
0.3,0,283.0,0,1,,1,0,0.4,0.3
0.3,0,284.0,0,1,0.0,1,1,0.5,0.4
0.3,0,285.0,0,0,0.0,0,1,0.5,0.5
0.3,0,286.0,0,0,0.0,1,1,0.6,0.6
0.3,0,287.0,0,0,,0,0,0.6,0.6
0.3,0,288.0,0,0,,0,0,0.6,0.6
0.3,0,289.0,0,0,,0,0,0.5,0.6
0.3,0,290.0,0,0,,0,0,0.4,0.4
0.3,0,291.0,0,0,,0,0,0.3,0.4
0.3,0,292.0,0,0,,0,0,0.3,0.3
0.3,0,293.0,0,0,,0,0,0.2,0.3
0.3,0,294.0,0,0,,0,0,0.1,0.2
0.3,0,295.0,0,0,0.0,1,1,0.2,0.2
0.3,0,296.0,0,0,,0,0,0.1,0.1
0.3,0,297.0,0,0,,0,0,0.1,0.1
0.3,0,298.0,0,0,,0,0,0.1,0.1
0.3,0,299.0,0,1,,1,0,0.2,0.1
0.3,0,300.0,0,1,,0,0,0.2,0.1
0.3,0,301.0,0,0,0.0,0,1,0.2,0.2
0.3,0,302.0,0,1,0.0,2,1,0.4,0.3
0.3,0,303.0,0,1,,0,0,0.4,0.3
0.3,0,304.0,0,1,0.0,1,1,0.5,0.4
0.3,0,305.0,0,1,,0,0,0.4,0.3
0.3,0,306.0,0,0,0.01548037151508197,1,2,0.5,0.5
0.3,0,307.0,1,2,0.0,3,1,0.8,0.6
0.3,0,308.0,1,2,,0,0,0.8,0.6
0.3,0,309.0,0,1,0.0,0,1,0.7,0.7
0.3,0,310.0,0,1,,0,0,0.7,0.7
0.3,0,311.0,0,1,1.9350952966303225,1,1,0.8,0.7
0.3,0,312.0,0,0,0.0,0,1,0.6,0.7
0.3,0,313.0,0,0,,0,0,0.6,0.7
0.3,0,314.0,0,0,0.0,1,1,0.6,0.7
0.3,0,315.0,0,0,,0,0,0.6,0.7
0.3,0,316.0,0,1,,1,0,0.6,0.5
0.3,0,317.0,1,2,,1,0,0.4,0.4
0.3,0,318.0,1,2,,0,0,0.4,0.4
0.3,0,319.0,0,1,0.0,0,1,0.4,0.4
0.3,0,320.0,0,1,,0,0,0.4,0.4
0.3,0,321.0,0,1,1.7393161359290161,1,1,0.4,0.4
0.3,0,322.0,0,0,0.0,1,2,0.5,0.5
0.3,0,323.0,0,0,,0,0,0.5,0.5
0.3,0,324.0,0,0,,0,0,0.4,0.4
0.3,0,325.0,0,0,,0,0,0.4,0.4
0.3,0,326.0,0,0,,0,0,0.3,0.4
0.3,0,327.0,0,0,,0,0,0.2,0.4
0.3,0,328.0,0,0,,0,0,0.2,0.4
0.3,0,329.0,0,0,,0,0,0.2,0.3
0.3,0,330.0,0,0,,0,0,0.2,0.3
0.3,0,331.0,0,0,,0,0,0.1,0.2
0.3,0,332.0,0,0,,0,0,0.0,0.0
0.3,0,333.0,0,0,,0,0,0.0,0.0
0.3,0,334.0,0,1,,1,0,0.1,0.0
0.3,0,335.0,0,1,,0,0,0.1,0.0
0.3,0,336.0,0,0,0.0,0,1,0.1,0.1
0.3,0,337.0,0,0,,0,0,0.1,0.1
0.3,0,338.0,0,0,,0,0,0.1,0.1
0.3,0,339.0,0,0,,0,0,0.1,0.1
0.3,0,340.0,0,0,0.0,1,1,0.2,0.2
0.3,0,341.0,0,0,,0,0,0.2,0.2
0.3,0,342.0,0,0,,0,0,0.2,0.2
0.3,0,343.0,0,0,,0,0,0.2,0.2
0.3,0,344.0,0,0,,0,0,0.1,0.2
0.3,0,345.0,0,0,,0,0,0.1,0.2
0.3,0,346.0,0,0,,0,0,0.1,0.1
0.3,0,347.0,0,0,,0,0,0.1,0.1
0.3,0,348.0,0,0,,0,0,0.1,0.1
0.3,0,349.0,0,0,,0,0,0.1,0.1
0.3,0,350.0,0,0,,0,0,0.0,0.0
0.3,0,351.0,0,0,,0,0,0.0,0.0
0.3,0,352.0,0,0,,0,0,0.0,0.0
0.3,0,353.0,0,0,,0,0,0.0,0.0
0.3,0,354.0,0,0,0.0,1,1,0.1,0.1
0.3,0,355.0,0,0,,0,0,0.1,0.1
0.3,0,356.0,0,0,,0,0,0.1,0.1
0.3,0,357.0,0,0,,0,0,0.1,0.1
0.3,0,358.0,0,0,,0,0,0.1,0.1
0.3,0,359.0,0,0,,0,0,0.1,0.1
0.3,0,360.0,1,2,,2,0,0.3,0.1
0.3,0,361.0,0,0,0.23979668911243834,0,2,0.3,0.3
0.3,0,362.0,0,0,,0,0,0.3,0.3
0.3,0,363.0,0,1,,1,0,0.4,0.3
0.3,0,364.0,0,0,0.0,0,1,0.3,0.3
0.3,0,365.0,0,0,,0,0,0.3,0.3
0.3,0,366.0,0,0,,0,0,0.3,0.3
0.3,0,367.0,0,0,,0,0,0.3,0.3
0.3,0,368.0,0,0,,0,0,0.3,0.3
0.3,0,369.0,1,2,,2,0,0.5,0.3
0.3,0,370.0,1,2,,0,0,0.3,0.3
0.3,0,371.0,0,1,0.0,0,1,0.3,0.2
0.3,0,372.0,1,2,1.67979056058698,2,1,0.5,0.3
0.3,0,373.0,1,2,,0,0,0.4,0.3
0.3,0,374.0,2,3,,1,0,0.5,0.2
0.3,0,375.0,2,3,,0,0,0.5,0.2
0.3,0,376.0,0,1,1.7429316376208135,0,2,0.5,0.4
0.3,0,377.0,0,0,1.1128228082633882,1,2,0.6,0.6
0.3,0,378.0,0,0,,0,0,0.6,0.6
0.3,0,379.0,0,0,,0,0,0.4,0.6
0.3,0,380.0,0,1,0.0,2,1,0.6,0.7
0.3,0,381.0,0,0,0.0,0,1,0.6,0.7
0.3,0,382.0,0,0,,0,0,0.4,0.6
0.3,0,383.0,0,0,,0,0,0.4,0.6
0.3,0,384.0,0,0,,0,0,0.3,0.6
0.3,0,385.0,0,0,,0,0,0.3,0.6
0.3,0,386.0,0,0,,0,0,0.3,0.4
0.3,0,387.0,1,2,,2,0,0.4,0.2
0.3,0,388.0,0,0,0.10274376214050562,0,2,0.4,0.4
0.3,0,389.0,0,0,,0,0,0.4,0.4
0.3,0,390.0,0,0,0.0,1,1,0.3,0.4
0.3,0,391.0,0,0,,0,0,0.3,0.3
0.3,0,392.0,0,0,,0,0,0.3,0.3
0.3,0,393.0,0,0,,0,0,0.3,0.3
0.3,0,394.0,0,0,,0,0,0.3,0.3
0.3,0,395.0,0,0,,0,0,0.3,0.3
0.3,0,396.0,0,0,,0,0,0.3,0.3
0.3,0,397.0,0,0,,0,0,0.1,0.3
0.3,0,398.0,0,0,0.0,1,1,0.2,0.2
0.3,0,399.0,0,0,,0,0,0.2,0.2
0.3,0,400.0,0,0,,0,0,0.1,0.1
0.3,0,401.0,0,0,,0,0,0.1,0.1
0.3,0,402.0,0,0,,0,0,0.1,0.1
0.3,0,403.0,0,0,,0,0,0.1,0.1
0.3,0,404.0,0,0,,0,0,0.1,0.1
0.3,0,405.0,0,0,0.0,1,1,0.2,0.2
0.3,0,406.0,0,0,,0,0,0.2,0.2
0.3,0,407.0,0,0,,0,0,0.2,0.2
0.3,0,408.0,0,0,,0,0,0.1,0.1
0.3,0,409.0,0,1,,1,0,0.2,0.1
0.3,0,410.0,0,0,0.0,0,1,0.2,0.2
0.3,0,411.0,0,0,,0,0,0.2,0.2
0.3,0,412.0,0,0,0.0,1,1,0.3,0.3
0.3,0,413.0,0,0,,0,0,0.3,0.3
0.3,0,414.0,0,1,,1,0,0.4,0.3
0.3,0,415.0,0,0,0.0,0,1,0.3,0.3
0.3,0,416.0,0,0,,0,0,0.3,0.3
0.3,0,417.0,0,0,,0,0,0.3,0.3
0.3,0,418.0,0,0,,0,0,0.3,0.3
0.3,0,419.0,0,0,,0,0,0.2,0.3
0.3,0,420.0,0,0,,0,0,0.2,0.2
0.3,0,421.0,0,0,,0,0,0.2,0.2
0.3,0,422.0,0,0,,0,0,0.1,0.1
0.3,0,423.0,0,1,,1,0,0.2,0.1
0.3,0,424.0,0,1,,0,0,0.1,0.1
0.3,0,425.0,0,0,0.0,0,1,0.1,0.1
0.3,0,426.0,0,0,0.0,1,1,0.2,0.2
0.3,0,427.0,0,0,,0,0,0.2,0.2
0.3,0,428.0,0,1,,1,0,0.3,0.2
0.3,0,429.0,0,0,0.0,0,1,0.3,0.3
0.3,0,430.0,0,0,,0,0,0.3,0.3
0.3,0,431.0,0,0,,0,0,0.3,0.3
0.3,0,432.0,0,0,,0,0,0.3,0.3
0.3,0,433.0,0,0,,0,0,0.2,0.3
0.3,0,434.0,0,1,,1,0,0.3,0.3
0.3,0,435.0,0,0,0.0,0,1,0.3,0.3
0.3,0,436.0,0,0,,0,0,0.2,0.2
0.3,0,437.0,0,0,0.0,1,1,0.3,0.3
0.3,0,438.0,0,1,,1,0,0.3,0.3
0.3,0,439.0,0,0,0.0,0,1,0.3,0.3
0.3,0,440.0,0,0,,0,0,0.3,0.3
0.3,0,441.0,0,0,,0,0,0.3,0.3
0.3,0,442.0,0,1,,1,0,0.4,0.3
0.3,0,443.0,0,1,0.0,1,1,0.5,0.4
0.3,0,444.0,0,0,0.2056167552457282,0,1,0.4,0.5
0.3,0,445.0,0,1,,1,0,0.5,0.4
0.3,0,446.0,0,0,0.0,0,1,0.5,0.5
0.3,0,447.0,0,0,,0,0,0.4,0.4
0.3,0,448.0,0,1,,1,0,0.4,0.4
0.3,0,449.0,0,1,,0,0,0.4,0.3
0.3,0,450.0,0,0,0.0,0,1,0.4,0.4
0.3,0,451.0,0,0,,0,0,0.4,0.4
0.3,0,452.0,0,0,,0,0,0.3,0.4
0.3,0,453.0,0,0,,0,0,0.2,0.3
0.3,0,454.0,0,0,,0,0,0.2,0.2
0.3,0,455.0,0,0,0.0,1,1,0.2,0.3
0.3,0,456.0,0,1,,1,0,0.3,0.2
0.3,0,457.0,0,0,0.0,0,1,0.3,0.3
0.3,0,458.0,0,1,,1,0,0.3,0.3
0.3,0,459.0,1,2,,1,0,0.4,0.3
0.3,0,460.0,0,1,0.0,0,1,0.4,0.3
0.3,0,461.0,0,0,1.2785212925816722,0,1,0.4,0.4
0.3,0,462.0,0,1,,1,0,0.5,0.4
0.3,0,463.0,1,2,,1,0,0.6,0.4
0.3,0,464.0,1,2,,0,0,0.6,0.4
0.3,0,465.0,0,1,0.0,0,1,0.5,0.4
0.3,0,466.0,0,1,,0,0,0.4,0.4
0.3,0,467.0,0,0,1.912603833130106,0,1,0.4,0.4
0.3,0,468.0,0,0,0.0,1,1,0.4,0.5
0.3,0,469.0,0,0,,0,0,0.3,0.5
0.3,0,470.0,0,1,,1,0,0.4,0.4
0.3,0,471.0,0,0,0.0,1,2,0.5,0.5
0.3,0,472.0,0,0,,0,0,0.4,0.5
0.3,0,473.0,0,0,,0,0,0.3,0.5
0.3,0,474.0,0,0,,0,0,0.3,0.5
0.3,0,475.0,0,1,,1,0,0.4,0.4
0.3,0,476.0,0,1,,0,0,0.4,0.4
0.3,0,477.0,0,0,0.0,0,1,0.4,0.4
0.3,0,478.0,0,1,,1,0,0.4,0.3
0.3,0,479.0,0,0,0.0,0,1,0.4,0.4
0.3,0,480.0,0,0,,0,0,0.3,0.4
0.3,0,481.0,0,0,,0,0,0.2,0.2
0.3,0,482.0,0,0,,0,0,0.2,0.2
0.3,0,483.0,0,0,,0,0,0.2,0.2
0.3,0,484.0,0,0,,0,0,0.2,0.2
0.3,0,485.0,0,0,,0,0,0.1,0.2
0.3,0,486.0,0,0,,0,0,0.1,0.2
0.3,0,487.0,0,0,,0,0,0.1,0.1
0.3,0,488.0,0,0,,0,0,0.0,0.1
0.3,0,489.0,0,0,,0,0,0.0,0.0
0.3,0,490.0,0,1,,1,0,0.1,0.0
0.3,0,491.0,0,0,0.0,0,1,0.1,0.1
0.3,0,492.0,0,0,,0,0,0.1,0.1
0.3,0,493.0,0,0,0.0,1,1,0.2,0.2
0.3,0,494.0,0,1,0.0,2,1,0.4,0.3
0.3,0,495.0,0,0,0.0,0,1,0.4,0.4
0.3,0,496.0,0,1,,1,0,0.5,0.4
0.3,0,497.0,0,1,,0,0,0.5,0.4
0.3,0,498.0,0,0,0.0,0,1,0.5,0.5
0.3,0,499.0,0,0,,0,0,0.5,0.5
0.3,0,500.0,0,0,,0,0,0.4,0.5
0.3,0,501.0,0,0,,0,0,0.4,0.4
0.3,0,502.0,0,1,,1,0,0.5,0.4
0.3,0,503.0,0,0,0.0,0,1,0.4,0.4
0.3,0,504.0,0,0,,0,0,0.2,0.3
0.3,0,505.0,0,1,,1,0,0.3,0.2
0.3,0,506.0,0,0,0.0,0,1,0.2,0.3
0.3,0,507.0,0,1,,1,0,0.3,0.3
0.3,0,508.0,0,0,0.0,0,1,0.3,0.3
0.3,0,509.0,0,1,,1,0,0.4,0.3
0.3,0,510.0,0,0,0.0,0,1,0.4,0.4
0.3,0,511.0,0,0,,0,0,0.4,0.4
0.3,0,512.0,0,1,,1,0,0.4,0.4
0.3,0,513.0,1,2,,1,0,0.5,0.3
0.3,0,514.0,0,1,0.0,0,1,0.5,0.4
0.3,0,515.0,0,0,1.6141482649644558,0,1,0.4,0.5
0.3,0,516.0,0,0,,0,0,0.4,0.4
0.3,0,517.0,0,0,,0,0,0.3,0.4
0.3,0,518.0,0,0,0.0,1,1,0.4,0.4
0.3,0,519.0,0,0,,0,0,0.3,0.4
0.3,0,520.0,0,1,,1,0,0.4,0.3
0.3,0,521.0,0,0,0.0,0,1,0.4,0.4
0.3,0,522.0,0,0,,0,0,0.3,0.4
0.3,0,523.0,0,0,,0,0,0.2,0.4
0.3,0,524.0,0,0,,0,0,0.2,0.3
0.3,0,525.0,0,0,,0,0,0.2,0.2
0.3,0,526.0,0,0,,0,0,0.2,0.2
0.3,0,527.0,0,0,,0,0,0.2,0.2
0.3,0,528.0,0,0,,0,0,0.1,0.1
0.3,0,529.0,0,0,,0,0,0.1,0.1
0.3,0,530.0,0,0,,0,0,0.0,0.1
0.3,0,531.0,0,0,0.0,2,2,0.2,0.2
0.3,0,532.0,0,0,,0,0,0.2,0.2
0.3,0,533.0,0,0,,0,0,0.2,0.2
0.3,0,534.0,0,0,,0,0,0.2,0.2
0.3,0,535.0,0,0,,0,0,0.2,0.2
0.3,0,536.0,0,0,,0,0,0.2,0.2
0.3,0,537.0,0,0,,0,0,0.2,0.2
0.3,0,538.0,0,0,,0,0,0.2,0.2
0.3,0,539.0,0,1,,1,0,0.3,0.2
0.3,0,540.0,0,1,0.0,1,1,0.4,0.3
0.3,0,541.0,0,1,,0,0,0.2,0.1
0.3,0,542.0,0,1,,0,0,0.2,0.1
0.3,0,543.0,0,1,,0,0,0.2,0.1
0.3,0,544.0,0,0,0.0556436545851966,2,3,0.4,0.4
0.3,0,545.0,0,0,,0,0,0.4,0.4
0.3,0,546.0,0,0,,0,0,0.4,0.4
0.3,0,547.0,0,0,,0,0,0.4,0.4
0.3,0,548.0,0,1,,1,0,0.5,0.4
0.3,0,549.0,0,1,,0,0,0.4,0.4
0.3,0,550.0,0,0,0.0,0,1,0.3,0.4
0.3,0,551.0,0,0,,0,0,0.3,0.4
0.3,0,552.0,0,0,0.0,1,1,0.4,0.5
0.3,0,553.0,0,0,,0,0,0.4,0.5
0.3,0,554.0,0,0,,0,0,0.2,0.2
0.3,0,555.0,0,0,,0,0,0.2,0.2
0.3,0,556.0,0,0,,0,0,0.2,0.2
0.3,0,557.0,0,0,0.0,1,1,0.3,0.3
0.3,0,558.0,0,0,,0,0,0.2,0.3
0.3,0,559.0,0,1,,1,0,0.3,0.3
0.3,0,560.0,0,1,,0,0,0.3,0.2
0.3,0,561.0,0,0,0.0,0,1,0.3,0.3
0.3,0,562.0,0,0,,0,0,0.2,0.2
0.3,0,563.0,0,0,,0,0,0.2,0.2
0.3,0,564.0,0,0,,0,0,0.2,0.2
0.3,0,565.0,0,0,,0,0,0.2,0.2
0.3,0,566.0,0,0,,0,0,0.2,0.2
0.3,0,567.0,0,0,,0,0,0.1,0.1
0.3,0,568.0,0,1,,1,0,0.2,0.1
0.3,0,569.0,1,2,,1,0,0.2,0.1
0.3,0,570.0,0,0,0.617658323798139,0,2,0.2,0.3
0.3,0,571.0,0,0,,0,0,0.2,0.2
0.3,0,572.0,0,0,,0,0,0.2,0.2
0.3,0,573.0,0,0,,0,0,0.2,0.2
0.3,0,574.0,0,0,,0,0,0.2,0.2
0.3,0,575.0,0,0,0.0,1,1,0.3,0.3
0.3,0,576.0,0,0,,0,0,0.3,0.3
0.3,0,577.0,0,0,,0,0,0.3,0.3
0.3,0,578.0,0,0,,0,0,0.2,0.3
0.3,0,579.0,0,0,,0,0,0.1,0.3
0.3,0,580.0,0,0,,0,0,0.1,0.1
0.3,0,581.0,0,0,,0,0,0.1,0.1
0.3,0,582.0,0,0,,0,0,0.1,0.1
0.3,0,583.0,1,2,,2,0,0.3,0.1
0.3,0,584.0,1,2,,0,0,0.3,0.1
0.3,0,585.0,2,3,,1,0,0.3,0.0
0.3,0,586.0,0,0,1.0455070816536818,0,3,0.3,0.3
0.3,0,587.0,0,0,,0,0,0.3,0.3
0.3,0,588.0,0,0,,0,0,0.3,0.3
0.3,0,589.0,0,0,0.0,1,1,0.4,0.4
0.3,0,590.0,0,0,,0,0,0.4,0.4
0.3,0,591.0,0,0,,0,0,0.4,0.4
0.3,0,592.0,0,1,,1,0,0.5,0.4
0.3,0,593.0,0,0,0.0,0,1,0.3,0.5
0.3,0,594.0,0,0,,0,0,0.3,0.5
0.3,0,595.0,0,0,,0,0,0.2,0.5
0.3,0,596.0,0,0,,0,0,0.2,0.2
0.3,0,597.0,0,0,,0,0,0.2,0.2
0.3,0,598.0,0,0,,0,0,0.2,0.2
0.3,0,599.0,0,0,,0,0,0.1,0.1
0.3,0,600.0,0,0,,0,0,0.1,0.1
0.3,0,601.0,0,0,,0,0,0.1,0.1
0.3,0,602.0,0,0,,0,0,0.0,0.1
0.3,0,603.0,0,0,,0,0,0.0,0.0
0.3,0,604.0,0,0,,0,0,0.0,0.0
0.3,0,605.0,0,0,,0,0,0.0,0.0
0.3,0,606.0,0,1,,1,0,0.1,0.0
0.3,0,607.0,1,2,,1,0,0.2,0.0
0.3,0,608.0,1,2,,0,0,0.2,0.0
0.3,0,609.0,0,1,0.0,0,1,0.2,0.1
0.3,0,610.0,0,1,,0,0,0.2,0.1
0.3,0,611.0,0,0,2.718081055091943,0,1,0.2,0.2
0.3,0,612.0,0,0,,0,0,0.2,0.2
0.3,0,613.0,0,0,0.0,1,1,0.3,0.3
0.3,0,614.0,0,0,,0,0,0.3,0.3
0.3,0,615.0,0,0,,0,0,0.3,0.3
0.3,0,616.0,0,0,,0,0,0.2,0.3
0.3,0,617.0,0,0,,0,0,0.1,0.3
0.3,0,618.0,0,0,,0,0,0.1,0.3
0.3,0,619.0,0,0,0.0,1,1,0.2,0.3
0.3,0,620.0,0,0,,0,0,0.2,0.3
0.3,0,621.0,0,0,,0,0,0.2,0.2
0.3,0,622.0,0,0,,0,0,0.2,0.2
0.3,0,623.0,0,1,,1,0,0.2,0.1
0.3,0,624.0,0,0,0.0,1,2,0.3,0.3
0.3,0,625.0,0,1,,1,0,0.4,0.3
0.3,0,626.0,0,1,,0,0,0.4,0.3
0.3,0,627.0,0,1,,0,0,0.4,0.3
0.3,0,628.0,0,0,0.0,0,1,0.4,0.4
0.3,0,629.0,0,0,,0,0,0.3,0.3
0.3,0,630.0,0,0,,0,0,0.3,0.3
0.3,0,631.0,0,0,,0,0,0.3,0.3
0.3,0,632.0,0,0,,0,0,0.3,0.3
0.3,0,633.0,0,1,,1,0,0.3,0.3
0.3,0,634.0,0,0,0.0,1,2,0.3,0.3
0.3,0,635.0,0,0,,0,0,0.2,0.3
0.3,0,636.0,0,1,,1,0,0.3,0.3
0.3,0,637.0,0,1,,0,0,0.3,0.3
0.3,0,638.0,0,1,0.24521812859552483,2,2,0.5,0.4
0.3,0,639.0,0,0,0.2128505841506012,0,1,0.5,0.5
0.3,0,640.0,0,1,,1,0,0.6,0.5
0.3,0,641.0,0,0,0.0,0,1,0.6,0.6
0.3,0,642.0,0,0,,0,0,0.6,0.6
0.3,0,643.0,0,0,,0,0,0.5,0.6
0.3,0,644.0,0,0,,0,0,0.4,0.4
0.3,0,645.0,0,1,,1,0,0.5,0.4
0.3,0,646.0,0,1,,0,0,0.4,0.4
0.3,0,647.0,0,0,0.0,0,1,0.4,0.5
0.3,0,648.0,0,1,,1,0,0.3,0.3
0.3,0,649.0,0,0,0.0,0,1,0.3,0.3
0.3,0,650.0,0,0,,0,0,0.2,0.3
0.3,0,651.0,0,0,0.0,1,1,0.3,0.3
0.3,0,652.0,1,2,,2,0,0.5,0.3
0.3,0,653.0,2,3,,1,0,0.6,0.3
0.3,0,654.0,0,1,0.7630353988199658,0,2,0.6,0.5
0.3,0,655.0,0,1,1.2938608542739303,1,1,0.6,0.6
0.3,0,656.0,0,0,0.0,0,1,0.6,0.7
0.3,0,657.0,0,1,,1,0,0.7,0.6
0.3,0,658.0,0,0,0.0,0,1,0.6,0.7
0.3,0,659.0,1,2,,2,0,0.8,0.6
0.3,0,660.0,0,1,0.0,0,1,0.8,0.7
0.3,0,661.0,0,0,0.40588052187121093,1,2,0.8,0.8
0.3,0,662.0,0,0,,0,0,0.6,0.8
0.3,0,663.0,0,0,,0,0,0.5,0.8
0.3,0,664.0,0,0,,0,0,0.5,0.6
0.3,0,665.0,0,1,,1,0,0.5,0.5
0.3,0,666.0,0,0,0.0,1,2,0.6,0.6
0.3,0,667.0,0,0,,0,0,0.5,0.6
0.3,0,668.0,0,0,,0,0,0.5,0.5
0.3,0,669.0,0,0,,0,0,0.3,0.5
0.3,0,670.0,0,0,,0,0,0.3,0.4
0.3,0,671.0,0,0,,0,0,0.2,0.2
0.3,0,672.0,0,1,,1,0,0.3,0.2
0.3,0,673.0,0,1,0.0,1,1,0.4,0.3
0.3,0,674.0,0,0,0.0,0,1,0.4,0.4
0.3,0,675.0,0,1,,1,0,0.4,0.4
0.3,0,676.0,0,1,,0,0,0.3,0.2
0.3,0,677.0,0,0,0.0,0,1,0.3,0.3
0.3,0,678.0,0,0,,0,0,0.3,0.3
0.3,0,679.0,0,0,0.0,1,1,0.4,0.4
0.3,0,680.0,0,0,,0,0,0.4,0.4
0.3,0,681.0,0,0,,0,0,0.4,0.4
0.3,0,682.0,0,0,,0,0,0.3,0.4
0.3,0,683.0,0,0,,0,0,0.2,0.3
0.3,0,684.0,0,0,,0,0,0.2,0.2
0.3,0,685.0,0,0,,0,0,0.1,0.2
0.3,0,686.0,0,0,,0,0,0.1,0.2
0.3,0,687.0,0,0,,0,0,0.1,0.1
0.3,0,688.0,0,0,,0,0,0.1,0.1
0.3,0,689.0,1,2,,2,0,0.2,0.0
0.3,0,690.0,0,1,0.707015631887316,1,2,0.3,0.2
0.3,0,691.0,1,2,,1,0,0.4,0.2
0.3,0,692.0,2,3,,1,0,0.5,0.2
0.3,0,693.0,2,3,,0,0,0.5,0.2
0.3,0,694.0,2,3,,0,0,0.5,0.2
0.3,0,695.0,0,1,1.631321674989465,0,2,0.5,0.4
0.3,0,696.0,0,0,3.2758852702496597,0,1,0.5,0.5
0.3,0,697.0,0,0,,0,0,0.5,0.5
0.3,0,698.0,0,1,,1,0,0.6,0.5
0.3,0,699.0,0,0,0.0,0,1,0.4,0.6
0.3,0,700.0,0,0,0.0,1,1,0.4,0.5
0.3,0,701.0,0,0,,0,0,0.3,0.5
0.3,0,702.0,0,0,,0,0,0.2,0.5
0.3,0,703.0,0,0,,0,0,0.2,0.5
0.3,0,704.0,0,0,,0,0,0.2,0.5
0.3,0,705.0,0,0,,0,0,0.2,0.3
0.3,0,706.0,0,0,,0,0,0.2,0.2
0.3,0,707.0,0,0,,0,0,0.2,0.2
0.3,0,708.0,0,1,,1,0,0.2,0.2
0.3,0,709.0,0,1,,0,0,0.2,0.1
0.3,0,710.0,0,1,0.0,1,1,0.2,0.1
0.3,0,711.0,0,0,0.0,0,1,0.2,0.2
0.3,0,712.0,0,0,,0,0,0.2,0.2
0.3,0,713.0,0,1,,1,0,0.3,0.2
0.3,0,714.0,0,1,,0,0,0.3,0.2
0.3,0,715.0,0,0,0.0,1,2,0.4,0.4
0.3,0,716.0,0,0,,0,0,0.4,0.4
0.3,0,717.0,0,0,,0,0,0.4,0.4
0.3,0,718.0,0,0,,0,0,0.3,0.4
0.3,0,719.0,0,0,,0,0,0.3,0.4
0.3,0,720.0,0,0,,0,0,0.2,0.3
0.3,0,721.0,0,0,,0,0,0.2,0.2
0.3,0,722.0,0,0,,0,0,0.2,0.2
0.3,0,723.0,0,0,,0,0,0.1,0.2
0.3,0,724.0,0,0,,0,0,0.1,0.2
0.3,0,725.0,0,0,,0,0,0.0,0.0
0.3,0,726.0,0,1,,1,0,0.1,0.0
0.3,0,727.0,0,0,0.0,0,1,0.1,0.1
0.3,0,728.0,0,1,0.0,2,1,0.3,0.2
0.3,0,729.0,0,0,0.036934287314579706,0,1,0.3,0.3
0.3,0,730.0,0,0,,0,0,0.3,0.3
0.3,0,731.0,0,1,,1,0,0.4,0.3
0.3,0,732.0,0,0,0.0,0,1,0.4,0.4
0.3,0,733.0,0,0,,0,0,0.4,0.4
0.3,0,734.0,0,1,,1,0,0.5,0.4
0.3,0,735.0,0,0,0.0,0,1,0.5,0.5
0.3,0,736.0,0,0,0.0,1,1,0.5,0.6
0.3,0,737.0,0,0,,0,0,0.5,0.5
0.3,0,738.0,0,0,,0,0,0.3,0.4
0.3,0,739.0,0,0,,0,0,0.3,0.3
0.3,0,740.0,0,0,0.0,1,1,0.4,0.4
0.3,0,741.0,0,0,,0,0,0.3,0.4
0.3,0,742.0,0,1,,1,0,0.4,0.3
0.3,0,743.0,0,0,0.0,0,1,0.4,0.4
0.3,0,744.0,0,0,,0,0,0.3,0.4
0.3,0,745.0,0,1,,1,0,0.4,0.3
0.3,0,746.0,0,0,0.0,0,1,0.3,0.3
0.3,0,747.0,0,0,,0,0,0.3,0.3
0.3,0,748.0,0,0,,0,0,0.3,0.3
0.3,0,749.0,0,0,,0,0,0.3,0.3
0.3,0,750.0,0,0,,0,0,0.2,0.2
0.3,0,751.0,0,1,,1,0,0.3,0.2
0.3,0,752.0,0,1,,0,0,0.2,0.2
0.3,0,753.0,0,1,0.0,1,1,0.3,0.2
0.3,0,754.0,0,0,0.0,0,1,0.3,0.3
0.3,0,755.0,0,1,,1,0,0.3,0.3
0.3,0,756.0,0,0,0.0,0,1,0.3,0.3
0.3,0,757.0,0,0,,0,0,0.3,0.3
0.3,0,758.0,0,0,,0,0,0.3,0.3
0.3,0,759.0,0,0,,0,0,0.3,0.3
0.3,0,760.0,0,0,,0,0,0.3,0.3
0.3,0,761.0,0,0,,0,0,0.2,0.3
0.3,0,762.0,0,0,,0,0,0.2,0.3
0.3,0,763.0,0,0,,0,0,0.1,0.2
0.3,0,764.0,0,0,,0,0,0.1,0.1
0.3,0,765.0,0,0,,0,0,0.0,0.1
0.3,0,766.0,0,0,,0,0,0.0,0.0
0.3,0,767.0,0,0,0.0,1,1,0.1,0.1
0.3,0,768.0,0,0,0.0,1,1,0.2,0.2
0.3,0,769.0,0,0,,0,0,0.2,0.2
0.3,0,770.0,0,0,,0,0,0.2,0.2
0.3,0,771.0,0,1,,1,0,0.3,0.2
0.3,0,772.0,0,1,0.0,1,1,0.4,0.3
0.3,0,773.0,1,2,0.6764283158152011,2,1,0.6,0.4
0.3,0,774.0,0,1,0.0,0,1,0.6,0.5
0.3,0,775.0,0,1,,0,0,0.6,0.5
0.3,0,776.0,0,0,0.22701635462942704,0,1,0.6,0.6
0.3,0,777.0,0,0,,0,0,0.5,0.5
0.3,0,778.0,0,1,,1,0,0.5,0.4
0.3,0,779.0,0,0,0.0,0,1,0.5,0.5
0.3,0,780.0,0,0,,0,0,0.5,0.5
0.3,0,781.0,0,0,0.0,1,1,0.5,0.6
0.3,0,782.0,0,0,,0,0,0.4,0.5
0.3,0,783.0,0,0,0.0,1,1,0.3,0.5
0.3,0,784.0,0,0,,0,0,0.3,0.4
0.3,0,785.0,0,0,,0,0,0.3,0.4
0.3,0,786.0,0,0,,0,0,0.3,0.3
0.3,0,787.0,0,1,,1,0,0.4,0.3
0.3,0,788.0,0,0,0.0,0,1,0.3,0.4
0.3,0,789.0,0,0,,0,0,0.3,0.3
0.3,0,790.0,0,0,,0,0,0.3,0.3
0.3,0,791.0,0,0,,0,0,0.2,0.2
0.3,0,792.0,0,1,,1,0,0.3,0.2
0.3,0,793.0,0,0,0.0,0,1,0.2,0.2
0.3,0,794.0,0,0,,0,0,0.2,0.2
0.3,0,795.0,0,0,,0,0,0.2,0.2
0.3,0,796.0,0,0,,0,0,0.2,0.2
0.3,0,797.0,0,0,,0,0,0.1,0.2
0.3,0,798.0,0,1,,1,0,0.2,0.1
0.3,0,799.0,0,0,0.0,0,1,0.2,0.2
0.3,0,800.0,0,0,,0,0,0.2,0.2
0.3,0,801.0,0,1,,1,0,0.3,0.2
0.3,0,802.0,0,1,0.0,1,1,0.3,0.3
0.3,0,803.0,0,0,0.0,0,1,0.3,0.3
0.3,0,804.0,0,0,,0,0,0.3,0.3
0.3,0,805.0,0,0,,0,0,0.3,0.3
0.3,0,806.0,0,1,,1,0,0.4,0.3
0.3,0,807.0,0,0,0.0,0,1,0.4,0.4
0.3,0,808.0,0,0,,0,0,0.3,0.4
0.3,0,809.0,0,0,0.0,1,1,0.4,0.4
0.3,0,810.0,0,0,,0,0,0.4,0.4
0.3,0,811.0,0,0,,0,0,0.3,0.4
0.3,0,812.0,0,1,,1,0,0.3,0.3
0.3,0,813.0,0,1,,0,0,0.3,0.2
0.3,0,814.0,0,0,0.0,0,1,0.3,0.3
0.3,0,815.0,0,0,0.0,1,1,0.4,0.4
0.3,0,816.0,0,0,,0,0,0.3,0.4
0.3,0,817.0,0,1,0.0,2,1,0.5,0.4
0.3,0,818.0,0,0,0.0,0,1,0.5,0.5
0.3,0,819.0,0,1,,1,0,0.5,0.4
0.3,0,820.0,0,0,0.0,0,1,0.5,0.5
0.3,0,821.0,0,0,,0,0,0.5,0.5
0.3,0,822.0,0,0,,0,0,0.4,0.5
0.3,0,823.0,0,0,,0,0,0.4,0.5
0.3,0,824.0,0,0,,0,0,0.4,0.4
0.3,0,825.0,0,0,,0,0,0.3,0.3
0.3,0,826.0,0,0,,0,0,0.3,0.3
0.3,0,827.0,0,0,,0,0,0.1,0.2
0.3,0,828.0,0,0,,0,0,0.1,0.1
0.3,0,829.0,0,0,,0,0,0.0,0.1
0.3,0,830.0,0,1,,1,0,0.1,0.0
0.3,0,831.0,0,0,0.0,0,1,0.1,0.1
0.3,0,832.0,0,0,,0,0,0.1,0.1
0.3,0,833.0,0,0,0.0,1,1,0.2,0.2
0.3,0,834.0,0,0,,0,0,0.2,0.2
0.3,0,835.0,0,0,,0,0,0.2,0.2
0.3,0,836.0,0,1,,1,0,0.3,0.2
0.3,0,837.0,1,2,,1,0,0.4,0.2
0.3,0,838.0,1,2,,0,0,0.4,0.2
0.3,0,839.0,0,1,0.0,0,1,0.4,0.3
0.3,0,840.0,0,0,1.7556693511121466,0,1,0.3,0.4
0.3,0,841.0,0,0,,0,0,0.3,0.3
0.3,0,842.0,0,0,,0,0,0.3,0.3
0.3,0,843.0,0,1,,1,0,0.3,0.2
0.3,0,844.0,0,0,0.0,0,1,0.3,0.3
0.3,0,845.0,0,0,0.0,1,1,0.4,0.4
0.3,0,846.0,0,1,0.0,2,1,0.5,0.5
0.3,0,847.0,0,1,,0,0,0.4,0.5
0.3,0,848.0,1,2,,1,0,0.5,0.5
0.3,0,849.0,0,1,0.0,0,1,0.5,0.5
0.3,0,850.0,0,1,,0,0,0.5,0.4
0.3,0,851.0,0,0,0.3594464280347438,0,1,0.5,0.5
0.3,0,852.0,0,0,0.0,1,1,0.6,0.6
0.3,0,853.0,0,0,0.0,1,1,0.6,0.7
0.3,0,854.0,0,0,,0,0,0.6,0.6
0.3,0,855.0,0,0,,0,0,0.5,0.5
0.3,0,856.0,0,0,,0,0,0.3,0.4
0.3,0,857.0,1,2,,2,0,0.5,0.4
0.3,0,858.0,0,1,0.12149826818574638,1,2,0.5,0.6
0.3,0,859.0,0,1,,0,0,0.5,0.5
0.3,0,860.0,1,2,,1,0,0.6,0.5
0.3,0,861.0,2,3,,1,0,0.7,0.4
0.3,0,862.0,1,2,0.0,0,1,0.6,0.4
0.3,0,863.0,0,0,2.0323300585122297,0,2,0.5,0.5
0.3,0,864.0,0,1,,1,0,0.6,0.5
0.3,0,865.0,0,0,0.0,0,1,0.6,0.6
0.3,0,866.0,0,0,,0,0,0.6,0.6
0.3,0,867.0,0,1,,1,0,0.5,0.6
0.3,0,868.0,0,1,,0,0,0.4,0.4
0.3,0,869.0,0,0,0.0,0,1,0.4,0.5
0.3,0,870.0,0,0,,0,0,0.3,0.5
0.3,0,871.0,0,0,0.0,1,1,0.3,0.6
0.3,0,872.0,0,0,,0,0,0.3,0.5
0.3,0,873.0,0,0,,0,0,0.3,0.3
0.3,0,874.0,0,0,,0,0,0.2,0.3
0.3,0,875.0,0,0,,0,0,0.2,0.2
0.3,0,876.0,0,0,0.0,1,1,0.3,0.3
0.3,0,877.0,0,0,,0,0,0.2,0.3
0.3,0,878.0,0,0,0.0,1,1,0.3,0.4
0.3,0,879.0,0,0,,0,0,0.3,0.3
0.3,0,880.0,0,0,,0,0,0.3,0.3
0.3,0,881.0,0,0,,0,0,0.2,0.2
0.3,0,882.0,0,0,,0,0,0.2,0.2
0.3,0,883.0,0,0,,0,0,0.2,0.2
0.3,0,884.0,0,0,,0,0,0.2,0.2
0.3,0,885.0,0,0,,0,0,0.2,0.2
0.3,0,886.0,0,1,,1,0,0.2,0.1
0.3,0,887.0,0,0,0.0,0,1,0.2,0.2
0.3,0,888.0,0,0,,0,0,0.1,0.1
0.3,0,889.0,0,1,,1,0,0.2,0.1
0.3,0,890.0,0,0,0.0,0,1,0.2,0.2
0.3,0,891.0,0,0,,0,0,0.2,0.2
0.3,0,892.0,0,1,,1,0,0.3,0.2
0.3,0,893.0,0,0,0.0,0,1,0.3,0.3
0.3,0,894.0,0,0,,0,0,0.3,0.3
0.3,0,895.0,1,2,,2,0,0.5,0.3
0.3,0,896.0,0,1,0.0,0,1,0.4,0.4
0.3,0,897.0,0,0,1.2208730682402802,0,1,0.4,0.4
0.3,0,898.0,0,0,0.0,1,1,0.5,0.5
0.3,0,899.0,0,1,,1,0,0.5,0.5
0.3,0,900.0,0,1,,0,0,0.5,0.4
0.3,0,901.0,0,0,0.0,0,1,0.5,0.5
0.3,0,902.0,0,0,,0,0,0.4,0.5
0.3,0,903.0,0,0,0.0,1,1,0.5,0.5
0.3,0,904.0,0,1,,1,0,0.6,0.5
0.3,0,905.0,0,1,,0,0,0.4,0.5
0.3,0,906.0,0,0,0.0,0,1,0.4,0.5
0.3,0,907.0,0,0,,0,0,0.4,0.4
0.3,0,908.0,0,0,,0,0,0.3,0.3
0.3,0,909.0,0,0,,0,0,0.2,0.3
0.3,0,910.0,1,2,,2,0,0.4,0.3
0.3,0,911.0,1,2,0.0,1,1,0.5,0.3
0.3,0,912.0,0,1,1.2896577197934675,0,1,0.5,0.4
0.3,0,913.0,0,1,,0,0,0.4,0.3
0.3,0,914.0,0,0,1.5055713319770803,0,1,0.3,0.4
0.3,0,915.0,0,0,,0,0,0.3,0.4
0.3,0,916.0,0,0,,0,0,0.3,0.3
0.3,0,917.0,0,0,0.0,1,1,0.4,0.4
0.3,0,918.0,0,1,,1,0,0.5,0.4
0.3,0,919.0,0,1,,0,0,0.5,0.4
0.3,0,920.0,0,1,,0,0,0.3,0.4
0.3,0,921.0,0,0,0.0,0,1,0.2,0.4
0.3,0,922.0,0,0,,0,0,0.2,0.3
0.3,0,923.0,0,0,,0,0,0.2,0.3
0.3,0,924.0,0,0,,0,0,0.2,0.2
0.3,0,925.0,0,0,,0,0,0.2,0.2
0.3,0,926.0,0,1,,1,0,0.3,0.2
0.3,0,927.0,0,1,,0,0,0.2,0.1
0.3,0,928.0,0,0,0.0,0,1,0.1,0.2
0.3,0,929.0,0,0,,0,0,0.1,0.2
0.3,0,930.0,0,0,,0,0,0.1,0.2
0.3,0,931.0,0,0,,0,0,0.1,0.1
0.3,0,932.0,0,0,,0,0,0.1,0.1
0.3,0,933.0,0,0,,0,0,0.1,0.1
0.3,0,934.0,0,0,0.0,1,1,0.2,0.2
0.3,0,935.0,0,0,0.0,1,1,0.3,0.3
0.3,0,936.0,0,0,,0,0,0.2,0.3
0.3,0,937.0,0,0,,0,0,0.2,0.3
0.3,0,938.0,0,0,,0,0,0.2,0.2
0.3,0,939.0,0,0,0.0,1,1,0.3,0.3
0.3,0,940.0,0,0,,0,0,0.3,0.3
0.3,0,941.0,0,0,0.0,1,1,0.4,0.4
0.3,0,942.0,0,0,,0,0,0.4,0.4
0.3,0,943.0,0,1,,1,0,0.5,0.4
0.3,0,944.0,1,2,0.0,2,1,0.6,0.4
0.3,0,945.0,1,2,,0,0,0.5,0.3
0.3,0,946.0,2,3,0.0,2,1,0.7,0.4
0.3,0,947.0,1,2,1.803838223018829,0,1,0.7,0.5
0.3,0,948.0,0,1,1.2547804916800942,0,1,0.7,0.6
0.3,0,949.0,1,2,,1,0,0.7,0.5
0.3,0,950.0,0,0,1.463900845798321,0,2,0.7,0.7
0.3,0,951.0,0,0,,0,0,0.6,0.6
0.3,0,952.0,0,0,,0,0,0.6,0.6
0.3,0,953.0,0,0,0.0,1,1,0.6,0.7
0.3,0,954.0,0,1,,1,0,0.5,0.6
0.3,0,955.0,0,0,0.0,0,1,0.5,0.7
0.3,0,956.0,0,0,,0,0,0.3,0.6
0.3,0,957.0,0,0,,0,0,0.3,0.5
0.3,0,958.0,0,0,,0,0,0.3,0.4
0.3,0,959.0,0,1,,1,0,0.3,0.4
0.3,0,960.0,0,0,0.0,0,1,0.3,0.3
0.3,0,961.0,0,0,,0,0,0.3,0.3
0.3,0,962.0,0,0,0.0,1,1,0.4,0.4
0.3,0,963.0,0,0,0.0,1,1,0.4,0.4
0.3,0,964.0,0,0,,0,0,0.3,0.4
0.3,0,965.0,0,0,,0,0,0.3,0.3
0.3,0,966.0,0,1,,1,0,0.4,0.3
0.3,0,967.0,0,0,0.0,0,1,0.4,0.4
0.3,0,968.0,0,0,,0,0,0.4,0.4
0.3,0,969.0,0,0,,0,0,0.3,0.4
0.3,0,970.0,0,0,,0,0,0.3,0.3
0.3,0,971.0,0,0,,0,0,0.3,0.3
0.3,0,972.0,0,0,0.0,1,1,0.3,0.3
0.3,0,973.0,0,0,,0,0,0.2,0.2
0.3,0,974.0,0,0,,0,0,0.2,0.2
0.3,0,975.0,0,0,,0,0,0.2,0.2
0.3,0,976.0,0,0,,0,0,0.1,0.2
0.3,0,977.0,0,0,,0,0,0.1,0.1
0.3,0,978.0,0,0,,0,0,0.1,0.1
0.3,0,979.0,0,0,,0,0,0.1,0.1
0.3,0,980.0,0,0,,0,0,0.1,0.1
0.3,0,981.0,0,0,,0,0,0.1,0.1
0.3,0,982.0,0,0,,0,0,0.0,0.0
0.3,0,983.0,0,1,,1,0,0.1,0.0
0.3,0,984.0,0,1,,0,0,0.1,0.0
0.3,0,985.0,0,0,0.0,0,1,0.1,0.1
0.3,0,986.0,0,1,0.0,2,1,0.3,0.2
0.3,0,987.0,0,0,0.0,0,1,0.3,0.3
0.3,0,988.0,0,1,,1,0,0.4,0.3
0.3,0,989.0,0,0,0.0,0,1,0.4,0.4
0.3,0,990.0,0,0,,0,0,0.4,0.4
0.3,0,991.0,0,1,,1,0,0.5,0.4
0.3,0,992.0,0,1,0.0,1,1,0.6,0.5
0.3,0,993.0,0,0,0.0,0,1,0.5,0.6
0.3,0,994.0,0,0,,0,0,0.5,0.6
0.3,0,995.0,1,2,,2,0,0.7,0.5
0.3,0,996.0,0,1,0.0,0,1,0.5,0.5
0.3,0,997.0,0,1,,0,0,0.5,0.4
0.3,0,998.0,1,2,,1,0,0.5,0.4
0.3,0,999.0,0,1,0.7139878668954225,0,1,0.5,0.4
0.3,0,1000.0,0,0,1.3563197803953244,0,1,0.5,0.5
0.3,0,1001.0,0,0,,0,0,0.4,0.5
0.3,0,1002.0,0,1,,1,0,0.4,0.4
0.3,0,1003.0,0,0,0.0,0,1,0.4,0.4
0.3,0,1004.0,0,0,,0,0,0.4,0.4
0.3,0,1005.0,0,0,,0,0,0.2,0.4
0.3,0,1006.0,0,0,,0,0,0.2,0.3
0.3,0,1007.0,0,0,,0,0,0.2,0.3
0.3,0,1008.0,0,0,,0,0,0.1,0.3
0.3,0,1009.0,0,0,,0,0,0.1,0.2
0.3,0,1010.0,0,0,,0,0,0.1,0.1
0.3,0,1011.0,0,0,,0,0,0.1,0.1
0.3,0,1012.0,0,0,,0,0,0.0,0.1
0.3,0,1013.0,0,0,,0,0,0.0,0.0
0.3,0,1014.0,0,0,,0,0,0.0,0.0
0.3,0,1015.0,0,1,,1,0,0.1,0.0
0.3,0,1016.0,0,0,0.0,1,2,0.2,0.2
0.3,0,1017.0,0,0,,0,0,0.2,0.2
0.3,0,1018.0,0,1,,1,0,0.3,0.2
0.3,0,1019.0,0,1,,0,0,0.3,0.2
0.3,0,1020.0,0,0,0.15650804780148064,1,2,0.4,0.4
0.3,0,1021.0,0,0,,0,0,0.4,0.4
0.3,0,1022.0,0,1,,1,0,0.5,0.4
0.3,0,1023.0,0,0,0.0,1,2,0.6,0.6
0.3,0,1024.0,0,0,,0,0,0.6,0.6
0.3,0,1025.0,0,0,,0,0,0.5,0.6
0.3,0,1026.0,1,2,,2,0,0.6,0.4
0.3,0,1027.0,0,0,0.6488761886481598,0,2,0.6,0.6
0.3,0,1028.0,0,1,,1,0,0.6,0.6
0.3,0,1029.0,0,1,0.0,1,1,0.7,0.7
0.3,0,1030.0,0,0,0.1787176204318257,0,1,0.6,0.6
0.3,0,1031.0,0,0,0.0,1,1,0.7,0.7
0.3,0,1032.0,0,0,,0,0,0.6,0.7
0.3,0,1033.0,0,0,,0,0,0.5,0.5
0.3,0,1034.0,0,0,0.0,1,1,0.6,0.6
0.3,0,1035.0,0,0,,0,0,0.6,0.6
0.3,0,1036.0,0,0,,0,0,0.4,0.6
0.3,0,1037.0,0,0,,0,0,0.4,0.4
0.3,0,1038.0,0,0,,0,0,0.3,0.4
0.3,0,1039.0,0,0,,0,0,0.2,0.3
0.3,0,1040.0,0,0,,0,0,0.2,0.2
0.3,0,1041.0,0,0,,0,0,0.1,0.1
0.3,0,1042.0,0,0,,0,0,0.1,0.1
0.3,0,1043.0,0,0,,0,0,0.1,0.1
0.3,0,1044.0,0,0,,0,0,0.0,0.0
0.3,0,1045.0,0,1,,1,0,0.1,0.0
0.3,0,1046.0,0,1,,0,0,0.1,0.0
0.3,0,1047.0,0,0,0.0,0,1,0.1,0.1
0.3,0,1048.0,0,0,,0,0,0.1,0.1
0.3,0,1049.0,0,0,,0,0,0.1,0.1
0.3,0,1050.0,0,0,,0,0,0.1,0.1
0.3,0,1051.0,0,0,,0,0,0.1,0.1
0.3,0,1052.0,0,0,,0,0,0.1,0.1
0.3,0,1053.0,0,0,,0,0,0.1,0.1
0.3,0,1054.0,0,0,,0,0,0.1,0.1
0.3,0,1055.0,0,0,,0,0,0.0,0.1
0.3,0,1056.0,0,0,,0,0,0.0,0.1
0.3,0,1057.0,0,1,,1,0,0.1,0.0
0.3,0,1058.0,0,0,0.0,0,1,0.1,0.1
0.3,0,1059.0,0,1,0.0,2,1,0.3,0.2
0.3,0,1060.0,0,0,0.0,0,1,0.3,0.3
0.3,0,1061.0,0,0,,0,0,0.3,0.3
0.3,0,1062.0,0,0,,0,0,0.3,0.3
0.3,0,1063.0,0,0,,0,0,0.3,0.3
0.3,0,1064.0,0,1,,1,0,0.4,0.3
0.3,0,1065.0,0,0,0.0,0,1,0.4,0.4
0.3,0,1066.0,0,0,,0,0,0.4,0.4
0.3,0,1067.0,0,0,,0,0,0.3,0.4
0.3,0,1068.0,0,0,,0,0,0.3,0.3
0.3,0,1069.0,0,0,,0,0,0.1,0.2
0.3,0,1070.0,0,0,,0,0,0.1,0.1
0.3,0,1071.0,0,0,,0,0,0.1,0.1
0.3,0,1072.0,0,0,,0,0,0.1,0.1
0.3,0,1073.0,0,0,,0,0,0.1,0.1
0.3,0,1074.0,0,0,,0,0,0.0,0.1
0.3,0,1075.0,0,0,,0,0,0.0,0.0
0.3,0,1076.0,0,0,,0,0,0.0,0.0
0.3,0,1077.0,0,0,,0,0,0.0,0.0
0.3,0,1078.0,0,0,,0,0,0.0,0.0
0.3,0,1079.0,0,1,,1,0,0.1,0.0
0.3,0,1080.0,0,0,0.0,0,1,0.1,0.1
0.3,0,1081.0,0,0,,0,0,0.1,0.1
0.3,0,1082.0,0,0,,0,0,0.1,0.1
0.3,0,1083.0,0,0,,0,0,0.1,0.1
0.3,0,1084.0,0,0,,0,0,0.1,0.1
0.3,0,1085.0,0,1,,1,0,0.2,0.1
0.3,0,1086.0,0,0,0.0,0,1,0.2,0.2
0.3,0,1087.0,0,1,,1,0,0.3,0.2
0.3,0,1088.0,0,0,0.0,0,1,0.3,0.3
0.3,0,1089.0,0,0,,0,0,0.2,0.3
0.3,0,1090.0,0,0,,0,0,0.2,0.2
0.3,0,1091.0,0,1,,1,0,0.3,0.2
0.3,0,1092.0,0,0,0.0,0,1,0.3,0.3
0.3,0,1093.0,0,0,,0,0,0.3,0.3
0.3,0,1094.0,0,0,0.0,1,1,0.4,0.4
0.3,0,1095.0,0,0,,0,0,0.3,0.4
0.3,0,1096.0,0,0,,0,0,0.3,0.3
0.3,0,1097.0,0,0,,0,0,0.2,0.3
0.3,0,1098.0,0,1,,1,0,0.3,0.2
0.3,0,1099.0,0,0,0.0,0,1,0.3,0.3
0.3,0,1100.0,0,0,,0,0,0.3,0.3
0.3,0,1101.0,0,0,,0,0,0.2,0.3
0.3,0,1102.0,0,0,,0,0,0.2,0.2
0.3,0,1103.0,0,0,,0,0,0.2,0.2
0.3,0,1104.0,0,0,,0,0,0.1,0.1
0.3,0,1105.0,0,1,,1,0,0.2,0.1
0.3,0,1106.0,0,1,,0,0,0.2,0.1
0.3,0,1107.0,0,0,0.0,0,1,0.2,0.2
0.3,0,1108.0,0,0,,0,0,0.1,0.2
0.3,0,1109.0,0,0,,0,0,0.1,0.1
0.3,0,1110.0,0,0,,0,0,0.1,0.1
0.3,0,1111.0,0,0,,0,0,0.1,0.1
0.3,0,1112.0,0,0,,0,0,0.1,0.1
0.3,0,1113.0,0,0,,0,0,0.1,0.1
0.3,0,1114.0,0,0,,0,0,0.1,0.1
0.3,0,1115.0,0,0,,0,0,0.0,0.1
0.3,0,1116.0,0,0,,0,0,0.0,0.1
0.3,0,1117.0,0,0,,0,0,0.0,0.0
0.3,0,1118.0,0,0,,0,0,0.0,0.0
0.3,0,1119.0,0,0,,0,0,0.0,0.0
0.3,0,1120.0,0,1,,1,0,0.1,0.0
0.3,0,1121.0,0,1,,0,0,0.1,0.0
0.3,0,1122.0,0,0,0.0,0,1,0.1,0.1
0.3,0,1123.0,0,1,,1,0,0.2,0.1
0.3,0,1124.0,0,0,0.0,0,1,0.2,0.2
0.3,0,1125.0,0,1,,1,0,0.3,0.2
0.3,0,1126.0,0,0,0.0,0,1,0.3,0.3
0.3,0,1127.0,0,0,,0,0,0.3,0.3
0.3,0,1128.0,0,0,0.0,1,1,0.4,0.4
0.3,0,1129.0,0,0,,0,0,0.4,0.4
0.3,0,1130.0,0,0,,0,0,0.3,0.4
0.3,0,1131.0,0,0,,0,0,0.3,0.4
0.3,0,1132.0,0,0,,0,0,0.3,0.3
0.3,0,1133.0,0,0,,0,0,0.2,0.3
0.3,0,1134.0,0,0,,0,0,0.2,0.2
0.3,0,1135.0,0,0,,0,0,0.1,0.2
0.3,0,1136.0,0,0,,0,0,0.1,0.1
0.3,0,1137.0,0,1,,1,0,0.2,0.1
0.3,0,1138.0,1,2,,1,0,0.2,0.0
0.3,0,1139.0,0,1,0.10868379611474666,1,2,0.3,0.2
0.3,0,1140.0,0,0,0.0,0,1,0.3,0.3
0.3,0,1141.0,0,0,,0,0,0.3,0.3
0.3,0,1142.0,0,1,,1,0,0.4,0.3
0.3,0,1143.0,0,0,0.0,1,2,0.5,0.5
0.3,0,1144.0,0,0,,0,0,0.5,0.5
0.3,0,1145.0,0,0,,0,0,0.5,0.5
0.3,0,1146.0,0,0,,0,0,0.5,0.5
0.3,0,1147.0,0,1,,1,0,0.5,0.5
0.3,0,1148.0,0,0,0.0,0,1,0.4,0.6
0.3,0,1149.0,0,1,,1,0,0.4,0.4
0.3,0,1150.0,0,1,0.0,1,1,0.5,0.4
0.3,0,1151.0,0,1,,0,0,0.5,0.4
0.3,0,1152.0,0,0,0.0,0,1,0.4,0.5
0.3,0,1153.0,0,0,,0,0,0.3,0.3
0.3,0,1154.0,0,0,,0,0,0.3,0.3
0.3,0,1155.0,0,0,,0,0,0.3,0.3
0.3,0,1156.0,0,0,,0,0,0.3,0.3
0.3,0,1157.0,0,0,,0,0,0.2,0.3
0.3,0,1158.0,0,0,,0,0,0.2,0.2
0.3,0,1159.0,0,1,,1,0,0.2,0.2
0.3,0,1160.0,0,0,0.0,0,1,0.1,0.2
0.3,0,1161.0,0,0,,0,0,0.1,0.2
0.3,0,1162.0,0,0,,0,0,0.1,0.1
0.3,0,1163.0,0,0,,0,0,0.1,0.1
0.3,0,1164.0,0,0,0.0,1,1,0.2,0.2
0.3,0,1165.0,0,0,,0,0,0.2,0.2
0.3,0,1166.0,0,0,,0,0,0.2,0.2
0.3,0,1167.0,0,0,,0,0,0.2,0.2
0.3,0,1168.0,0,0,,0,0,0.2,0.2
0.3,0,1169.0,0,0,,0,0,0.1,0.2
0.3,0,1170.0,0,0,,0,0,0.1,0.1
0.3,0,1171.0,0,0,,0,0,0.1,0.1
0.3,0,1172.0,0,1,,1,0,0.2,0.1
0.3,0,1173.0,0,1,0.0,1,1,0.3,0.2
0.3,0,1174.0,0,0,0.4621348032944752,0,1,0.2,0.2
0.3,0,1175.0,0,0,,0,0,0.2,0.2
0.3,0,1176.0,0,0,,0,0,0.2,0.2
0.3,0,1177.0,0,0,,0,0,0.2,0.2
0.3,0,1178.0,0,0,0.0,1,1,0.3,0.3
0.3,0,1179.0,0,1,,1,0,0.4,0.3
0.3,0,1180.0,0,0,0.0,0,1,0.4,0.4
0.3,0,1181.0,0,0,,0,0,0.4,0.4
0.3,0,1182.0,0,0,,0,0,0.3,0.4
0.3,0,1183.0,0,0,,0,0,0.2,0.3
0.3,0,1184.0,0,0,,0,0,0.2,0.2
0.3,0,1185.0,0,1,,1,0,0.3,0.2
0.3,0,1186.0,0,0,0.0,0,1,0.3,0.3
0.3,0,1187.0,0,0,,0,0,0.3,0.3
0.3,0,1188.0,0,0,,0,0,0.2,0.2
0.3,0,1189.0,0,0,,0,0,0.1,0.2
0.3,0,1190.0,0,0,,0,0,0.1,0.1
0.3,0,1191.0,0,0,,0,0,0.1,0.1
0.3,0,1192.0,0,0,,0,0,0.1,0.1
0.3,0,1193.0,0,0,,0,0,0.1,0.1
0.3,0,1194.0,0,0,,0,0,0.1,0.1
0.3,0,1195.0,0,0,,0,0,0.0,0.1
0.3,0,1196.0,0,1,,1,0,0.1,0.0
0.3,0,1197.0,0,0,0.0,0,1,0.1,0.1
0.3,0,1198.0,0,0,,0,0,0.1,0.1
0.3,0,1199.0,0,0,,0,0,0.1,0.1
0.3,0,1200.0,0,0,,0,0,0.1,0.1
0.3,0,1201.0,0,1,,1,0,0.2,0.1
0.3,0,1202.0,0,0,0.0,0,1,0.2,0.2
0.3,0,1203.0,0,0,,0,0,0.2,0.2
0.3,0,1204.0,1,2,,2,0,0.4,0.2
0.3,0,1205.0,0,0,0.47979508342677946,0,2,0.4,0.4
0.3,0,1206.0,0,0,0.0,1,1,0.4,0.5
0.3,0,1207.0,0,0,,0,0,0.4,0.4
0.3,0,1208.0,0,0,,0,0,0.4,0.4
0.3,0,1209.0,0,0,,0,0,0.4,0.4
0.3,0,1210.0,0,0,,0,0,0.4,0.4
0.3,0,1211.0,0,0,,0,0,0.3,0.4
0.3,0,1212.0,0,0,,0,0,0.3,0.3
0.3,0,1213.0,0,0,,0,0,0.3,0.3
0.3,0,1214.0,0,1,,1,0,0.2,0.3
0.3,0,1215.0,0,0,0.0,0,1,0.2,0.2
0.3,0,1216.0,0,0,,0,0,0.1,0.1
0.3,0,1217.0,0,0,,0,0,0.1,0.1
0.3,0,1218.0,0,0,,0,0,0.1,0.1
0.3,0,1219.0,0,0,0.0,1,1,0.2,0.2
0.3,0,1220.0,0,1,,1,0,0.3,0.2
0.3,0,1221.0,0,1,,0,0,0.3,0.2
0.3,0,1222.0,0,1,,0,0,0.3,0.2
0.3,0,1223.0,0,1,,0,0,0.3,0.2
0.3,0,1224.0,0,1,,0,0,0.2,0.2
0.3,0,1225.0,0,0,0.0,0,1,0.2,0.2
0.3,0,1226.0,0,1,,1,0,0.3,0.2
0.3,0,1227.0,0,1,0.0,1,1,0.4,0.3
0.3,0,1228.0,0,0,0.0,0,1,0.4,0.4
0.3,0,1229.0,0,0,,0,0,0.3,0.3
0.3,0,1230.0,0,0,,0,0,0.2,0.3
0.3,0,1231.0,0,0,,0,0,0.2,0.3
0.3,0,1232.0,0,1,,1,0,0.3,0.3
0.3,0,1233.0,0,0,0.0,0,1,0.3,0.4
0.3,0,1234.0,0,1,,1,0,0.4,0.4
0.3,0,1235.0,0,1,,0,0,0.4,0.3
0.3,0,1236.0,0,0,0.0,0,1,0.3,0.4
0.3,0,1237.0,0,0,,0,0,0.2,0.3
0.3,0,1238.0,0,1,,1,0,0.3,0.2
0.3,0,1239.0,0,1,0.0,1,1,0.4,0.3
0.3,0,1240.0,0,0,0.0,0,1,0.4,0.4
0.3,0,1241.0,0,0,0.0,1,1,0.5,0.5
0.3,0,1242.0,0,0,,0,0,0.4,0.5
0.3,0,1243.0,0,0,,0,0,0.4,0.4
0.3,0,1244.0,0,0,,0,0,0.3,0.4
0.3,0,1245.0,0,0,,0,0,0.3,0.4
0.3,0,1246.0,0,0,,0,0,0.3,0.3
0.3,0,1247.0,0,0,,0,0,0.3,0.3
0.3,0,1248.0,0,0,,0,0,0.2,0.3
0.3,0,1249.0,0,0,0.0,1,1,0.2,0.3
0.3,0,1250.0,0,1,,1,0,0.3,0.2
0.3,0,1251.0,0,0,0.10900339252953017,1,2,0.3,0.3
0.3,0,1252.0,0,0,,0,0,0.3,0.3
0.3,0,1253.0,0,0,,0,0,0.3,0.3
0.3,0,1254.0,0,0,,0,0,0.3,0.3
0.3,0,1255.0,0,0,,0,0,0.3,0.3
0.3,0,1256.0,0,0,,0,0,0.3,0.3
0.3,0,1257.0,0,1,,1,0,0.4,0.3
0.3,0,1258.0,0,0,0.0,0,1,0.4,0.4
0.3,0,1259.0,0,0,0.0,1,1,0.4,0.4
0.3,0,1260.0,0,0,,0,0,0.3,0.4
0.3,0,1261.0,0,0,0.0,1,1,0.3,0.3
0.3,0,1262.0,0,0,,0,0,0.3,0.3
0.3,0,1263.0,0,0,0.0,1,1,0.4,0.4
0.3,0,1264.0,0,1,,1,0,0.5,0.4
0.3,0,1265.0,0,0,0.0,0,1,0.5,0.5
0.3,0,1266.0,0,0,,0,0,0.5,0.5
0.3,0,1267.0,0,0,,0,0,0.4,0.5
0.3,0,1268.0,0,0,,0,0,0.4,0.4
0.3,0,1269.0,0,0,,0,0,0.3,0.3
0.3,0,1270.0,0,0,,0,0,0.3,0.3
0.3,0,1271.0,0,1,,1,0,0.3,0.2
0.3,0,1272.0,0,0,0.0,0,1,0.3,0.3
0.3,0,1273.0,0,0,,0,0,0.2,0.2
0.3,0,1274.0,0,0,,0,0,0.1,0.2
0.3,0,1275.0,0,1,,1,0,0.2,0.1
0.3,0,1276.0,0,0,0.0,0,1,0.2,0.2
0.3,0,1277.0,0,0,,0,0,0.2,0.2
0.3,0,1278.0,0,0,,0,0,0.2,0.2
0.3,0,1279.0,0,0,,0,0,0.2,0.2
0.3,0,1280.0,0,0,,0,0,0.2,0.2
0.3,0,1281.0,0,1,,1,0,0.2,0.2
0.3,0,1282.0,1,2,,1,0,0.3,0.1
0.3,0,1283.0,0,0,0.5504417187969466,0,2,0.3,0.3
0.3,0,1284.0,0,0,,0,0,0.3,0.3
0.3,0,1285.0,0,0,,0,0,0.2,0.3
0.3,0,1286.0,0,0,,0,0,0.2,0.2
0.3,0,1287.0,0,1,,1,0,0.3,0.2
0.3,0,1288.0,0,0,0.0,0,1,0.3,0.3
0.3,0,1289.0,0,1,,1,0,0.4,0.3
0.3,0,1290.0,0,0,0.0,0,1,0.4,0.4
0.3,0,1291.0,0,0,,0,0,0.3,0.4
0.3,0,1292.0,0,0,,0,0,0.2,0.4
0.3,0,1293.0,0,0,,0,0,0.2,0.2
0.3,0,1294.0,0,0,,0,0,0.2,0.2
0.3,0,1295.0,0,1,,1,0,0.3,0.2
0.3,0,1296.0,0,0,0.0,0,1,0.3,0.3
0.3,0,1297.0,0,0,,0,0,0.2,0.3
0.3,0,1298.0,0,0,,0,0,0.2,0.2
0.3,0,1299.0,0,1,,1,0,0.2,0.2
0.3,0,1300.0,0,0,0.0,0,1,0.2,0.2
0.3,0,1301.0,0,0,,0,0,0.2,0.2
0.3,0,1302.0,0,0,,0,0,0.2,0.2
0.3,0,1303.0,0,0,,0,0,0.2,0.2
0.3,0,1304.0,0,0,,0,0,0.2,0.2
0.3,0,1305.0,0,0,,0,0,0.1,0.2
0.3,0,1306.0,0,0,,0,0,0.1,0.1
0.3,0,1307.0,0,0,,0,0,0.1,0.1
0.3,0,1308.0,0,0,,0,0,0.1,0.1
0.3,0,1309.0,0,0,,0,0,0.0,0.1
0.3,0,1310.0,0,0,,0,0,0.0,0.0
0.3,0,1311.0,0,0,,0,0,0.0,0.0
0.3,0,1312.0,0,0,,0,0,0.0,0.0
0.3,0,1313.0,0,0,,0,0,0.0,0.0
0.3,0,1314.0,0,0,,0,0,0.0,0.0
0.3,0,1315.0,0,0,,0,0,0.0,0.0
0.3,0,1316.0,0,0,0.0,1,1,0.1,0.1
0.3,0,1317.0,0,0,,0,0,0.1,0.1
0.3,0,1318.0,0,1,,1,0,0.2,0.1
0.3,0,1319.0,1,2,,1,0,0.3,0.1
0.3,0,1320.0,0,1,0.0,0,1,0.3,0.2
0.3,0,1321.0,0,0,0.5959563229354217,1,2,0.4,0.4
0.3,0,1322.0,0,1,,1,0,0.5,0.4
0.3,0,1323.0,0,0,0.23774898595968352,1,2,0.6,0.6
0.3,0,1324.0,0,0,,0,0,0.6,0.6
0.3,0,1325.0,0,0,,0,0,0.6,0.6
0.3,0,1326.0,0,0,,0,0,0.5,0.5
0.3,0,1327.0,0,0,,0,0,0.5,0.5
0.3,0,1328.0,0,0,,0,0,0.4,0.5
0.3,0,1329.0,0,1,,1,0,0.4,0.5
0.3,0,1330.0,0,0,0.0,0,1,0.4,0.5
0.3,0,1331.0,0,0,0.0,1,1,0.4,0.4
0.3,0,1332.0,0,1,,1,0,0.4,0.4
0.3,0,1333.0,0,0,0.0,0,1,0.3,0.3
0.3,0,1334.0,0,0,,0,0,0.3,0.3
0.3,0,1335.0,0,0,,0,0,0.3,0.3
0.3,0,1336.0,0,1,,1,0,0.4,0.3
0.3,0,1337.0,0,0,0.0,0,1,0.4,0.4
0.3,0,1338.0,0,0,0.0,1,1,0.5,0.5
0.3,0,1339.0,0,0,,0,0,0.4,0.5
0.3,0,1340.0,0,1,,1,0,0.5,0.4
0.3,0,1341.0,0,0,0.0,0,1,0.4,0.4
0.3,0,1342.0,0,0,,0,0,0.3,0.4
0.3,0,1343.0,0,0,0.0,1,1,0.4,0.4
0.3,0,1344.0,0,0,,0,0,0.4,0.4
0.3,0,1345.0,0,0,,0,0,0.4,0.4
0.3,0,1346.0,0,0,,0,0,0.3,0.4
0.3,0,1347.0,0,0,,0,0,0.3,0.3
0.3,0,1348.0,1,2,,2,0,0.4,0.2
0.3,0,1349.0,1,2,,0,0,0.4,0.2
0.3,0,1350.0,1,2,,0,0,0.3,0.2
0.3,0,1351.0,1,2,,0,0,0.3,0.1
0.3,0,1352.0,1,2,,0,0,0.3,0.1
0.3,0,1353.0,1,2,,0,0,0.2,0.0
0.3,0,1354.0,1,2,,0,0,0.2,0.0
0.3,0,1355.0,0,0,3.2581212369935884,0,2,0.2,0.2
0.3,0,1356.0,0,0,,0,0,0.2,0.2
0.3,0,1357.0,0,0,,0,0,0.2,0.2
0.3,0,1358.0,0,0,,0,0,0.0,0.2
0.3,0,1359.0,0,0,,0,0,0.0,0.2
0.3,0,1360.0,0,0,,0,0,0.0,0.2
0.3,0,1361.0,0,0,,0,0,0.0,0.2
0.3,0,1362.0,0,1,,1,0,0.1,0.2
0.3,0,1363.0,0,1,0.0,1,1,0.2,0.3
0.3,0,1364.0,0,1,,0,0,0.2,0.3
0.3,0,1365.0,0,1,,0,0,0.2,0.1
0.3,0,1366.0,0,0,0.0,0,1,0.2,0.2
0.3,0,1367.0,0,0,,0,0,0.2,0.2
0.3,0,1368.0,0,0,,0,0,0.2,0.2
0.3,0,1369.0,0,0,,0,0,0.2,0.2
0.3,0,1370.0,0,0,,0,0,0.2,0.2
0.3,0,1371.0,0,0,,0,0,0.2,0.2
0.3,0,1372.0,0,0,,0,0,0.1,0.2
0.3,0,1373.0,0,0,,0,0,0.0,0.1
0.3,0,1374.0,0,0,,0,0,0.0,0.1
0.3,0,1375.0,0,0,,0,0,0.0,0.1
0.3,0,1376.0,0,0,,0,0,0.0,0.0
0.3,0,1377.0,0,0,,0,0,0.0,0.0
0.3,0,1378.0,0,1,,1,0,0.1,0.0
0.3,0,1379.0,1,2,0.0,2,1,0.3,0.1
0.3,0,1380.0,0,1,0.0915895276102674,0,1,0.3,0.2
0.3,0,1381.0,0,1,,0,0,0.3,0.2
0.3,0,1382.0,0,0,0.8569070457435828,0,1,0.3,0.3
0.3,0,1383.0,0,0,,0,0,0.3,0.3
0.3,0,1384.0,0,0,,0,0,0.3,0.3
0.3,0,1385.0,0,1,,1,0,0.4,0.3
0.3,0,1386.0,0,1,,0,0,0.4,0.3
0.3,0,1387.0,0,0,0.0,0,1,0.4,0.4
0.3,0,1388.0,0,0,,0,0,0.3,0.4
0.3,0,1389.0,0,0,,0,0,0.1,0.3
0.3,0,1390.0,0,0,,0,0,0.1,0.2
0.3,0,1391.0,0,0,,0,0,0.1,0.2
0.3,0,1392.0,0,0,,0,0,0.1,0.1
0.3,0,1393.0,0,0,,0,0,0.1,0.1
0.3,0,1394.0,0,0,,0,0,0.1,0.1
0.3,0,1395.0,0,0,,0,0,0.0,0.1
0.3,0,1396.0,0,0,0.0,1,1,0.1,0.2
0.3,0,1397.0,0,0,,0,0,0.1,0.1
0.3,0,1398.0,0,0,,0,0,0.1,0.1
0.3,0,1399.0,0,0,,0,0,0.1,0.1
0.3,0,1400.0,0,1,0.0,2,1,0.3,0.2
0.3,0,1401.0,1,2,,1,0,0.4,0.2
0.3,0,1402.0,2,3,,1,0,0.5,0.2
0.3,0,1403.0,2,3,0.0,1,1,0.6,0.3
0.3,0,1404.0,3,4,,1,0,0.7,0.3
0.3,0,1405.0,3,4,,0,0,0.7,0.3
0.3,0,1406.0,2,3,2.0568260592363004,0,1,0.6,0.3
0.3,0,1407.0,1,2,4.349018517499886,0,1,0.6,0.4
0.3,0,1408.0,0,1,4.215085409049834,0,1,0.6,0.5
0.3,0,1409.0,0,0,3.9839449964667892,0,1,0.6,0.6
0.3,0,1410.0,0,0,,0,0,0.4,0.5
0.3,0,1411.0,0,0,,0,0,0.3,0.5
0.3,0,1412.0,0,0,,0,0,0.2,0.5
0.3,0,1413.0,0,0,,0,0,0.1,0.4
0.3,0,1414.0,0,0,,0,0,0.0,0.4
0.3,0,1415.0,0,0,,0,0,0.0,0.4
0.3,0,1416.0,0,0,,0,0,0.0,0.3
0.3,0,1417.0,0,0,0.0,1,1,0.1,0.3
0.3,0,1418.0,0,0,,0,0,0.1,0.2
0.3,0,1419.0,0,0,,0,0,0.1,0.1
0.3,0,1420.0,0,1,,1,0,0.2,0.1
0.3,0,1421.0,0,0,0.0,0,1,0.2,0.2
0.3,0,1422.0,0,1,,1,0,0.3,0.2
0.3,0,1423.0,0,1,,0,0,0.3,0.2
0.3,0,1424.0,0,0,0.0,0,1,0.3,0.3
0.3,0,1425.0,0,0,,0,0,0.3,0.3
0.3,0,1426.0,0,0,,0,0,0.3,0.3
0.3,0,1427.0,0,1,,1,0,0.3,0.2
0.3,0,1428.0,0,1,,0,0,0.3,0.2
0.3,0,1429.0,0,1,,0,0,0.3,0.2
0.3,0,1430.0,0,0,0.0,0,1,0.2,0.3
0.3,0,1431.0,0,0,,0,0,0.2,0.2
0.3,0,1432.0,0,0,,0,0,0.1,0.2
0.3,0,1433.0,0,0,,0,0,0.1,0.2
0.3,0,1434.0,1,2,0.0,3,1,0.4,0.2
0.3,0,1435.0,0,0,0.32067801857522227,0,2,0.4,0.4
0.3,0,1436.0,0,1,,1,0,0.5,0.4
0.3,0,1437.0,0,1,0.0,1,1,0.5,0.5
0.3,0,1438.0,0,0,0.0,0,1,0.5,0.6
0.3,0,1439.0,0,0,,0,0,0.5,0.6
0.3,0,1440.0,0,0,,0,0,0.5,0.5
0.3,0,1441.0,0,1,,1,0,0.6,0.5
0.3,0,1442.0,0,1,,0,0,0.6,0.5
0.3,0,1443.0,0,1,0.0,1,1,0.7,0.6
0.3,0,1444.0,0,0,0.4533690748023673,0,1,0.4,0.6
0.3,0,1445.0,0,0,,0,0,0.4,0.4
0.3,0,1446.0,0,1,,1,0,0.4,0.4
0.3,0,1447.0,0,0,0.0,0,1,0.3,0.4
0.3,0,1448.0,0,0,,0,0,0.3,0.3
0.3,0,1449.0,0,1,,1,0,0.4,0.3
0.3,0,1450.0,0,0,0.0,1,2,0.5,0.5
0.3,0,1451.0,0,0,,0,0,0.4,0.5
0.3,0,1452.0,0,0,,0,0,0.4,0.5
0.3,0,1453.0,1,2,,2,0,0.5,0.4
0.3,0,1454.0,0,0,0.285558254584771,0,2,0.5,0.5
0.3,0,1455.0,0,0,,0,0,0.5,0.5
0.3,0,1456.0,0,0,,0,0,0.4,0.5
0.3,0,1457.0,0,0,,0,0,0.4,0.4
0.3,0,1458.0,0,0,,0,0,0.4,0.4
0.3,0,1459.0,0,1,,1,0,0.4,0.4
0.3,0,1460.0,0,0,0.0,0,1,0.3,0.3
0.3,0,1461.0,0,1,,1,0,0.4,0.3
0.3,0,1462.0,0,0,0.0,0,1,0.4,0.4
0.3,0,1463.0,0,0,0.0,1,1,0.3,0.5
0.3,0,1464.0,0,0,,0,0,0.3,0.3
0.3,0,1465.0,0,1,,1,0,0.4,0.3
0.3,0,1466.0,0,1,,0,0,0.4,0.3
0.3,0,1467.0,0,0,0.0,0,1,0.4,0.4
0.3,0,1468.0,0,0,,0,0,0.4,0.4
0.3,0,1469.0,0,0,,0,0,0.3,0.4
0.3,0,1470.0,0,0,,0,0,0.3,0.3
0.3,0,1471.0,0,0,,0,0,0.2,0.3
0.3,0,1472.0,0,0,,0,0,0.2,0.2
0.3,0,1473.0,0,0,,0,0,0.1,0.1
0.3,0,1474.0,0,0,,0,0,0.1,0.1
0.3,0,1475.0,0,1,,1,0,0.1,0.1
0.3,0,1476.0,0,1,0.0,1,1,0.2,0.2
0.3,0,1477.0,0,0,0.0,0,1,0.2,0.2
0.3,0,1478.0,0,0,0.0,1,1,0.3,0.3
0.3,0,1479.0,0,0,,0,0,0.3,0.3
0.3,0,1480.0,0,0,,0,0,0.3,0.3
0.3,0,1481.0,0,1,,1,0,0.4,0.3
0.3,0,1482.0,0,1,,0,0,0.4,0.3
0.3,0,1483.0,0,0,0.0,0,1,0.4,0.4
0.3,0,1484.0,0,0,,0,0,0.4,0.4
0.3,0,1485.0,0,0,,0,0,0.3,0.4
0.3,0,1486.0,0,0,0.0,1,1,0.3,0.4
0.3,0,1487.0,0,0,,0,0,0.3,0.3
0.3,0,1488.0,0,0,,0,0,0.2,0.2
0.3,0,1489.0,0,0,0.0,1,1,0.3,0.3
0.3,0,1490.0,0,0,,0,0,0.3,0.3
0.3,0,1491.0,0,0,,0,0,0.2,0.3
0.3,0,1492.0,0,0,,0,0,0.2,0.3
0.3,0,1493.0,0,0,,0,0,0.2,0.2
0.3,0,1494.0,0,0,,0,0,0.2,0.2
0.3,0,1495.0,0,1,,1,0,0.3,0.2
0.3,0,1496.0,0,0,0.0,0,1,0.2,0.2
0.3,0,1497.0,0,1,,1,0,0.3,0.2
0.3,0,1498.0,0,0,0.0,0,1,0.3,0.3
0.3,0,1499.0,0,0,,0,0,0.2,0.2
0.3,0,1500.0,0,0,,0,0,0.2,0.2
0.3,0,1501.0,0,0,,0,0,0.2,0.2
0.3,0,1502.0,0,0,,0,0,0.2,0.2
0.3,0,1503.0,0,0,,0,0,0.2,0.2
0.3,0,1504.0,0,0,,0,0,0.2,0.2
0.3,0,1505.0,0,0,0.0,1,1,0.2,0.3
0.3,0,1506.0,0,0,,0,0,0.2,0.2
0.3,0,1507.0,0,0,,0,0,0.1,0.2
0.3,0,1508.0,0,0,,0,0,0.1,0.1
0.3,0,1509.0,0,0,0.0,1,1,0.2,0.2
0.3,0,1510.0,1,2,,2,0,0.4,0.2
0.3,0,1511.0,1,2,,0,0,0.4,0.2
0.3,0,1512.0,0,0,0.6116985027678083,0,2,0.4,0.4
0.3,0,1513.0,0,0,0.0,1,1,0.5,0.5
0.3,0,1514.0,0,0,,0,0,0.5,0.5
0.3,0,1515.0,0,0,,0,0,0.4,0.4
0.3,0,1516.0,0,0,0.0,1,1,0.5,0.5
0.3,0,1517.0,0,0,,0,0,0.5,0.5
0.3,0,1518.0,0,0,,0,0,0.5,0.5
0.3,0,1519.0,0,0,,0,0,0.4,0.4
0.3,0,1520.0,0,1,,1,0,0.3,0.4
0.3,0,1521.0,0,0,0.0,0,1,0.3,0.5
0.3,0,1522.0,0,0,,0,0,0.3,0.3
0.3,0,1523.0,0,1,,1,0,0.3,0.2
0.3,0,1524.0,0,1,,0,0,0.3,0.2
0.3,0,1525.0,0,0,0.0,0,1,0.3,0.3
0.3,0,1526.0,0,0,,0,0,0.2,0.2
0.3,0,1527.0,0,0,,0,0,0.2,0.2
0.3,0,1528.0,0,0,,0,0,0.2,0.2
0.3,0,1529.0,0,0,,0,0,0.2,0.2
0.3,0,1530.0,1,2,,2,0,0.3,0.2
0.3,0,1531.0,0,1,0.0,0,1,0.3,0.2
0.3,0,1532.0,0,1,,0,0,0.3,0.2
0.3,0,1533.0,0,1,,0,0,0.2,0.2
0.3,0,1534.0,3,4,,3,0,0.5,0.2
0.3,0,1535.0,2,3,1.1718106591451942,0,1,0.5,0.2
0.3,0,1536.0,2,3,,0,0,0.5,0.2
0.3,0,1537.0,2,3,0.5850053630208549,1,1,0.6,0.3
0.3,0,1538.0,0,1,3.095779395014347,0,2,0.6,0.5
0.3,0,1539.0,0,1,1.4669580762606529,1,1,0.7,0.6
0.3,0,1540.0,0,1,0.0,1,1,0.6,0.7
0.3,0,1541.0,0,0,0.037134536200483126,0,1,0.6,0.7
0.3,0,1542.0,0,0,,0,0,0.6,0.7
0.3,0,1543.0,0,0,,0,0,0.6,0.7
0.3,0,1544.0,0,0,,0,0,0.3,0.7
0.3,0,1545.0,0,0,,0,0,0.3,0.6
0.3,0,1546.0,0,0,,0,0,0.3,0.6
0.3,0,1547.0,0,0,,0,0,0.2,0.5
0.3,0,1548.0,0,0,,0,0,0.2,0.3
0.3,0,1549.0,0,0,,0,0,0.1,0.2
0.3,0,1550.0,0,0,,0,0,0.0,0.1
0.3,0,1551.0,0,0,,0,0,0.0,0.0
0.3,0,1552.0,0,0,,0,0,0.0,0.0
0.3,0,1553.0,0,0,,0,0,0.0,0.0
0.3,0,1554.0,0,0,,0,0,0.0,0.0
0.3,0,1555.0,0,0,,0,0,0.0,0.0
0.3,0,1556.0,1,2,,2,0,0.2,0.0
0.3,0,1557.0,1,2,,0,0,0.2,0.0
0.3,0,1558.0,0,1,0.0,0,1,0.2,0.1
0.3,0,1559.0,0,0,2.2625411676747262,0,1,0.2,0.2
0.3,0,1560.0,0,0,,0,0,0.2,0.2
0.3,0,1561.0,0,0,,0,0,0.2,0.2
0.3,0,1562.0,0,0,,0,0,0.2,0.2
0.3,0,1563.0,0,1,0.0,2,1,0.4,0.3
0.3,0,1564.0,0,1,,0,0,0.4,0.3
0.3,0,1565.0,0,0,0.0,0,1,0.4,0.4
0.3,0,1566.0,0,0,,0,0,0.2,0.4
0.3,0,1567.0,0,0,,0,0,0.2,0.4
0.3,0,1568.0,0,0,,0,0,0.2,0.3
0.3,0,1569.0,0,0,,0,0,0.2,0.2
0.3,0,1570.0,0,0,,0,0,0.2,0.2
0.3,0,1571.0,0,0,,0,0,0.2,0.2
0.3,0,1572.0,0,0,,0,0,0.2,0.2
0.3,0,1573.0,0,0,,0,0,0.0,0.1
0.3,0,1574.0,0,0,,0,0,0.0,0.1
0.3,0,1575.0,0,0,,0,0,0.0,0.0
0.3,0,1576.0,0,0,,0,0,0.0,0.0
0.3,0,1577.0,0,0,,0,0,0.0,0.0
0.3,0,1578.0,0,1,,1,0,0.1,0.0
0.3,0,1579.0,0,0,0.0,1,2,0.2,0.2
0.3,0,1580.0,0,0,,0,0,0.2,0.2
0.3,0,1581.0,0,0,,0,0,0.2,0.2
0.3,0,1582.0,0,0,,0,0,0.2,0.2
0.3,0,1583.0,0,0,,0,0,0.2,0.2
0.3,0,1584.0,0,0,,0,0,0.2,0.2
0.3,0,1585.0,0,0,,0,0,0.2,0.2
0.3,0,1586.0,0,0,,0,0,0.2,0.2
0.3,0,1587.0,0,0,,0,0,0.2,0.2
0.3,0,1588.0,0,1,,1,0,0.2,0.2
0.3,0,1589.0,0,1,,0,0,0.1,0.0
0.3,0,1590.0,0,0,0.0,0,1,0.1,0.1
0.3,0,1591.0,0,0,,0,0,0.1,0.1
0.3,0,1592.0,0,0,,0,0,0.1,0.1
0.3,0,1593.0,0,1,,1,0,0.2,0.1
0.3,0,1594.0,1,2,,1,0,0.3,0.1
0.3,0,1595.0,0,0,0.5979820675578367,0,2,0.3,0.3
0.3,0,1596.0,0,0,,0,0,0.3,0.3
0.3,0,1597.0,0,1,,1,0,0.4,0.3
0.3,0,1598.0,0,1,,0,0,0.3,0.3
0.3,0,1599.0,0,0,0.0,0,1,0.3,0.4
0.3,0,1600.0,0,1,,1,0,0.4,0.3
0.3,0,1601.0,2,3,0.0,3,1,0.7,0.4
0.3,0,1602.0,5,6,,3,0,1.0,0.4
0.3,0,1603.0,6,7,,1,0,1.0,0.4
0.3,0,1604.0,7,8,,1,0,1.0,0.4
0.3,0,1605.0,6,7,0.26051982269677865,0,1,1.0,0.3
0.3,0,1606.0,5,6,4.27942951057139,0,1,1.0,0.4
0.3,0,1607.0,3,4,5.053634240791553,0,2,0.9,0.6
0.3,0,1608.0,2,3,5.036832153427667,0,1,0.9,0.7
0.3,0,1609.0,2,3,6.219462294051937,1,1,1.0,0.7
0.3,0,1610.0,1,2,6.153724062493666,0,1,0.9,0.8
0.3,0,1611.0,0,1,3.5343690174752282,1,2,0.7,0.9
0.3,0,1612.0,0,0,0.27651262841379776,1,2,0.5,1.1
0.3,0,1613.0,0,0,,0,0,0.4,1.1
0.3,0,1614.0,0,0,,0,0,0.3,1.1
0.3,0,1615.0,0,0,,0,0,0.3,1.0
0.3,0,1616.0,0,0,0.0,1,1,0.4,1.0
0.3,0,1617.0,1,2,,2,0,0.6,0.8
0.3,0,1618.0,2,3,0.0,2,1,0.8,0.8
0.3,0,1619.0,2,3,,0,0,0.7,0.7
0.3,0,1620.0,1,2,1.227148468902442,0,1,0.7,0.7
0.3,0,1621.0,0,1,1.9167908967835956,0,1,0.6,0.6
0.3,0,1622.0,0,0,2.4359408737384456,0,1,0.5,0.5
0.3,0,1623.0,0,0,,0,0,0.5,0.5
0.3,0,1624.0,0,0,,0,0,0.5,0.5
0.3,0,1625.0,0,0,,0,0,0.5,0.5
0.3,0,1626.0,0,0,,0,0,0.4,0.4
0.3,0,1627.0,0,0,,0,0,0.2,0.4
0.3,0,1628.0,0,0,,0,0,0.0,0.3
0.3,0,1629.0,0,0,,0,0,0.0,0.3
0.3,0,1630.0,0,0,,0,0,0.0,0.2
0.3,0,1631.0,0,1,,1,0,0.1,0.1
0.3,0,1632.0,0,0,0.10027297206571954,2,3,0.3,0.3
0.3,0,1633.0,0,0,,0,0,0.3,0.3
0.3,0,1634.0,0,0,,0,0,0.3,0.3
0.3,0,1635.0,0,0,,0,0,0.3,0.3
0.3,0,1636.0,0,0,,0,0,0.3,0.3
0.3,0,1637.0,0,0,,0,0,0.3,0.3
0.3,0,1638.0,0,0,,0,0,0.3,0.3
0.3,0,1639.0,0,0,,0,0,0.3,0.3
0.3,0,1640.0,0,0,,0,0,0.3,0.3
0.3,0,1641.0,0,0,,0,0,0.2,0.3
0.3,0,1642.0,0,0,,0,0,0.0,0.0
0.3,0,1643.0,0,0,,0,0,0.0,0.0
0.3,0,1644.0,0,0,,0,0,0.0,0.0
0.3,0,1645.0,0,0,,0,0,0.0,0.0
0.3,0,1646.0,0,0,,0,0,0.0,0.0
0.3,0,1647.0,0,0,,0,0,0.0,0.0
0.3,0,1648.0,0,0,,0,0,0.0,0.0
0.3,0,1649.0,0,0,,0,0,0.0,0.0
0.3,0,1650.0,0,0,,0,0,0.0,0.0
0.3,0,1651.0,0,0,,0,0,0.0,0.0
0.3,0,1652.0,0,0,,0,0,0.0,0.0
0.3,0,1653.0,1,2,,2,0,0.2,0.0
0.3,0,1654.0,0,0,0.06528036156646522,0,2,0.2,0.2
0.3,0,1655.0,0,0,,0,0,0.2,0.2
0.3,0,1656.0,0,0,0.0,1,1,0.3,0.3
0.3,0,1657.0,0,0,0.0,1,1,0.4,0.4
0.3,0,1658.0,0,0,,0,0,0.4,0.4
0.3,0,1659.0,0,0,0.0,1,1,0.5,0.5
0.3,0,1660.0,0,0,,0,0,0.5,0.5
0.3,0,1661.0,0,0,,0,0,0.5,0.5
0.3,0,1662.0,0,0,,0,0,0.5,0.5
0.3,0,1663.0,0,0,,0,0,0.3,0.5
0.3,0,1664.0,0,0,,0,0,0.3,0.3
0.3,0,1665.0,0,0,,0,0,0.3,0.3
0.3,0,1666.0,0,0,0.0,1,1,0.3,0.3
0.3,0,1667.0,0,0,,0,0,0.2,0.2
0.3,0,1668.0,0,0,,0,0,0.2,0.2
0.3,0,1669.0,0,0,,0,0,0.1,0.1
0.3,0,1670.0,0,0,,0,0,0.1,0.1
0.3,0,1671.0,0,0,,0,0,0.1,0.1
0.3,0,1672.0,0,0,,0,0,0.1,0.1
0.3,0,1673.0,1,2,,2,0,0.3,0.1
0.3,0,1674.0,0,0,0.432059331565938,0,2,0.3,0.3
0.3,0,1675.0,0,0,,0,0,0.3,0.3
0.3,0,1676.0,0,0,,0,0,0.2,0.2
0.3,0,1677.0,1,2,,2,0,0.4,0.2
0.3,0,1678.0,0,0,0.33284137443740747,0,2,0.4,0.4
0.3,0,1679.0,0,0,0.0,1,1,0.5,0.5
0.3,0,1680.0,0,0,,0,0,0.5,0.5
0.3,0,1681.0,0,0,,0,0,0.5,0.5
0.3,0,1682.0,0,0,,0,0,0.5,0.5
0.3,0,1683.0,0,0,,0,0,0.3,0.5
0.3,0,1684.0,0,0,,0,0,0.3,0.3
0.3,0,1685.0,0,0,,0,0,0.3,0.3
0.3,0,1686.0,0,1,,1,0,0.4,0.3
0.3,0,1687.0,0,0,0.0,0,1,0.2,0.4
0.3,0,1688.0,0,0,,0,0,0.2,0.2
0.3,0,1689.0,0,0,0.0,1,1,0.2,0.2
0.3,0,1690.0,0,0,,0,0,0.2,0.2
0.3,0,1691.0,0,0,,0,0,0.2,0.2
0.3,0,1692.0,0,0,0.0,1,1,0.3,0.3
0.3,0,1693.0,0,0,,0,0,0.3,0.3
0.3,0,1694.0,0,0,,0,0,0.3,0.3
0.3,0,1695.0,0,0,0.0,1,1,0.4,0.4
0.3,0,1696.0,0,0,,0,0,0.3,0.4
0.3,0,1697.0,0,0,,0,0,0.3,0.3
0.3,0,1698.0,0,0,,0,0,0.3,0.3
0.3,0,1699.0,0,1,,1,0,0.3,0.2
0.3,0,1700.0,0,0,0.0,0,1,0.3,0.3
0.3,0,1701.0,0,0,,0,0,0.3,0.3
0.3,0,1702.0,0,0,,0,0,0.2,0.2
0.3,0,1703.0,0,0,,0,0,0.2,0.2
0.3,0,1704.0,0,1,0.0,2,1,0.4,0.3
0.3,0,1705.0,1,2,,1,0,0.4,0.2
0.3,0,1706.0,1,2,,0,0,0.4,0.2
0.3,0,1707.0,0,1,0.0,0,1,0.4,0.3
0.3,0,1708.0,0,0,1.5293097819305785,0,1,0.4,0.4
0.3,0,1709.0,0,0,0.0,1,1,0.4,0.5
0.3,0,1710.0,0,0,,0,0,0.4,0.4
0.3,0,1711.0,0,0,,0,0,0.4,0.4
0.3,0,1712.0,0,0,,0,0,0.4,0.4
0.3,0,1713.0,0,0,,0,0,0.4,0.4
0.3,0,1714.0,0,0,,0,0,0.2,0.3
0.3,0,1715.0,0,1,,1,0,0.2,0.3
0.3,0,1716.0,0,0,0.0,0,1,0.2,0.4
0.3,0,1717.0,0,0,0.0,1,1,0.3,0.4
0.3,0,1718.0,0,1,,1,0,0.4,0.3
0.3,0,1719.0,0,0,0.0,0,1,0.3,0.3
0.3,0,1720.0,0,0,,0,0,0.3,0.3
0.3,0,1721.0,0,0,,0,0,0.3,0.3
0.3,0,1722.0,0,0,,0,0,0.3,0.3
0.3,0,1723.0,1,2,,2,0,0.5,0.3
0.3,0,1724.0,1,2,,0,0,0.5,0.3
0.3,0,1725.0,1,2,0.0,1,1,0.5,0.4
0.3,0,1726.0,0,1,1.8709711448434518,0,1,0.5,0.4
0.3,0,1727.0,0,0,1.3663576182557335,0,1,0.4,0.4
0.3,0,1728.0,0,1,,1,0,0.4,0.4
0.3,0,1729.0,0,0,0.0,0,1,0.4,0.4
0.3,0,1730.0,0,0,,0,0,0.4,0.4
0.3,0,1731.0,0,0,,0,0,0.4,0.4
0.3,0,1732.0,0,0,,0,0,0.4,0.4
0.3,0,1733.0,0,0,,0,0,0.2,0.4
0.3,0,1734.0,0,1,,1,0,0.3,0.4
0.3,0,1735.0,0,0,0.0,1,2,0.3,0.5
0.3,0,1736.0,0,0,,0,0,0.3,0.4
0.3,0,1737.0,0,0,,0,0,0.3,0.3
0.3,0,1738.0,0,0,,0,0,0.2,0.3
0.3,0,1739.0,0,0,,0,0,0.2,0.2
0.3,0,1740.0,0,0,,0,0,0.2,0.2
0.3,0,1741.0,0,1,,1,0,0.3,0.2
0.3,0,1742.0,0,0,0.0,0,1,0.3,0.3
0.3,0,1743.0,0,0,,0,0,0.3,0.3
0.3,0,1744.0,0,0,,0,0,0.2,0.3
0.3,0,1745.0,0,0,,0,0,0.1,0.1
0.3,0,1746.0,0,0,0.0,1,1,0.2,0.2
0.3,0,1747.0,0,1,,1,0,0.3,0.2
0.3,0,1748.0,0,0,0.0,0,1,0.3,0.3
0.3,0,1749.0,0,0,,0,0,0.3,0.3
0.3,0,1750.0,0,0,,0,0,0.3,0.3
0.3,0,1751.0,0,0,,0,0,0.2,0.3
0.3,0,1752.0,0,0,,0,0,0.2,0.2
0.3,0,1753.0,0,1,,1,0,0.3,0.2
0.3,0,1754.0,0,1,,0,0,0.3,0.2
0.3,0,1755.0,0,0,0.0,0,1,0.3,0.3
0.3,0,1756.0,0,1,,1,0,0.3,0.2
0.3,0,1757.0,0,1,0.0,1,1,0.3,0.3
0.3,0,1758.0,0,0,0.13993871628940724,0,1,0.3,0.3
0.3,0,1759.0,0,0,,0,0,0.3,0.3
0.3,0,1760.0,0,0,,0,0,0.3,0.3
0.3,0,1761.0,0,1,0.0,2,1,0.5,0.4
0.3,0,1762.0,0,0,0.0,0,1,0.5,0.5
0.3,0,1763.0,0,0,,0,0,0.4,0.5
0.3,0,1764.0,0,0,,0,0,0.4,0.5
0.3,0,1765.0,0,0,,0,0,0.4,0.4
0.3,0,1766.0,0,0,,0,0,0.3,0.4
0.3,0,1767.0,0,0,,0,0,0.2,0.3
0.3,0,1768.0,0,0,0.0,1,1,0.3,0.3
0.3,0,1769.0,0,0,,0,0,0.3,0.3
0.3,0,1770.0,0,0,,0,0,0.3,0.3
0.3,0,1771.0,0,0,,0,0,0.1,0.2
0.3,0,1772.0,0,0,0.0,1,1,0.2,0.2
0.3,0,1773.0,0,0,,0,0,0.2,0.2
0.3,0,1774.0,0,0,,0,0,0.2,0.2
0.3,0,1775.0,0,0,,0,0,0.2,0.2
0.3,0,1776.0,0,0,,0,0,0.2,0.2
0.3,0,1777.0,0,0,,0,0,0.2,0.2
0.3,0,1778.0,0,0,,0,0,0.1,0.1
0.3,0,1779.0,0,0,,0,0,0.1,0.1
0.3,0,1780.0,0,0,,0,0,0.1,0.1
0.3,0,1781.0,0,0,,0,0,0.1,0.1
0.3,0,1782.0,0,0,,0,0,0.0,0.0
0.3,0,1783.0,0,0,0.0,1,1,0.1,0.1
0.3,0,1784.0,0,0,,0,0,0.1,0.1
0.3,0,1785.0,0,0,,0,0,0.1,0.1
0.3,0,1786.0,0,0,,0,0,0.1,0.1
0.3,0,1787.0,0,0,,0,0,0.1,0.1
0.3,0,1788.0,0,0,,0,0,0.1,0.1
0.3,0,1789.0,0,1,,1,0,0.2,0.1
0.3,0,1790.0,0,0,0.0,0,1,0.2,0.2
0.3,0,1791.0,0,0,,0,0,0.2,0.2
0.3,0,1792.0,0,0,,0,0,0.2,0.2
0.3,0,1793.0,0,1,,1,0,0.2,0.1
0.3,0,1794.0,1,2,,1,0,0.3,0.1
0.3,0,1795.0,1,2,,0,0,0.3,0.1
0.3,0,1796.0,0,0,1.032692745184704,0,2,0.3,0.3
0.3,0,1797.0,0,0,,0,0,0.3,0.3
0.3,0,1798.0,0,0,,0,0,0.3,0.3
0.3,0,1799.0,0,0,,0,0,0.2,0.3
0.3,0,1800.0,0,0,,0,0,0.2,0.2
0.3,0,1801.0,0,1,,1,0,0.3,0.2
0.3,0,1802.0,0,0,0.0,0,1,0.3,0.3
0.3,0,1803.0,0,0,,0,0,0.2,0.3
0.3,0,1804.0,0,0,,0,0,0.1,0.3
0.3,0,1805.0,0,0,,0,0,0.1,0.3
0.3,0,1806.0,0,1,0.0,2,1,0.3,0.2
0.3,0,1807.0,1,2,,1,0,0.4,0.2
0.3,0,1808.0,0,0,0.7090787100687521,0,2,0.4,0.4
0.3,0,1809.0,0,0,,0,0,0.4,0.4
0.3,0,1810.0,0,0,,0,0,0.4,0.4
0.3,0,1811.0,0,0,,0,0,0.3,0.4
0.3,0,1812.0,0,0,,0,0,0.3,0.3
0.3,0,1813.0,0,0,,0,0,0.3,0.3
0.3,0,1814.0,0,0,,0,0,0.3,0.3
0.3,0,1815.0,0,0,,0,0,0.3,0.3
0.3,0,1816.0,0,0,,0,0,0.1,0.2
0.3,0,1817.0,0,0,,0,0,0.0,0.2
0.3,0,1818.0,0,0,,0,0,0.0,0.0
0.3,0,1819.0,0,1,,1,0,0.1,0.0
0.3,0,1820.0,0,0,0.0,0,1,0.1,0.1
0.3,0,1821.0,0,1,,1,0,0.2,0.1
0.3,0,1822.0,0,1,0.0,1,1,0.3,0.2
0.3,0,1823.0,0,0,0.0,0,1,0.3,0.3
0.3,0,1824.0,0,0,,0,0,0.3,0.3
0.3,0,1825.0,0,0,,0,0,0.3,0.3
0.3,0,1826.0,0,0,,0,0,0.3,0.3
0.3,0,1827.0,0,0,,0,0,0.3,0.3
0.3,0,1828.0,0,1,,1,0,0.4,0.3
0.3,0,1829.0,0,1,,0,0,0.3,0.3
0.3,0,1830.0,1,2,,1,0,0.4,0.2
0.3,0,1831.0,0,0,0.7069721220086649,0,2,0.3,0.4
0.3,0,1832.0,0,0,,0,0,0.2,0.3
0.3,0,1833.0,0,0,,0,0,0.2,0.2
0.3,0,1834.0,0,0,,0,0,0.2,0.2
0.3,0,1835.0,0,0,,0,0,0.2,0.2
0.3,0,1836.0,0,0,,0,0,0.2,0.2
0.3,0,1837.0,0,1,,1,0,0.3,0.2
0.3,0,1838.0,0,1,,0,0,0.2,0.2
0.3,0,1839.0,0,0,0.0,0,1,0.2,0.3
0.3,0,1840.0,0,0,,0,0,0.1,0.3
0.3,0,1841.0,0,0,,0,0,0.1,0.1
0.3,0,1842.0,0,0,,0,0,0.1,0.1
0.3,0,1843.0,0,0,,0,0,0.1,0.1
0.3,0,1844.0,0,0,,0,0,0.1,0.1
0.3,0,1845.0,0,0,0.0,1,1,0.2,0.2
0.3,0,1846.0,0,0,,0,0,0.2,0.2
0.3,0,1847.0,0,0,,0,0,0.1,0.2
0.3,0,1848.0,0,0,,0,0,0.1,0.2
0.3,0,1849.0,0,0,0.0,1,1,0.2,0.2
0.3,0,1850.0,0,0,,0,0,0.2,0.2
0.3,0,1851.0,0,1,,1,0,0.3,0.2
0.3,0,1852.0,0,0,0.0,0,1,0.3,0.3
0.3,0,1853.0,0,0,,0,0,0.3,0.3
0.3,0,1854.0,0,1,,1,0,0.4,0.3
0.3,0,1855.0,0,0,0.0,0,1,0.3,0.3
0.3,0,1856.0,0,0,,0,0,0.3,0.3
0.3,0,1857.0,0,0,,0,0,0.3,0.3
0.3,0,1858.0,0,0,,0,0,0.3,0.3
0.3,0,1859.0,0,0,,0,0,0.2,0.2
0.3,0,1860.0,0,0,,0,0,0.2,0.2
0.3,0,1861.0,0,0,,0,0,0.1,0.2
0.3,0,1862.0,0,0,,0,0,0.1,0.1
0.3,0,1863.0,0,0,,0,0,0.1,0.1
0.3,0,1864.0,0,0,,0,0,0.0,0.1
0.3,0,1865.0,0,1,,1,0,0.1,0.0
0.3,0,1866.0,1,2,,1,0,0.2,0.0
0.3,0,1867.0,0,1,0.0,0,1,0.2,0.1
0.3,0,1868.0,0,0,0.576808522158899,0,1,0.2,0.2
0.3,0,1869.0,0,1,0.0,2,1,0.4,0.3
0.3,0,1870.0,0,1,,0,0,0.4,0.3
0.3,0,1871.0,0,0,0.6249491709809263,0,1,0.4,0.4
0.3,0,1872.0,0,0,,0,0,0.4,0.4
0.3,0,1873.0,0,0,,0,0,0.4,0.4
0.3,0,1874.0,0,0,,0,0,0.4,0.4
0.3,0,1875.0,0,0,0.0,1,1,0.4,0.5
0.3,0,1876.0,0,0,,0,0,0.3,0.5
0.3,0,1877.0,0,0,,0,0,0.3,0.4
0.3,0,1878.0,0,0,,0,0,0.3,0.3
0.3,0,1879.0,0,0,,0,0,0.1,0.2
0.3,0,1880.0,0,0,,0,0,0.1,0.2
0.3,0,1881.0,0,0,,0,0,0.1,0.1
0.3,0,1882.0,0,0,,0,0,0.1,0.1
0.3,0,1883.0,0,0,,0,0,0.1,0.1
0.3,0,1884.0,0,0,,0,0,0.1,0.1
0.3,0,1885.0,0,0,,0,0,0.0,0.0
0.3,0,1886.0,0,0,,0,0,0.0,0.0
0.3,0,1887.0,0,0,,0,0,0.0,0.0
0.3,0,1888.0,0,0,0.0,1,1,0.1,0.1
0.3,0,1889.0,0,1,,1,0,0.2,0.1
0.3,0,1890.0,0,0,0.0,0,1,0.2,0.2
0.3,0,1891.0,0,0,,0,0,0.2,0.2
0.3,0,1892.0,0,0,,0,0,0.2,0.2
0.3,0,1893.0,0,0,,0,0,0.2,0.2
0.3,0,1894.0,0,0,,0,0,0.2,0.2
0.3,0,1895.0,0,0,,0,0,0.2,0.2
0.3,0,1896.0,0,0,,0,0,0.2,0.2
0.3,0,1897.0,0,0,,0,0,0.2,0.2
0.3,0,1898.0,0,1,,1,0,0.2,0.1
0.3,0,1899.0,0,0,0.0,0,1,0.1,0.2
0.3,0,1900.0,0,0,,0,0,0.1,0.1
0.3,0,1901.0,0,1,,1,0,0.2,0.1
0.3,0,1902.0,0,1,0.0,1,1,0.3,0.2
0.3,0,1903.0,0,0,0.0,0,1,0.3,0.3
0.3,0,1904.0,0,0,,0,0,0.3,0.3
0.3,0,1905.0,0,0,,0,0,0.3,0.3
0.3,0,1906.0,0,0,0.0,1,1,0.4,0.4
0.3,0,1907.0,0,0,0.0,2,2,0.6,0.6
0.3,0,1908.0,0,0,0.0,1,1,0.6,0.7
0.3,0,1909.0,0,0,,0,0,0.6,0.6
0.3,0,1910.0,0,0,,0,0,0.6,0.6
0.3,0,1911.0,0,0,,0,0,0.5,0.6
0.3,0,1912.0,0,0,,0,0,0.4,0.5
0.3,0,1913.0,0,0,,0,0,0.4,0.4
0.3,0,1914.0,0,0,,0,0,0.4,0.4
0.3,0,1915.0,0,0,,0,0,0.4,0.4
0.3,0,1916.0,0,1,,1,0,0.4,0.3
0.3,0,1917.0,0,1,,0,0,0.2,0.1
0.3,0,1918.0,0,0,0.0,0,1,0.1,0.1
0.3,0,1919.0,0,0,,0,0,0.1,0.1
0.3,0,1920.0,0,0,,0,0,0.1,0.1
0.3,0,1921.0,0,0,,0,0,0.1,0.1
0.3,0,1922.0,0,0,,0,0,0.1,0.1
0.3,0,1923.0,0,0,,0,0,0.1,0.1
0.3,0,1924.0,0,0,,0,0,0.1,0.1
0.3,0,1925.0,0,1,,1,0,0.2,0.1
0.3,0,1926.0,0,0,0.0,0,1,0.1,0.2
0.3,0,1927.0,0,1,0.0,2,1,0.3,0.3
0.3,0,1928.0,0,1,,0,0,0.3,0.2
0.3,0,1929.0,0,1,,0,0,0.3,0.2
0.3,0,1930.0,0,1,0.0,1,1,0.4,0.3
0.3,0,1931.0,1,2,0.3778027254961671,2,1,0.6,0.4
0.3,0,1932.0,2,3,,1,0,0.7,0.4
0.3,0,1933.0,1,2,0.2283782374238399,0,1,0.7,0.5
0.3,0,1934.0,0,1,2.29055725873377,0,1,0.7,0.6
0.3,0,1935.0,0,0,1.4642515534292215,0,1,0.6,0.7
0.3,0,1936.0,0,0,,0,0,0.6,0.6
0.3,0,1937.0,0,0,,0,0,0.4,0.5
0.3,0,1938.0,0,0,,0,0,0.4,0.5
0.3,0,1939.0,0,0,0.0,1,1,0.5,0.6
0.3,0,1940.0,0,1,,1,0,0.5,0.5
0.3,0,1941.0,0,0,0.0,0,1,0.3,0.5
0.3,0,1942.0,0,0,,0,0,0.2,0.5
0.3,0,1943.0,0,1,,1,0,0.3,0.4
0.3,0,1944.0,0,1,,0,0,0.3,0.3
0.3,0,1945.0,0,0,0.0,0,1,0.3,0.3
0.3,0,1946.0,0,0,,0,0,0.3,0.3
0.3,0,1947.0,0,0,,0,0,0.3,0.3
0.3,0,1948.0,0,0,,0,0,0.3,0.3
0.3,0,1949.0,0,0,,0,0,0.2,0.2
0.3,0,1950.0,0,1,,1,0,0.2,0.2
0.3,0,1951.0,0,0,0.0,0,1,0.2,0.2
0.3,0,1952.0,0,0,,0,0,0.2,0.2
0.3,0,1953.0,0,0,,0,0,0.1,0.2
0.3,0,1954.0,0,1,,1,0,0.2,0.2
0.3,0,1955.0,0,1,,0,0,0.2,0.1
0.3,0,1956.0,0,0,0.0,0,1,0.2,0.2
0.3,0,1957.0,0,0,,0,0,0.2,0.2
0.3,0,1958.0,0,0,0.0,1,1,0.3,0.3
0.3,0,1959.0,0,0,,0,0,0.3,0.3
0.3,0,1960.0,0,0,,0,0,0.2,0.3
0.3,0,1961.0,0,0,,0,0,0.2,0.2
0.3,0,1962.0,0,0,,0,0,0.2,0.2
0.3,0,1963.0,0,0,,0,0,0.2,0.2
0.3,0,1964.0,0,0,,0,0,0.1,0.2
0.3,0,1965.0,0,0,,0,0,0.1,0.2
0.3,0,1966.0,0,1,,1,0,0.2,0.1
0.3,0,1967.0,0,1,,0,0,0.2,0.1
0.3,0,1968.0,0,0,0.0,0,1,0.1,0.1
0.3,0,1969.0,0,0,,0,0,0.1,0.1
0.3,0,1970.0,0,0,,0,0,0.1,0.1
0.3,0,1971.0,0,1,0.0,2,1,0.3,0.2
0.3,0,1972.0,0,0,0.0,0,1,0.3,0.3
0.3,0,1973.0,0,0,,0,0,0.3,0.3
0.3,0,1974.0,0,1,,1,0,0.4,0.3
0.3,0,1975.0,0,1,0.0,1,1,0.5,0.4
0.3,0,1976.0,1,2,0.48819090225288164,2,1,0.6,0.5
0.3,0,1977.0,0,1,0.5984464776634013,0,1,0.6,0.6
0.3,0,1978.0,1,2,,1,0,0.7,0.5
0.3,0,1979.0,0,1,1.4197554002948891,0,1,0.7,0.6
0.3,0,1980.0,0,0,1.057763475673255,0,1,0.7,0.7
0.3,0,1981.0,0,0,,0,0,0.5,0.6
0.3,0,1982.0,0,1,,1,0,0.6,0.5
0.3,0,1983.0,0,0,0.0,0,1,0.6,0.6
0.3,0,1984.0,0,0,,0,0,0.5,0.6
0.3,0,1985.0,0,1,,1,0,0.5,0.5
0.3,0,1986.0,0,0,0.0,0,1,0.3,0.5
0.3,0,1987.0,0,0,,0,0,0.3,0.4
0.3,0,1988.0,0,0,,0,0,0.2,0.4
0.3,0,1989.0,0,0,,0,0,0.2,0.3
0.3,0,1990.0,0,0,,0,0,0.2,0.2
0.3,0,1991.0,0,0,,0,0,0.2,0.2
0.3,0,1992.0,0,0,,0,0,0.1,0.2
0.3,0,1993.0,0,1,,1,0,0.2,0.1
0.3,0,1994.0,0,1,0.0,1,1,0.3,0.2
0.3,0,1995.0,0,0,0.0,0,1,0.2,0.3
0.3,0,1996.0,0,0,,0,0,0.2,0.2
0.3,0,1997.0,0,0,,0,0,0.2,0.2
0.3,0,1998.0,0,0,,0,0,0.2,0.2
0.3,0,1999.0,0,1,,1,0,0.3,0.2
0.3,0,2000.0,0,1,,0,0,0.3,0.2
0.3,0,2001.0,0,0,0.0,0,1,0.3,0.3
0.3,0,2002.0,0,0,,0,0,0.3,0.3
0.3,0,2003.0,0,0,,0,0,0.2,0.3
0.3,0,2004.0,0,0,,0,0,0.1,0.2
0.3,0,2005.0,0,0,0.0,1,1,0.2,0.2
0.3,0,2006.0,0,0,,0,0,0.2,0.2
0.3,0,2007.0,0,0,,0,0,0.2,0.2
0.3,0,2008.0,0,0,,0,0,0.2,0.2
0.3,0,2009.0,0,0,,0,0,0.1,0.2
0.3,0,2010.0,0,0,,0,0,0.1,0.2
0.3,0,2011.0,0,0,,0,0,0.1,0.1
0.3,0,2012.0,0,1,,1,0,0.2,0.1
0.3,0,2013.0,0,0,0.0,0,1,0.2,0.2
0.3,0,2014.0,0,0,,0,0,0.2,0.2
0.3,0,2015.0,0,0,,0,0,0.1,0.1
0.3,0,2016.0,0,0,,0,0,0.1,0.1
0.3,0,2017.0,0,0,,0,0,0.1,0.1
0.3,0,2018.0,0,0,,0,0,0.1,0.1
0.3,0,2019.0,0,0,0.0,1,1,0.2,0.2
0.3,0,2020.0,0,0,,0,0,0.2,0.2
0.3,0,2021.0,0,1,,1,0,0.3,0.2
0.3,0,2022.0,0,0,0.0,0,1,0.2,0.3
0.3,0,2023.0,0,0,,0,0,0.2,0.2
0.3,0,2024.0,0,0,0.0,1,1,0.3,0.3
0.3,0,2025.0,1,2,,2,0,0.5,0.3
0.3,0,2026.0,1,2,,0,0,0.5,0.3
0.3,0,2027.0,0,1,0.0,0,1,0.5,0.4
0.3,0,2028.0,0,0,1.616309860291949,0,1,0.5,0.5
0.3,0,2029.0,0,0,,0,0,0.4,0.4
0.3,0,2030.0,0,0,,0,0,0.4,0.4
0.3,0,2031.0,0,0,,0,0,0.3,0.4
0.3,0,2032.0,0,0,,0,0,0.3,0.3
0.3,0,2033.0,0,0,,0,0,0.3,0.3
0.3,0,2034.0,0,0,,0,0,0.2,0.2
0.3,0,2035.0,0,0,,0,0,0.0,0.2
0.3,0,2036.0,0,0,,0,0,0.0,0.2
0.3,0,2037.0,0,0,,0,0,0.0,0.1
0.3,0,2038.0,0,1,,1,0,0.1,0.0
0.3,0,2039.0,0,1,0.0,1,1,0.2,0.1
0.3,0,2040.0,0,0,0.5365125768366852,0,1,0.2,0.2
0.3,0,2041.0,0,0,,0,0,0.2,0.2
0.3,0,2042.0,0,0,,0,0,0.2,0.2
0.3,0,2043.0,0,0,,0,0,0.2,0.2
0.3,0,2044.0,0,0,,0,0,0.2,0.2
0.3,0,2045.0,0,0,,0,0,0.2,0.2
0.3,0,2046.0,0,1,,1,0,0.3,0.2
0.3,0,2047.0,0,0,0.0,0,1,0.3,0.3
0.3,0,2048.0,0,1,,1,0,0.3,0.3
0.3,0,2049.0,0,0,0.0,0,1,0.2,0.3
0.3,0,2050.0,0,1,,1,0,0.3,0.2
0.3,0,2051.0,0,0,0.0,0,1,0.3,0.3
0.3,0,2052.0,0,1,,1,0,0.4,0.3
0.3,0,2053.0,0,1,0.0,1,1,0.5,0.4
0.3,0,2054.0,2,3,0.0,3,1,0.8,0.5
0.3,0,2055.0,2,3,0.0,1,1,0.9,0.6
0.3,0,2056.0,0,1,0.9907013677520808,0,2,0.8,0.8
0.3,0,2057.0,0,0,0.931628624496625,0,1,0.8,0.8
0.3,0,2058.0,0,0,,0,0,0.7,0.8
0.3,0,2059.0,0,0,,0,0,0.7,0.7
0.3,0,2060.0,0,0,,0,0,0.6,0.7
0.3,0,2061.0,0,1,0.0,2,1,0.8,0.7
0.3,0,2062.0,0,1,,0,0,0.7,0.7
0.3,0,2063.0,0,0,0.14676886397091948,0,1,0.6,0.7
0.3,0,2064.0,0,1,,1,0,0.4,0.6
0.3,0,2065.0,1,2,,1,0,0.4,0.5
0.3,0,2066.0,0,1,0.0,0,1,0.4,0.4
0.3,0,2067.0,0,0,1.1100038780737123,0,1,0.4,0.4
0.3,0,2068.0,0,0,,0,0,0.4,0.4
0.3,0,2069.0,0,1,,1,0,0.5,0.4
0.3,0,2070.0,0,0,0.0,0,1,0.5,0.5
0.3,0,2071.0,0,0,,0,0,0.3,0.4
0.3,0,2072.0,0,0,,0,0,0.3,0.4
0.3,0,2073.0,0,1,,1,0,0.4,0.3
0.3,0,2074.0,0,0,0.0,1,2,0.4,0.5
0.3,0,2075.0,0,0,,0,0,0.3,0.5
0.3,0,2076.0,0,1,,1,0,0.4,0.4
0.3,0,2077.0,0,1,,0,0,0.4,0.3
0.3,0,2078.0,0,1,,0,0,0.4,0.3
0.3,0,2079.0,0,0,0.0,0,1,0.3,0.4
0.3,0,2080.0,0,0,,0,0,0.3,0.3
0.3,0,2081.0,0,0,,0,0,0.3,0.3
0.3,0,2082.0,0,0,,0,0,0.3,0.3
0.3,0,2083.0,0,0,,0,0,0.2,0.3
0.3,0,2084.0,0,0,,0,0,0.1,0.1
0.3,0,2085.0,0,0,,0,0,0.1,0.1
0.3,0,2086.0,0,0,,0,0,0.0,0.1
0.3,0,2087.0,0,0,,0,0,0.0,0.1
0.3,0,2088.0,0,1,,1,0,0.1,0.1
0.3,0,2089.0,0,1,0.0,1,1,0.2,0.1
0.3,0,2090.0,0,0,0.6765233040400744,0,1,0.2,0.2
0.3,0,2091.0,0,0,,0,0,0.2,0.2
0.3,0,2092.0,0,0,,0,0,0.2,0.2
0.3,0,2093.0,0,0,,0,0,0.2,0.2
0.3,0,2094.0,0,0,,0,0,0.2,0.2
0.3,0,2095.0,0,0,0.0,1,1,0.3,0.3
0.3,0,2096.0,0,0,0.0,1,1,0.4,0.4
0.3,0,2097.0,0,0,,0,0,0.4,0.4
0.3,0,2098.0,0,0,,0,0,0.3,0.4
0.3,0,2099.0,0,1,,1,0,0.3,0.3
0.3,0,2100.0,0,1,0.0,1,1,0.4,0.3
0.3,0,2101.0,0,1,,0,0,0.4,0.3
0.3,0,2102.0,0,0,0.0,0,1,0.4,0.4
0.3,0,2103.0,0,0,,0,0,0.4,0.4
0.3,0,2104.0,0,0,,0,0,0.4,0.4
0.3,0,2105.0,0,0,,0,0,0.3,0.3
0.3,0,2106.0,0,0,,0,0,0.2,0.2
0.3,0,2107.0,0,0,,0,0,0.2,0.2
0.3,0,2108.0,0,0,,0,0,0.2,0.2
0.3,0,2109.0,0,0,,0,0,0.1,0.2
0.3,0,2110.0,0,0,,0,0,0.0,0.1
0.3,0,2111.0,0,0,,0,0,0.0,0.1
0.3,0,2112.0,0,0,,0,0,0.0,0.0
0.3,0,2113.0,0,0,,0,0,0.0,0.0
0.3,0,2114.0,0,0,,0,0,0.0,0.0
0.3,0,2115.0,0,0,,0,0,0.0,0.0
0.3,0,2116.0,0,0,,0,0,0.0,0.0
0.3,0,2117.0,0,0,,0,0,0.0,0.0
0.3,0,2118.0,0,0,,0,0,0.0,0.0
0.3,0,2119.0,0,0,0.0,1,1,0.1,0.1
0.3,0,2120.0,0,0,,0,0,0.1,0.1
0.3,0,2121.0,0,0,,0,0,0.1,0.1
0.3,0,2122.0,0,1,,1,0,0.2,0.1
0.3,0,2123.0,0,1,0.0,1,1,0.3,0.2
0.3,0,2124.0,0,0,0.0,0,1,0.3,0.3
0.3,0,2125.0,0,0,,0,0,0.3,0.3
0.3,0,2126.0,0,0,,0,0,0.3,0.3
0.3,0,2127.0,0,0,,0,0,0.3,0.3
0.3,0,2128.0,0,0,,0,0,0.3,0.3
0.3,0,2129.0,0,0,,0,0,0.2,0.2
0.3,0,2130.0,0,1,,1,0,0.3,0.2
0.3,0,2131.0,0,1,0.0,1,1,0.4,0.3
0.3,0,2132.0,1,2,,1,0,0.4,0.3
0.3,0,2133.0,0,1,0.45799046632100726,1,2,0.4,0.4
0.3,0,2134.0,0,0,0.0,1,2,0.5,0.5
0.3,0,2135.0,0,0,,0,0,0.5,0.5
0.3,0,2136.0,0,0,,0,0,0.5,0.5
0.3,0,2137.0,0,1,,1,0,0.6,0.5
0.3,0,2138.0,0,1,,0,0,0.6,0.5
0.3,0,2139.0,0,1,0.0,1,1,0.7,0.6
0.3,0,2140.0,0,0,0.0,0,1,0.6,0.7
0.3,0,2141.0,0,0,,0,0,0.5,0.6
0.3,0,2142.0,0,1,,1,0,0.5,0.6
0.3,0,2143.0,0,1,,0,0,0.4,0.4
0.3,0,2144.0,0,1,,0,0,0.3,0.2
0.3,0,2145.0,0,1,,0,0,0.3,0.2
0.3,0,2146.0,0,0,0.0,0,1,0.3,0.3
0.3,0,2147.0,1,2,,2,0,0.4,0.3
0.3,0,2148.0,0,0,0.2894916106117762,0,2,0.4,0.5
0.3,0,2149.0,0,1,,1,0,0.4,0.4
0.3,0,2150.0,0,1,,0,0,0.4,0.3
0.3,0,2151.0,0,0,0.0,0,1,0.4,0.4
0.3,0,2152.0,0,0,0.0,1,1,0.4,0.5
0.3,0,2153.0,0,0,,0,0,0.4,0.5
0.3,0,2154.0,0,0,,0,0,0.4,0.5
0.3,0,2155.0,0,0,,0,0,0.4,0.5
0.3,0,2156.0,0,0,,0,0,0.4,0.4
0.3,0,2157.0,0,0,,0,0,0.2,0.4
0.3,0,2158.0,0,1,,1,0,0.3,0.2
0.3,0,2159.0,0,1,,0,0,0.2,0.2
0.3,0,2160.0,0,0,0.0,0,1,0.2,0.3
0.3,0,2161.0,0,0,,0,0,0.2,0.2
0.3,0,2162.0,0,1,,1,0,0.2,0.1
0.3,0,2163.0,0,0,0.0,0,1,0.2,0.2
0.3,0,2164.0,0,0,0.0,1,1,0.3,0.3
0.3,0,2165.0,0,1,,1,0,0.4,0.3
0.3,0,2166.0,0,0,0.0,0,1,0.4,0.4
0.3,0,2167.0,0,0,,0,0,0.4,0.4
0.3,0,2168.0,0,0,,0,0,0.3,0.4
0.3,0,2169.0,0,0,,0,0,0.3,0.4
0.3,0,2170.0,0,0,,0,0,0.3,0.3
0.3,0,2171.0,0,1,,1,0,0.4,0.3
0.3,0,2172.0,0,1,,0,0,0.3,0.3
0.3,0,2173.0,0,0,0.0,0,1,0.3,0.3
0.3,0,2174.0,0,0,,0,0,0.2,0.2
0.3,0,2175.0,0,0,,0,0,0.1,0.2
0.3,0,2176.0,0,0,,0,0,0.1,0.1
0.3,0,2177.0,1,2,,2,0,0.3,0.1
0.3,0,2178.0,0,1,0.0,0,1,0.3,0.2
0.3,0,2179.0,0,0,0.2695348375532376,0,1,0.3,0.3
0.3,0,2180.0,0,0,,0,0,0.3,0.3
0.3,0,2181.0,0,1,,1,0,0.3,0.3
0.3,0,2182.0,0,1,,0,0,0.3,0.3
0.3,0,2183.0,0,1,,0,0,0.3,0.2
0.3,0,2184.0,0,0,0.0,0,1,0.3,0.3
0.3,0,2185.0,0,0,,0,0,0.3,0.3
0.3,0,2186.0,0,0,,0,0,0.3,0.3
0.3,0,2187.0,0,0,,0,0,0.1,0.3
0.3,0,2188.0,0,0,,0,0,0.1,0.2
0.3,0,2189.0,1,2,,2,0,0.3,0.1
0.3,0,2190.0,1,2,,0,0,0.3,0.1
0.3,0,2191.0,1,2,,0,0,0.2,0.1
0.3,0,2192.0,0,1,0.0,0,1,0.2,0.2
0.3,0,2193.0,0,0,3.2581095393597934,0,1,0.2,0.3
0.3,0,2194.0,0,0,,0,0,0.2,0.2
0.3,0,2195.0,0,0,,0,0,0.2,0.2
0.3,0,2196.0,0,0,,0,0,0.2,0.2
0.3,0,2197.0,0,0,,0,0,0.2,0.2
0.3,0,2198.0,0,0,,0,0,0.2,0.2
0.3,0,2199.0,0,0,0.0,1,1,0.1,0.3
0.3,0,2200.0,0,0,,0,0,0.1,0.3
0.3,0,2201.0,0,0,,0,0,0.1,0.3
0.3,0,2202.0,0,0,,0,0,0.1,0.2
0.3,0,2203.0,0,0,,0,0,0.1,0.1
0.3,0,2204.0,0,1,,1,0,0.2,0.1
0.3,0,2205.0,0,0,0.0,0,1,0.2,0.2
0.3,0,2206.0,0,0,,0,0,0.2,0.2
0.3,0,2207.0,0,0,,0,0,0.2,0.2
0.3,0,2208.0,0,0,,0,0,0.2,0.2
0.3,0,2209.0,0,0,,0,0,0.1,0.1
0.3,0,2210.0,0,0,,0,0,0.1,0.1
0.3,0,2211.0,0,0,,0,0,0.1,0.1
0.3,0,2212.0,0,0,,0,0,0.1,0.1
0.3,0,2213.0,0,0,0.0,1,1,0.2,0.2
0.3,0,2214.0,0,0,,0,0,0.1,0.2
0.3,0,2215.0,0,0,,0,0,0.1,0.1
0.3,0,2216.0,0,0,,0,0,0.1,0.1
0.3,0,2217.0,0,0,,0,0,0.1,0.1
0.3,0,2218.0,1,2,,2,0,0.3,0.1
0.3,0,2219.0,0,0,0.329340998387579,0,2,0.3,0.3
0.3,0,2220.0,0,0,,0,0,0.3,0.3
0.3,0,2221.0,0,0,,0,0,0.3,0.3
0.3,0,2222.0,0,0,,0,0,0.3,0.3
0.3,0,2223.0,0,0,,0,0,0.2,0.2
0.3,0,2224.0,0,0,,0,0,0.2,0.2
0.3,0,2225.0,0,1,,1,0,0.3,0.2
0.3,0,2226.0,0,1,,0,0,0.3,0.2
0.3,0,2227.0,0,1,,0,0,0.3,0.2
0.3,0,2228.0,0,0,0.0,0,1,0.1,0.3
0.3,0,2229.0,0,0,0.0,1,1,0.2,0.2
0.3,0,2230.0,0,0,,0,0,0.2,0.2
0.3,0,2231.0,0,1,,1,0,0.3,0.2
0.3,0,2232.0,0,1,,0,0,0.3,0.2
0.3,0,2233.0,0,0,0.0,0,1,0.3,0.3
0.3,0,2234.0,0,0,,0,0,0.3,0.3
0.3,0,2235.0,0,0,,0,0,0.2,0.3
0.3,0,2236.0,0,0,,0,0,0.2,0.3
0.3,0,2237.0,0,0,,0,0,0.2,0.3
0.3,0,2238.0,0,0,,0,0,0.2,0.2
0.3,0,2239.0,0,1,,1,0,0.2,0.1
0.3,0,2240.0,0,1,0.0,1,1,0.3,0.2
0.3,0,2241.0,0,1,0.0,1,1,0.3,0.3
0.3,0,2242.0,1,2,,1,0,0.4,0.3
0.3,0,2243.0,2,3,,1,0,0.5,0.2
0.3,0,2244.0,0,1,0.9962132351110995,0,2,0.5,0.4
0.3,0,2245.0,0,0,0.2361255335599708,1,2,0.6,0.6
0.3,0,2246.0,0,0,,0,0,0.6,0.6
0.3,0,2247.0,0,1,,1,0,0.7,0.6
0.3,0,2248.0,0,0,0.0,0,1,0.7,0.7
0.3,0,2249.0,0,0,,0,0,0.6,0.7
0.3,0,2250.0,0,0,,0,0,0.5,0.6
0.3,0,2251.0,0,1,,1,0,0.5,0.5
0.3,0,2252.0,0,0,0.0,0,1,0.4,0.6
0.3,0,2253.0,0,0,,0,0,0.3,0.6
0.3,0,2254.0,0,0,0.0,1,1,0.4,0.5
0.3,0,2255.0,0,0,,0,0,0.3,0.3
0.3,0,2256.0,0,0,,0,0,0.3,0.3
0.3,0,2257.0,0,0,,0,0,0.2,0.3
0.3,0,2258.0,0,0,,0,0,0.2,0.2
0.3,0,2259.0,0,1,,1,0,0.3,0.2
0.3,0,2260.0,0,1,0.0,1,1,0.4,0.3
0.3,0,2261.0,0,0,0.0,0,1,0.3,0.4
0.3,0,2262.0,0,0,,0,0,0.3,0.3
0.3,0,2263.0,0,0,,0,0,0.3,0.3
0.3,0,2264.0,0,0,,0,0,0.2,0.2
0.3,0,2265.0,0,1,,1,0,0.3,0.2
0.3,0,2266.0,0,0,0.0,0,1,0.3,0.3
0.3,0,2267.0,0,0,,0,0,0.3,0.3
0.3,0,2268.0,0,0,,0,0,0.3,0.3
0.3,0,2269.0,0,1,,1,0,0.3,0.3
0.3,0,2270.0,0,0,0.0,0,1,0.2,0.3
0.3,0,2271.0,0,0,,0,0,0.2,0.2
0.3,0,2272.0,0,1,,1,0,0.3,0.2
0.3,0,2273.0,1,2,,1,0,0.4,0.2
0.3,0,2274.0,1,2,,0,0,0.4,0.2
0.3,0,2275.0,0,0,0.9714560187228471,0,2,0.3,0.4
0.3,0,2276.0,0,0,,0,0,0.3,0.3
0.3,0,2277.0,0,0,,0,0,0.3,0.3
0.3,0,2278.0,0,0,,0,0,0.3,0.3
0.3,0,2279.0,0,0,,0,0,0.2,0.3
0.3,0,2280.0,0,0,,0,0,0.2,0.2
0.3,0,2281.0,0,0,0.0,1,1,0.3,0.3
0.3,0,2282.0,0,0,,0,0,0.2,0.3
0.3,0,2283.0,0,0,,0,0,0.1,0.3
0.3,0,2284.0,0,0,,0,0,0.1,0.3
0.3,0,2285.0,0,0,0.0,1,1,0.2,0.2
0.3,0,2286.0,0,0,,0,0,0.2,0.2
0.3,0,2287.0,0,0,,0,0,0.2,0.2
0.3,0,2288.0,0,0,,0,0,0.2,0.2
0.3,0,2289.0,0,0,,0,0,0.2,0.2
0.3,0,2290.0,0,0,,0,0,0.2,0.2
0.3,0,2291.0,0,0,,0,0,0.1,0.1
0.3,0,2292.0,0,0,,0,0,0.1,0.1
0.3,0,2293.0,0,1,,1,0,0.2,0.1
0.3,0,2294.0,0,0,0.0,0,1,0.2,0.2
0.3,0,2295.0,0,0,,0,0,0.1,0.1
0.3,0,2296.0,0,1,,1,0,0.2,0.1
0.3,0,2297.0,0,0,0.0,0,1,0.2,0.2
0.3,0,2298.0,0,1,,1,0,0.3,0.2
0.3,0,2299.0,0,0,0.0,0,1,0.3,0.3
0.3,0,2300.0,0,1,,1,0,0.4,0.3
0.3,0,2301.0,0,1,0.0,1,1,0.5,0.4
0.3,0,2302.0,0,1,,0,0,0.5,0.4
0.3,0,2303.0,0,1,,0,0,0.4,0.4
0.3,0,2304.0,0,0,0.0,0,1,0.4,0.4
0.3,0,2305.0,0,0,,0,0,0.4,0.4
0.3,0,2306.0,0,0,0.0,1,1,0.4,0.5
0.3,0,2307.0,0,0,,0,0,0.4,0.4
0.3,0,2308.0,0,1,0.0,2,1,0.5,0.5
0.3,0,2309.0,0,1,0.6130590478046543,1,1,0.6,0.5
0.3,0,2310.0,0,1,,0,0,0.5,0.5
0.3,0,2311.0,0,0,0.0,0,1,0.4,0.5
0.3,0,2312.0,0,0,0.0,1,1,0.5,0.6
0.3,0,2313.0,0,1,,1,0,0.6,0.6
0.3,0,2314.0,0,0,0.0,0,1,0.6,0.6
0.3,0,2315.0,0,0,,0,0,0.6,0.6
0.3,0,2316.0,0,0,,0,0,0.5,0.5
0.3,0,2317.0,0,0,,0,0,0.5,0.5
0.3,0,2318.0,0,0,,0,0,0.3,0.4
0.3,0,2319.0,0,0,,0,0,0.2,0.3
0.3,0,2320.0,0,0,0.0,1,1,0.3,0.4
0.3,0,2321.0,0,0,,0,0,0.3,0.3
0.3,0,2322.0,0,0,,0,0,0.2,0.2
0.3,0,2323.0,0,0,,0,0,0.1,0.2
0.3,0,2324.0,0,0,,0,0,0.1,0.1
0.3,0,2325.0,0,0,,0,0,0.1,0.1
0.3,0,2326.0,0,0,,0,0,0.1,0.1
0.3,0,2327.0,0,0,,0,0,0.1,0.1
0.3,0,2328.0,0,0,,0,0,0.1,0.1
0.3,0,2329.0,0,0,,0,0,0.1,0.1
0.3,0,2330.0,0,1,,1,0,0.1,0.0
0.3,0,2331.0,0,1,0.0,1,1,0.2,0.1
0.3,0,2332.0,0,0,0.0,0,1,0.2,0.2
0.3,0,2333.0,0,0,,0,0,0.2,0.2
0.3,0,2334.0,0,1,,1,0,0.3,0.2
0.3,0,2335.0,0,1,,0,0,0.3,0.2
0.3,0,2336.0,0,1,,0,0,0.3,0.2
0.3,0,2337.0,0,0,0.0,1,2,0.4,0.4
0.3,0,2338.0,0,0,,0,0,0.4,0.4
0.3,0,2339.0,0,0,,0,0,0.4,0.4
0.3,0,2340.0,0,1,,1,0,0.4,0.4
0.3,0,2341.0,0,0,0.0,0,1,0.3,0.4
0.3,0,2342.0,0,0,,0,0,0.3,0.3
0.3,0,2343.0,0,0,0.0,2,2,0.5,0.5
0.3,0,2344.0,0,0,,0,0,0.4,0.5
0.3,0,2345.0,0,0,,0,0,0.4,0.5
0.3,0,2346.0,0,0,,0,0,0.4,0.5
0.3,0,2347.0,0,0,,0,0,0.3,0.3
0.3,0,2348.0,0,0,,0,0,0.3,0.3
0.3,0,2349.0,0,0,,0,0,0.3,0.3
0.3,0,2350.0,0,0,,0,0,0.2,0.3
0.3,0,2351.0,0,0,,0,0,0.2,0.2
0.3,0,2352.0,0,1,,1,0,0.3,0.2
0.3,0,2353.0,0,0,0.0,0,1,0.1,0.1
0.3,0,2354.0,0,1,,1,0,0.2,0.1
0.3,0,2355.0,0,0,0.0,0,1,0.2,0.2
0.3,0,2356.0,0,0,,0,0,0.2,0.2
0.3,0,2357.0,0,0,,0,0,0.2,0.2
0.3,0,2358.0,0,0,,0,0,0.2,0.2
0.3,0,2359.0,0,0,,0,0,0.2,0.2
0.3,0,2360.0,0,0,,0,0,0.2,0.2
0.3,0,2361.0,0,0,,0,0,0.2,0.2
0.3,0,2362.0,0,0,,0,0,0.1,0.2
0.3,0,2363.0,0,0,,0,0,0.1,0.1
0.3,0,2364.0,0,0,,0,0,0.0,0.1
0.3,0,2365.0,0,0,,0,0,0.0,0.0
0.3,0,2366.0,0,0,,0,0,0.0,0.0
0.3,0,2367.0,0,0,,0,0,0.0,0.0
0.3,0,2368.0,0,0,,0,0,0.0,0.0
0.3,0,2369.0,0,0,,0,0,0.0,0.0
0.3,0,2370.0,0,0,,0,0,0.0,0.0
0.3,0,2371.0,0,0,,0,0,0.0,0.0
0.3,0,2372.0,0,0,,0,0,0.0,0.0
0.3,0,2373.0,0,1,,1,0,0.1,0.0
0.3,0,2374.0,0,0,0.0,0,1,0.1,0.1
0.3,0,2375.0,0,0,0.0,1,1,0.2,0.2
0.3,0,2376.0,0,0,,0,0,0.2,0.2
0.3,0,2377.0,0,0,,0,0,0.2,0.2
0.3,0,2378.0,0,1,,1,0,0.3,0.2
0.3,0,2379.0,0,1,0.0,1,1,0.4,0.3
0.3,0,2380.0,0,0,0.25472009236318627,1,2,0.5,0.5
0.3,0,2381.0,0,0,,0,0,0.5,0.5
0.3,0,2382.0,0,1,,1,0,0.6,0.5
0.3,0,2383.0,0,1,,0,0,0.5,0.5
0.3,0,2384.0,0,0,0.0,0,1,0.5,0.5
0.3,0,2385.0,0,0,,0,0,0.4,0.4
0.3,0,2386.0,0,0,,0,0,0.4,0.4
0.3,0,2387.0,0,0,,0,0,0.4,0.4
0.3,0,2388.0,0,0,,0,0,0.3,0.4
0.3,0,2389.0,0,0,,0,0,0.2,0.3
0.3,0,2390.0,0,0,,0,0,0.1,0.1
0.3,0,2391.0,0,0,,0,0,0.1,0.1
0.3,0,2392.0,0,0,,0,0,0.0,0.1
0.3,0,2393.0,0,0,,0,0,0.0,0.1
0.3,0,2394.0,0,1,,1,0,0.1,0.0
0.3,0,2395.0,0,1,,0,0,0.1,0.0
0.3,0,2396.0,0,1,,0,0,0.1,0.0
0.3,0,2397.0,0,1,,0,0,0.1,0.0
0.3,0,2398.0,0,0,0.0,0,1,0.1,0.1
0.3,0,2399.0,0,0,,0,0,0.1,0.1
0.3,0,2400.0,0,0,,0,0,0.1,0.1
0.3,0,2401.0,0,0,,0,0,0.1,0.1
0.3,0,2402.0,0,1,,1,0,0.2,0.1
0.3,0,2403.0,0,0,0.0,0,1,0.2,0.2
0.3,0,2404.0,0,0,,0,0,0.1,0.2
0.3,0,2405.0,0,1,,1,0,0.2,0.2
0.3,0,2406.0,1,2,,1,0,0.3,0.2
0.3,0,2407.0,0,0,0.0744446134831378,1,3,0.4,0.5
0.3,0,2408.0,0,0,0.0,1,1,0.5,0.5
0.3,0,2409.0,0,0,,0,0,0.5,0.5
0.3,0,2410.0,0,1,,1,0,0.6,0.5
0.3,0,2411.0,0,1,0.0,1,1,0.7,0.6
0.3,0,2412.0,0,0,0.12324246366870284,1,2,0.7,0.8
0.3,0,2413.0,0,1,,1,0,0.8,0.7
0.3,0,2414.0,0,1,,0,0,0.8,0.7
0.3,0,2415.0,0,0,0.0,0,1,0.7,0.8
0.3,0,2416.0,0,1,,1,0,0.7,0.8
0.3,0,2417.0,0,0,0.0,0,1,0.6,0.6
0.3,0,2418.0,0,0,,0,0,0.5,0.5
0.3,0,2419.0,0,1,,1,0,0.6,0.5
0.3,0,2420.0,1,2,,1,0,0.6,0.5
0.3,0,2421.0,0,0,0.5003541237344962,0,2,0.5,0.6
0.3,0,2422.0,0,1,,1,0,0.5,0.4
0.3,0,2423.0,0,0,0.0,0,1,0.4,0.5
0.3,0,2424.0,0,0,,0,0,0.4,0.5
0.3,0,2425.0,0,0,,0,0,0.4,0.4
0.3,0,2426.0,0,0,,0,0,0.3,0.4
0.3,0,2427.0,0,0,,0,0,0.3,0.3
0.3,0,2428.0,0,1,,1,0,0.4,0.3
0.3,0,2429.0,0,1,,0,0,0.3,0.3
0.3,0,2430.0,0,1,,0,0,0.2,0.3
0.3,0,2431.0,0,0,0.0,1,2,0.3,0.3
0.3,0,2432.0,0,1,0.0,2,1,0.4,0.4
0.3,0,2433.0,0,0,0.0,0,1,0.4,0.4
0.3,0,2434.0,0,0,,0,0,0.4,0.4
0.3,0,2435.0,0,0,,0,0,0.4,0.4
0.3,0,2436.0,0,1,,1,0,0.5,0.4
0.3,0,2437.0,0,0,0.0,0,1,0.5,0.5
0.3,0,2438.0,0,1,,1,0,0.5,0.5
0.3,0,2439.0,0,0,0.0,0,1,0.5,0.6
0.3,0,2440.0,0,0,,0,0,0.5,0.6
0.3,0,2441.0,0,0,,0,0,0.4,0.4
0.3,0,2442.0,0,0,,0,0,0.2,0.3
0.3,0,2443.0,0,0,,0,0,0.2,0.2
0.3,0,2444.0,0,0,,0,0,0.2,0.2
0.3,0,2445.0,0,0,,0,0,0.2,0.2
0.3,0,2446.0,0,0,,0,0,0.1,0.2
0.3,0,2447.0,0,0,,0,0,0.1,0.1
0.3,0,2448.0,0,0,,0,0,0.0,0.1
0.3,0,2449.0,0,1,,1,0,0.1,0.0
0.3,0,2450.0,0,0,0.0,0,1,0.1,0.1
0.3,0,2451.0,0,0,,0,0,0.1,0.1
0.3,0,2452.0,0,0,0.0,1,1,0.2,0.2
0.3,0,2453.0,0,0,,0,0,0.2,0.2
0.3,0,2454.0,0,0,0.0,1,1,0.3,0.3
0.3,0,2455.0,0,1,,1,0,0.4,0.3
0.3,0,2456.0,1,2,,1,0,0.5,0.3
0.3,0,2457.0,0,0,0.22836902227277278,0,2,0.5,0.5
0.3,0,2458.0,0,1,,1,0,0.6,0.5
0.3,0,2459.0,0,0,0.0,0,1,0.5,0.6
0.3,0,2460.0,0,0,,0,0,0.5,0.5
0.3,0,2461.0,0,1,,1,0,0.6,0.5
0.3,0,2462.0,0,1,0.0,1,1,0.6,0.5
0.3,0,2463.0,0,0,0.0,0,1,0.6,0.6
0.3,0,2464.0,0,0,,0,0,0.5,0.5
0.3,0,2465.0,0,0,,0,0,0.4,0.5
0.3,0,2466.0,0,1,,1,0,0.4,0.5
0.3,0,2467.0,0,0,0.0,0,1,0.4,0.4
0.3,0,2468.0,0,0,,0,0,0.3,0.4
0.3,0,2469.0,0,1,,1,0,0.4,0.3
0.3,0,2470.0,0,1,0.0,1,1,0.5,0.4
0.3,0,2471.0,0,0,0.026484168566184962,0,1,0.4,0.5
0.3,0,2472.0,0,1,,1,0,0.4,0.4
0.3,0,2473.0,0,1,,0,0,0.4,0.3
0.3,0,2474.0,0,0,0.0,0,1,0.4,0.4
0.3,0,2475.0,0,0,,0,0,0.4,0.4
0.3,0,2476.0,0,0,,0,0,0.3,0.4
0.3,0,2477.0,0,0,,0,0,0.3,0.3
0.3,0,2478.0,0,0,,0,0,0.3,0.3
0.3,0,2479.0,0,0,,0,0,0.2,0.3
0.3,0,2480.0,0,0,,0,0,0.1,0.2
0.3,0,2481.0,0,0,,0,0,0.1,0.1
0.3,0,2482.0,0,0,0.0,1,1,0.1,0.2
0.3,0,2483.0,0,0,,0,0,0.1,0.2
0.3,0,2484.0,0,0,,0,0,0.1,0.1
0.3,0,2485.0,0,0,,0,0,0.1,0.1
0.3,0,2486.0,0,0,,0,0,0.1,0.1
0.3,0,2487.0,0,0,,0,0,0.1,0.1
0.3,0,2488.0,0,0,,0,0,0.1,0.1
0.3,0,2489.0,0,0,,0,0,0.1,0.1
0.3,0,2490.0,0,0,,0,0,0.1,0.1
0.3,0,2491.0,1,2,,2,0,0.3,0.1
0.3,0,2492.0,0,0,0.02571112469331638,0,2,0.2,0.2
0.3,0,2493.0,0,1,,1,0,0.3,0.2
0.3,0,2494.0,0,1,0.0,1,1,0.4,0.3
0.3,0,2495.0,2,3,,2,0,0.6,0.3
0.3,0,2496.0,0,1,0.531491568158799,0,2,0.6,0.5
0.3,0,2497.0,0,0,1.0792665923186178,0,1,0.6,0.6
0.3,0,2498.0,0,0,,0,0,0.6,0.6
0.3,0,2499.0,0,1,,1,0,0.7,0.6
0.3,0,2500.0,0,1,,0,0,0.7,0.6
0.3,0,2501.0,0,0,0.0,0,1,0.5,0.7
0.3,0,2502.0,0,0,,0,0,0.5,0.5
0.3,0,2503.0,0,0,,0,0,0.4,0.5
0.3,0,2504.0,0,0,,0,0,0.3,0.4
0.3,0,2505.0,0,0,0.0,1,1,0.2,0.5
0.3,0,2506.0,0,0,,0,0,0.2,0.3
0.3,0,2507.0,0,0,,0,0,0.2,0.2
0.3,0,2508.0,0,0,,0,0,0.2,0.2
0.3,0,2509.0,0,0,,0,0,0.1,0.2
0.3,0,2510.0,0,0,,0,0,0.1,0.2
0.3,0,2511.0,0,0,,0,0,0.1,0.1
0.3,0,2512.0,0,0,,0,0,0.1,0.1
0.3,0,2513.0,0,0,,0,0,0.1,0.1
0.3,0,2514.0,0,0,,0,0,0.1,0.1
0.3,0,2515.0,0,0,,0,0,0.0,0.0
0.3,0,2516.0,0,0,,0,0,0.0,0.0
0.3,0,2517.0,0,0,0.0,1,1,0.1,0.1
0.3,0,2518.0,0,0,,0,0,0.1,0.1
0.3,0,2519.0,0,0,,0,0,0.1,0.1
0.3,0,2520.0,0,0,,0,0,0.1,0.1
0.3,0,2521.0,0,1,,1,0,0.2,0.1
0.3,0,2522.0,0,0,0.0,0,1,0.2,0.2
0.3,0,2523.0,0,0,,0,0,0.2,0.2
0.3,0,2524.0,0,0,,0,0,0.2,0.2
0.3,0,2525.0,0,0,,0,0,0.2,0.2
0.3,0,2526.0,0,1,,1,0,0.3,0.2
0.3,0,2527.0,0,0,0.0,0,1,0.2,0.2
0.3,0,2528.0,0,0,,0,0,0.2,0.2
0.3,0,2529.0,0,0,,0,0,0.2,0.2
0.3,0,2530.0,0,0,,0,0,0.2,0.2
0.3,0,2531.0,0,0,,0,0,0.1,0.2
0.3,0,2532.0,0,1,,1,0,0.2,0.1
0.3,0,2533.0,0,0,0.0,1,2,0.3,0.3
0.3,0,2534.0,0,0,,0,0,0.3,0.3
0.3,0,2535.0,0,0,,0,0,0.3,0.3
0.3,0,2536.0,0,0,,0,0,0.2,0.3
0.3,0,2537.0,0,0,,0,0,0.2,0.2
0.3,0,2538.0,0,0,,0,0,0.2,0.2
0.3,0,2539.0,0,0,,0,0,0.2,0.2
0.3,0,2540.0,0,0,,0,0,0.2,0.2
0.3,0,2541.0,0,0,,0,0,0.2,0.2
0.3,0,2542.0,0,0,,0,0,0.1,0.2
0.3,0,2543.0,0,0,,0,0,0.0,0.0
0.3,0,2544.0,0,0,,0,0,0.0,0.0
0.3,0,2545.0,0,0,,0,0,0.0,0.0
0.3,0,2546.0,0,0,,0,0,0.0,0.0
0.3,0,2547.0,0,1,,1,0,0.1,0.0
0.3,0,2548.0,0,1,,0,0,0.1,0.0
0.3,0,2549.0,1,2,,1,0,0.2,0.0
0.3,0,2550.0,0,0,0.4427210141332125,0,2,0.2,0.2
0.3,0,2551.0,0,0,,0,0,0.2,0.2
0.3,0,2552.0,0,0,,0,0,0.2,0.2
0.3,0,2553.0,0,0,,0,0,0.2,0.2
0.3,0,2554.0,0,0,,0,0,0.2,0.2
0.3,0,2555.0,0,0,,0,0,0.2,0.2
0.3,0,2556.0,0,0,,0,0,0.2,0.2
0.3,0,2557.0,0,0,,0,0,0.1,0.2
0.3,0,2558.0,0,1,,1,0,0.2,0.2
0.3,0,2559.0,0,0,0.0,0,1,0.1,0.3
0.3,0,2560.0,0,0,,0,0,0.1,0.1
0.3,0,2561.0,0,0,,0,0,0.1,0.1
0.3,0,2562.0,0,1,,1,0,0.2,0.1
0.3,0,2563.0,1,2,,1,0,0.3,0.1
0.3,0,2564.0,0,0,0.29473846789051095,0,2,0.3,0.3
0.3,0,2565.0,0,0,,0,0,0.3,0.3
0.3,0,2566.0,0,0,,0,0,0.3,0.3
0.3,0,2567.0,0,0,,0,0,0.3,0.3
0.3,0,2568.0,0,1,,1,0,0.3,0.3
0.3,0,2569.0,0,1,0.0,1,1,0.4,0.3
0.3,0,2570.0,0,0,0.20727550647097814,1,2,0.5,0.5
0.3,0,2571.0,0,0,,0,0,0.5,0.5
0.3,0,2572.0,0,0,,0,0,0.4,0.5
0.3,0,2573.0,0,0,,0,0,0.3,0.5
0.3,0,2574.0,0,0,0.0,1,1,0.4,0.4
0.3,0,2575.0,0,0,,0,0,0.4,0.4
0.3,0,2576.0,0,0,,0,0,0.4,0.4
0.3,0,2577.0,1,2,0.0,3,1,0.7,0.5
0.3,0,2578.0,1,2,,0,0,0.6,0.5
0.3,0,2579.0,0,1,0.03178227357329888,0,1,0.5,0.5
0.3,0,2580.0,0,0,1.6073711340072805,0,1,0.4,0.4
0.3,0,2581.0,0,1,,1,0,0.5,0.4
0.3,0,2582.0,0,1,0.0,1,1,0.6,0.5
0.3,0,2583.0,0,0,0.0,0,1,0.6,0.6
0.3,0,2584.0,0,1,,1,0,0.6,0.5
0.3,0,2585.0,0,0,0.0,0,1,0.6,0.6
0.3,0,2586.0,0,0,,0,0,0.6,0.6
0.3,0,2587.0,0,0,,0,0,0.3,0.5
0.3,0,2588.0,0,1,,1,0,0.4,0.5
0.3,0,2589.0,0,0,0.0,0,1,0.4,0.5
0.3,0,2590.0,0,0,,0,0,0.4,0.4
0.3,0,2591.0,0,0,,0,0,0.3,0.4
0.3,0,2592.0,0,0,,0,0,0.2,0.3
0.3,0,2593.0,0,0,,0,0,0.2,0.2
0.3,0,2594.0,0,0,,0,0,0.1,0.2
0.3,0,2595.0,0,0,,0,0,0.1,0.1
0.3,0,2596.0,0,0,,0,0,0.1,0.1
0.3,0,2597.0,0,0,,0,0,0.1,0.1
0.3,0,2598.0,0,0,,0,0,0.0,0.1
0.3,0,2599.0,0,1,,1,0,0.1,0.0
0.3,0,2600.0,0,1,0.0,1,1,0.2,0.1
0.3,0,2601.0,0,0,0.10104308513882643,0,1,0.2,0.2
0.3,0,2602.0,0,0,,0,0,0.2,0.2
0.3,0,2603.0,0,0,,0,0,0.2,0.2
0.3,0,2604.0,0,0,,0,0,0.2,0.2
0.3,0,2605.0,0,0,,0,0,0.2,0.2
0.3,0,2606.0,0,0,,0,0,0.2,0.2
0.3,0,2607.0,0,1,,1,0,0.3,0.2
0.3,0,2608.0,0,1,,0,0,0.3,0.2
0.3,0,2609.0,0,0,0.0,0,1,0.2,0.3
0.3,0,2610.0,0,0,,0,0,0.1,0.2
0.3,0,2611.0,0,0,0.0,1,1,0.2,0.2
0.3,0,2612.0,0,0,,0,0,0.2,0.2
0.3,0,2613.0,0,0,,0,0,0.2,0.2
0.3,0,2614.0,0,0,,0,0,0.2,0.2
0.3,0,2615.0,0,0,,0,0,0.2,0.2
0.3,0,2616.0,0,0,,0,0,0.2,0.2
0.3,0,2617.0,0,0,,0,0,0.1,0.2
0.3,0,2618.0,0,0,,0,0,0.1,0.2
0.3,0,2619.0,0,0,0.0,1,1,0.2,0.2
0.3,0,2620.0,0,1,,1,0,0.3,0.2
0.3,0,2621.0,0,1,,0,0,0.2,0.1
0.3,0,2622.0,0,0,0.0,0,1,0.2,0.2
0.3,0,2623.0,0,1,,1,0,0.3,0.2
0.3,0,2624.0,0,1,,0,0,0.3,0.2
0.3,0,2625.0,0,1,0.0,2,2,0.5,0.4
0.3,0,2626.0,1,2,,1,0,0.6,0.4
0.3,0,2627.0,1,2,,0,0,0.6,0.4
0.3,0,2628.0,1,2,,0,0,0.6,0.4
0.3,0,2629.0,1,2,,0,0,0.5,0.3
0.3,0,2630.0,0,0,2.1350485865314113,0,2,0.4,0.5
0.3,0,2631.0,0,0,,0,0,0.4,0.5
0.3,0,2632.0,0,1,,1,0,0.5,0.4
0.3,0,2633.0,0,0,0.0,0,1,0.4,0.5
0.3,0,2634.0,0,0,,0,0,0.4,0.5
0.3,0,2635.0,0,0,,0,0,0.2,0.3
0.3,0,2636.0,0,0,,0,0,0.1,0.3
0.3,0,2637.0,0,1,,1,0,0.2,0.3
0.3,0,2638.0,0,1,,0,0,0.2,0.3
0.3,0,2639.0,0,0,0.0,0,1,0.2,0.4
0.3,0,2640.0,0,0,,0,0,0.2,0.2
0.3,0,2641.0,0,0,,0,0,0.2,0.2
0.3,0,2642.0,0,0,,0,0,0.1,0.2
0.3,0,2643.0,0,0,,0,0,0.1,0.1
0.3,0,2644.0,0,0,,0,0,0.1,0.1
0.3,0,2645.0,0,0,,0,0,0.1,0.1
0.3,0,2646.0,0,0,,0,0,0.1,0.1
0.3,0,2647.0,0,0,,0,0,0.0,0.1
0.3,0,2648.0,0,1,0.0,2,1,0.2,0.2
0.3,0,2649.0,0,1,,0,0,0.2,0.1
0.3,0,2650.0,0,1,0.0,1,1,0.3,0.2
0.3,0,2651.0,0,0,0.230646943798547,0,1,0.3,0.3
0.3,0,2652.0,0,0,,0,0,0.3,0.3
0.3,0,2653.0,0,1,,1,0,0.4,0.3
0.3,0,2654.0,0,1,,0,0,0.4,0.3
0.3,0,2655.0,0,1,,0,0,0.4,0.3
0.3,0,2656.0,1,2,,1,0,0.5,0.3
0.3,0,2657.0,2,3,0.0,2,1,0.7,0.4
0.3,0,2658.0,1,2,1.549290838106117,0,1,0.5,0.4
0.3,0,2659.0,1,2,,0,0,0.5,0.4
0.3,0,2660.0,0,1,1.3101766169907023,0,1,0.4,0.4
0.3,0,2661.0,1,2,,1,0,0.5,0.3
0.3,0,2662.0,0,0,2.2909133231789838,0,2,0.5,0.5
0.3,0,2663.0,0,1,,1,0,0.5,0.5
0.3,0,2664.0,1,2,,1,0,0.6,0.5
0.3,0,2665.0,0,0,0.06695568606915003,0,2,0.6,0.7
0.3,0,2666.0,0,0,,0,0,0.5,0.7
0.3,0,2667.0,0,0,,0,0,0.3,0.6
0.3,0,2668.0,0,0,,0,0,0.3,0.5
0.3,0,2669.0,0,0,,0,0,0.3,0.5
0.3,0,2670.0,0,0,,0,0,0.3,0.4
0.3,0,2671.0,0,0,,0,0,0.2,0.4
0.3,0,2672.0,0,0,,0,0,0.2,0.2
0.3,0,2673.0,0,0,,0,0,0.1,0.2
0.3,0,2674.0,0,0,,0,0,0.0,0.2
0.3,0,2675.0,0,1,,1,0,0.1,0.0
0.3,0,2676.0,0,1,,0,0,0.1,0.0
0.3,0,2677.0,0,0,0.0,0,1,0.1,0.1
0.3,0,2678.0,0,0,,0,0,0.1,0.1
0.3,0,2679.0,0,1,,1,0,0.2,0.1
0.3,0,2680.0,1,2,0.0,2,1,0.4,0.2
0.3,0,2681.0,2,3,,1,0,0.5,0.2
0.3,0,2682.0,1,2,0.6091865616683663,1,2,0.6,0.4
0.3,0,2683.0,0,1,0.696724371352957,0,1,0.6,0.5
0.3,0,2684.0,0,0,1.0392548837935465,0,1,0.6,0.6
0.3,0,2685.0,0,0,,0,0,0.5,0.6
0.3,0,2686.0,0,0,,0,0,0.5,0.6
0.3,0,2687.0,0,0,,0,0,0.5,0.5
0.3,0,2688.0,0,0,,0,0,0.5,0.5
0.3,0,2689.0,0,1,,1,0,0.5,0.5
0.3,0,2690.0,0,1,,0,0,0.3,0.4
0.3,0,2691.0,0,1,0.13617275963110842,2,2,0.4,0.6
0.3,0,2692.0,0,1,,0,0,0.3,0.4
0.3,0,2693.0,0,0,0.10929722993887481,0,1,0.3,0.4
0.3,0,2694.0,0,0,,0,0,0.3,0.3
0.3,0,2695.0,0,0,0.0,1,1,0.4,0.4
0.3,0,2696.0,0,0,,0,0,0.4,0.4
0.3,0,2697.0,0,0,,0,0,0.4,0.4
0.3,0,2698.0,0,1,,1,0,0.5,0.4
0.3,0,2699.0,2,3,,2,0,0.6,0.4
0.3,0,2700.0,2,3,0.0,1,1,0.7,0.5
0.3,0,2701.0,2,3,1.1722040213376204,1,1,0.6,0.4
0.3,0,2702.0,1,2,2.0110651024656363,0,1,0.6,0.5
0.3,0,2703.0,0,1,2.4808762138331986,0,1,0.6,0.5
0.3,0,2704.0,0,0,1.7133939542204644,0,1,0.6,0.6
0.3,0,2705.0,0,0,,0,0,0.5,0.5
0.3,0,2706.0,0,1,,1,0,0.6,0.5
0.3,0,2707.0,1,2,0.0,2,1,0.8,0.6
0.3,0,2708.0,1,2,,0,0,0.7,0.6
0.3,0,2709.0,0,1,0.0,0,1,0.5,0.7
0.3,0,2710.0,0,0,1.8451487924548928,0,1,0.4,0.7
0.3,0,2711.0,0,0,,0,0,0.3,0.6
0.3,0,2712.0,0,0,0.0,1,1,0.4,0.6
0.3,0,2713.0,0,1,,1,0,0.5,0.5
0.3,0,2714.0,0,1,,0,0,0.5,0.4
0.3,0,2715.0,0,0,0.0,0,1,0.5,0.5
0.3,0,2716.0,0,0,,0,0,0.4,0.5
0.3,0,2717.0,0,0,,0,0,0.2,0.4
0.3,0,2718.0,0,0,,0,0,0.2,0.4
0.3,0,2719.0,0,0,,0,0,0.2,0.3
0.3,0,2720.0,0,0,,0,0,0.2,0.2
0.3,0,2721.0,0,0,,0,0,0.2,0.2
0.3,0,2722.0,0,0,,0,0,0.1,0.1
0.3,0,2723.0,0,0,,0,0,0.0,0.1
0.3,0,2724.0,0,0,,0,0,0.0,0.1
0.3,0,2725.0,0,0,,0,0,0.0,0.0
0.3,0,2726.0,0,0,,0,0,0.0,0.0
0.3,0,2727.0,0,1,0.0,2,1,0.2,0.1
0.3,0,2728.0,0,0,0.0,0,1,0.2,0.2
0.3,0,2729.0,0,0,0.0,1,1,0.3,0.3
0.3,0,2730.0,0,0,,0,0,0.3,0.3
0.3,0,2731.0,0,1,,1,0,0.4,0.3
0.3,0,2732.0,0,0,0.0,0,1,0.4,0.4
0.3,0,2733.0,0,0,,0,0,0.4,0.4
0.3,0,2734.0,0,1,,1,0,0.5,0.4
0.3,0,2735.0,0,0,0.0,0,1,0.5,0.5
0.3,0,2736.0,0,0,,0,0,0.5,0.5
0.3,0,2737.0,0,0,,0,0,0.3,0.4
0.3,0,2738.0,0,0,,0,0,0.3,0.3
0.3,0,2739.0,0,0,,0,0,0.2,0.2
0.3,0,2740.0,0,0,,0,0,0.2,0.2
0.3,0,2741.0,0,1,,1,0,0.2,0.2
0.3,0,2742.0,0,0,0.0,0,1,0.2,0.2
0.3,0,2743.0,0,1,0.0,2,1,0.4,0.3
0.3,0,2744.0,0,0,0.0,1,2,0.4,0.5
0.3,0,2745.0,0,0,,0,0,0.4,0.4
0.3,0,2746.0,0,0,,0,0,0.4,0.4
0.3,0,2747.0,0,0,,0,0,0.4,0.4
0.3,0,2748.0,0,0,0.025835688529923573,2,2,0.6,0.6
0.3,0,2749.0,0,0,,0,0,0.6,0.6
0.3,0,2750.0,0,0,,0,0,0.6,0.6
0.3,0,2751.0,0,1,,1,0,0.6,0.6
0.3,0,2752.0,0,1,,0,0,0.6,0.5
0.3,0,2753.0,0,1,0.0,1,1,0.5,0.5
0.3,0,2754.0,0,1,,0,0,0.4,0.3
0.3,0,2755.0,0,0,0.0,0,1,0.4,0.4
0.3,0,2756.0,0,0,,0,0,0.4,0.4
0.3,0,2757.0,0,0,,0,0,0.4,0.4
0.3,0,2758.0,0,0,,0,0,0.2,0.2
0.3,0,2759.0,0,0,,0,0,0.2,0.2
0.3,0,2760.0,0,1,0.0,2,1,0.4,0.3
0.3,0,2761.0,0,0,0.0,0,1,0.3,0.4
0.3,0,2762.0,0,0,,0,0,0.3,0.4
0.3,0,2763.0,0,0,,0,0,0.2,0.3
0.3,0,2764.0,0,0,,0,0,0.2,0.3
0.3,0,2765.0,0,0,,0,0,0.2,0.2
0.3,0,2766.0,0,0,,0,0,0.2,0.2
0.3,0,2767.0,0,0,,0,0,0.2,0.2
0.3,0,2768.0,0,0,,0,0,0.2,0.2
0.3,0,2769.0,0,0,,0,0,0.2,0.2
0.3,0,2770.0,0,0,,0,0,0.0,0.1
0.3,0,2771.0,0,0,,0,0,0.0,0.0
0.3,0,2772.0,0,0,,0,0,0.0,0.0
0.3,0,2773.0,0,1,,1,0,0.1,0.0
0.3,0,2774.0,0,1,,0,0,0.1,0.0
0.3,0,2775.0,0,0,0.0,0,1,0.1,0.1
0.3,0,2776.0,0,0,,0,0,0.1,0.1
0.3,0,2777.0,0,0,,0,0,0.1,0.1
0.3,0,2778.0,0,0,,0,0,0.1,0.1
0.3,0,2779.0,0,0,,0,0,0.1,0.1
0.3,0,2780.0,0,1,,1,0,0.2,0.1
0.3,0,2781.0,0,0,0.0,0,1,0.2,0.2
0.3,0,2782.0,0,0,,0,0,0.2,0.2
0.3,0,2783.0,0,0,,0,0,0.1,0.2
0.3,0,2784.0,0,0,0.0,1,1,0.2,0.3
0.3,0,2785.0,0,0,,0,0,0.2,0.2
0.3,0,2786.0,0,0,,0,0,0.2,0.2
0.3,0,2787.0,0,0,,0,0,0.2,0.2
0.3,0,2788.0,0,0,0.0,1,1,0.3,0.3
0.3,0,2789.0,0,0,,0,0,0.3,0.3
0.3,0,2790.0,0,0,,0,0,0.2,0.3
0.3,0,2791.0,0,0,0.0,1,1,0.3,0.3
0.3,0,2792.0,0,1,,1,0,0.4,0.3
0.3,0,2793.0,1,2,,1,0,0.5,0.3
0.3,0,2794.0,0,0,0.23161241084426365,0,2,0.4,0.4
0.3,0,2795.0,0,0,,0,0,0.4,0.4
0.3,0,2796.0,0,0,,0,0,0.4,0.4
0.3,0,2797.0,0,1,,1,0,0.5,0.4
0.3,0,2798.0,0,0,0.0,0,1,0.4,0.4
0.3,0,2799.0,0,0,,0,0,0.4,0.4
0.3,0,2800.0,0,0,,0,0,0.4,0.4
0.3,0,2801.0,0,0,,0,0,0.3,0.3
0.3,0,2802.0,0,0,0.0,1,1,0.3,0.4
0.3,0,2803.0,0,0,,0,0,0.2,0.4
0.3,0,2804.0,0,0,,0,0,0.2,0.2
0.3,0,2805.0,0,0,,0,0,0.2,0.2
0.3,0,2806.0,0,1,,1,0,0.3,0.2
0.3,0,2807.0,0,1,,0,0,0.2,0.2
0.3,0,2808.0,0,0,0.0,0,1,0.2,0.2
0.3,0,2809.0,0,0,,0,0,0.2,0.2
0.3,0,2810.0,0,0,,0,0,0.2,0.2
0.3,0,2811.0,0,0,,0,0,0.2,0.2
0.3,0,2812.0,0,0,,0,0,0.1,0.1
0.3,0,2813.0,0,0,,0,0,0.1,0.1
0.3,0,2814.0,0,0,,0,0,0.1,0.1
0.3,0,2815.0,0,0,,0,0,0.1,0.1
0.3,0,2816.0,0,1,,1,0,0.1,0.1
0.3,0,2817.0,0,1,,0,0,0.1,0.1
0.3,0,2818.0,0,1,,0,0,0.1,0.0
0.3,0,2819.0,0,0,0.0,0,1,0.1,0.1
0.3,0,2820.0,0,0,,0,0,0.1,0.1
0.3,0,2821.0,0,0,,0,0,0.1,0.1
0.3,0,2822.0,2,3,,3,0,0.4,0.1
0.3,0,2823.0,0,1,0.07891001791449526,0,2,0.4,0.3
0.3,0,2824.0,1,2,,1,0,0.5,0.3
0.3,0,2825.0,0,1,0.3080697184254859,0,1,0.5,0.4
0.3,0,2826.0,0,1,,0,0,0.4,0.4
0.3,0,2827.0,1,2,,1,0,0.5,0.4
0.3,0,2828.0,1,2,,0,0,0.5,0.4
0.3,0,2829.0,1,2,,0,0,0.5,0.3
0.3,0,2830.0,1,2,,0,0,0.5,0.3
0.3,0,2831.0,0,1,2.628636866905481,1,2,0.6,0.5
0.3,0,2832.0,0,1,,0,0,0.3,0.5
0.3,0,2833.0,0,0,0.0,0,1,0.3,0.4
0.3,0,2834.0,0,0,,0,0,0.2,0.4
0.3,0,2835.0,0,0,,0,0,0.2,0.3
0.3,0,2836.0,0,1,0.0,2,1,0.4,0.4
0.3,0,2837.0,0,1,,0,0,0.3,0.4
0.3,0,2838.0,0,0,0.0,0,1,0.3,0.5
0.3,0,2839.0,0,0,,0,0,0.3,0.5
0.3,0,2840.0,0,0,,0,0,0.3,0.5
0.3,0,2841.0,0,0,,0,0,0.2,0.3
0.3,0,2842.0,0,0,,0,0,0.2,0.3
0.3,0,2843.0,0,1,,1,0,0.3,0.2
0.3,0,2844.0,0,0,0.0,0,1,0.3,0.3
0.3,0,2845.0,0,0,,0,0,0.3,0.3
0.3,0,2846.0,0,0,0.0,1,1,0.2,0.3
0.3,0,2847.0,0,0,,0,0,0.2,0.3
0.3,0,2848.0,0,0,,0,0,0.2,0.2
0.3,0,2849.0,0,0,,0,0,0.2,0.2
0.3,0,2850.0,0,0,,0,0,0.2,0.2
0.3,0,2851.0,0,0,,0,0,0.2,0.2
0.3,0,2852.0,0,0,,0,0,0.2,0.2
0.3,0,2853.0,0,1,,1,0,0.2,0.2
0.3,0,2854.0,0,0,0.0,0,1,0.2,0.2
0.3,0,2855.0,0,1,,1,0,0.3,0.2
0.3,0,2856.0,0,0,0.03263701651985684,1,2,0.3,0.3
0.3,0,2857.0,0,0,,0,0,0.3,0.3
0.3,0,2858.0,0,1,,1,0,0.4,0.3
0.3,0,2859.0,0,1,0.0,1,1,0.5,0.4
0.3,0,2860.0,0,1,0.0,1,1,0.6,0.5
0.3,0,2861.0,0,0,0.0,0,1,0.6,0.6
0.3,0,2862.0,0,0,,0,0,0.6,0.6
0.3,0,2863.0,0,0,,0,0,0.5,0.6
0.3,0,2864.0,0,1,,1,0,0.6,0.5
0.3,0,2865.0,0,1,,0,0,0.5,0.5
0.3,0,2866.0,0,0,0.0,0,1,0.4,0.4
0.3,0,2867.0,0,0,,0,0,0.4,0.4
0.3,0,2868.0,0,0,,0,0,0.3,0.4
0.3,0,2869.0,0,0,,0,0,0.2,0.3
0.3,0,2870.0,0,1,,1,0,0.2,0.2
0.3,0,2871.0,0,0,0.0,0,1,0.2,0.2
0.3,0,2872.0,0,0,,0,0,0.2,0.2
0.3,0,2873.0,0,0,,0,0,0.2,0.2
0.3,0,2874.0,0,0,,0,0,0.1,0.2
0.3,0,2875.0,0,0,,0,0,0.1,0.2
0.3,0,2876.0,1,2,,2,0,0.3,0.1
0.3,0,2877.0,0,0,0.3148806320998574,0,2,0.3,0.3
0.3,0,2878.0,0,0,,0,0,0.3,0.3
0.3,0,2879.0,0,0,,0,0,0.3,0.3
0.3,0,2880.0,0,0,,0,0,0.2,0.3
0.3,0,2881.0,0,0,,0,0,0.2,0.2
0.3,0,2882.0,0,0,0.1425897570431971,2,2,0.4,0.4
0.3,0,2883.0,0,0,,0,0,0.4,0.4
0.3,0,2884.0,0,1,,1,0,0.5,0.4
0.3,0,2885.0,0,0,0.0,0,1,0.5,0.5
0.3,0,2886.0,0,1,,1,0,0.4,0.5
0.3,0,2887.0,0,0,0.0,0,1,0.4,0.4
0.3,0,2888.0,0,0,,0,0,0.4,0.4
0.3,0,2889.0,0,0,,0,0,0.4,0.4
0.3,0,2890.0,0,1,,1,0,0.5,0.4
0.3,0,2891.0,1,2,,1,0,0.6,0.4
0.3,0,2892.0,0,0,0.2432563416712128,0,2,0.4,0.4
0.3,0,2893.0,0,0,,0,0,0.4,0.4
0.3,0,2894.0,0,1,,1,0,0.4,0.4
0.3,0,2895.0,0,1,,0,0,0.4,0.3
0.3,0,2896.0,0,0,0.0,0,1,0.3,0.4
0.3,0,2897.0,0,0,,0,0,0.3,0.3
0.3,0,2898.0,0,0,,0,0,0.3,0.3
0.3,0,2899.0,0,1,,1,0,0.4,0.3
0.3,0,2900.0,0,1,0.0,1,1,0.4,0.4
0.3,0,2901.0,0,0,0.36381569491322807,0,1,0.3,0.5
0.3,0,2902.0,0,1,,1,0,0.4,0.3
0.3,0,2903.0,0,0,0.0,0,1,0.4,0.4
0.3,0,2904.0,0,0,,0,0,0.3,0.4
0.3,0,2905.0,0,1,,1,0,0.4,0.4
0.3,0,2906.0,0,1,,0,0,0.4,0.3
0.3,0,2907.0,0,1,,0,0,0.4,0.3
0.3,0,2908.0,0,0,0.0,0,1,0.4,0.4
0.3,0,2909.0,0,0,,0,0,0.3,0.4
0.3,0,2910.0,0,0,,0,0,0.2,0.3
0.3,0,2911.0,0,1,,1,0,0.3,0.2
0.3,0,2912.0,0,0,0.0,0,1,0.2,0.3
0.3,0,2913.0,0,0,,0,0,0.2,0.2
0.3,0,2914.0,0,0,,0,0,0.2,0.2
0.3,0,2915.0,0,1,,1,0,0.2,0.2
0.3,0,2916.0,0,1,0.0,1,1,0.3,0.3
0.3,0,2917.0,2,3,,2,0,0.5,0.3
0.3,0,2918.0,0,1,0.6151158795648826,0,2,0.5,0.4
0.3,0,2919.0,0,1,,0,0,0.5,0.4
0.3,0,2920.0,0,0,1.0059353140941312,0,1,0.5,0.5
0.3,0,2921.0,0,0,,0,0,0.4,0.5
0.3,0,2922.0,0,0,,0,0,0.4,0.4
0.3,0,2923.0,0,0,,0,0,0.4,0.4
0.3,0,2924.0,0,0,,0,0,0.4,0.4
0.3,0,2925.0,0,0,,0,0,0.3,0.4
0.3,0,2926.0,0,1,,1,0,0.3,0.3
0.3,0,2927.0,0,0,0.0,0,1,0.1,0.4
0.3,0,2928.0,0,0,,0,0,0.1,0.2
0.3,0,2929.0,0,0,,0,0,0.1,0.2
0.3,0,2930.0,0,1,,1,0,0.2,0.1
0.3,0,2931.0,0,0,0.0,0,1,0.2,0.2
0.3,0,2932.0,0,0,,0,0,0.2,0.2
0.3,0,2933.0,0,0,,0,0,0.2,0.2
0.3,0,2934.0,0,0,,0,0,0.2,0.2
0.3,0,2935.0,0,0,,0,0,0.2,0.2
0.3,0,2936.0,0,0,,0,0,0.1,0.2
0.3,0,2937.0,0,1,0.0,2,1,0.3,0.2
0.3,0,2938.0,1,2,,1,0,0.4,0.2
0.3,0,2939.0,0,0,0.6737898219914769,0,2,0.4,0.4
0.3,0,2940.0,0,0,0.0,1,1,0.4,0.5
0.3,0,2941.0,1,2,,2,0,0.6,0.4
0.3,0,2942.0,0,1,0.5929114125301567,1,2,0.7,0.6
0.3,0,2943.0,0,0,0.0,0,1,0.7,0.7
0.3,0,2944.0,0,0,,0,0,0.7,0.7
0.3,0,2945.0,0,0,,0,0,0.7,0.7
0.3,0,2946.0,0,1,,1,0,0.8,0.7
0.3,0,2947.0,0,0,0.0,0,1,0.6,0.7
0.3,0,2948.0,0,0,,0,0,0.5,0.7
0.3,0,2949.0,0,0,,0,0,0.5,0.5
0.3,0,2950.0,0,0,,0,0,0.4,0.4
0.3,0,2951.0,0,0,,0,0,0.2,0.4
0.3,0,2952.0,0,1,,1,0,0.2,0.2
0.3,0,2953.0,0,0,0.0,0,1,0.2,0.2
0.3,0,2954.0,0,0,,0,0,0.2,0.2
0.3,0,2955.0,0,1,,1,0,0.3,0.2
0.3,0,2956.0,1,2,0.0,2,1,0.4,0.3
0.3,0,2957.0,1,2,,0,0,0.4,0.2
0.3,0,2958.0,0,1,0.8205440393071513,0,1,0.4,0.3
0.3,0,2959.0,0,0,1.2210970982960134,0,1,0.4,0.4
0.3,0,2960.0,0,0,,0,0,0.4,0.4
0.3,0,2961.0,0,1,,1,0,0.5,0.4
0.3,0,2962.0,0,0,0.0,0,1,0.4,0.5
0.3,0,2963.0,0,1,,1,0,0.5,0.4
0.3,0,2964.0,0,0,0.0,0,1,0.5,0.5
0.3,0,2965.0,0,1,,1,0,0.5,0.5
0.3,0,2966.0,0,1,,0,0,0.3,0.4
0.3,0,2967.0,0,1,,0,0,0.3,0.4
0.3,0,2968.0,0,0,0.0,0,1,0.3,0.4
0.3,0,2969.0,0,0,,0,0,0.3,0.3
0.3,0,2970.0,0,0,0.0,1,1,0.4,0.4
0.3,0,2971.0,0,0,,0,0,0.3,0.4
0.3,0,2972.0,0,0,,0,0,0.3,0.3
0.3,0,2973.0,0,0,,0,0,0.2,0.3
0.3,0,2974.0,0,0,0.0,2,2,0.4,0.4
0.3,0,2975.0,0,0,,0,0,0.3,0.4
0.3,0,2976.0,0,0,,0,0,0.3,0.4
0.3,0,2977.0,0,0,,0,0,0.3,0.4
0.3,0,2978.0,0,1,,1,0,0.4,0.3
0.3,0,2979.0,0,0,0.09912822958881407,1,2,0.5,0.5
0.3,0,2980.0,0,0,,0,0,0.4,0.4
0.3,0,2981.0,0,0,,0,0,0.4,0.4
0.3,0,2982.0,0,0,,0,0,0.4,0.4
0.3,0,2983.0,0,0,,0,0,0.4,0.4
0.3,0,2984.0,0,0,,0,0,0.2,0.2
0.3,0,2985.0,0,0,,0,0,0.2,0.2
0.3,0,2986.0,0,0,,0,0,0.2,0.2
0.3,0,2987.0,1,2,,2,0,0.4,0.2
0.3,0,2988.0,0,1,0.0,0,1,0.3,0.3
0.3,0,2989.0,0,1,,0,0,0.2,0.1
0.3,0,2990.0,0,0,0.8774372780371777,0,1,0.2,0.2
0.3,0,2991.0,0,0,,0,0,0.2,0.2
0.3,0,2992.0,0,0,,0,0,0.2,0.2
0.3,0,2993.0,0,0,,0,0,0.2,0.2
0.3,0,2994.0,0,0,,0,0,0.2,0.2
0.3,0,2995.0,0,0,,0,0,0.2,0.2
0.3,0,2996.0,0,0,,0,0,0.2,0.2
0.3,0,2997.0,0,0,,0,0,0.0,0.2
0.3,0,2998.0,0,0,,0,0,0.0,0.1
0.3,0,2999.0,0,0,,0,0,0.0,0.1
0.3,0,3000.0,0,1,,1,0,0.1,0.0
0.3,1,1.0,1,2,,0,0,0.5,0.3
0.3,1,2.0,1,2,,0,0,0.5,0.3
0.3,1,3.0,0,1,0.9178442688138659,0,1,0.4,0.4
0.3,1,4.0,0,0,2.8735596621826573,0,1,0.4,0.4
0.3,1,5.0,0,0,,0,0,0.4,0.4
0.3,1,6.0,0,0,,0,0,0.3,0.4
0.3,1,7.0,0,0,,0,0,0.3,0.4
0.3,1,8.0,0,0,,0,0,0.2,0.3
0.3,1,9.0,0,0,,0,0,0.1,0.3
0.3,1,10.0,0,0,0.0,1,1,0.1,0.3
0.3,1,11.0,0,0,0.0,1,1,0.2,0.4
0.3,1,12.0,0,0,,0,0,0.2,0.4
0.3,1,13.0,0,0,,0,0,0.2,0.3
0.3,1,14.0,0,0,,0,0,0.2,0.2
0.3,1,15.0,0,0,,0,0,0.2,0.2
0.3,1,16.0,0,0,,0,0,0.2,0.2
0.3,1,17.0,0,0,,0,0,0.2,0.2
0.3,1,18.0,0,0,,0,0,0.2,0.2
0.3,1,19.0,0,0,,0,0,0.2,0.2
0.3,1,20.0,0,0,0.0,1,1,0.2,0.2
0.3,1,21.0,0,1,0.0,2,1,0.3,0.2
0.3,1,22.0,0,0,0.0,0,1,0.3,0.3
0.3,1,23.0,0,0,,0,0,0.3,0.3
0.3,1,24.0,0,0,0.0,2,2,0.5,0.5
0.3,1,25.0,0,1,,1,0,0.6,0.5
0.3,1,26.0,0,0,0.0,0,1,0.6,0.6
0.3,1,27.0,0,0,,0,0,0.6,0.6
0.3,1,28.0,0,1,,1,0,0.7,0.6
0.3,1,29.0,0,1,0.008145569039399447,2,2,0.9,0.8
0.3,1,30.0,0,1,,0,0,0.8,0.7
0.3,1,31.0,0,0,0.1665154751191551,0,1,0.6,0.7
0.3,1,32.0,0,0,,0,0,0.6,0.6
0.3,1,33.0,0,0,,0,0,0.6,0.6
0.3,1,34.0,0,0,,0,0,0.4,0.4
0.3,1,35.0,0,0,,0,0,0.3,0.4
0.3,1,36.0,2,3,,3,0,0.6,0.3
0.3,1,37.0,2,3,0.0,1,1,0.7,0.4
0.3,1,38.0,2,3,,0,0,0.6,0.4
0.3,1,39.0,2,3,0.8463796454551584,1,1,0.5,0.3
0.3,1,40.0,0,1,3.2410224671069727,0,2,0.5,0.5
0.3,1,41.0,0,0,1.1280271770752108,0,1,0.5,0.5
0.3,1,42.0,0,0,,0,0,0.5,0.5
0.3,1,43.0,0,0,0.0,1,1,0.6,0.6
0.3,1,44.0,0,1,,1,0,0.7,0.6
0.3,1,45.0,0,1,,0,0,0.7,0.6
0.3,1,46.0,0,1,0.0,1,1,0.5,0.7
0.3,1,47.0,0,0,0.0,0,1,0.4,0.7
0.3,1,48.0,0,0,,0,0,0.4,0.7
0.3,1,49.0,0,0,,0,0,0.3,0.6
0.3,1,50.0,0,0,,0,0,0.3,0.4
0.3,1,51.0,0,0,,0,0,0.3,0.3
0.3,1,52.0,0,0,,0,0,0.3,0.3
0.3,1,53.0,0,0,,0,0,0.2,0.2
0.3,1,54.0,0,0,,0,0,0.1,0.2
0.3,1,55.0,0,1,,1,0,0.2,0.2
0.3,1,56.0,0,0,0.0,0,1,0.1,0.2
0.3,1,57.0,0,0,0.0,1,1,0.2,0.2
0.3,1,58.0,0,0,,0,0,0.2,0.2
0.3,1,59.0,0,0,,0,0,0.2,0.2
0.3,1,60.0,0,0,0.0,1,1,0.3,0.3
0.3,1,61.0,0,1,,1,0,0.4,0.3
0.3,1,62.0,0,0,0.0,0,1,0.4,0.4
0.3,1,63.0,0,0,,0,0,0.4,0.4
0.3,1,64.0,0,1,,1,0,0.5,0.4
0.3,1,65.0,0,1,0.0,1,1,0.5,0.5
0.3,1,66.0,0,0,0.0,0,1,0.5,0.5
0.3,1,67.0,0,0,,0,0,0.4,0.4
0.3,1,68.0,0,0,0.0,1,1,0.5,0.5
0.3,1,69.0,0,0,,0,0,0.5,0.5
0.3,1,70.0,0,0,,0,0,0.4,0.4
0.3,1,71.0,1,2,,2,0,0.5,0.4
0.3,1,72.0,2,3,,1,0,0.6,0.3
0.3,1,73.0,1,2,0.8559622179585062,1,2,0.7,0.5
0.3,1,74.0,1,2,,0,0,0.6,0.5
0.3,1,75.0,0,1,2.003781983301195,1,2,0.6,0.6
0.3,1,76.0,0,0,0.425785942502273,0,1,0.6,0.6
0.3,1,77.0,0,1,,1,0,0.7,0.6
0.3,1,78.0,0,0,0.0,0,1,0.6,0.6
0.3,1,79.0,0,0,0.0,1,1,0.7,0.7
0.3,1,80.0,0,0,0.0,1,1,0.8,0.8
0.3,1,81.0,0,0,,0,0,0.6,0.8
0.3,1,82.0,0,0,,0,0,0.5,0.8
0.3,1,83.0,0,1,,1,0,0.5,0.6
0.3,1,84.0,1,2,0.0,2,1,0.7,0.7
0.3,1,85.0,0,0,0.3256387299191772,0,2,0.6,0.7
0.3,1,86.0,0,0,,0,0,0.6,0.6
0.3,1,87.0,0,0,0.0,1,1,0.6,0.7
0.3,1,88.0,0,0,,0,0,0.6,0.6
0.3,1,89.0,0,0,,0,0,0.5,0.5
0.3,1,90.0,0,0,0.0,1,1,0.5,0.5
0.3,1,91.0,0,0,0.0,1,1,0.6,0.6
0.3,1,92.0,0,0,,0,0,0.6,0.6
0.3,1,93.0,0,0,,0,0,0.5,0.6
0.3,1,94.0,0,1,,1,0,0.4,0.5
0.3,1,95.0,0,1,,0,0,0.4,0.3
0.3,1,96.0,0,1,,0,0,0.4,0.3
0.3,1,97.0,0,0,0.0,0,1,0.3,0.3
0.3,1,98.0,0,0,,0,0,0.3,0.3
0.3,1,99.0,0,1,,1,0,0.4,0.3
0.3,1,100.0,0,1,,0,0,0.3,0.2
0.3,1,101.0,0,0,0.0,0,1,0.2,0.2
0.3,1,102.0,0,1,,1,0,0.3,0.2
0.3,1,103.0,0,1,,0,0,0.3,0.2
0.3,1,104.0,0,0,0.0,0,1,0.2,0.3
0.3,1,105.0,0,0,,0,0,0.2,0.3
0.3,1,106.0,0,0,,0,0,0.2,0.3
0.3,1,107.0,0,0,,0,0,0.2,0.2
0.3,1,108.0,0,0,,0,0,0.2,0.2
0.3,1,109.0,0,0,,0,0,0.1,0.2
0.3,1,110.0,0,0,,0,0,0.1,0.2
0.3,1,111.0,0,0,,0,0,0.1,0.1
0.3,1,112.0,0,0,,0,0,0.0,0.1
0.3,1,113.0,0,0,,0,0,0.0,0.1
0.3,1,114.0,0,0,,0,0,0.0,0.0
0.3,1,115.0,0,0,,0,0,0.0,0.0
0.3,1,116.0,1,2,,2,0,0.2,0.0
0.3,1,117.0,1,2,,0,0,0.2,0.0
0.3,1,118.0,2,3,,1,0,0.3,0.0
0.3,1,119.0,0,1,1.2571151441249242,0,2,0.3,0.2
0.3,1,120.0,0,0,1.2211610738495438,0,1,0.3,0.3
0.3,1,121.0,0,0,,0,0,0.3,0.3
0.3,1,122.0,0,0,,0,0,0.3,0.3
0.3,1,123.0,0,0,0.0,1,1,0.4,0.4
0.3,1,124.0,0,0,,0,0,0.4,0.4
0.3,1,125.0,0,1,,1,0,0.5,0.4
0.3,1,126.0,0,1,,0,0,0.3,0.4
0.3,1,127.0,0,0,0.0,0,1,0.3,0.5
0.3,1,128.0,0,0,,0,0,0.2,0.5
0.3,1,129.0,0,0,,0,0,0.2,0.3
0.3,1,130.0,0,1,,1,0,0.3,0.2
0.3,1,131.0,0,1,0.0,1,1,0.4,0.3
0.3,1,132.0,0,1,,0,0,0.4,0.3
0.3,1,133.0,0,1,0.0,1,1,0.4,0.3
0.3,1,134.0,0,0,0.0,0,1,0.4,0.4
0.3,1,135.0,0,0,0.0,1,1,0.4,0.5
0.3,1,136.0,0,1,,1,0,0.5,0.5
0.3,1,137.0,2,3,,2,0,0.7,0.4
0.3,1,138.0,2,3,0.0,1,1,0.8,0.5
0.3,1,139.0,2,3,1.6920740566500854,1,1,0.9,0.6
0.3,1,140.0,2,3,,0,0,0.8,0.6
0.3,1,141.0,1,2,1.7503576695487482,0,1,0.7,0.6
0.3,1,142.0,0,1,3.1368426423992446,0,1,0.7,0.7
0.3,1,143.0,0,1,3.395220549600424,1,1,0.7,0.7
0.3,1,144.0,0,0,0.0350507541311913,0,1,0.7,0.7
0.3,1,145.0,0,0,,0,0,0.6,0.6
0.3,1,146.0,0,1,,1,0,0.6,0.6
0.3,1,147.0,0,0,0.0,0,1,0.4,0.7
0.3,1,148.0,0,0,,0,0,0.3,0.6
0.3,1,149.0,0,0,,0,0,0.2,0.5
0.3,1,150.0,1,2,0.0,3,1,0.5,0.6
0.3,1,151.0,0,1,0.0,0,1,0.5,0.6
0.3,1,152.0,0,0,1.0660212772796172,0,1,0.5,0.6
0.3,1,153.0,0,0,0.0,1,1,0.5,0.6
0.3,1,154.0,0,0,,0,0,0.5,0.5
0.3,1,155.0,0,0,,0,0,0.5,0.5
0.3,1,156.0,0,0,,0,0,0.4,0.5
0.3,1,157.0,0,0,,0,0,0.4,0.4
0.3,1,158.0,0,0,,0,0,0.4,0.4
0.3,1,159.0,0,0,,0,0,0.4,0.4
0.3,1,160.0,0,0,,0,0,0.1,0.3
0.3,1,161.0,0,1,,1,0,0.2,0.2
0.3,1,162.0,0,0,0.0,0,1,0.2,0.2
0.3,1,163.0,0,0,0.0,1,1,0.2,0.2
0.3,1,164.0,0,0,,0,0,0.2,0.2
0.3,1,165.0,0,0,,0,0,0.2,0.2
0.3,1,166.0,0,0,,0,0,0.2,0.2
0.3,1,167.0,0,0,,0,0,0.2,0.2
0.3,1,168.0,0,0,0.0,1,1,0.3,0.3
0.3,1,169.0,0,0,0.0,1,1,0.4,0.4
0.3,1,170.0,0,0,,0,0,0.4,0.4
0.3,1,171.0,0,0,,0,0,0.3,0.4
0.3,1,172.0,0,0,,0,0,0.3,0.3
0.3,1,173.0,0,1,,1,0,0.3,0.2
0.3,1,174.0,0,1,,0,0,0.3,0.2
0.3,1,175.0,1,2,,1,0,0.4,0.2
0.3,1,176.0,0,1,0.4483427651115335,2,3,0.6,0.5
0.3,1,177.0,0,1,,0,0,0.6,0.5
0.3,1,178.0,0,1,0.323448576647138,1,1,0.6,0.5
0.3,1,179.0,0,1,,0,0,0.5,0.4
0.3,1,180.0,0,0,0.21833503920657904,0,1,0.5,0.5
0.3,1,181.0,0,0,,0,0,0.5,0.5
0.3,1,182.0,0,0,,0,0,0.5,0.5
0.3,1,183.0,0,0,,0,0,0.4,0.5
0.3,1,184.0,0,0,,0,0,0.4,0.5
0.3,1,185.0,0,0,,0,0,0.3,0.5
0.3,1,186.0,0,0,,0,0,0.1,0.2
0.3,1,187.0,0,0,,0,0,0.1,0.2
0.3,1,188.0,0,0,,0,0,0.0,0.1
0.3,1,189.0,0,0,,0,0,0.0,0.1
0.3,1,190.0,0,0,,0,0,0.0,0.0
0.3,1,191.0,0,0,,0,0,0.0,0.0
0.3,1,192.0,0,1,,1,0,0.1,0.0
0.3,1,193.0,0,0,0.0,0,1,0.1,0.1
0.3,1,194.0,0,0,,0,0,0.1,0.1
0.3,1,195.0,0,0,,0,0,0.1,0.1
0.3,1,196.0,0,0,,0,0,0.1,0.1
0.3,1,197.0,0,0,,0,0,0.1,0.1
0.3,1,198.0,0,0,,0,0,0.1,0.1
0.3,1,199.0,0,0,,0,0,0.1,0.1
0.3,1,200.0,0,0,,0,0,0.1,0.1
0.3,1,201.0,0,0,,0,0,0.1,0.1
0.3,1,202.0,0,1,,1,0,0.1,0.1
0.3,1,203.0,0,1,0.0,1,1,0.2,0.1
0.3,1,204.0,0,1,,0,0,0.2,0.1
0.3,1,205.0,0,1,0.0,1,1,0.3,0.2
0.3,1,206.0,0,1,,0,0,0.3,0.2
0.3,1,207.0,0,0,0.0,0,1,0.3,0.3
0.3,1,208.0,0,1,,1,0,0.4,0.3
0.3,1,209.0,0,0,0.0,0,1,0.4,0.4
0.3,1,210.0,0,0,,0,0,0.4,0.4
0.3,1,211.0,0,0,,0,0,0.4,0.4
0.3,1,212.0,0,0,,0,0,0.3,0.4
0.3,1,213.0,0,0,,0,0,0.2,0.3
0.3,1,214.0,0,0,,0,0,0.2,0.3
0.3,1,215.0,0,0,,0,0,0.1,0.2
0.3,1,216.0,0,0,,0,0,0.1,0.2
0.3,1,217.0,0,0,,0,0,0.1,0.1
0.3,1,218.0,0,0,,0,0,0.0,0.1
0.3,1,219.0,0,0,,0,0,0.0,0.0
0.3,1,220.0,0,0,,0,0,0.0,0.0
0.3,1,221.0,0,0,,0,0,0.0,0.0
0.3,1,222.0,0,0,,0,0,0.0,0.0
0.3,1,223.0,0,0,,0,0,0.0,0.0
0.3,1,224.0,0,0,,0,0,0.0,0.0
0.3,1,225.0,0,0,,0,0,0.0,0.0
0.3,1,226.0,0,0,,0,0,0.0,0.0
0.3,1,227.0,0,0,,0,0,0.0,0.0
0.3,1,228.0,0,0,,0,0,0.0,0.0
0.3,1,229.0,0,0,0.0,1,1,0.1,0.1
0.3,1,230.0,0,0,,0,0,0.1,0.1
0.3,1,231.0,0,0,,0,0,0.1,0.1
0.3,1,232.0,0,0,,0,0,0.1,0.1
0.3,1,233.0,0,0,,0,0,0.1,0.1
0.3,1,234.0,0,0,,0,0,0.1,0.1
0.3,1,235.0,0,0,,0,0,0.1,0.1
0.3,1,236.0,0,0,,0,0,0.1,0.1
0.3,1,237.0,0,0,,0,0,0.1,0.1
0.3,1,238.0,0,0,,0,0,0.1,0.1
0.3,1,239.0,0,0,,0,0,0.0,0.0
0.3,1,240.0,0,0,,0,0,0.0,0.0
0.3,1,241.0,0,0,,0,0,0.0,0.0
0.3,1,242.0,0,0,0.0,1,1,0.1,0.1
0.3,1,243.0,0,1,,1,0,0.2,0.1
0.3,1,244.0,0,0,0.0,0,1,0.2,0.2
0.3,1,245.0,0,0,,0,0,0.2,0.2
0.3,1,246.0,0,0,0.0,1,1,0.3,0.3
0.3,1,247.0,0,0,,0,0,0.3,0.3
0.3,1,248.0,0,0,,0,0,0.3,0.3
0.3,1,249.0,0,0,,0,0,0.3,0.3
0.3,1,250.0,0,1,,1,0,0.4,0.3
0.3,1,251.0,0,0,0.0,0,1,0.4,0.4
0.3,1,252.0,0,0,,0,0,0.3,0.3
0.3,1,253.0,0,0,,0,0,0.2,0.3
0.3,1,254.0,0,0,,0,0,0.2,0.2
0.3,1,255.0,0,0,,0,0,0.2,0.2
0.3,1,256.0,0,0,,0,0,0.1,0.1
0.3,1,257.0,0,0,0.0,1,1,0.2,0.2
0.3,1,258.0,0,0,,0,0,0.2,0.2
0.3,1,259.0,0,1,,1,0,0.3,0.2
0.3,1,260.0,0,0,0.0,0,1,0.2,0.3
0.3,1,261.0,0,0,,0,0,0.2,0.2
0.3,1,262.0,0,0,,0,0,0.2,0.2
0.3,1,263.0,0,0,0.0,1,1,0.3,0.3
0.3,1,264.0,0,0,,0,0,0.3,0.3
0.3,1,265.0,0,0,,0,0,0.3,0.3
0.3,1,266.0,0,0,,0,0,0.3,0.3
0.3,1,267.0,0,0,,0,0,0.2,0.2
0.3,1,268.0,0,0,0.0,1,1,0.3,0.3
0.3,1,269.0,0,0,,0,0,0.2,0.3
0.3,1,270.0,0,0,,0,0,0.2,0.2
0.3,1,271.0,0,0,,0,0,0.2,0.2
0.3,1,272.0,0,0,,0,0,0.2,0.2
0.3,1,273.0,0,0,0.0,1,1,0.2,0.2
0.3,1,274.0,0,0,,0,0,0.2,0.2
0.3,1,275.0,0,0,,0,0,0.2,0.2
0.3,1,276.0,0,1,,1,0,0.3,0.2
0.3,1,277.0,0,0,0.0,0,1,0.3,0.3
0.3,1,278.0,0,0,,0,0,0.2,0.2
0.3,1,279.0,0,0,,0,0,0.2,0.2
0.3,1,280.0,0,0,,0,0,0.2,0.2
0.3,1,281.0,0,0,,0,0,0.2,0.2
0.3,1,282.0,0,0,,0,0,0.2,0.2
0.3,1,283.0,0,0,,0,0,0.1,0.1
0.3,1,284.0,0,0,,0,0,0.1,0.1
0.3,1,285.0,1,2,,2,0,0.3,0.1
0.3,1,286.0,0,1,0.0,0,1,0.2,0.2
0.3,1,287.0,0,0,1.3147084967806677,0,1,0.2,0.2
0.3,1,288.0,0,0,,0,0,0.2,0.2
0.3,1,289.0,0,0,,0,0,0.2,0.2
0.3,1,290.0,0,0,,0,0,0.2,0.2
0.3,1,291.0,0,0,,0,0,0.2,0.2
0.3,1,292.0,0,0,,0,0,0.2,0.2
0.3,1,293.0,0,0,,0,0,0.2,0.2
0.3,1,294.0,0,0,,0,0,0.2,0.2
0.3,1,295.0,0,0,,0,0,0.0,0.2
0.3,1,296.0,0,0,,0,0,0.0,0.1
0.3,1,297.0,0,0,,0,0,0.0,0.0
0.3,1,298.0,0,0,,0,0,0.0,0.0
0.3,1,299.0,0,1,,1,0,0.1,0.0
0.3,1,300.0,0,0,0.0,0,1,0.1,0.1
0.3,1,301.0,1,2,,2,0,0.3,0.1
0.3,1,302.0,1,2,,0,0,0.3,0.1
0.3,1,303.0,0,1,0.0,0,1,0.3,0.2
0.3,1,304.0,0,0,0.806967355412894,1,2,0.4,0.4
0.3,1,305.0,0,0,,0,0,0.4,0.4
0.3,1,306.0,0,0,,0,0,0.4,0.4
0.3,1,307.0,0,0,,0,0,0.4,0.4
0.3,1,308.0,0,0,,0,0,0.4,0.4
0.3,1,309.0,0,0,,0,0,0.3,0.4
0.3,1,310.0,0,0,,0,0,0.3,0.3
0.3,1,311.0,0,0,,0,0,0.1,0.3
0.3,1,312.0,0,0,,0,0,0.1,0.3
0.3,1,313.0,0,1,,1,0,0.2,0.2
0.3,1,314.0,0,0,0.0,0,1,0.1,0.1
0.3,1,315.0,0,0,,0,0,0.1,0.1
0.3,1,316.0,0,0,,0,0,0.1,0.1
0.3,1,317.0,0,0,,0,0,0.1,0.1
0.3,1,318.0,0,0,,0,0,0.1,0.1
0.3,1,319.0,0,0,,0,0,0.1,0.1
0.3,1,320.0,0,0,,0,0,0.1,0.1
0.3,1,321.0,0,0,,0,0,0.1,0.1
0.3,1,322.0,0,0,,0,0,0.1,0.1
0.3,1,323.0,0,0,,0,0,0.0,0.1
0.3,1,324.0,0,1,,1,0,0.1,0.0
0.3,1,325.0,0,0,0.0,1,2,0.2,0.2
0.3,1,326.0,0,1,,1,0,0.3,0.2
0.3,1,327.0,0,0,0.0,0,1,0.3,0.3
0.3,1,328.0,0,0,,0,0,0.3,0.3
0.3,1,329.0,0,0,,0,0,0.3,0.3
0.3,1,330.0,0,0,,0,0,0.3,0.3
0.3,1,331.0,0,0,,0,0,0.3,0.3
0.3,1,332.0,1,2,,2,0,0.5,0.3
0.3,1,333.0,2,3,,1,0,0.6,0.3
0.3,1,334.0,0,1,0.6935671442143226,1,3,0.6,0.6
0.3,1,335.0,0,1,,0,0,0.5,0.4
0.3,1,336.0,0,0,0.06391910239563003,0,1,0.4,0.5
0.3,1,337.0,0,1,,1,0,0.5,0.4
0.3,1,338.0,0,1,,0,0,0.5,0.4
0.3,1,339.0,1,2,,1,0,0.6,0.4
0.3,1,340.0,0,1,0.0,0,1,0.6,0.5
0.3,1,341.0,0,0,1.0894600073231686,0,1,0.6,0.6
0.3,1,342.0,0,1,,1,0,0.5,0.6
0.3,1,343.0,0,0,0.0,0,1,0.4,0.7
0.3,1,344.0,0,0,0.0,1,1,0.4,0.5
0.3,1,345.0,0,0,,0,0,0.4,0.5
0.3,1,346.0,0,0,,0,0,0.4,0.4
0.3,1,347.0,0,0,,0,0,0.3,0.4
0.3,1,348.0,0,0,,0,0,0.3,0.4
0.3,1,349.0,0,0,,0,0,0.2,0.4
0.3,1,350.0,0,0,,0,0,0.2,0.3
0.3,1,351.0,0,0,,0,0,0.2,0.2
0.3,1,352.0,0,0,,0,0,0.1,0.2
0.3,1,353.0,0,0,,0,0,0.1,0.1
0.3,1,354.0,0,1,0.0,2,1,0.2,0.1
0.3,1,355.0,0,1,0.0,1,1,0.3,0.2
0.3,1,356.0,0,0,0.10747188869720503,0,1,0.3,0.3
0.3,1,357.0,0,0,,0,0,0.3,0.3
0.3,1,358.0,0,0,,0,0,0.3,0.3
0.3,1,359.0,0,0,,0,0,0.3,0.3
0.3,1,360.0,0,0,0.0,1,1,0.4,0.4
0.3,1,361.0,0,0,,0,0,0.4,0.4
0.3,1,362.0,0,0,,0,0,0.4,0.4
0.3,1,363.0,0,0,,0,0,0.4,0.4
0.3,1,364.0,0,0,,0,0,0.2,0.3
0.3,1,365.0,0,0,0.0,1,1,0.2,0.3
0.3,1,366.0,0,1,,1,0,0.3,0.2
0.3,1,367.0,1,2,,1,0,0.4,0.2
0.3,1,368.0,1,2,,0,0,0.4,0.2
0.3,1,369.0,0,1,0.944883357720073,1,2,0.5,0.4
0.3,1,370.0,0,0,0.3917879717100732,0,1,0.4,0.4
0.3,1,371.0,0,0,,0,0,0.4,0.4
0.3,1,372.0,0,0,,0,0,0.4,0.4
0.3,1,373.0,0,0,,0,0,0.4,0.4
0.3,1,374.0,0,0,,0,0,0.4,0.4
0.3,1,375.0,0,0,,0,0,0.3,0.3
0.3,1,376.0,0,0,0.0,1,1,0.3,0.4
0.3,1,377.0,0,0,,0,0,0.2,0.4
0.3,1,378.0,0,0,,0,0,0.2,0.4
0.3,1,379.0,0,0,,0,0,0.1,0.2
0.3,1,380.0,0,0,,0,0,0.1,0.1
0.3,1,381.0,0,0,,0,0,0.1,0.1
0.3,1,382.0,0,0,,0,0,0.1,0.1
0.3,1,383.0,0,1,,1,0,0.2,0.1
0.3,1,384.0,0,1,,0,0,0.2,0.1
0.3,1,385.0,0,0,0.0,0,1,0.2,0.2
0.3,1,386.0,0,0,,0,0,0.1,0.1
0.3,1,387.0,0,0,,0,0,0.1,0.1
0.3,1,388.0,0,1,,1,0,0.2,0.1
0.3,1,389.0,0,1,,0,0,0.2,0.1
0.3,1,390.0,0,1,,0,0,0.2,0.1
0.3,1,391.0,0,0,0.2704868883399172,1,2,0.3,0.3
0.3,1,392.0,0,0,,0,0,0.3,0.3
0.3,1,393.0,0,0,,0,0,0.2,0.3
0.3,1,394.0,0,0,0.0,1,1,0.3,0.4
0.3,1,395.0,0,0,,0,0,0.3,0.3
0.3,1,396.0,0,0,0.0,1,1,0.4,0.4
0.3,1,397.0,0,0,,0,0,0.4,0.4
0.3,1,398.0,0,0,,0,0,0.3,0.4
0.3,1,399.0,0,0,,0,0,0.3,0.4
0.3,1,400.0,0,0,,0,0,0.3,0.4
0.3,1,401.0,0,1,,1,0,0.3,0.2
0.3,1,402.0,0,1,0.0,1,1,0.4,0.3
0.3,1,403.0,0,0,0.0,0,1,0.4,0.4
0.3,1,404.0,0,0,,0,0,0.3,0.3
0.3,1,405.0,0,0,,0,0,0.3,0.3
0.3,1,406.0,0,0,,0,0,0.2,0.2
0.3,1,407.0,0,0,,0,0,0.2,0.2
0.3,1,408.0,0,1,,1,0,0.3,0.2
0.3,1,409.0,0,1,,0,0,0.3,0.2
0.3,1,410.0,0,0,0.0,0,1,0.3,0.3
0.3,1,411.0,0,1,,1,0,0.3,0.3
0.3,1,412.0,0,1,,0,0,0.2,0.2
0.3,1,413.0,0,1,,0,0,0.2,0.1
0.3,1,414.0,0,0,0.0,0,1,0.2,0.2
0.3,1,415.0,0,0,,0,0,0.2,0.2
0.3,1,416.0,0,0,,0,0,0.2,0.2
0.3,1,417.0,0,0,,0,0,0.2,0.2
0.3,1,418.0,0,1,,1,0,0.2,0.2
0.3,1,419.0,0,0,0.0,0,1,0.2,0.3
0.3,1,420.0,0,0,,0,0,0.2,0.2
0.3,1,421.0,0,0,,0,0,0.1,0.2
0.3,1,422.0,0,0,0.0,1,1,0.2,0.3
0.3,1,423.0,0,0,0.0,1,1,0.3,0.4
0.3,1,424.0,0,0,,0,0,0.3,0.3
0.3,1,425.0,0,1,,1,0,0.4,0.3
0.3,1,426.0,0,1,,0,0,0.4,0.3
0.3,1,427.0,1,2,,1,0,0.5,0.3
0.3,1,428.0,1,2,,0,0,0.4,0.3
0.3,1,429.0,3,4,,2,0,0.6,0.2
0.3,1,430.0,2,3,0.0,0,1,0.6,0.3
0.3,1,431.0,1,2,3.2850352674241776,0,1,0.6,0.4
0.3,1,432.0,1,2,2.160936091782787,1,1,0.6,0.4
0.3,1,433.0,0,0,1.9719388505436655,0,2,0.5,0.5
0.3,1,434.0,0,0,,0,0,0.5,0.5
0.3,1,435.0,0,0,,0,0,0.4,0.5
0.3,1,436.0,0,0,,0,0,0.4,0.5
0.3,1,437.0,0,0,,0,0,0.3,0.5
0.3,1,438.0,0,0,,0,0,0.3,0.5
0.3,1,439.0,0,0,,0,0,0.1,0.5
0.3,1,440.0,0,0,,0,0,0.1,0.4
0.3,1,441.0,0,0,,0,0,0.1,0.3
0.3,1,442.0,0,0,,0,0,0.0,0.2
0.3,1,443.0,0,0,,0,0,0.0,0.0
0.3,1,444.0,1,2,0.0,3,1,0.3,0.1
0.3,1,445.0,0,1,0.4160534493744308,1,2,0.4,0.3
0.3,1,446.0,0,1,,0,0,0.4,0.3
0.3,1,447.0,0,0,0.2745561569730057,1,2,0.5,0.5
0.3,1,448.0,0,0,0.0,1,1,0.6,0.6
0.3,1,449.0,0,0,0.0,1,1,0.7,0.7
0.3,1,450.0,0,0,,0,0,0.7,0.7
0.3,1,451.0,0,0,,0,0,0.7,0.7
0.3,1,452.0,0,0,,0,0,0.7,0.7
0.3,1,453.0,0,0,,0,0,0.7,0.7
0.3,1,454.0,0,0,,0,0,0.4,0.6
0.3,1,455.0,0,1,,1,0,0.4,0.4
0.3,1,456.0,0,1,0.0,1,1,0.5,0.5
0.3,1,457.0,1,2,,1,0,0.5,0.3
0.3,1,458.0,1,2,0.09011084298833794,1,1,0.5,0.3
0.3,1,459.0,0,1,1.2744794457963735,0,1,0.4,0.3
0.3,1,460.0,0,0,0.64026647349408,0,1,0.4,0.4
0.3,1,461.0,0,0,,0,0,0.4,0.4
0.3,1,462.0,1,2,,2,0,0.6,0.4
0.3,1,463.0,0,0,0.08381202261733733,0,2,0.6,0.6
0.3,1,464.0,0,0,,0,0,0.6,0.6
0.3,1,465.0,0,0,,0,0,0.5,0.6
0.3,1,466.0,0,0,,0,0,0.4,0.5
0.3,1,467.0,0,0,,0,0,0.3,0.5
0.3,1,468.0,0,0,,0,0,0.2,0.4
0.3,1,469.0,0,1,,1,0,0.3,0.3
0.3,1,470.0,0,0,0.0,0,1,0.3,0.3
0.3,1,471.0,0,0,,0,0,0.3,0.3
0.3,1,472.0,0,0,,0,0,0.1,0.3
0.3,1,473.0,0,0,,0,0,0.1,0.1
0.3,1,474.0,0,0,0.0,1,1,0.2,0.2
0.3,1,475.0,0,0,,0,0,0.2,0.2
0.3,1,476.0,0,0,,0,0,0.2,0.2
0.3,1,477.0,0,0,,0,0,0.2,0.2
0.3,1,478.0,0,0,,0,0,0.2,0.2
0.3,1,479.0,0,0,,0,0,0.1,0.2
0.3,1,480.0,0,0,,0,0,0.1,0.1
0.3,1,481.0,0,0,,0,0,0.1,0.1
0.3,1,482.0,0,1,,1,0,0.2,0.1
0.3,1,483.0,1,2,,1,0,0.3,0.1
0.3,1,484.0,0,0,0.720508895359842,0,2,0.2,0.2
0.3,1,485.0,0,0,,0,0,0.2,0.2
0.3,1,486.0,0,0,,0,0,0.2,0.2
0.3,1,487.0,0,0,,0,0,0.2,0.2
0.3,1,488.0,0,0,,0,0,0.2,0.2
0.3,1,489.0,0,0,,0,0,0.2,0.2
0.3,1,490.0,0,0,,0,0,0.2,0.2
0.3,1,491.0,0,1,,1,0,0.3,0.2
0.3,1,492.0,0,0,0.0,0,1,0.2,0.3
0.3,1,493.0,0,1,,1,0,0.2,0.3
0.3,1,494.0,0,1,0.0,1,1,0.3,0.2
0.3,1,495.0,0,1,,0,0,0.3,0.2
0.3,1,496.0,1,2,0.0,2,1,0.5,0.3
0.3,1,497.0,0,1,0.0,0,1,0.5,0.4
0.3,1,498.0,0,0,0.6619792103080044,0,1,0.5,0.5
0.3,1,499.0,0,0,,0,0,0.5,0.5
0.3,1,500.0,0,0,0.0,1,1,0.6,0.6
0.3,1,501.0,0,1,,1,0,0.6,0.6
0.3,1,502.0,0,0,0.0,0,1,0.6,0.6
0.3,1,503.0,0,0,,0,0,0.5,0.6
0.3,1,504.0,0,0,,0,0,0.4,0.5
0.3,1,505.0,0,0,,0,0,0.4,0.5
0.3,1,506.0,0,0,0.0,1,1,0.3,0.5
0.3,1,507.0,0,0,,0,0,0.3,0.4
0.3,1,508.0,0,0,,0,0,0.3,0.3
0.3,1,509.0,0,0,,0,0,0.3,0.3
0.3,1,510.0,0,1,,1,0,0.3,0.2
0.3,1,511.0,1,2,,1,0,0.3,0.2
0.3,1,512.0,0,1,0.0,0,1,0.3,0.2
0.3,1,513.0,1,2,,1,0,0.4,0.2
0.3,1,514.0,1,2,,0,0,0.4,0.2
0.3,1,515.0,0,1,0.9883416914759664,0,1,0.4,0.3
0.3,1,516.0,0,1,,0,0,0.3,0.2
0.3,1,517.0,0,1,,0,0,0.3,0.2
0.3,1,518.0,0,1,1.3265015560556321,1,1,0.4,0.3
0.3,1,519.0,0,0,0.0,0,1,0.4,0.4
0.3,1,520.0,0,0,,0,0,0.3,0.4
0.3,1,521.0,0,1,,1,0,0.3,0.4
0.3,1,522.0,0,0,0.0,0,1,0.3,0.4
0.3,1,523.0,0,0,0.0,1,1,0.3,0.5
0.3,1,524.0,0,0,,0,0,0.3,0.5
0.3,1,525.0,0,0,,0,0,0.3,0.4
0.3,1,526.0,0,0,,0,0,0.3,0.4
0.3,1,527.0,0,0,,0,0,0.3,0.4
0.3,1,528.0,0,0,,0,0,0.2,0.3
0.3,1,529.0,0,0,,0,0,0.2,0.2
0.3,1,530.0,0,0,,0,0,0.2,0.2
0.3,1,531.0,0,0,0.0,1,1,0.2,0.3
0.3,1,532.0,0,0,,0,0,0.2,0.2
0.3,1,533.0,0,0,,0,0,0.1,0.1
0.3,1,534.0,0,0,0.0,1,1,0.2,0.2
0.3,1,535.0,0,0,,0,0,0.2,0.2
0.3,1,536.0,0,0,,0,0,0.2,0.2
0.3,1,537.0,0,0,,0,0,0.2,0.2
0.3,1,538.0,0,1,,1,0,0.3,0.2
0.3,1,539.0,0,1,0.0,1,1,0.4,0.3
0.3,1,540.0,1,2,,1,0,0.5,0.3
0.3,1,541.0,0,0,0.7891943348708423,0,2,0.4,0.4
0.3,1,542.0,0,1,,1,0,0.5,0.4
0.3,1,543.0,0,0,0.0,0,1,0.5,0.5
0.3,1,544.0,0,0,,0,0,0.4,0.4
0.3,1,545.0,0,0,,0,0,0.4,0.4
0.3,1,546.0,1,2,,2,0,0.6,0.4
0.3,1,547.0,0,0,0.5853406832594032,0,2,0.6,0.6
0.3,1,548.0,0,0,,0,0,0.5,0.6
0.3,1,549.0,0,0,0.0,1,1,0.5,0.6
0.3,1,550.0,0,0,,0,0,0.4,0.6
0.3,1,551.0,0,0,0.0,1,1,0.5,0.5
0.3,1,552.0,0,0,0.0,1,1,0.5,0.6
0.3,1,553.0,0,0,,0,0,0.5,0.5
0.3,1,554.0,0,0,,0,0,0.5,0.5
0.3,1,555.0,0,0,,0,0,0.5,0.5
0.3,1,556.0,0,1,,1,0,0.4,0.5
0.3,1,557.0,0,0,0.0,0,1,0.4,0.4
0.3,1,558.0,0,0,,0,0,0.4,0.4
0.3,1,559.0,0,0,,0,0,0.3,0.3
0.3,1,560.0,0,0,,0,0,0.3,0.3
0.3,1,561.0,0,0,,0,0,0.2,0.2
0.3,1,562.0,0,0,,0,0,0.1,0.1
0.3,1,563.0,0,1,,1,0,0.2,0.1
0.3,1,564.0,0,1,,0,0,0.2,0.1
0.3,1,565.0,0,1,0.0,1,1,0.3,0.2
0.3,1,566.0,0,0,0.0,0,1,0.2,0.3
0.3,1,567.0,0,0,,0,0,0.2,0.2
0.3,1,568.0,0,0,,0,0,0.2,0.2
0.3,1,569.0,0,0,,0,0,0.2,0.2
0.3,1,570.0,0,0,,0,0,0.2,0.2
0.3,1,571.0,0,0,,0,0,0.2,0.2
0.3,1,572.0,0,0,,0,0,0.2,0.2
0.3,1,573.0,0,0,,0,0,0.1,0.2
0.3,1,574.0,0,0,0.0,1,1,0.2,0.3
0.3,1,575.0,0,0,0.0,1,1,0.2,0.3
0.3,1,576.0,0,0,,0,0,0.2,0.2
0.3,1,577.0,0,0,,0,0,0.2,0.2
0.3,1,578.0,0,0,,0,0,0.2,0.2
0.3,1,579.0,0,1,,1,0,0.3,0.2
0.3,1,580.0,0,0,0.0,0,1,0.3,0.3
0.3,1,581.0,0,1,,1,0,0.4,0.3
0.3,1,582.0,0,0,0.0,0,1,0.4,0.4
0.3,1,583.0,0,1,,1,0,0.5,0.4
0.3,1,584.0,0,1,0.0,1,1,0.5,0.4
0.3,1,585.0,0,0,0.0,1,2,0.5,0.5
0.3,1,586.0,0,0,,0,0,0.5,0.5
0.3,1,587.0,0,0,,0,0,0.5,0.5
0.3,1,588.0,0,1,,1,0,0.6,0.5
0.3,1,589.0,0,0,0.0,1,2,0.6,0.7
0.3,1,590.0,0,0,,0,0,0.6,0.6
0.3,1,591.0,0,0,,0,0,0.5,0.6
0.3,1,592.0,0,0,,0,0,0.5,0.5
0.3,1,593.0,0,0,,0,0,0.4,0.5
0.3,1,594.0,0,1,,1,0,0.4,0.4
0.3,1,595.0,1,2,0.0,2,1,0.5,0.3
0.3,1,596.0,1,2,,0,0,0.5,0.3
0.3,1,597.0,0,0,0.8038353358572294,0,2,0.5,0.5
0.3,1,598.0,0,0,,0,0,0.4,0.5
0.3,1,599.0,0,1,,1,0,0.4,0.3
0.3,1,600.0,0,1,0.0,1,1,0.5,0.4
0.3,1,601.0,1,2,,1,0,0.6,0.4
0.3,1,602.0,1,2,,0,0,0.6,0.4
0.3,1,603.0,1,2,,0,0,0.6,0.4
0.3,1,604.0,0,0,1.3787824173327294,0,2,0.5,0.6
0.3,1,605.0,0,0,,0,0,0.3,0.5
0.3,1,606.0,0,1,,1,0,0.4,0.5
0.3,1,607.0,0,1,0.0,1,1,0.5,0.4
0.3,1,608.0,0,0,0.0,0,1,0.5,0.5
0.3,1,609.0,0,0,,0,0,0.4,0.5
0.3,1,610.0,0,0,,0,0,0.3,0.4
0.3,1,611.0,0,0,,0,0,0.2,0.4
0.3,1,612.0,0,0,,0,0,0.2,0.4
0.3,1,613.0,0,0,,0,0,0.2,0.4
0.3,1,614.0,0,1,,1,0,0.3,0.2
0.3,1,615.0,0,1,,0,0,0.3,0.2
0.3,1,616.0,1,2,,1,0,0.3,0.2
0.3,1,617.0,1,2,,0,0,0.2,0.1
0.3,1,618.0,0,1,0.0,0,1,0.2,0.1
0.3,1,619.0,0,1,2.169890110504184,1,1,0.3,0.2
0.3,1,620.0,0,0,0.0,0,1,0.3,0.3
0.3,1,621.0,0,0,,0,0,0.3,0.3
0.3,1,622.0,0,0,,0,0,0.3,0.3
0.3,1,623.0,0,1,,1,0,0.4,0.3
0.3,1,624.0,0,0,0.0,0,1,0.3,0.4
0.3,1,625.0,0,0,,0,0,0.3,0.4
0.3,1,626.0,0,0,,0,0,0.2,0.4
0.3,1,627.0,0,0,,0,0,0.2,0.4
0.3,1,628.0,0,0,,0,0,0.2,0.3
0.3,1,629.0,0,0,,0,0,0.1,0.2
0.3,1,630.0,0,0,,0,0,0.1,0.1
0.3,1,631.0,0,0,,0,0,0.1,0.1
0.3,1,632.0,0,0,,0,0,0.1,0.1
0.3,1,633.0,0,0,0.0,1,1,0.1,0.2
0.3,1,634.0,0,0,,0,0,0.1,0.1
0.3,1,635.0,0,0,,0,0,0.1,0.1
0.3,1,636.0,0,0,,0,0,0.1,0.1
0.3,1,637.0,0,0,,0,0,0.1,0.1
0.3,1,638.0,0,1,,1,0,0.2,0.1
0.3,1,639.0,3,4,,3,0,0.5,0.1
0.3,1,640.0,1,2,0.7549094669574288,0,2,0.5,0.3
0.3,1,641.0,0,1,1.6381556018540095,1,2,0.6,0.5
0.3,1,642.0,0,1,,0,0,0.6,0.5
0.3,1,643.0,0,0,0.25911778585361844,0,1,0.5,0.5
0.3,1,644.0,0,0,,0,0,0.5,0.5
0.3,1,645.0,0,0,,0,0,0.5,0.5
0.3,1,646.0,0,0,,0,0,0.5,0.5
0.3,1,647.0,0,1,,1,0,0.6,0.5
0.3,1,648.0,0,0,0.0,0,1,0.5,0.6
0.3,1,649.0,0,0,,0,0,0.2,0.6
0.3,1,650.0,0,0,,0,0,0.2,0.4
0.3,1,651.0,0,0,,0,0,0.1,0.2
0.3,1,652.0,0,0,,0,0,0.1,0.2
0.3,1,653.0,0,0,,0,0,0.1,0.1
0.3,1,654.0,0,0,,0,0,0.1,0.1
0.3,1,655.0,0,1,,1,0,0.2,0.1
0.3,1,656.0,0,0,0.0,0,1,0.2,0.2
0.3,1,657.0,0,0,,0,0,0.1,0.2
0.3,1,658.0,0,0,,0,0,0.1,0.1
0.3,1,659.0,0,0,,0,0,0.1,0.1
0.3,1,660.0,0,0,,0,0,0.1,0.1
0.3,1,661.0,0,0,,0,0,0.1,0.1
0.3,1,662.0,0,1,,1,0,0.2,0.1
0.3,1,663.0,0,1,0.0,1,1,0.3,0.2
0.3,1,664.0,0,1,0.0,1,1,0.4,0.3
0.3,1,665.0,0,0,0.0,0,1,0.3,0.4
0.3,1,666.0,0,1,,1,0,0.4,0.3
0.3,1,667.0,0,1,,0,0,0.4,0.3
0.3,1,668.0,0,1,,0,0,0.4,0.3
0.3,1,669.0,0,0,0.0,0,1,0.4,0.4
0.3,1,670.0,0,0,,0,0,0.4,0.4
0.3,1,671.0,0,1,,1,0,0.5,0.4
0.3,1,672.0,0,0,0.07190089729522242,1,2,0.5,0.6
0.3,1,673.0,0,1,,1,0,0.5,0.5
0.3,1,674.0,0,1,,0,0,0.4,0.4
0.3,1,675.0,1,2,,1,0,0.5,0.3
0.3,1,676.0,1,2,,0,0,0.4,0.3
0.3,1,677.0,1,2,,0,0,0.4,0.3
0.3,1,678.0,0,1,1.5737530316234825,1,2,0.5,0.5
0.3,1,679.0,0,0,0.0,0,1,0.5,0.5
0.3,1,680.0,0,0,,0,0,0.5,0.5
0.3,1,681.0,0,0,,0,0,0.4,0.5
0.3,1,682.0,0,0,,0,0,0.3,0.3
0.3,1,683.0,0,1,,1,0,0.3,0.3
0.3,1,684.0,0,0,0.0,0,1,0.3,0.4
0.3,1,685.0,0,0,,0,0,0.2,0.4
0.3,1,686.0,1,2,,2,0,0.4,0.4
0.3,1,687.0,0,1,0.0,0,1,0.4,0.5
0.3,1,688.0,0,0,0.680102125327835,0,1,0.3,0.4
0.3,1,689.0,0,0,,0,0,0.3,0.3
0.3,1,690.0,0,0,,0,0,0.3,0.3
0.3,1,691.0,0,0,,0,0,0.3,0.3
0.3,1,692.0,0,0,,0,0,0.3,0.3
0.3,1,693.0,0,0,,0,0,0.2,0.3
0.3,1,694.0,0,0,0.0,1,1,0.3,0.3
0.3,1,695.0,0,1,,1,0,0.4,0.3
0.3,1,696.0,0,0,0.0,0,1,0.2,0.4
0.3,1,697.0,0,0,,0,0,0.2,0.3
0.3,1,698.0,0,1,,1,0,0.3,0.2
0.3,1,699.0,0,1,,0,0,0.3,0.2
0.3,1,700.0,0,0,0.0,0,1,0.3,0.3
0.3,1,701.0,0,0,,0,0,0.3,0.3
0.3,1,702.0,0,0,,0,0,0.3,0.3
0.3,1,703.0,0,0,,0,0,0.3,0.3
0.3,1,704.0,0,0,0.0,1,1,0.3,0.3
0.3,1,705.0,0,0,,0,0,0.2,0.3
0.3,1,706.0,0,0,,0,0,0.2,0.2
0.3,1,707.0,0,0,,0,0,0.2,0.2
0.3,1,708.0,0,0,,0,0,0.1,0.2
0.3,1,709.0,0,0,,0,0,0.1,0.2
0.3,1,710.0,0,0,,0,0,0.1,0.1
0.3,1,711.0,0,0,,0,0,0.1,0.1
0.3,1,712.0,0,0,,0,0,0.1,0.1
0.3,1,713.0,0,0,,0,0,0.1,0.1
0.3,1,714.0,0,0,,0,0,0.0,0.0
0.3,1,715.0,0,0,,0,0,0.0,0.0
0.3,1,716.0,0,0,0.0,1,1,0.1,0.1
0.3,1,717.0,0,0,,0,0,0.1,0.1
0.3,1,718.0,0,0,,0,0,0.1,0.1
0.3,1,719.0,0,0,,0,0,0.1,0.1
0.3,1,720.0,0,0,,0,0,0.1,0.1
0.3,1,721.0,0,1,,1,0,0.2,0.1
0.3,1,722.0,0,0,0.0,0,1,0.2,0.2
0.3,1,723.0,0,0,,0,0,0.2,0.2
0.3,1,724.0,0,1,,1,0,0.3,0.2
0.3,1,725.0,0,1,0.0,1,1,0.4,0.3
0.3,1,726.0,0,0,0.0,0,1,0.3,0.3
0.3,1,727.0,0,0,,0,0,0.3,0.3
0.3,1,728.0,0,0,0.0,1,1,0.4,0.4
0.3,1,729.0,0,0,,0,0,0.4,0.4
0.3,1,730.0,0,1,,1,0,0.5,0.4
0.3,1,731.0,0,0,0.0,0,1,0.4,0.5
0.3,1,732.0,0,0,,0,0,0.4,0.4
0.3,1,733.0,1,2,0.0,3,1,0.7,0.5
0.3,1,734.0,1,2,0.2022471579977605,2,2,0.8,0.7
0.3,1,735.0,0,1,0.6489483081091407,1,2,0.8,0.8
0.3,1,736.0,1,2,,1,0,0.9,0.7
0.3,1,737.0,0,1,0.7790282780887878,1,2,1.0,0.9
0.3,1,738.0,0,1,0.0,1,1,1.0,0.9
0.3,1,739.0,0,1,,0,0,1.0,0.9
0.3,1,740.0,0,0,0.0,1,2,1.0,1.1
0.3,1,741.0,0,0,,0,0,1.0,1.0
0.3,1,742.0,0,0,,0,0,1.0,1.0
0.3,1,743.0,0,0,,0,0,0.7,0.9
0.3,1,744.0,0,1,,1,0,0.6,0.7
0.3,1,745.0,0,1,0.0,1,1,0.6,0.6
0.3,1,746.0,0,1,0.0,1,1,0.6,0.7
0.3,1,747.0,0,0,0.0,0,1,0.5,0.6
0.3,1,748.0,0,0,,0,0,0.4,0.5
0.3,1,749.0,0,0,,0,0,0.4,0.5
0.3,1,750.0,0,0,,0,0,0.3,0.3
0.3,1,751.0,0,1,,1,0,0.4,0.3
0.3,1,752.0,0,0,0.0,0,1,0.4,0.4
0.3,1,753.0,0,0,,0,0,0.4,0.4
0.3,1,754.0,0,0,,0,0,0.3,0.4
0.3,1,755.0,0,0,,0,0,0.2,0.3
0.3,1,756.0,0,0,,0,0,0.1,0.2
0.3,1,757.0,0,0,,0,0,0.1,0.1
0.3,1,758.0,0,1,,1,0,0.2,0.1
0.3,1,759.0,0,0,0.0,0,1,0.2,0.2
0.3,1,760.0,0,0,,0,0,0.2,0.2
0.3,1,761.0,0,0,,0,0,0.1,0.2
0.3,1,762.0,0,0,,0,0,0.1,0.1
0.3,1,763.0,0,0,0.0,1,1,0.2,0.2
0.3,1,764.0,0,0,,0,0,0.2,0.2
0.3,1,765.0,0,0,,0,0,0.2,0.2
0.3,1,766.0,0,0,,0,0,0.2,0.2
0.3,1,767.0,0,0,,0,0,0.2,0.2
0.3,1,768.0,0,0,,0,0,0.1,0.2
0.3,1,769.0,0,0,,0,0,0.1,0.1
0.3,1,770.0,0,0,,0,0,0.1,0.1
0.3,1,771.0,0,0,,0,0,0.1,0.1
0.3,1,772.0,0,0,,0,0,0.1,0.1
0.3,1,773.0,0,0,,0,0,0.0,0.0
0.3,1,774.0,0,0,,0,0,0.0,0.0
0.3,1,775.0,0,0,,0,0,0.0,0.0
0.3,1,776.0,0,0,,0,0,0.0,0.0
0.3,1,777.0,0,0,,0,0,0.0,0.0
0.3,1,778.0,0,1,,1,0,0.1,0.0
0.3,1,779.0,0,0,0.0,0,1,0.1,0.1
0.3,1,780.0,0,0,,0,0,0.1,0.1
0.3,1,781.0,0,0,,0,0,0.1,0.1
0.3,1,782.0,0,0,,0,0,0.1,0.1
0.3,1,783.0,0,0,,0,0,0.1,0.1
0.3,1,784.0,0,0,,0,0,0.1,0.1
0.3,1,785.0,0,0,,0,0,0.1,0.1
0.3,1,786.0,0,0,,0,0,0.1,0.1
0.3,1,787.0,0,0,,0,0,0.1,0.1
0.3,1,788.0,0,0,,0,0,0.0,0.1
0.3,1,789.0,0,0,,0,0,0.0,0.0
0.3,1,790.0,0,0,,0,0,0.0,0.0
0.3,1,791.0,0,0,,0,0,0.0,0.0
0.3,1,792.0,0,1,,1,0,0.1,0.0
0.3,1,793.0,0,1,,0,0,0.1,0.0
0.3,1,794.0,0,1,0.0,1,1,0.2,0.1
0.3,1,795.0,0,0,0.0,0,1,0.2,0.2
0.3,1,796.0,0,0,,0,0,0.2,0.2
0.3,1,797.0,0,0,,0,0,0.2,0.2
0.3,1,798.0,0,0,,0,0,0.2,0.2
0.3,1,799.0,0,1,,1,0,0.3,0.2
0.3,1,800.0,0,1,0.0,1,1,0.4,0.3
0.3,1,801.0,1,2,,1,0,0.5,0.3
0.3,1,802.0,0,1,0.0,0,1,0.4,0.4
0.3,1,803.0,0,1,,0,0,0.4,0.4
0.3,1,804.0,1,2,,1,0,0.4,0.3
0.3,1,805.0,0,0,0.9327593391923301,0,2,0.4,0.4
0.3,1,806.0,0,1,,1,0,0.5,0.4
0.3,1,807.0,0,1,0.0,1,1,0.6,0.5
0.3,1,808.0,0,0,0.0,0,1,0.6,0.6
0.3,1,809.0,0,0,,0,0,0.5,0.6
0.3,1,810.0,0,0,,0,0,0.4,0.5
0.3,1,811.0,0,0,,0,0,0.3,0.5
0.3,1,812.0,0,1,,1,0,0.4,0.4
0.3,1,813.0,0,0,0.0,0,1,0.4,0.5
0.3,1,814.0,0,1,,1,0,0.4,0.5
0.3,1,815.0,0,1,0.0,1,1,0.5,0.4
0.3,1,816.0,0,1,,0,0,0.4,0.4
0.3,1,817.0,1,2,,1,0,0.4,0.3
0.3,1,818.0,0,0,0.8997692519056955,0,2,0.4,0.4
0.3,1,819.0,0,0,,0,0,0.4,0.4
0.3,1,820.0,0,0,,0,0,0.4,0.4
0.3,1,821.0,0,1,0.0,2,1,0.6,0.5
0.3,1,822.0,0,0,0.024915426987945466,0,1,0.5,0.6
0.3,1,823.0,0,0,,0,0,0.5,0.5
0.3,1,824.0,0,0,,0,0,0.4,0.5
0.3,1,825.0,0,0,,0,0,0.3,0.4
0.3,1,826.0,0,0,0.0,1,1,0.4,0.5
0.3,1,827.0,0,1,,1,0,0.4,0.5
0.3,1,828.0,0,1,,0,0,0.4,0.3
0.3,1,829.0,0,0,0.0,1,2,0.5,0.5
0.3,1,830.0,0,1,,1,0,0.6,0.5
0.3,1,831.0,1,2,,1,0,0.5,0.4
0.3,1,832.0,1,2,,0,0,0.5,0.3
0.3,1,833.0,0,1,0.0,0,1,0.5,0.4
0.3,1,834.0,0,0,1.778471231109279,0,1,0.5,0.5
0.3,1,835.0,0,0,,0,0,0.5,0.5
0.3,1,836.0,0,0,,0,0,0.4,0.4
0.3,1,837.0,0,0,,0,0,0.3,0.4
0.3,1,838.0,0,0,,0,0,0.3,0.4
0.3,1,839.0,0,0,,0,0,0.2,0.2
0.3,1,840.0,0,0,,0,0,0.1,0.2
0.3,1,841.0,0,1,0.0,2,1,0.2,0.3
0.3,1,842.0,0,0,0.0,0,1,0.2,0.4
0.3,1,843.0,0,0,,0,0,0.2,0.3
0.3,1,844.0,0,0,,0,0,0.2,0.2
0.3,1,845.0,0,1,0.0,2,1,0.4,0.3
0.3,1,846.0,0,0,0.1308802541748264,0,1,0.4,0.4
0.3,1,847.0,0,0,,0,0,0.4,0.4
0.3,1,848.0,0,0,,0,0,0.4,0.4
0.3,1,849.0,0,0,,0,0,0.4,0.4
0.3,1,850.0,0,1,,1,0,0.5,0.4
0.3,1,851.0,1,2,,1,0,0.4,0.3
0.3,1,852.0,1,2,0.0,1,1,0.5,0.3
0.3,1,853.0,0,0,1.19751665886929,0,2,0.5,0.5
0.3,1,854.0,0,1,0.0,2,1,0.7,0.6
0.3,1,855.0,0,0,0.0,0,1,0.5,0.6
0.3,1,856.0,0,1,,1,0,0.6,0.5
0.3,1,857.0,2,3,,2,0,0.8,0.5
0.3,1,858.0,3,4,,1,0,0.9,0.5
0.3,1,859.0,2,3,0.916544071264866,1,2,1.0,0.7
0.3,1,860.0,0,1,1.9302158287041493,0,2,0.9,0.9
0.3,1,861.0,0,0,0.5382815989338496,1,2,0.9,1.1
0.3,1,862.0,0,1,,1,0,0.9,1.0
0.3,1,863.0,0,0,0.0,0,1,0.9,0.9
0.3,1,864.0,0,0,,0,0,0.7,0.8
0.3,1,865.0,0,0,,0,0,0.7,0.7
0.3,1,866.0,0,1,,1,0,0.7,0.7
0.3,1,867.0,0,0,0.0,1,2,0.6,0.9
0.3,1,868.0,0,0,,0,0,0.5,0.9
0.3,1,869.0,0,0,,0,0,0.4,0.7
0.3,1,870.0,0,0,,0,0,0.4,0.5
0.3,1,871.0,0,0,,0,0,0.3,0.3
0.3,1,872.0,0,0,0.0,1,1,0.3,0.4
0.3,1,873.0,0,0,,0,0,0.3,0.3
0.3,1,874.0,0,0,,0,0,0.3,0.3
0.3,1,875.0,0,0,,0,0,0.3,0.3
0.3,1,876.0,0,0,,0,0,0.2,0.3
0.3,1,877.0,0,0,,0,0,0.1,0.1
0.3,1,878.0,0,1,,1,0,0.2,0.1
0.3,1,879.0,0,0,0.0,0,1,0.2,0.2
0.3,1,880.0,0,0,,0,0,0.2,0.2
0.3,1,881.0,0,0,,0,0,0.2,0.2
0.3,1,882.0,0,0,,0,0,0.1,0.1
0.3,1,883.0,0,0,,0,0,0.1,0.1
0.3,1,884.0,0,0,,0,0,0.1,0.1
0.3,1,885.0,0,0,,0,0,0.1,0.1
0.3,1,886.0,0,1,,1,0,0.2,0.1
0.3,1,887.0,0,0,0.0,0,1,0.2,0.2
0.3,1,888.0,0,1,,1,0,0.2,0.2
0.3,1,889.0,0,1,,0,0,0.2,0.1
0.3,1,890.0,0,0,0.0,0,1,0.2,0.2
0.3,1,891.0,0,0,,0,0,0.2,0.2
0.3,1,892.0,0,0,,0,0,0.2,0.2
0.3,1,893.0,1,2,,2,0,0.4,0.2
0.3,1,894.0,0,1,0.0,0,1,0.4,0.3
0.3,1,895.0,0,1,1.1455064412105003,1,1,0.5,0.4
0.3,1,896.0,0,0,0.0,1,2,0.5,0.6
0.3,1,897.0,0,0,,0,0,0.5,0.5
0.3,1,898.0,0,0,,0,0,0.4,0.5
0.3,1,899.0,0,0,,0,0,0.4,0.5
0.3,1,900.0,0,0,,0,0,0.4,0.4
0.3,1,901.0,0,1,0.0,2,1,0.6,0.5
0.3,1,902.0,0,1,,0,0,0.6,0.5
0.3,1,903.0,0,0,0.0,0,1,0.4,0.6
0.3,1,904.0,0,0,,0,0,0.4,0.5
0.3,1,905.0,0,0,,0,0,0.3,0.4
0.3,1,906.0,0,0,,0,0,0.2,0.2
0.3,1,907.0,0,1,,1,0,0.3,0.2
0.3,1,908.0,0,0,0.0,0,1,0.3,0.3
0.3,1,909.0,0,0,,0,0,0.3,0.3
0.3,1,910.0,0,0,,0,0,0.3,0.3
0.3,1,911.0,0,1,,1,0,0.2,0.2
0.3,1,912.0,0,0,0.0,0,1,0.2,0.3
0.3,1,913.0,1,2,,2,0,0.4,0.2
0.3,1,914.0,1,2,,0,0,0.4,0.2
0.3,1,915.0,1,2,,0,0,0.4,0.2
0.3,1,916.0,2,3,,1,0,0.5,0.2
0.3,1,917.0,0,0,1.5853826501280917,0,3,0.4,0.5
0.3,1,918.0,0,0,,0,0,0.4,0.4
0.3,1,919.0,0,0,,0,0,0.4,0.4
0.3,1,920.0,0,0,,0,0,0.4,0.4
0.3,1,921.0,0,0,,0,0,0.3,0.4
0.3,1,922.0,0,0,,0,0,0.3,0.3
0.3,1,923.0,0,0,,0,0,0.1,0.3
0.3,1,924.0,0,0,,0,0,0.1,0.3
0.3,1,925.0,0,0,,0,0,0.1,0.3
0.3,1,926.0,0,0,,0,0,0.0,0.3
0.3,1,927.0,0,0,,0,0,0.0,0.0
0.3,1,928.0,0,0,,0,0,0.0,0.0
0.3,1,929.0,0,0,,0,0,0.0,0.0
0.3,1,930.0,0,0,,0,0,0.0,0.0
0.3,1,931.0,0,0,,0,0,0.0,0.0
0.3,1,932.0,0,1,,1,0,0.1,0.0
0.3,1,933.0,0,0,0.0,0,1,0.1,0.1
0.3,1,934.0,0,0,,0,0,0.1,0.1
0.3,1,935.0,0,0,0.0,1,1,0.2,0.2
0.3,1,936.0,0,0,,0,0,0.2,0.2
0.3,1,937.0,0,1,0.0,2,1,0.4,0.3
0.3,1,938.0,0,0,0.0,0,1,0.4,0.4
0.3,1,939.0,0,0,,0,0,0.4,0.4
0.3,1,940.0,1,2,,2,0,0.6,0.4
0.3,1,941.0,2,3,,1,0,0.7,0.4
0.3,1,942.0,0,0,1.2823786105990773,0,3,0.6,0.7
0.3,1,943.0,0,0,,0,0,0.6,0.6
0.3,1,944.0,0,0,,0,0,0.6,0.6
0.3,1,945.0,0,0,,0,0,0.5,0.5
0.3,1,946.0,0,1,,1,0,0.6,0.5
0.3,1,947.0,0,0,0.0,0,1,0.4,0.5
0.3,1,948.0,0,0,,0,0,0.4,0.4
0.3,1,949.0,0,0,,0,0,0.4,0.4
0.3,1,950.0,0,0,,0,0,0.2,0.4
0.3,1,951.0,0,0,,0,0,0.1,0.4
0.3,1,952.0,0,0,,0,0,0.1,0.1
0.3,1,953.0,0,0,0.0,2,2,0.3,0.3
0.3,1,954.0,0,0,,0,0,0.3,0.3
0.3,1,955.0,0,0,,0,0,0.3,0.3
0.3,1,956.0,0,0,,0,0,0.2,0.3
0.3,1,957.0,0,0,,0,0,0.2,0.2
0.3,1,958.0,0,0,,0,0,0.2,0.2
0.3,1,959.0,0,0,,0,0,0.2,0.2
0.3,1,960.0,0,0,,0,0,0.2,0.2
0.3,1,961.0,0,0,,0,0,0.2,0.2
0.3,1,962.0,0,0,,0,0,0.2,0.2
0.3,1,963.0,0,0,,0,0,0.0,0.0
0.3,1,964.0,0,0,0.0,1,1,0.1,0.1
0.3,1,965.0,0,0,,0,0,0.1,0.1
0.3,1,966.0,0,0,,0,0,0.1,0.1
0.3,1,967.0,0,0,,0,0,0.1,0.1
0.3,1,968.0,0,0,0.0,1,1,0.2,0.2
0.3,1,969.0,0,0,,0,0,0.2,0.2
0.3,1,970.0,0,1,,1,0,0.3,0.2
0.3,1,971.0,0,0,0.0,0,1,0.3,0.3
0.3,1,972.0,0,0,,0,0,0.3,0.3
0.3,1,973.0,0,0,0.0,1,1,0.4,0.4
0.3,1,974.0,0,0,,0,0,0.3,0.3
0.3,1,975.0,0,0,,0,0,0.3,0.3
0.3,1,976.0,0,0,,0,0,0.3,0.3
0.3,1,977.0,0,0,,0,0,0.3,0.3
0.3,1,978.0,0,0,,0,0,0.2,0.2
0.3,1,979.0,0,0,,0,0,0.2,0.2
0.3,1,980.0,0,0,,0,0,0.1,0.2
0.3,1,981.0,0,0,,0,0,0.1,0.1
0.3,1,982.0,0,0,0.0,1,1,0.2,0.2
0.3,1,983.0,0,0,,0,0,0.1,0.1
0.3,1,984.0,0,0,,0,0,0.1,0.1
0.3,1,985.0,0,0,,0,0,0.1,0.1
0.3,1,986.0,0,0,0.0,1,1,0.2,0.2
0.3,1,987.0,0,1,,1,0,0.3,0.2
0.3,1,988.0,0,0,0.0,0,1,0.3,0.3
0.3,1,989.0,0,1,0.0,2,1,0.5,0.4
0.3,1,990.0,0,1,,0,0,0.5,0.4
0.3,1,991.0,0,0,0.0007562186015093175,0,1,0.5,0.5
0.3,1,992.0,0,0,,0,0,0.4,0.4
0.3,1,993.0,0,0,,0,0,0.4,0.4
0.3,1,994.0,0,0,,0,0,0.4,0.4
0.3,1,995.0,0,0,,0,0,0.4,0.4
0.3,1,996.0,0,0,,0,0,0.3,0.3
0.3,1,997.0,0,0,,0,0,0.2,0.3
0.3,1,998.0,0,0,,0,0,0.2,0.2
0.3,1,999.0,0,0,,0,0,0.0,0.1
0.3,1,1000.0,0,0,,0,0,0.0,0.1
0.3,1,1001.0,0,0,,0,0,0.0,0.0
0.3,1,1002.0,0,0,,0,0,0.0,0.0
0.3,1,1003.0,0,0,,0,0,0.0,0.0
0.3,1,1004.0,0,0,,0,0,0.0,0.0
0.3,1,1005.0,0,0,,0,0,0.0,0.0
0.3,1,1006.0,0,0,,0,0,0.0,0.0
0.3,1,1007.0,0,0,,0,0,0.0,0.0
0.3,1,1008.0,0,0,,0,0,0.0,0.0
0.3,1,1009.0,0,0,,0,0,0.0,0.0
0.3,1,1010.0,0,0,,0,0,0.0,0.0
0.3,1,1011.0,0,1,,1,0,0.1,0.0
0.3,1,1012.0,0,0,0.0,0,1,0.1,0.1
0.3,1,1013.0,0,0,0.0,1,1,0.2,0.2
0.3,1,1014.0,0,0,,0,0,0.2,0.2
0.3,1,1015.0,0,0,,0,0,0.2,0.2
0.3,1,1016.0,0,1,,1,0,0.3,0.2
0.3,1,1017.0,0,0,0.0,0,1,0.3,0.3
0.3,1,1018.0,0,0,,0,0,0.3,0.3
0.3,1,1019.0,0,1,,1,0,0.4,0.3
0.3,1,1020.0,0,1,0.0,1,1,0.5,0.4
0.3,1,1021.0,0,0,0.211353283871631,1,2,0.5,0.6
0.3,1,1022.0,0,0,,0,0,0.5,0.5
0.3,1,1023.0,0,0,,0,0,0.4,0.4
0.3,1,1024.0,0,0,,0,0,0.4,0.4
0.3,1,1025.0,0,0,,0,0,0.4,0.4
0.3,1,1026.0,0,0,,0,0,0.3,0.4
0.3,1,1027.0,0,0,,0,0,0.3,0.3
0.3,1,1028.0,0,1,,1,0,0.4,0.3
0.3,1,1029.0,0,0,0.0,0,1,0.3,0.4
0.3,1,1030.0,0,0,,0,0,0.2,0.3
0.3,1,1031.0,0,0,,0,0,0.1,0.1
0.3,1,1032.0,0,0,,0,0,0.1,0.1
0.3,1,1033.0,0,0,,0,0,0.1,0.1
0.3,1,1034.0,0,0,,0,0,0.1,0.1
0.3,1,1035.0,0,0,,0,0,0.1,0.1
0.3,1,1036.0,0,0,,0,0,0.1,0.1
0.3,1,1037.0,0,0,,0,0,0.1,0.1
0.3,1,1038.0,0,0,,0,0,0.0,0.1
0.3,1,1039.0,0,0,,0,0,0.0,0.0
0.3,1,1040.0,0,0,,0,0,0.0,0.0
0.3,1,1041.0,0,0,,0,0,0.0,0.0
0.3,1,1042.0,0,1,,1,0,0.1,0.0
0.3,1,1043.0,0,1,0.0,1,1,0.2,0.1
0.3,1,1044.0,2,3,0.0,3,1,0.5,0.2
0.3,1,1045.0,1,2,0.3757054274180973,0,1,0.5,0.3
0.3,1,1046.0,0,0,1.0706008606047135,0,2,0.5,0.5
0.3,1,1047.0,0,0,,0,0,0.5,0.5
0.3,1,1048.0,0,0,0.0,1,1,0.6,0.6
0.3,1,1049.0,0,0,,0,0,0.6,0.6
0.3,1,1050.0,0,1,,1,0,0.7,0.6
0.3,1,1051.0,0,0,0.0,0,1,0.7,0.7
0.3,1,1052.0,0,0,,0,0,0.6,0.7
0.3,1,1053.0,0,0,,0,0,0.5,0.6
0.3,1,1054.0,0,0,,0,0,0.2,0.5
0.3,1,1055.0,0,0,,0,0,0.2,0.4
0.3,1,1056.0,0,0,,0,0,0.2,0.2
0.3,1,1057.0,0,1,,1,0,0.3,0.2
0.3,1,1058.0,1,2,0.0,2,1,0.4,0.2
0.3,1,1059.0,0,0,0.326598194754979,0,2,0.4,0.4
0.3,1,1060.0,0,0,,0,0,0.3,0.4
0.3,1,1061.0,0,0,,0,0,0.3,0.3
0.3,1,1062.0,0,0,,0,0,0.3,0.3
0.3,1,1063.0,0,0,,0,0,0.3,0.3
0.3,1,1064.0,0,0,,0,0,0.3,0.3
0.3,1,1065.0,0,0,,0,0,0.3,0.3
0.3,1,1066.0,0,0,,0,0,0.3,0.3
0.3,1,1067.0,0,0,,0,0,0.2,0.3
0.3,1,1068.0,0,0,,0,0,0.0,0.2
0.3,1,1069.0,0,0,0.0,1,1,0.1,0.1
0.3,1,1070.0,0,0,,0,0,0.1,0.1
0.3,1,1071.0,0,0,,0,0,0.1,0.1
0.3,1,1072.0,0,0,,0,0,0.1,0.1
0.3,1,1073.0,0,0,,0,0,0.1,0.1
0.3,1,1074.0,0,1,,1,0,0.2,0.1
0.3,1,1075.0,0,1,,0,0,0.2,0.1
0.3,1,1076.0,0,0,0.0,0,1,0.2,0.2
0.3,1,1077.0,0,1,,1,0,0.3,0.2
0.3,1,1078.0,0,0,0.0,0,1,0.3,0.3
0.3,1,1079.0,0,0,0.0,1,1,0.3,0.3
0.3,1,1080.0,0,0,,0,0,0.3,0.3
0.3,1,1081.0,0,0,,0,0,0.3,0.3
0.3,1,1082.0,0,0,,0,0,0.3,0.3
0.3,1,1083.0,0,0,,0,0,0.3,0.3
0.3,1,1084.0,0,0,0.0,1,1,0.3,0.4
0.3,1,1085.0,0,1,,1,0,0.4,0.4
0.3,1,1086.0,0,1,,0,0,0.4,0.3
0.3,1,1087.0,0,1,,0,0,0.3,0.3
0.3,1,1088.0,0,0,0.0,0,1,0.3,0.3
0.3,1,1089.0,0,0,,0,0,0.2,0.2
0.3,1,1090.0,0,0,,0,0,0.2,0.2
0.3,1,1091.0,0,0,,0,0,0.2,0.2
0.3,1,1092.0,0,0,0.0,1,1,0.3,0.3
0.3,1,1093.0,0,0,0.0,1,1,0.4,0.4
0.3,1,1094.0,0,0,,0,0,0.3,0.3
0.3,1,1095.0,0,0,,0,0,0.2,0.3
0.3,1,1096.0,0,1,,1,0,0.3,0.3
0.3,1,1097.0,0,1,,0,0,0.3,0.3
0.3,1,1098.0,0,0,0.0,0,1,0.3,0.3
0.3,1,1099.0,0,0,,0,0,0.3,0.3
0.3,1,1100.0,0,0,0.0,1,1,0.4,0.4
0.3,1,1101.0,0,0,,0,0,0.4,0.4
0.3,1,1102.0,0,0,,0,0,0.3,0.3
0.3,1,1103.0,0,0,0.0,1,1,0.3,0.3
0.3,1,1104.0,0,0,,0,0,0.3,0.3
0.3,1,1105.0,0,0,,0,0,0.3,0.3
0.3,1,1106.0,0,0,,0,0,0.2,0.3
0.3,1,1107.0,0,1,,1,0,0.3,0.3
0.3,1,1108.0,0,0,0.0,0,1,0.3,0.3
0.3,1,1109.0,0,0,,0,0,0.3,0.3
0.3,1,1110.0,0,1,,1,0,0.3,0.2
0.3,1,1111.0,0,0,0.0,0,1,0.3,0.3
0.3,1,1112.0,0,0,,0,0,0.3,0.3
0.3,1,1113.0,0,0,,0,0,0.2,0.2
0.3,1,1114.0,0,0,,0,0,0.2,0.2
0.3,1,1115.0,0,0,,0,0,0.2,0.2
0.3,1,1116.0,0,1,,1,0,0.3,0.2
0.3,1,1117.0,0,1,,0,0,0.2,0.2
0.3,1,1118.0,0,0,0.0,0,1,0.2,0.2
0.3,1,1119.0,0,0,0.0,1,1,0.3,0.3
0.3,1,1120.0,0,0,,0,0,0.2,0.3
0.3,1,1121.0,0,0,,0,0,0.2,0.2
0.3,1,1122.0,0,0,,0,0,0.2,0.2
0.3,1,1123.0,0,0,,0,0,0.2,0.2
0.3,1,1124.0,0,1,,1,0,0.3,0.2
0.3,1,1125.0,0,0,0.0,0,1,0.3,0.3
0.3,1,1126.0,0,0,,0,0,0.2,0.3
0.3,1,1127.0,0,0,,0,0,0.2,0.3
0.3,1,1128.0,0,0,,0,0,0.2,0.2
0.3,1,1129.0,0,0,0.0,1,1,0.2,0.2
0.3,1,1130.0,0,0,,0,0,0.2,0.2
0.3,1,1131.0,0,1,,1,0,0.3,0.2
0.3,1,1132.0,0,1,,0,0,0.3,0.2
0.3,1,1133.0,2,3,,2,0,0.5,0.2
0.3,1,1134.0,1,2,0.3910272547392424,1,2,0.5,0.4
0.3,1,1135.0,3,4,,2,0,0.7,0.3
0.3,1,1136.0,2,3,0.3558987496453483,0,1,0.7,0.4
0.3,1,1137.0,1,2,2.299769280804412,0,1,0.7,0.5
0.3,1,1138.0,0,1,2.479101595948123,0,1,0.7,0.6
0.3,1,1139.0,0,1,,0,0,0.6,0.5
0.3,1,1140.0,0,1,2.4743375885011574,1,1,0.7,0.6
0.3,1,1141.0,0,1,,0,0,0.6,0.6
0.3,1,1142.0,0,0,0.2534416702010276,0,1,0.6,0.7
0.3,1,1143.0,0,0,,0,0,0.4,0.7
0.3,1,1144.0,0,0,0.0,1,1,0.4,0.6
0.3,1,1145.0,0,0,,0,0,0.2,0.6
0.3,1,1146.0,0,0,,0,0,0.2,0.5
0.3,1,1147.0,0,0,,0,0,0.2,0.4
0.3,1,1148.0,0,0,,0,0,0.2,0.3
0.3,1,1149.0,0,0,,0,0,0.2,0.3
0.3,1,1150.0,0,0,0.0,1,1,0.2,0.3
0.3,1,1151.0,0,0,,0,0,0.2,0.3
0.3,1,1152.0,0,0,,0,0,0.2,0.2
0.3,1,1153.0,0,1,,1,0,0.3,0.2
0.3,1,1154.0,0,1,,0,0,0.2,0.1
0.3,1,1155.0,0,1,,0,0,0.2,0.1
0.3,1,1156.0,0,0,0.0,0,1,0.2,0.2
0.3,1,1157.0,0,0,,0,0,0.2,0.2
0.3,1,1158.0,0,0,,0,0,0.2,0.2
0.3,1,1159.0,0,0,,0,0,0.2,0.2
0.3,1,1160.0,0,0,,0,0,0.1,0.1
0.3,1,1161.0,0,0,,0,0,0.1,0.1
0.3,1,1162.0,0,0,,0,0,0.1,0.1
0.3,1,1163.0,0,0,,0,0,0.0,0.1
0.3,1,1164.0,0,0,,0,0,0.0,0.1
0.3,1,1165.0,0,0,0.0,1,1,0.1,0.2
0.3,1,1166.0,0,0,,0,0,0.1,0.1
0.3,1,1167.0,0,0,,0,0,0.1,0.1
0.3,1,1168.0,0,0,,0,0,0.1,0.1
0.3,1,1169.0,0,0,,0,0,0.1,0.1
0.3,1,1170.0,0,0,,0,0,0.1,0.1
0.3,1,1171.0,0,1,,1,0,0.2,0.1
0.3,1,1172.0,0,0,0.0,0,1,0.2,0.2
0.3,1,1173.0,0,0,,0,0,0.2,0.2
0.3,1,1174.0,0,0,,0,0,0.2,0.2
0.3,1,1175.0,0,0,,0,0,0.1,0.1
0.3,1,1176.0,0,0,,0,0,0.1,0.1
0.3,1,1177.0,0,0,,0,0,0.1,0.1
0.3,1,1178.0,0,1,0.0,2,1,0.3,0.2
0.3,1,1179.0,0,0,0.0,0,1,0.3,0.3
0.3,1,1180.0,0,0,0.0,1,1,0.4,0.4
0.3,1,1181.0,0,1,,1,0,0.4,0.4
0.3,1,1182.0,1,2,,1,0,0.5,0.3
0.3,1,1183.0,1,2,0.0,1,1,0.6,0.4
0.3,1,1184.0,0,0,0.9274356491208664,0,2,0.6,0.6
0.3,1,1185.0,0,0,0.0,1,1,0.7,0.7
0.3,1,1186.0,0,0,,0,0,0.7,0.7
0.3,1,1187.0,0,0,,0,0,0.7,0.7
0.3,1,1188.0,0,0,,0,0,0.5,0.6
0.3,1,1189.0,0,1,,1,0,0.6,0.5
0.3,1,1190.0,0,0,0.0,0,1,0.5,0.5
0.3,1,1191.0,0,0,,0,0,0.4,0.5
0.3,1,1192.0,0,1,,1,0,0.4,0.5
0.3,1,1193.0,0,0,0.0,0,1,0.3,0.5
0.3,1,1194.0,0,0,0.0,1,1,0.4,0.4
0.3,1,1195.0,1,2,,2,0,0.5,0.3
0.3,1,1196.0,1,2,,0,0,0.5,0.3
0.3,1,1197.0,0,0,1.0032965123774602,0,2,0.5,0.5
0.3,1,1198.0,0,0,,0,0,0.5,0.5
0.3,1,1199.0,0,0,,0,0,0.4,0.5
0.3,1,1200.0,0,0,,0,0,0.4,0.4
0.3,1,1201.0,0,0,,0,0,0.4,0.4
0.3,1,1202.0,0,0,,0,0,0.3,0.4
0.3,1,1203.0,0,0,,0,0,0.3,0.3
0.3,1,1204.0,0,0,,0,0,0.2,0.2
0.3,1,1205.0,0,0,,0,0,0.0,0.2
0.3,1,1206.0,0,0,,0,0,0.0,0.2
0.3,1,1207.0,0,0,,0,0,0.0,0.0
0.3,1,1208.0,0,0,,0,0,0.0,0.0
0.3,1,1209.0,0,0,,0,0,0.0,0.0
0.3,1,1210.0,0,0,0.0,1,1,0.1,0.1
0.3,1,1211.0,0,1,,1,0,0.2,0.1
0.3,1,1212.0,0,0,0.0,0,1,0.2,0.2
0.3,1,1213.0,0,0,,0,0,0.2,0.2
0.3,1,1214.0,0,0,,0,0,0.2,0.2
0.3,1,1215.0,0,0,,0,0,0.2,0.2
0.3,1,1216.0,0,0,,0,0,0.2,0.2
0.3,1,1217.0,0,0,0.0,1,1,0.3,0.3
0.3,1,1218.0,0,1,,1,0,0.4,0.3
0.3,1,1219.0,0,1,0.0,1,1,0.5,0.4
0.3,1,1220.0,0,1,,0,0,0.4,0.3
0.3,1,1221.0,0,0,0.5374178949216457,0,1,0.3,0.4
0.3,1,1222.0,0,0,,0,0,0.3,0.3
0.3,1,1223.0,0,0,,0,0,0.3,0.3
0.3,1,1224.0,0,1,,1,0,0.4,0.3
0.3,1,1225.0,0,0,0.0,0,1,0.4,0.4
0.3,1,1226.0,0,0,,0,0,0.4,0.4
0.3,1,1227.0,0,0,,0,0,0.3,0.3
0.3,1,1228.0,0,0,0.0,1,1,0.3,0.4
0.3,1,1229.0,0,0,0.0,1,1,0.3,0.4
0.3,1,1230.0,0,0,,0,0,0.3,0.4
0.3,1,1231.0,0,0,,0,0,0.3,0.3
0.3,1,1232.0,0,1,,1,0,0.4,0.3
0.3,1,1233.0,0,0,0.0,0,1,0.4,0.4
0.3,1,1234.0,0,0,,0,0,0.3,0.4
0.3,1,1235.0,0,1,,1,0,0.4,0.3
0.3,1,1236.0,0,1,,0,0,0.4,0.3
0.3,1,1237.0,0,1,,0,0,0.4,0.3
0.3,1,1238.0,0,0,0.0,0,1,0.3,0.3
0.3,1,1239.0,0,0,0.0,1,1,0.3,0.3
0.3,1,1240.0,0,0,,0,0,0.3,0.3
0.3,1,1241.0,0,0,,0,0,0.3,0.3
0.3,1,1242.0,0,0,,0,0,0.2,0.3
0.3,1,1243.0,0,0,,0,0,0.2,0.2
0.3,1,1244.0,0,0,,0,0,0.2,0.2
0.3,1,1245.0,0,1,,1,0,0.2,0.2
0.3,1,1246.0,0,0,0.0,0,1,0.2,0.3
0.3,1,1247.0,0,0,,0,0,0.2,0.3
0.3,1,1248.0,0,0,,0,0,0.2,0.2
0.3,1,1249.0,0,0,0.0,1,1,0.2,0.2
0.3,1,1250.0,0,0,,0,0,0.2,0.2
0.3,1,1251.0,0,0,,0,0,0.2,0.2
0.3,1,1252.0,0,0,,0,0,0.2,0.2
0.3,1,1253.0,0,0,,0,0,0.2,0.2
0.3,1,1254.0,0,0,,0,0,0.2,0.2
0.3,1,1255.0,0,0,,0,0,0.1,0.2
0.3,1,1256.0,0,0,,0,0,0.1,0.1
0.3,1,1257.0,0,0,,0,0,0.1,0.1
0.3,1,1258.0,0,0,,0,0,0.1,0.1
0.3,1,1259.0,0,0,,0,0,0.0,0.0
0.3,1,1260.0,0,1,,1,0,0.1,0.0
0.3,1,1261.0,0,0,0.0,0,1,0.1,0.1
0.3,1,1262.0,0,0,,0,0,0.1,0.1
0.3,1,1263.0,0,0,,0,0,0.1,0.1
0.3,1,1264.0,0,0,,0,0,0.1,0.1
0.3,1,1265.0,0,0,,0,0,0.1,0.1
0.3,1,1266.0,0,0,,0,0,0.1,0.1
0.3,1,1267.0,0,0,,0,0,0.1,0.1
0.3,1,1268.0,0,0,,0,0,0.1,0.1
0.3,1,1269.0,0,0,,0,0,0.1,0.1
0.3,1,1270.0,0,0,,0,0,0.0,0.1
0.3,1,1271.0,0,1,,1,0,0.1,0.0
0.3,1,1272.0,0,1,,0,0,0.1,0.0
0.3,1,1273.0,0,0,0.0,0,1,0.1,0.1
0.3,1,1274.0,0,0,,0,0,0.1,0.1
0.3,1,1275.0,0,0,,0,0,0.1,0.1
0.3,1,1276.0,0,0,,0,0,0.1,0.1
0.3,1,1277.0,0,0,,0,0,0.1,0.1
0.3,1,1278.0,0,0,,0,0,0.1,0.1
0.3,1,1279.0,0,0,,0,0,0.1,0.1
0.3,1,1280.0,0,0,,0,0,0.1,0.1
0.3,1,1281.0,0,0,,0,0,0.0,0.1
0.3,1,1282.0,0,0,,0,0,0.0,0.1
0.3,1,1283.0,0,0,0.0,2,2,0.2,0.2
0.3,1,1284.0,0,0,,0,0,0.2,0.2
0.3,1,1285.0,0,0,,0,0,0.2,0.2
0.3,1,1286.0,0,0,,0,0,0.2,0.2
0.3,1,1287.0,0,0,,0,0,0.2,0.2
0.3,1,1288.0,0,0,,0,0,0.2,0.2
0.3,1,1289.0,0,0,,0,0,0.2,0.2
0.3,1,1290.0,0,0,,0,0,0.2,0.2
0.3,1,1291.0,0,0,0.0,1,1,0.3,0.3
0.3,1,1292.0,0,0,,0,0,0.3,0.3
0.3,1,1293.0,0,1,,1,0,0.2,0.1
0.3,1,1294.0,0,1,,0,0,0.2,0.1
0.3,1,1295.0,1,2,,1,0,0.3,0.1
0.3,1,1296.0,0,1,0.0250817729119035,1,2,0.4,0.3
0.3,1,1297.0,0,0,0.0,0,1,0.4,0.4
0.3,1,1298.0,0,0,0.0,1,1,0.5,0.5
0.3,1,1299.0,0,1,,1,0,0.6,0.5
0.3,1,1300.0,0,0,0.0,0,1,0.6,0.6
0.3,1,1301.0,0,0,,0,0,0.5,0.5
0.3,1,1302.0,0,0,,0,0,0.5,0.5
0.3,1,1303.0,0,0,,0,0,0.4,0.5
0.3,1,1304.0,0,0,,0,0,0.4,0.5
0.3,1,1305.0,0,0,,0,0,0.3,0.5
0.3,1,1306.0,0,0,,0,0,0.2,0.3
0.3,1,1307.0,0,0,,0,0,0.2,0.2
0.3,1,1308.0,0,0,,0,0,0.1,0.1
0.3,1,1309.0,0,0,,0,0,0.0,0.1
0.3,1,1310.0,0,0,,0,0,0.0,0.0
0.3,1,1311.0,1,2,,2,0,0.2,0.0
0.3,1,1312.0,2,3,,1,0,0.3,0.0
0.3,1,1313.0,2,3,,0,0,0.3,0.0
0.3,1,1314.0,1,2,1.3582847885243154,1,2,0.4,0.2
0.3,1,1315.0,0,1,1.7255893694915585,1,2,0.5,0.4
0.3,1,1316.0,0,0,0.0,0,1,0.5,0.5
0.3,1,1317.0,0,0,,0,0,0.5,0.5
0.3,1,1318.0,0,0,0.0,1,1,0.6,0.6
0.3,1,1319.0,0,0,,0,0,0.6,0.6
0.3,1,1320.0,0,0,0.0,1,1,0.7,0.7
0.3,1,1321.0,0,1,,1,0,0.6,0.7
0.3,1,1322.0,0,0,0.0,0,1,0.5,0.8
0.3,1,1323.0,0,0,,0,0,0.5,0.8
0.3,1,1324.0,0,0,,0,0,0.4,0.6
0.3,1,1325.0,0,0,0.0,1,1,0.4,0.5
0.3,1,1326.0,0,0,0.0,1,1,0.5,0.5
0.3,1,1327.0,0,0,,0,0,0.5,0.5
0.3,1,1328.0,0,0,,0,0,0.4,0.4
0.3,1,1329.0,0,0,,0,0,0.4,0.4
0.3,1,1330.0,0,1,,1,0,0.4,0.3
0.3,1,1331.0,0,0,0.0,0,1,0.3,0.4
0.3,1,1332.0,0,0,0.0,1,1,0.4,0.4
0.3,1,1333.0,0,0,,0,0,0.4,0.4
0.3,1,1334.0,0,0,,0,0,0.4,0.4
0.3,1,1335.0,0,0,,0,0,0.3,0.3
0.3,1,1336.0,0,0,,0,0,0.2,0.2
0.3,1,1337.0,0,0,,0,0,0.2,0.2
0.3,1,1338.0,0,1,,1,0,0.3,0.2
0.3,1,1339.0,0,0,0.0,0,1,0.3,0.3
0.3,1,1340.0,0,0,,0,0,0.2,0.3
0.3,1,1341.0,0,0,0.0,1,1,0.3,0.3
0.3,1,1342.0,0,0,,0,0,0.2,0.2
0.3,1,1343.0,0,0,,0,0,0.2,0.2
0.3,1,1344.0,0,0,,0,0,0.2,0.2
0.3,1,1345.0,0,0,,0,0,0.2,0.2
0.3,1,1346.0,0,0,,0,0,0.2,0.2
0.3,1,1347.0,0,0,,0,0,0.2,0.2
0.3,1,1348.0,0,0,,0,0,0.1,0.2
0.3,1,1349.0,0,0,,0,0,0.1,0.1
0.3,1,1350.0,0,0,,0,0,0.1,0.1
0.3,1,1351.0,0,1,,1,0,0.1,0.0
0.3,1,1352.0,0,0,0.0,0,1,0.1,0.1
0.3,1,1353.0,0,0,,0,0,0.1,0.1
0.3,1,1354.0,0,0,,0,0,0.1,0.1
0.3,1,1355.0,1,2,,2,0,0.3,0.1
0.3,1,1356.0,1,2,,0,0,0.3,0.1
0.3,1,1357.0,0,1,0.0,0,1,0.3,0.2
0.3,1,1358.0,0,0,1.8410026932353958,0,1,0.3,0.3
0.3,1,1359.0,0,1,,1,0,0.4,0.3
0.3,1,1360.0,0,0,0.0,0,1,0.4,0.4
0.3,1,1361.0,0,0,,0,0,0.3,0.4
0.3,1,1362.0,0,0,,0,0,0.3,0.3
0.3,1,1363.0,0,0,,0,0,0.3,0.3
0.3,1,1364.0,0,1,,1,0,0.4,0.3
0.3,1,1365.0,0,0,0.028350676243121598,1,2,0.3,0.5
0.3,1,1366.0,0,1,,1,0,0.4,0.5
0.3,1,1367.0,0,0,0.0,0,1,0.4,0.5
0.3,1,1368.0,0,0,,0,0,0.4,0.4
0.3,1,1369.0,0,0,,0,0,0.3,0.4
0.3,1,1370.0,0,0,,0,0,0.3,0.3
0.3,1,1371.0,0,0,,0,0,0.3,0.3
0.3,1,1372.0,0,0,,0,0,0.3,0.3
0.3,1,1373.0,0,0,,0,0,0.3,0.3
0.3,1,1374.0,0,0,,0,0,0.2,0.3
0.3,1,1375.0,0,0,,0,0,0.1,0.1
0.3,1,1376.0,0,0,,0,0,0.0,0.1
0.3,1,1377.0,0,0,,0,0,0.0,0.0
0.3,1,1378.0,0,0,,0,0,0.0,0.0
0.3,1,1379.0,0,0,,0,0,0.0,0.0
0.3,1,1380.0,0,0,0.0,1,1,0.1,0.1
0.3,1,1381.0,0,0,,0,0,0.1,0.1
0.3,1,1382.0,0,0,,0,0,0.1,0.1
0.3,1,1383.0,0,0,,0,0,0.1,0.1
0.3,1,1384.0,0,0,,0,0,0.1,0.1
0.3,1,1385.0,0,0,,0,0,0.1,0.1
0.3,1,1386.0,0,0,,0,0,0.1,0.1
0.3,1,1387.0,0,0,,0,0,0.1,0.1
0.3,1,1388.0,0,0,,0,0,0.1,0.1
0.3,1,1389.0,0,1,,1,0,0.2,0.1
0.3,1,1390.0,0,0,0.0,0,1,0.1,0.1
0.3,1,1391.0,0,0,,0,0,0.1,0.1
0.3,1,1392.0,0,0,0.0,1,1,0.2,0.2
0.3,1,1393.0,0,0,,0,0,0.2,0.2
0.3,1,1394.0,0,0,,0,0,0.2,0.2
0.3,1,1395.0,0,1,,1,0,0.3,0.2
0.3,1,1396.0,0,1,0.0,1,1,0.4,0.3
0.3,1,1397.0,0,0,0.0,0,1,0.4,0.4
0.3,1,1398.0,0,0,,0,0,0.4,0.4
0.3,1,1399.0,0,0,,0,0,0.3,0.4
0.3,1,1400.0,0,1,,1,0,0.4,0.3
0.3,1,1401.0,0,0,0.0,0,1,0.4,0.4
0.3,1,1402.0,0,0,,0,0,0.3,0.3
0.3,1,1403.0,0,0,,0,0,0.3,0.3
0.3,1,1404.0,0,0,,0,0,0.3,0.3
0.3,1,1405.0,0,0,,0,0,0.2,0.3
0.3,1,1406.0,0,0,,0,0,0.1,0.2
0.3,1,1407.0,0,0,,0,0,0.1,0.1
0.3,1,1408.0,0,0,,0,0,0.1,0.1
0.3,1,1409.0,0,0,0.0,1,1,0.2,0.2
0.3,1,1410.0,0,0,,0,0,0.1,0.2
0.3,1,1411.0,0,0,,0,0,0.1,0.1
0.3,1,1412.0,0,0,,0,0,0.1,0.1
0.3,1,1413.0,0,0,0.0,1,1,0.2,0.2
0.3,1,1414.0,0,0,0.0,1,1,0.3,0.3
0.3,1,1415.0,0,0,,0,0,0.3,0.3
0.3,1,1416.0,0,1,,1,0,0.4,0.3
0.3,1,1417.0,0,0,0.0,0,1,0.4,0.4
0.3,1,1418.0,0,0,,0,0,0.4,0.4
0.3,1,1419.0,0,0,,0,0,0.3,0.3
0.3,1,1420.0,0,1,,1,0,0.4,0.3
0.3,1,1421.0,0,1,,0,0,0.4,0.3
0.3,1,1422.0,1,2,,1,0,0.5,0.3
0.3,1,1423.0,1,2,,0,0,0.4,0.2
0.3,1,1424.0,1,2,,0,0,0.3,0.1
0.3,1,1425.0,1,2,,0,0,0.3,0.1
0.3,1,1426.0,2,3,,1,0,0.3,0.1
0.3,1,1427.0,2,3,0.0,1,1,0.4,0.1
0.3,1,1428.0,1,2,4.9580546142158255,0,1,0.4,0.2
0.3,1,1429.0,0,0,1.669263789648653,0,2,0.4,0.4
0.3,1,1430.0,0,0,,0,0,0.3,0.4
0.3,1,1431.0,0,0,,0,0,0.3,0.4
0.3,1,1432.0,0,0,,0,0,0.2,0.4
0.3,1,1433.0,0,0,,0,0,0.2,0.4
0.3,1,1434.0,0,0,,0,0,0.2,0.4
0.3,1,1435.0,0,0,0.0,1,1,0.3,0.5
0.3,1,1436.0,0,0,,0,0,0.2,0.5
0.3,1,1437.0,0,0,,0,0,0.1,0.4
0.3,1,1438.0,0,0,,0,0,0.1,0.3
0.3,1,1439.0,0,1,0.0,2,1,0.3,0.2
0.3,1,1440.0,0,1,0.0,1,1,0.4,0.3
0.3,1,1441.0,0,1,,0,0,0.4,0.3
0.3,1,1442.0,0,0,0.0,0,1,0.4,0.4
0.3,1,1443.0,0,1,,1,0,0.5,0.4
0.3,1,1444.0,0,0,0.0,0,1,0.5,0.5
0.3,1,1445.0,0,0,0.0,1,1,0.5,0.5
0.3,1,1446.0,0,0,0.0,1,1,0.6,0.6
0.3,1,1447.0,0,0,,0,0,0.6,0.6
0.3,1,1448.0,0,0,,0,0,0.6,0.6
0.3,1,1449.0,0,1,0.0,2,1,0.6,0.6
0.3,1,1450.0,1,2,,1,0,0.6,0.5
0.3,1,1451.0,1,2,,0,0,0.6,0.5
0.3,1,1452.0,0,1,0.0,0,1,0.6,0.5
0.3,1,1453.0,0,0,2.322795614214556,0,1,0.5,0.6
0.3,1,1454.0,0,0,,0,0,0.5,0.5
0.3,1,1455.0,0,0,,0,0,0.4,0.4
0.3,1,1456.0,0,0,,0,0,0.3,0.3
0.3,1,1457.0,0,0,0.0,1,1,0.4,0.4
0.3,1,1458.0,0,0,0.0,1,1,0.5,0.5
0.3,1,1459.0,0,0,,0,0,0.3,0.4
0.3,1,1460.0,0,0,,0,0,0.2,0.4
0.3,1,1461.0,0,1,,1,0,0.3,0.4
0.3,1,1462.0,0,0,0.0,0,1,0.3,0.4
0.3,1,1463.0,0,0,,0,0,0.3,0.3
0.3,1,1464.0,0,0,,0,0,0.3,0.3
0.3,1,1465.0,0,1,,1,0,0.4,0.3
0.3,1,1466.0,0,0,0.0,0,1,0.4,0.4
0.3,1,1467.0,0,1,,1,0,0.4,0.3
0.3,1,1468.0,0,1,0.0,1,1,0.4,0.3
0.3,1,1469.0,0,1,0.33680052033514585,1,1,0.5,0.4
0.3,1,1470.0,0,1,,0,0,0.5,0.4
0.3,1,1471.0,0,1,,0,0,0.4,0.4
0.3,1,1472.0,0,1,,0,0,0.4,0.3
0.3,1,1473.0,0,0,0.0,0,1,0.4,0.4
0.3,1,1474.0,0,1,,1,0,0.5,0.4
0.3,1,1475.0,0,1,,0,0,0.4,0.4
0.3,1,1476.0,1,2,,1,0,0.5,0.3
0.3,1,1477.0,0,1,0.0,0,1,0.4,0.4
0.3,1,1478.0,0,0,0.9165270564369621,0,1,0.3,0.4
0.3,1,1479.0,0,0,,0,0,0.2,0.3
0.3,1,1480.0,0,0,,0,0,0.2,0.3
0.3,1,1481.0,0,1,,1,0,0.3,0.3
0.3,1,1482.0,0,1,0.0,1,1,0.4,0.4
0.3,1,1483.0,0,0,0.6824648426045314,0,1,0.4,0.4
0.3,1,1484.0,0,1,,1,0,0.4,0.4
0.3,1,1485.0,0,0,0.0,0,1,0.4,0.5
0.3,1,1486.0,0,0,,0,0,0.3,0.5
0.3,1,1487.0,0,0,,0,0,0.3,0.4
0.3,1,1488.0,0,1,,1,0,0.4,0.3
0.3,1,1489.0,0,0,0.0,0,1,0.4,0.4
0.3,1,1490.0,0,0,,0,0,0.4,0.4
0.3,1,1491.0,0,0,,0,0,0.3,0.4
0.3,1,1492.0,0,0,,0,0,0.2,0.3
0.3,1,1493.0,0,1,,1,0,0.3,0.2
0.3,1,1494.0,0,0,0.0,0,1,0.2,0.3
0.3,1,1495.0,0,0,,0,0,0.2,0.2
0.3,1,1496.0,0,1,,1,0,0.3,0.2
0.3,1,1497.0,0,1,,0,0,0.3,0.2
0.3,1,1498.0,0,0,0.0,0,1,0.2,0.3
0.3,1,1499.0,0,1,,1,0,0.3,0.2
0.3,1,1500.0,0,1,,0,0,0.3,0.2
0.3,1,1501.0,0,1,0.0,1,1,0.4,0.3
0.3,1,1502.0,0,1,,0,0,0.4,0.3
0.3,1,1503.0,0,0,0.0,1,2,0.4,0.5
0.3,1,1504.0,0,0,0.0,1,1,0.5,0.5
0.3,1,1505.0,0,0,,0,0,0.5,0.5
0.3,1,1506.0,0,0,,0,0,0.4,0.5
0.3,1,1507.0,0,0,,0,0,0.4,0.5
0.3,1,1508.0,1,2,,2,0,0.6,0.4
0.3,1,1509.0,0,1,0.0,0,1,0.5,0.5
0.3,1,1510.0,1,2,,1,0,0.6,0.5
0.3,1,1511.0,0,0,1.0860760605545465,0,2,0.5,0.6
0.3,1,1512.0,0,0,,0,0,0.5,0.6
0.3,1,1513.0,0,0,,0,0,0.4,0.4
0.3,1,1514.0,0,0,,0,0,0.3,0.3
0.3,1,1515.0,0,0,,0,0,0.3,0.3
0.3,1,1516.0,0,1,,1,0,0.4,0.3
0.3,1,1517.0,0,1,,0,0,0.4,0.3
0.3,1,1518.0,0,1,,0,0,0.2,0.3
0.3,1,1519.0,0,0,0.0,0,1,0.2,0.3
0.3,1,1520.0,0,0,,0,0,0.1,0.3
0.3,1,1521.0,0,0,,0,0,0.1,0.1
0.3,1,1522.0,0,0,,0,0,0.1,0.1
0.3,1,1523.0,0,0,,0,0,0.1,0.1
0.3,1,1524.0,0,0,,0,0,0.1,0.1
0.3,1,1525.0,1,2,,2,0,0.3,0.1
0.3,1,1526.0,1,2,,0,0,0.2,0.1
0.3,1,1527.0,2,3,,1,0,0.3,0.1
0.3,1,1528.0,1,2,0.0,0,1,0.3,0.2
0.3,1,1529.0,1,2,,0,0,0.3,0.1
0.3,1,1530.0,0,1,3.208076877740268,0,1,0.3,0.2
0.3,1,1531.0,0,0,2.3872371207878587,0,1,0.3,0.3
0.3,1,1532.0,0,1,,1,0,0.4,0.3
0.3,1,1533.0,0,0,0.0,0,1,0.4,0.4
0.3,1,1534.0,0,0,,0,0,0.4,0.4
0.3,1,1535.0,0,0,,0,0,0.2,0.4
0.3,1,1536.0,0,1,0.0,2,1,0.4,0.5
0.3,1,1537.0,0,0,0.0,0,1,0.3,0.6
0.3,1,1538.0,0,0,,0,0,0.3,0.5
0.3,1,1539.0,0,1,,1,0,0.4,0.5
0.3,1,1540.0,0,0,0.0,0,1,0.4,0.5
0.3,1,1541.0,0,0,,0,0,0.4,0.4
0.3,1,1542.0,0,0,,0,0,0.3,0.4
0.3,1,1543.0,0,1,,1,0,0.4,0.3
0.3,1,1544.0,0,0,0.0,0,1,0.4,0.4
0.3,1,1545.0,0,0,0.0,1,1,0.5,0.5
0.3,1,1546.0,0,0,,0,0,0.3,0.4
0.3,1,1547.0,0,0,,0,0,0.3,0.3
0.3,1,1548.0,0,0,,0,0,0.3,0.3
0.3,1,1549.0,0,0,0.0,1,1,0.3,0.4
0.3,1,1550.0,0,0,,0,0,0.3,0.3
0.3,1,1551.0,0,0,,0,0,0.3,0.3
0.3,1,1552.0,0,0,,0,0,0.3,0.3
0.3,1,1553.0,0,0,,0,0,0.2,0.3
0.3,1,1554.0,0,0,,0,0,0.2,0.2
0.3,1,1555.0,0,0,0.0,1,1,0.2,0.2
0.3,1,1556.0,0,0,,0,0,0.2,0.2
0.3,1,1557.0,0,0,,0,0,0.2,0.2
0.3,1,1558.0,0,1,,1,0,0.3,0.2
0.3,1,1559.0,0,1,,0,0,0.2,0.1
0.3,1,1560.0,0,0,0.0,0,1,0.2,0.2
0.3,1,1561.0,0,0,,0,0,0.2,0.2
0.3,1,1562.0,0,0,,0,0,0.2,0.2
0.3,1,1563.0,0,1,,1,0,0.3,0.2
0.3,1,1564.0,0,0,0.0,1,2,0.4,0.4
0.3,1,1565.0,0,1,,1,0,0.4,0.3
0.3,1,1566.0,0,0,0.0,1,2,0.5,0.5
0.3,1,1567.0,0,0,,0,0,0.5,0.5
0.3,1,1568.0,0,0,,0,0,0.4,0.5
0.3,1,1569.0,0,0,,0,0,0.4,0.5
0.3,1,1570.0,0,0,,0,0,0.4,0.4
0.3,1,1571.0,0,0,,0,0,0.4,0.4
0.3,1,1572.0,0,0,,0,0,0.4,0.4
0.3,1,1573.0,0,0,,0,0,0.3,0.4
0.3,1,1574.0,0,0,,0,0,0.2,0.2
0.3,1,1575.0,0,0,,0,0,0.1,0.2
0.3,1,1576.0,0,1,,1,0,0.1,0.0
0.3,1,1577.0,0,0,0.0,0,1,0.1,0.1
0.3,1,1578.0,0,0,,0,0,0.1,0.1
0.3,1,1579.0,0,0,,0,0,0.1,0.1
0.3,1,1580.0,0,0,,0,0,0.1,0.1
0.3,1,1581.0,0,0,,0,0,0.1,0.1
0.3,1,1582.0,0,0,,0,0,0.1,0.1
0.3,1,1583.0,0,0,,0,0,0.1,0.1
0.3,1,1584.0,0,0,,0,0,0.1,0.1
0.3,1,1585.0,0,0,,0,0,0.1,0.1
0.3,1,1586.0,0,1,,1,0,0.1,0.1
0.3,1,1587.0,1,2,,1,0,0.2,0.0
0.3,1,1588.0,0,0,0.6003755356322245,0,2,0.2,0.2
0.3,1,1589.0,0,0,0.0,1,1,0.3,0.3
0.3,1,1590.0,0,0,,0,0,0.3,0.3
0.3,1,1591.0,0,0,,0,0,0.3,0.3
0.3,1,1592.0,0,0,,0,0,0.3,0.3
0.3,1,1593.0,0,0,,0,0,0.3,0.3
0.3,1,1594.0,0,1,,1,0,0.4,0.3
0.3,1,1595.0,0,1,,0,0,0.4,0.3
0.3,1,1596.0,1,2,,1,0,0.4,0.3
0.3,1,1597.0,2,3,,1,0,0.4,0.3
0.3,1,1598.0,1,2,0.0,0,1,0.4,0.2
0.3,1,1599.0,1,2,,0,0,0.3,0.1
0.3,1,1600.0,2,3,,1,0,0.4,0.1
0.3,1,1601.0,2,3,1.5094475229557247,1,1,0.5,0.2
0.3,1,1602.0,2,3,,0,0,0.5,0.2
0.3,1,1603.0,2,3,,0,0,0.5,0.2
0.3,1,1604.0,0,1,3.8692329672595633,0,2,0.4,0.4
0.3,1,1605.0,0,1,,0,0,0.4,0.4
0.3,1,1606.0,0,1,2.534828213431865,1,1,0.4,0.5
0.3,1,1607.0,0,1,,0,0,0.3,0.5
0.3,1,1608.0,0,1,0.3971633839023525,1,1,0.4,0.5
0.3,1,1609.0,1,2,,1,0,0.5,0.5
0.3,1,1610.0,0,0,0.18105680331393614,0,2,0.4,0.7
0.3,1,1611.0,0,0,,0,0,0.3,0.6
0.3,1,1612.0,0,0,,0,0,0.3,0.6
0.3,1,1613.0,0,0,,0,0,0.3,0.6
0.3,1,1614.0,0,0,,0,0,0.3,0.4
0.3,1,1615.0,0,1,,1,0,0.4,0.4
0.3,1,1616.0,1,2,,1,0,0.4,0.3
0.3,1,1617.0,0,1,0.0,0,1,0.4,0.4
0.3,1,1618.0,0,1,,0,0,0.3,0.3
0.3,1,1619.0,0,1,1.4375369203587525,1,1,0.3,0.4
0.3,1,1620.0,0,0,0.15419906764077496,0,1,0.3,0.3
0.3,1,1621.0,0,0,,0,0,0.3,0.3
0.3,1,1622.0,0,0,0.0,1,1,0.4,0.4
0.3,1,1623.0,0,0,,0,0,0.4,0.4
0.3,1,1624.0,0,1,,1,0,0.5,0.4
0.3,1,1625.0,0,1,0.0,1,1,0.5,0.5
0.3,1,1626.0,0,1,0.48721117963395955,1,1,0.5,0.6
0.3,1,1627.0,0,0,0.0,0,1,0.5,0.6
0.3,1,1628.0,0,0,,0,0,0.5,0.6
0.3,1,1629.0,0,0,,0,0,0.4,0.5
0.3,1,1630.0,0,0,,0,0,0.4,0.4
0.3,1,1631.0,0,0,,0,0,0.4,0.4
0.3,1,1632.0,0,0,,0,0,0.3,0.3
0.3,1,1633.0,0,0,,0,0,0.3,0.3
0.3,1,1634.0,0,0,0.0,1,1,0.3,0.4
0.3,1,1635.0,0,0,,0,0,0.2,0.3
0.3,1,1636.0,0,0,,0,0,0.1,0.2
0.3,1,1637.0,0,0,,0,0,0.1,0.1
0.3,1,1638.0,0,0,,0,0,0.1,0.1
0.3,1,1639.0,0,0,,0,0,0.1,0.1
0.3,1,1640.0,0,0,0.0,1,1,0.2,0.2
0.3,1,1641.0,0,0,,0,0,0.2,0.2
0.3,1,1642.0,0,0,,0,0,0.2,0.2
0.3,1,1643.0,0,0,,0,0,0.2,0.2
0.3,1,1644.0,0,0,,0,0,0.1,0.1
0.3,1,1645.0,0,1,0.0,2,1,0.3,0.2
0.3,1,1646.0,0,1,,0,0,0.3,0.2
0.3,1,1647.0,3,4,,3,0,0.6,0.2
0.3,1,1648.0,2,3,0.0,0,1,0.6,0.3
0.3,1,1649.0,2,3,,0,0,0.6,0.3
0.3,1,1650.0,1,2,0.9708728614587017,0,1,0.5,0.3
0.3,1,1651.0,2,3,,1,0,0.6,0.3
0.3,1,1652.0,2,3,,0,0,0.6,0.3
0.3,1,1653.0,0,1,4.162218858311121,0,2,0.6,0.5
0.3,1,1654.0,0,0,2.450035403359607,0,1,0.6,0.6
0.3,1,1655.0,0,0,0.0,1,1,0.5,0.6
0.3,1,1656.0,0,0,,0,0,0.5,0.6
0.3,1,1657.0,0,1,,1,0,0.3,0.6
0.3,1,1658.0,3,4,,3,0,0.6,0.5
0.3,1,1659.0,2,3,0.0,0,1,0.6,0.6
0.3,1,1660.0,2,3,,0,0,0.6,0.5
0.3,1,1661.0,1,2,0.8540307860364464,0,1,0.5,0.6
0.3,1,1662.0,0,1,2.6227517163711127,0,1,0.5,0.7
0.3,1,1663.0,0,0,3.8658327897137497,0,1,0.5,0.6
0.3,1,1664.0,0,0,,0,0,0.5,0.5
0.3,1,1665.0,0,0,0.0,1,1,0.5,0.5
0.3,1,1666.0,0,1,0.0,2,1,0.7,0.6
0.3,1,1667.0,0,1,,0,0,0.6,0.6
0.3,1,1668.0,0,0,0.6718720972727397,1,2,0.4,0.8
0.3,1,1669.0,0,0,,0,0,0.4,0.7
0.3,1,1670.0,0,0,,0,0,0.4,0.7
0.3,1,1671.0,0,0,,0,0,0.4,0.6
0.3,1,1672.0,0,0,,0,0,0.4,0.5
0.3,1,1673.0,0,0,,0,0,0.4,0.4
0.3,1,1674.0,0,0,,0,0,0.4,0.4
0.3,1,1675.0,0,0,,0,0,0.3,0.3
0.3,1,1676.0,0,0,,0,0,0.1,0.2
0.3,1,1677.0,0,0,,0,0,0.1,0.2
0.3,1,1678.0,0,0,,0,0,0.0,0.0
0.3,1,1679.0,0,0,,0,0,0.0,0.0
0.3,1,1680.0,1,2,,2,0,0.2,0.0
0.3,1,1681.0,1,2,,0,0,0.2,0.0
0.3,1,1682.0,0,1,0.0,0,1,0.2,0.1
0.3,1,1683.0,0,0,1.5875557381768886,0,1,0.2,0.2
0.3,1,1684.0,0,0,0.0,1,1,0.3,0.3
0.3,1,1685.0,0,0,,0,0,0.3,0.3
0.3,1,1686.0,0,1,0.0,2,1,0.5,0.4
0.3,1,1687.0,0,1,,0,0,0.5,0.4
0.3,1,1688.0,0,1,,0,0,0.5,0.4
0.3,1,1689.0,0,1,,0,0,0.5,0.4
0.3,1,1690.0,0,1,,0,0,0.3,0.4
0.3,1,1691.0,0,0,0.24198868529560968,0,1,0.3,0.5
0.3,1,1692.0,0,0,,0,0,0.3,0.4
0.3,1,1693.0,0,0,0.0,2,2,0.5,0.5
0.3,1,1694.0,0,1,,1,0,0.5,0.4
0.3,1,1695.0,0,0,0.0,0,1,0.5,0.5
0.3,1,1696.0,0,0,,0,0,0.3,0.4
0.3,1,1697.0,0,0,,0,0,0.3,0.4
0.3,1,1698.0,0,0,0.0012454473366005914,2,2,0.5,0.6
0.3,1,1699.0,0,1,,1,0,0.6,0.6
0.3,1,1700.0,0,0,0.0,0,1,0.6,0.7
0.3,1,1701.0,0,0,,0,0,0.6,0.6
0.3,1,1702.0,0,0,,0,0,0.6,0.6
0.3,1,1703.0,0,0,,0,0,0.4,0.4
0.3,1,1704.0,0,0,0.0,1,1,0.4,0.5
0.3,1,1705.0,0,1,,1,0,0.5,0.4
0.3,1,1706.0,0,1,,0,0,0.5,0.4
0.3,1,1707.0,0,0,0.0,0,1,0.5,0.5
0.3,1,1708.0,0,0,,0,0,0.3,0.3
0.3,1,1709.0,0,0,,0,0,0.2,0.3
0.3,1,1710.0,0,0,,0,0,0.2,0.2
0.3,1,1711.0,0,0,,0,0,0.2,0.2
0.3,1,1712.0,1,2,,2,0,0.4,0.2
0.3,1,1713.0,0,1,0.0,0,1,0.4,0.3
0.3,1,1714.0,0,0,0.264103760279113,0,1,0.3,0.3
0.3,1,1715.0,1,2,,2,0,0.4,0.3
0.3,1,1716.0,0,0,0.31200456871465576,1,3,0.5,0.6
0.3,1,1717.0,0,0,,0,0,0.5,0.5
0.3,1,1718.0,0,0,,0,0,0.5,0.5
0.3,1,1719.0,0,0,,0,0,0.5,0.5
0.3,1,1720.0,0,1,,1,0,0.6,0.5
0.3,1,1721.0,0,1,,0,0,0.6,0.5
0.3,1,1722.0,0,0,0.0,0,1,0.4,0.6
0.3,1,1723.0,0,0,,0,0,0.4,0.5
0.3,1,1724.0,0,1,,1,0,0.5,0.4
0.3,1,1725.0,0,0,0.0,0,1,0.3,0.5
0.3,1,1726.0,0,0,,0,0,0.2,0.2
0.3,1,1727.0,0,0,,0,0,0.2,0.2
0.3,1,1728.0,0,0,,0,0,0.2,0.2
0.3,1,1729.0,0,1,,1,0,0.3,0.2
0.3,1,1730.0,2,3,,2,0,0.4,0.2
0.3,1,1731.0,1,2,0.0,0,1,0.4,0.3
0.3,1,1732.0,1,2,1.7410681983578797,1,1,0.5,0.3
0.3,1,1733.0,0,0,1.4108198963866698,0,2,0.5,0.5
0.3,1,1734.0,0,0,,0,0,0.4,0.5
0.3,1,1735.0,1,2,,2,0,0.6,0.4
0.3,1,1736.0,1,2,,0,0,0.6,0.4
0.3,1,1737.0,0,1,0.0,0,1,0.6,0.5
0.3,1,1738.0,0,1,,0,0,0.6,0.5
0.3,1,1739.0,0,0,2.395827289570434,0,1,0.5,0.6
0.3,1,1740.0,0,0,,0,0,0.3,0.6
0.3,1,1741.0,0,0,,0,0,0.3,0.5
0.3,1,1742.0,0,1,,1,0,0.3,0.4
0.3,1,1743.0,0,0,0.0,0,1,0.3,0.3
0.3,1,1744.0,0,0,,0,0,0.3,0.3
0.3,1,1745.0,0,1,,1,0,0.2,0.3
0.3,1,1746.0,0,1,,0,0,0.2,0.3
0.3,1,1747.0,0,1,,0,0,0.2,0.2
0.3,1,1748.0,0,1,0.0,1,1,0.3,0.3
0.3,1,1749.0,0,0,0.9729117620129273,0,1,0.3,0.3
0.3,1,1750.0,0,0,,0,0,0.3,0.3
0.3,1,1751.0,0,0,,0,0,0.3,0.3
0.3,1,1752.0,0,0,,0,0,0.2,0.3
0.3,1,1753.0,0,0,0.0,1,1,0.3,0.3
0.3,1,1754.0,0,0,,0,0,0.3,0.3
0.3,1,1755.0,0,1,,1,0,0.3,0.3
0.3,1,1756.0,0,0,0.0,0,1,0.3,0.4
0.3,1,1757.0,0,0,0.0,1,1,0.4,0.5
0.3,1,1758.0,0,1,,1,0,0.4,0.4
0.3,1,1759.0,0,0,0.0,0,1,0.4,0.4
0.3,1,1760.0,0,0,,0,0,0.4,0.4
0.3,1,1761.0,0,0,,0,0,0.4,0.4
0.3,1,1762.0,0,0,,0,0,0.4,0.4
0.3,1,1763.0,0,0,,0,0,0.3,0.3
0.3,1,1764.0,0,0,,0,0,0.3,0.3
0.3,1,1765.0,0,0,,0,0,0.2,0.3
0.3,1,1766.0,0,0,,0,0,0.2,0.2
0.3,1,1767.0,0,0,0.0,1,1,0.2,0.2
0.3,1,1768.0,0,0,,0,0,0.1,0.2
0.3,1,1769.0,0,0,,0,0,0.1,0.1
0.3,1,1770.0,0,0,,0,0,0.1,0.1
0.3,1,1771.0,0,0,,0,0,0.1,0.1
0.3,1,1772.0,0,0,,0,0,0.1,0.1
0.3,1,1773.0,0,0,,0,0,0.1,0.1
0.3,1,1774.0,0,0,,0,0,0.1,0.1
0.3,1,1775.0,0,0,,0,0,0.1,0.1
0.3,1,1776.0,0,0,,0,0,0.1,0.1
0.3,1,1777.0,0,0,,0,0,0.0,0.0
0.3,1,1778.0,0,0,,0,0,0.0,0.0
0.3,1,1779.0,0,0,,0,0,0.0,0.0
0.3,1,1780.0,0,0,,0,0,0.0,0.0
0.3,1,1781.0,0,0,,0,0,0.0,0.0
0.3,1,1782.0,0,0,,0,0,0.0,0.0
0.3,1,1783.0,0,0,,0,0,0.0,0.0
0.3,1,1784.0,0,0,,0,0,0.0,0.0
0.3,1,1785.0,0,0,,0,0,0.0,0.0
0.3,1,1786.0,0,0,,0,0,0.0,0.0
0.3,1,1787.0,0,0,,0,0,0.0,0.0
0.3,1,1788.0,0,0,,0,0,0.0,0.0
0.3,1,1789.0,0,0,,0,0,0.0,0.0
0.3,1,1790.0,0,0,,0,0,0.0,0.0
0.3,1,1791.0,1,2,,2,0,0.2,0.0
0.3,1,1792.0,0,1,0.0,0,1,0.2,0.1
0.3,1,1793.0,0,0,1.0204221541559946,0,1,0.2,0.2
0.3,1,1794.0,0,0,,0,0,0.2,0.2
0.3,1,1795.0,0,0,,0,0,0.2,0.2
0.3,1,1796.0,0,0,0.0,1,1,0.3,0.3
0.3,1,1797.0,0,0,,0,0,0.3,0.3
0.3,1,1798.0,0,0,,0,0,0.3,0.3
0.3,1,1799.0,0,0,,0,0,0.3,0.3
0.3,1,1800.0,0,0,,0,0,0.3,0.3
0.3,1,1801.0,0,0,,0,0,0.1,0.3
0.3,1,1802.0,0,0,,0,0,0.1,0.2
0.3,1,1803.0,0,0,,0,0,0.1,0.1
0.3,1,1804.0,0,0,,0,0,0.1,0.1
0.3,1,1805.0,0,0,,0,0,0.1,0.1
0.3,1,1806.0,0,0,,0,0,0.0,0.0
0.3,1,1807.0,0,0,,0,0,0.0,0.0
0.3,1,1808.0,0,0,,0,0,0.0,0.0
0.3,1,1809.0,0,0,,0,0,0.0,0.0
0.3,1,1810.0,0,1,,1,0,0.1,0.0
0.3,1,1811.0,0,1,0.0,1,1,0.2,0.1
0.3,1,1812.0,0,0,0.1367762206742782,1,2,0.3,0.3
0.3,1,1813.0,0,0,,0,0,0.3,0.3
0.3,1,1814.0,0,0,0.0,1,1,0.4,0.4
0.3,1,1815.0,0,0,,0,0,0.4,0.4
0.3,1,1816.0,0,1,,1,0,0.5,0.4
0.3,1,1817.0,0,0,0.0,0,1,0.5,0.5
0.3,1,1818.0,0,0,,0,0,0.5,0.5
0.3,1,1819.0,0,0,,0,0,0.5,0.5
0.3,1,1820.0,0,0,,0,0,0.4,0.5
0.3,1,1821.0,0,0,,0,0,0.3,0.4
0.3,1,1822.0,0,0,,0,0,0.2,0.2
0.3,1,1823.0,0,1,,1,0,0.3,0.2
0.3,1,1824.0,0,0,0.0,0,1,0.2,0.2
0.3,1,1825.0,0,0,0.0,1,1,0.3,0.3
0.3,1,1826.0,0,0,,0,0,0.2,0.3
0.3,1,1827.0,0,1,,1,0,0.3,0.2
0.3,1,1828.0,2,3,,2,0,0.5,0.2
0.3,1,1829.0,0,1,0.6745184456979132,0,2,0.5,0.4
0.3,1,1830.0,0,0,1.262069845316546,0,1,0.5,0.5
0.3,1,1831.0,0,0,,0,0,0.5,0.5
0.3,1,1832.0,0,0,,0,0,0.5,0.5
0.3,1,1833.0,0,0,0.0,1,1,0.5,0.6
0.3,1,1834.0,0,0,,0,0,0.5,0.5
0.3,1,1835.0,0,0,,0,0,0.4,0.4
0.3,1,1836.0,0,0,,0,0,0.4,0.4
0.3,1,1837.0,0,0,,0,0,0.3,0.4
0.3,1,1838.0,0,0,0.0,1,1,0.2,0.5
0.3,1,1839.0,0,0,0.0,1,1,0.3,0.4
0.3,1,1840.0,0,0,,0,0,0.3,0.3
0.3,1,1841.0,0,0,,0,0,0.3,0.3
0.3,1,1842.0,0,1,,1,0,0.4,0.3
0.3,1,1843.0,0,0,0.0,0,1,0.3,0.3
0.3,1,1844.0,0,0,,0,0,0.3,0.3
0.3,1,1845.0,0,1,,1,0,0.4,0.3
0.3,1,1846.0,0,1,,0,0,0.4,0.3
0.3,1,1847.0,0,0,0.0,0,1,0.4,0.4
0.3,1,1848.0,0,1,,1,0,0.4,0.3
0.3,1,1849.0,1,2,,1,0,0.4,0.2
0.3,1,1850.0,1,2,0.0,1,1,0.5,0.3
0.3,1,1851.0,0,1,0.8621956339902681,0,1,0.5,0.4
0.3,1,1852.0,0,0,0.4408512567865728,1,2,0.5,0.6
0.3,1,1853.0,0,1,,1,0,0.6,0.5
0.3,1,1854.0,0,0,0.0,0,1,0.6,0.6
0.3,1,1855.0,0,0,,0,0,0.5,0.6
0.3,1,1856.0,0,1,,1,0,0.6,0.6
0.3,1,1857.0,1,2,,1,0,0.7,0.5
0.3,1,1858.0,0,1,0.0,0,1,0.6,0.6
0.3,1,1859.0,0,0,0.7300180722982077,1,2,0.6,0.8
0.3,1,1860.0,0,0,,0,0,0.5,0.7
0.3,1,1861.0,0,1,0.0,2,1,0.7,0.7
0.3,1,1862.0,0,0,0.0,0,1,0.6,0.6
0.3,1,1863.0,0,0,,0,0,0.5,0.6
0.3,1,1864.0,0,0,,0,0,0.5,0.5
0.3,1,1865.0,0,0,,0,0,0.5,0.5
0.3,1,1866.0,0,0,,0,0,0.4,0.5
0.3,1,1867.0,0,1,,1,0,0.4,0.5
0.3,1,1868.0,2,3,,2,0,0.6,0.4
0.3,1,1869.0,2,3,,0,0,0.5,0.2
0.3,1,1870.0,2,3,,0,0,0.5,0.2
0.3,1,1871.0,0,1,1.4722149222095595,0,2,0.3,0.3
0.3,1,1872.0,0,1,,0,0,0.3,0.2
0.3,1,1873.0,0,1,,0,0,0.3,0.2
0.3,1,1874.0,0,1,,0,0,0.3,0.2
0.3,1,1875.0,0,1,3.109839866342554,1,1,0.4,0.3
0.3,1,1876.0,0,0,0.3816719442675094,0,1,0.4,0.4
0.3,1,1877.0,0,0,,0,0,0.3,0.4
0.3,1,1878.0,0,1,,1,0,0.2,0.4
0.3,1,1879.0,0,0,0.0,0,1,0.2,0.5
0.3,1,1880.0,0,0,,0,0,0.2,0.5
0.3,1,1881.0,1,2,,2,0,0.4,0.3
0.3,1,1882.0,0,0,0.5603998970616431,0,2,0.4,0.5
0.3,1,1883.0,0,0,,0,0,0.4,0.5
0.3,1,1884.0,0,1,,1,0,0.5,0.5
0.3,1,1885.0,1,2,0.0,2,1,0.6,0.5
0.3,1,1886.0,2,3,,1,0,0.7,0.4
0.3,1,1887.0,0,1,1.1126042676960424,0,2,0.7,0.6
0.3,1,1888.0,0,0,0.9276406739736558,0,1,0.6,0.7
0.3,1,1889.0,1,2,,2,0,0.8,0.6
0.3,1,1890.0,0,1,0.0,0,1,0.8,0.7
0.3,1,1891.0,0,1,0.42389734925882294,1,1,0.7,0.8
0.3,1,1892.0,0,0,0.12820046719434686,0,1,0.7,0.7
0.3,1,1893.0,0,0,,0,0,0.7,0.7
0.3,1,1894.0,0,0,,0,0,0.6,0.7
0.3,1,1895.0,0,0,,0,0,0.4,0.6
0.3,1,1896.0,0,0,,0,0,0.3,0.6
0.3,1,1897.0,0,0,,0,0,0.3,0.4
0.3,1,1898.0,0,0,,0,0,0.3,0.3
0.3,1,1899.0,0,1,0.0,2,1,0.3,0.4
0.3,1,1900.0,0,0,0.34054071602486147,0,1,0.3,0.4
0.3,1,1901.0,0,0,,0,0,0.2,0.3
0.3,1,1902.0,0,0,,0,0,0.2,0.2
0.3,1,1903.0,0,0,,0,0,0.2,0.2
0.3,1,1904.0,1,2,,2,0,0.4,0.2
0.3,1,1905.0,2,3,,1,0,0.5,0.2
0.3,1,1906.0,2,3,,0,0,0.5,0.2
0.3,1,1907.0,0,1,1.3426530197921238,1,3,0.6,0.5
0.3,1,1908.0,0,1,,0,0,0.6,0.5
0.3,1,1909.0,0,0,0.5341215768958136,0,1,0.4,0.5
0.3,1,1910.0,0,0,,0,0,0.4,0.4
0.3,1,1911.0,0,0,,0,0,0.4,0.4
0.3,1,1912.0,0,0,,0,0,0.4,0.4
0.3,1,1913.0,0,0,,0,0,0.4,0.4
0.3,1,1914.0,0,0,,0,0,0.2,0.4
0.3,1,1915.0,0,0,,0,0,0.1,0.4
0.3,1,1916.0,0,0,,0,0,0.1,0.4
0.3,1,1917.0,0,0,,0,0,0.0,0.1
0.3,1,1918.0,0,0,,0,0,0.0,0.1
0.3,1,1919.0,0,0,,0,0,0.0,0.0
0.3,1,1920.0,0,1,,1,0,0.1,0.0
0.3,1,1921.0,0,0,0.0,0,1,0.1,0.1
0.3,1,1922.0,0,1,,1,0,0.2,0.1
0.3,1,1923.0,0,1,0.0,1,1,0.3,0.2
0.3,1,1924.0,0,0,0.11721267530992918,0,1,0.3,0.3
0.3,1,1925.0,0,0,,0,0,0.3,0.3
0.3,1,1926.0,0,0,,0,0,0.3,0.3
0.3,1,1927.0,0,0,,0,0,0.3,0.3
0.3,1,1928.0,0,0,,0,0,0.3,0.3
0.3,1,1929.0,0,0,0.0,1,1,0.4,0.4
0.3,1,1930.0,0,0,,0,0,0.3,0.4
0.3,1,1931.0,0,0,,0,0,0.3,0.3
0.3,1,1932.0,0,0,0.0,1,1,0.3,0.4
0.3,1,1933.0,0,0,,0,0,0.2,0.3
0.3,1,1934.0,0,0,,0,0,0.2,0.2
0.3,1,1935.0,0,0,,0,0,0.2,0.2
0.3,1,1936.0,0,0,,0,0,0.2,0.2
0.3,1,1937.0,0,1,,1,0,0.3,0.2
0.3,1,1938.0,0,0,0.0,0,1,0.3,0.3
0.3,1,1939.0,0,0,,0,0,0.2,0.2
0.3,1,1940.0,0,0,,0,0,0.2,0.2
0.3,1,1941.0,0,0,,0,0,0.2,0.2
0.3,1,1942.0,0,0,,0,0,0.1,0.1
0.3,1,1943.0,0,0,0.0,1,1,0.2,0.2
0.3,1,1944.0,0,0,0.0,1,1,0.3,0.3
0.3,1,1945.0,0,0,,0,0,0.3,0.3
0.3,1,1946.0,0,0,0.0,1,1,0.4,0.4
0.3,1,1947.0,0,0,,0,0,0.3,0.4
0.3,1,1948.0,0,0,,0,0,0.3,0.3
0.3,1,1949.0,0,0,,0,0,0.3,0.3
0.3,1,1950.0,0,0,,0,0,0.3,0.3
0.3,1,1951.0,0,0,,0,0,0.3,0.3
0.3,1,1952.0,0,0,,0,0,0.3,0.3
0.3,1,1953.0,0,0,,0,0,0.2,0.2
0.3,1,1954.0,0,0,,0,0,0.1,0.1
0.3,1,1955.0,0,0,,0,0,0.1,0.1
0.3,1,1956.0,0,1,,1,0,0.1,0.0
0.3,1,1957.0,0,0,0.0,0,1,0.1,0.1
0.3,1,1958.0,0,0,,0,0,0.1,0.1
0.3,1,1959.0,0,0,,0,0,0.1,0.1
0.3,1,1960.0,0,0,,0,0,0.1,0.1
0.3,1,1961.0,0,0,,0,0,0.1,0.1
0.3,1,1962.0,0,1,,1,0,0.2,0.1
0.3,1,1963.0,0,1,0.0,1,1,0.3,0.2
0.3,1,1964.0,0,0,0.0,0,1,0.3,0.3
0.3,1,1965.0,0,1,,1,0,0.4,0.3
0.3,1,1966.0,1,2,,1,0,0.4,0.3
0.3,1,1967.0,0,0,0.3914889057932669,0,2,0.4,0.4
0.3,1,1968.0,0,1,,1,0,0.5,0.4
0.3,1,1969.0,0,0,0.0,0,1,0.5,0.5
0.3,1,1970.0,0,1,,1,0,0.6,0.5
0.3,1,1971.0,0,1,,0,0,0.6,0.5
0.3,1,1972.0,0,0,0.0,0,1,0.5,0.6
0.3,1,1973.0,0,1,,1,0,0.5,0.5
0.3,1,1974.0,0,0,0.0,0,1,0.5,0.5
0.3,1,1975.0,0,0,,0,0,0.4,0.5
0.3,1,1976.0,0,0,,0,0,0.3,0.5
0.3,1,1977.0,0,0,,0,0,0.3,0.3
0.3,1,1978.0,0,0,,0,0,0.2,0.3
0.3,1,1979.0,0,1,,1,0,0.3,0.2
0.3,1,1980.0,0,1,,0,0,0.2,0.2
0.3,1,1981.0,0,1,,0,0,0.2,0.2
0.3,1,1982.0,1,2,,1,0,0.3,0.1
0.3,1,1983.0,1,2,,0,0,0.2,0.1
0.3,1,1984.0,1,2,0.0,1,1,0.3,0.1
0.3,1,1985.0,1,2,,0,0,0.3,0.1
0.3,1,1986.0,3,4,,2,0,0.5,0.1
0.3,1,1987.0,3,4,1.924497107334446,1,1,0.6,0.2
0.3,1,1988.0,3,4,,0,0,0.6,0.2
0.3,1,1989.0,2,3,3.3679340054159184,0,1,0.5,0.3
0.3,1,1990.0,3,4,,1,0,0.6,0.3
0.3,1,1991.0,3,4,3.304138897267876,1,1,0.7,0.4
0.3,1,1992.0,4,5,,1,0,0.7,0.4
0.3,1,1993.0,3,4,4.52046900048299,0,1,0.7,0.5
0.3,1,1994.0,1,2,4.8286291322503985,0,2,0.6,0.6
0.3,1,1995.0,3,4,,2,0,0.8,0.6
0.3,1,1996.0,2,3,3.014049477550543,0,1,0.6,0.7
0.3,1,1997.0,1,2,4.205967854330083,0,1,0.5,0.7
0.3,1,1998.0,0,1,2.44039208388881,1,2,0.6,0.9
0.3,1,1999.0,0,0,0.3250472286144941,0,1,0.6,0.9
0.3,1,2000.0,0,0,,0,0,0.5,0.9
0.3,1,2001.0,0,0,,0,0,0.4,0.8
0.3,1,2002.0,0,0,0.0,1,1,0.4,0.9
0.3,1,2003.0,0,0,,0,0,0.4,0.8
0.3,1,2004.0,0,0,,0,0,0.4,0.6
0.3,1,2005.0,0,0,,0,0,0.2,0.6
0.3,1,2006.0,0,0,,0,0,0.2,0.5
0.3,1,2007.0,0,0,,0,0,0.2,0.4
0.3,1,2008.0,0,0,,0,0,0.1,0.2
0.3,1,2009.0,0,0,,0,0,0.1,0.1
0.3,1,2010.0,0,0,,0,0,0.1,0.1
0.3,1,2011.0,0,0,0.0,1,1,0.2,0.2
0.3,1,2012.0,0,0,,0,0,0.1,0.1
0.3,1,2013.0,0,0,,0,0,0.1,0.1
0.3,1,2014.0,0,0,,0,0,0.1,0.1
0.3,1,2015.0,0,1,,1,0,0.2,0.1
0.3,1,2016.0,0,1,,0,0,0.2,0.1
0.3,1,2017.0,1,2,,1,0,0.3,0.1
0.3,1,2018.0,2,3,,1,0,0.4,0.1
0.3,1,2019.0,0,1,0.9603009982818094,0,2,0.4,0.3
0.3,1,2020.0,0,0,0.9105442128820869,0,1,0.4,0.4
0.3,1,2021.0,0,0,,0,0,0.3,0.3
0.3,1,2022.0,0,0,,0,0,0.3,0.3
0.3,1,2023.0,0,0,,0,0,0.3,0.3
0.3,1,2024.0,0,0,,0,0,0.3,0.3
0.3,1,2025.0,0,1,,1,0,0.3,0.3
0.3,1,2026.0,0,0,0.0,0,1,0.3,0.4
0.3,1,2027.0,0,0,,0,0,0.2,0.4
0.3,1,2028.0,0,0,,0,0,0.1,0.4
0.3,1,2029.0,0,0,,0,0,0.1,0.2
0.3,1,2030.0,0,0,,0,0,0.1,0.1
0.3,1,2031.0,0,0,,0,0,0.1,0.1
0.3,1,2032.0,0,0,,0,0,0.1,0.1
0.3,1,2033.0,0,0,,0,0,0.1,0.1
0.3,1,2034.0,0,0,,0,0,0.1,0.1
0.3,1,2035.0,0,0,,0,0,0.0,0.1
0.3,1,2036.0,0,0,,0,0,0.0,0.0
0.3,1,2037.0,0,0,,0,0,0.0,0.0
0.3,1,2038.0,0,0,,0,0,0.0,0.0
0.3,1,2039.0,0,0,,0,0,0.0,0.0
0.3,1,2040.0,0,1,,1,0,0.1,0.0
0.3,1,2041.0,0,1,,0,0,0.1,0.0
0.3,1,2042.0,0,0,0.03417581634926137,1,2,0.2,0.2
0.3,1,2043.0,0,0,,0,0,0.2,0.2
0.3,1,2044.0,0,0,,0,0,0.2,0.2
0.3,1,2045.0,0,0,,0,0,0.2,0.2
0.3,1,2046.0,0,0,,0,0,0.2,0.2
0.3,1,2047.0,0,0,,0,0,0.2,0.2
0.3,1,2048.0,0,0,,0,0,0.2,0.2
0.3,1,2049.0,0,0,,0,0,0.2,0.2
0.3,1,2050.0,0,0,0.0,1,1,0.2,0.3
0.3,1,2051.0,0,0,,0,0,0.2,0.3
0.3,1,2052.0,0,0,0.0,1,1,0.2,0.2
0.3,1,2053.0,0,0,,0,0,0.2,0.2
0.3,1,2054.0,0,1,,1,0,0.3,0.2
0.3,1,2055.0,0,0,0.0,0,1,0.3,0.3
0.3,1,2056.0,0,0,,0,0,0.3,0.3
0.3,1,2057.0,0,0,,0,0,0.3,0.3
0.3,1,2058.0,0,0,,0,0,0.3,0.3
0.3,1,2059.0,0,0,,0,0,0.3,0.3
0.3,1,2060.0,0,0,,0,0,0.2,0.2
0.3,1,2061.0,0,1,,1,0,0.3,0.2
0.3,1,2062.0,0,1,,0,0,0.2,0.1
0.3,1,2063.0,0,0,0.0,0,1,0.2,0.2
0.3,1,2064.0,0,0,,0,0,0.1,0.2
0.3,1,2065.0,0,0,,0,0,0.1,0.1
0.3,1,2066.0,0,0,,0,0,0.1,0.1
0.3,1,2067.0,0,0,,0,0,0.1,0.1
0.3,1,2068.0,0,0,,0,0,0.1,0.1
0.3,1,2069.0,0,0,,0,0,0.1,0.1
0.3,1,2070.0,0,0,,0,0,0.1,0.1
0.3,1,2071.0,0,1,0.0,2,1,0.2,0.2
0.3,1,2072.0,0,0,0.0,0,1,0.2,0.3
0.3,1,2073.0,0,0,,0,0,0.2,0.2
0.3,1,2074.0,0,0,,0,0,0.2,0.2
0.3,1,2075.0,0,0,,0,0,0.2,0.2
0.3,1,2076.0,0,0,0.0,1,1,0.3,0.3
0.3,1,2077.0,0,1,,1,0,0.4,0.3
0.3,1,2078.0,0,1,,0,0,0.4,0.3
0.3,1,2079.0,1,2,,1,0,0.5,0.3
0.3,1,2080.0,0,0,0.23288198555428608,0,2,0.5,0.5
0.3,1,2081.0,0,0,,0,0,0.3,0.4
0.3,1,2082.0,0,0,,0,0,0.3,0.3
0.3,1,2083.0,0,0,0.0,1,1,0.4,0.4
0.3,1,2084.0,0,0,,0,0,0.4,0.4
0.3,1,2085.0,0,0,0.0,1,1,0.5,0.5
0.3,1,2086.0,0,0,,0,0,0.4,0.4
0.3,1,2087.0,0,1,,1,0,0.4,0.4
0.3,1,2088.0,1,2,,1,0,0.5,0.4
0.3,1,2089.0,4,5,,3,0,0.7,0.4
0.3,1,2090.0,5,6,,1,0,0.8,0.2
0.3,1,2091.0,5,6,0.0,1,1,0.9,0.3
0.3,1,2092.0,5,6,2.6575226286718134,1,1,1.0,0.4
0.3,1,2093.0,3,4,3.5686460714684927,0,2,0.9,0.5
0.3,1,2094.0,3,4,3.9381325362078314,1,1,1.0,0.6
0.3,1,2095.0,2,3,3.5472863795516787,0,1,0.9,0.6
0.3,1,2096.0,2,3,,0,0,0.9,0.6
0.3,1,2097.0,0,0,3.843931632615901,0,3,0.8,0.9
0.3,1,2098.0,0,0,,0,0,0.7,0.9
0.3,1,2099.0,0,0,,0,0,0.4,0.9
0.3,1,2100.0,0,0,,0,0,0.3,0.9
0.3,1,2101.0,0,0,,0,0,0.2,0.8
0.3,1,2102.0,0,0,0.0,1,1,0.2,0.8
0.3,1,2103.0,0,0,,0,0,0.2,0.6
0.3,1,2104.0,0,0,,0,0,0.1,0.5
0.3,1,2105.0,0,0,,0,0,0.1,0.4
0.3,1,2106.0,1,2,,2,0,0.3,0.4
0.3,1,2107.0,0,1,0.31514181597208335,1,2,0.4,0.3
0.3,1,2108.0,0,1,,0,0,0.4,0.3
0.3,1,2109.0,0,0,0.49382418230061376,0,1,0.4,0.4
0.3,1,2110.0,0,0,,0,0,0.4,0.4
0.3,1,2111.0,0,0,,0,0,0.4,0.4
0.3,1,2112.0,0,0,,0,0,0.3,0.3
0.3,1,2113.0,0,0,,0,0,0.3,0.3
0.3,1,2114.0,0,0,,0,0,0.3,0.3
0.3,1,2115.0,0,0,,0,0,0.3,0.3
0.3,1,2116.0,0,0,,0,0,0.1,0.3
0.3,1,2117.0,0,0,,0,0,0.0,0.1
0.3,1,2118.0,0,0,,0,0,0.0,0.1
0.3,1,2119.0,0,0,,0,0,0.0,0.0
0.3,1,2120.0,0,0,,0,0,0.0,0.0
0.3,1,2121.0,0,0,,0,0,0.0,0.0
0.3,1,2122.0,0,1,,1,0,0.1,0.0
0.3,1,2123.0,0,0,0.0,0,1,0.1,0.1
0.3,1,2124.0,0,1,,1,0,0.2,0.1
0.3,1,2125.0,0,0,0.0,0,1,0.2,0.2
0.3,1,2126.0,0,0,,0,0,0.2,0.2
0.3,1,2127.0,0,0,,0,0,0.2,0.2
0.3,1,2128.0,0,0,,0,0,0.2,0.2
0.3,1,2129.0,0,0,,0,0,0.2,0.2
0.3,1,2130.0,0,0,,0,0,0.2,0.2
0.3,1,2131.0,0,0,,0,0,0.2,0.2
0.3,1,2132.0,0,0,,0,0,0.1,0.2
0.3,1,2133.0,0,0,,0,0,0.1,0.1
0.3,1,2134.0,0,0,,0,0,0.0,0.1
0.3,1,2135.0,0,0,,0,0,0.0,0.0
0.3,1,2136.0,1,2,0.0,3,1,0.3,0.1
0.3,1,2137.0,0,1,0.4849462826095987,0,1,0.3,0.2
0.3,1,2138.0,0,0,0.3715648161310128,0,1,0.3,0.3
0.3,1,2139.0,0,1,,1,0,0.4,0.3
0.3,1,2140.0,0,0,0.0,0,1,0.4,0.4
0.3,1,2141.0,0,1,,1,0,0.5,0.4
0.3,1,2142.0,0,1,,0,0,0.5,0.4
0.3,1,2143.0,0,0,0.0,0,1,0.5,0.5
0.3,1,2144.0,0,1,,1,0,0.6,0.5
0.3,1,2145.0,1,2,,1,0,0.7,0.5
0.3,1,2146.0,0,1,0.0,0,1,0.4,0.5
0.3,1,2147.0,0,1,,0,0,0.4,0.4
0.3,1,2148.0,0,0,0.6891484264515384,0,1,0.4,0.4
0.3,1,2149.0,0,0,,0,0,0.3,0.4
0.3,1,2150.0,0,0,,0,0,0.3,0.3
0.3,1,2151.0,0,1,,1,0,0.3,0.3
0.3,1,2152.0,0,0,0.0,0,1,0.3,0.4
0.3,1,2153.0,0,0,,0,0,0.3,0.3
0.3,1,2154.0,0,1,,1,0,0.3,0.3
0.3,1,2155.0,0,0,0.0,0,1,0.2,0.4
0.3,1,2156.0,0,1,,1,0,0.3,0.3
0.3,1,2157.0,0,1,0.0,1,1,0.4,0.4
0.3,1,2158.0,0,0,0.0,0,1,0.4,0.4
0.3,1,2159.0,0,0,,0,0,0.4,0.4
0.3,1,2160.0,0,0,,0,0,0.4,0.4
0.3,1,2161.0,0,0,,0,0,0.3,0.4
0.3,1,2162.0,0,0,,0,0,0.3,0.3
0.3,1,2163.0,0,0,,0,0,0.3,0.3
0.3,1,2164.0,0,0,0.0,1,1,0.3,0.4
0.3,1,2165.0,0,0,,0,0,0.3,0.3
0.3,1,2166.0,0,0,0.0,1,1,0.3,0.4
0.3,1,2167.0,0,1,,1,0,0.3,0.3
0.3,1,2168.0,0,0,0.0,0,1,0.3,0.3
0.3,1,2169.0,0,0,,0,0,0.3,0.3
0.3,1,2170.0,1,2,0.0,3,1,0.6,0.4
0.3,1,2171.0,1,2,,0,0,0.6,0.4
0.3,1,2172.0,0,1,0.4693789981356531,0,1,0.6,0.5
0.3,1,2173.0,0,1,,0,0,0.6,0.5
0.3,1,2174.0,1,2,,1,0,0.6,0.4
0.3,1,2175.0,0,0,1.3546917161577312,0,2,0.6,0.6
0.3,1,2176.0,0,0,,0,0,0.5,0.5
0.3,1,2177.0,0,0,,0,0,0.4,0.5
0.3,1,2178.0,0,0,,0,0,0.4,0.4
0.3,1,2179.0,0,1,,1,0,0.5,0.4
0.3,1,2180.0,0,0,0.29428315708832997,1,2,0.3,0.5
0.3,1,2181.0,0,0,,0,0,0.3,0.5
0.3,1,2182.0,0,0,,0,0,0.3,0.4
0.3,1,2183.0,0,1,,1,0,0.4,0.4
0.3,1,2184.0,1,2,0.0,2,1,0.5,0.5
0.3,1,2185.0,1,2,,0,0,0.5,0.3
0.3,1,2186.0,2,3,,1,0,0.6,0.3
0.3,1,2187.0,2,3,,0,0,0.6,0.3
0.3,1,2188.0,0,1,1.8493444067081934,1,3,0.7,0.6
0.3,1,2189.0,0,1,,0,0,0.6,0.6
0.3,1,2190.0,0,0,0.0,0,1,0.5,0.5
0.3,1,2191.0,0,0,,0,0,0.5,0.5
0.3,1,2192.0,0,0,,0,0,0.5,0.5
0.3,1,2193.0,0,0,,0,0,0.4,0.5
0.3,1,2194.0,0,1,,1,0,0.3,0.4
0.3,1,2195.0,3,4,,3,0,0.6,0.4
0.3,1,2196.0,1,2,0.49884101497173106,0,2,0.5,0.6
0.3,1,2197.0,0,0,1.0120595047108054,0,2,0.5,0.8
0.3,1,2198.0,0,0,,0,0,0.4,0.5
0.3,1,2199.0,0,0,,0,0,0.4,0.5
0.3,1,2200.0,0,0,,0,0,0.4,0.4
0.3,1,2201.0,0,1,,1,0,0.5,0.4
0.3,1,2202.0,0,1,,0,0,0.5,0.4
0.3,1,2203.0,0,0,0.0,0,1,0.5,0.5
0.3,1,2204.0,0,1,,1,0,0.5,0.5
0.3,1,2205.0,0,1,,0,0,0.2,0.5
0.3,1,2206.0,1,2,0.0,2,1,0.4,0.4
0.3,1,2207.0,1,2,,0,0,0.4,0.2
0.3,1,2208.0,0,0,1.2303422106540438,0,2,0.4,0.4
0.3,1,2209.0,0,0,,0,0,0.4,0.4
0.3,1,2210.0,0,0,,0,0,0.4,0.4
0.3,1,2211.0,0,0,,0,0,0.3,0.4
0.3,1,2212.0,0,0,,0,0,0.3,0.4
0.3,1,2213.0,0,0,,0,0,0.3,0.3
0.3,1,2214.0,0,0,,0,0,0.2,0.3
0.3,1,2215.0,0,0,,0,0,0.2,0.3
0.3,1,2216.0,0,0,,0,0,0.0,0.2
0.3,1,2217.0,0,0,0.0,1,1,0.1,0.3
0.3,1,2218.0,0,0,,0,0,0.1,0.1
0.3,1,2219.0,0,0,0.0,1,1,0.2,0.2
0.3,1,2220.0,0,0,,0,0,0.2,0.2
0.3,1,2221.0,0,1,,1,0,0.3,0.2
0.3,1,2222.0,0,1,,0,0,0.3,0.2
0.3,1,2223.0,0,1,,0,0,0.3,0.2
0.3,1,2224.0,0,0,0.0,0,1,0.3,0.3
0.3,1,2225.0,0,0,,0,0,0.3,0.3
0.3,1,2226.0,0,0,,0,0,0.3,0.3
0.3,1,2227.0,0,0,,0,0,0.2,0.2
0.3,1,2228.0,0,0,,0,0,0.2,0.2
0.3,1,2229.0,0,0,,0,0,0.1,0.1
0.3,1,2230.0,0,0,,0,0,0.1,0.1
0.3,1,2231.0,0,0,,0,0,0.0,0.1
0.3,1,2232.0,0,0,,0,0,0.0,0.1
0.3,1,2233.0,0,0,,0,0,0.0,0.1
0.3,1,2234.0,0,0,,0,0,0.0,0.0
0.3,1,2235.0,0,0,,0,0,0.0,0.0
0.3,1,2236.0,0,0,0.0,1,1,0.1,0.1
0.3,1,2237.0,0,0,,0,0,0.1,0.1
0.3,1,2238.0,0,1,,1,0,0.2,0.1
0.3,1,2239.0,1,2,,1,0,0.3,0.1
0.3,1,2240.0,0,0,0.2358102553896515,0,2,0.3,0.3
0.3,1,2241.0,0,0,,0,0,0.3,0.3
0.3,1,2242.0,0,0,,0,0,0.3,0.3
0.3,1,2243.0,0,0,,0,0,0.3,0.3
0.3,1,2244.0,0,0,,0,0,0.3,0.3
0.3,1,2245.0,0,0,,0,0,0.3,0.3
0.3,1,2246.0,0,0,,0,0,0.2,0.2
0.3,1,2247.0,0,0,,0,0,0.2,0.2
0.3,1,2248.0,0,0,,0,0,0.1,0.2
0.3,1,2249.0,0,0,,0,0,0.0,0.2
0.3,1,2250.0,0,0,,0,0,0.0,0.0
0.3,1,2251.0,0,0,,0,0,0.0,0.0
0.3,1,2252.0,0,0,,0,0,0.0,0.0
0.3,1,2253.0,0,0,,0,0,0.0,0.0
0.3,1,2254.0,0,0,,0,0,0.0,0.0
0.3,1,2255.0,0,0,,0,0,0.0,0.0
0.3,1,2256.0,0,0,,0,0,0.0,0.0
0.3,1,2257.0,0,0,,0,0,0.0,0.0
0.3,1,2258.0,0,0,,0,0,0.0,0.0
0.3,1,2259.0,0,0,0.0,1,1,0.1,0.1
0.3,1,2260.0,0,0,,0,0,0.1,0.1
0.3,1,2261.0,0,0,0.0,1,1,0.2,0.2
0.3,1,2262.0,0,0,,0,0,0.2,0.2
0.3,1,2263.0,0,0,,0,0,0.2,0.2
0.3,1,2264.0,0,0,,0,0,0.2,0.2
0.3,1,2265.0,0,0,,0,0,0.2,0.2
0.3,1,2266.0,0,1,0.0,2,1,0.4,0.3
0.3,1,2267.0,0,0,0.0,0,1,0.4,0.4
0.3,1,2268.0,0,0,,0,0,0.4,0.4
0.3,1,2269.0,0,0,,0,0,0.3,0.3
0.3,1,2270.0,0,0,,0,0,0.3,0.3
0.3,1,2271.0,1,2,,2,0,0.4,0.2
0.3,1,2272.0,2,3,,1,0,0.5,0.2
0.3,1,2273.0,3,4,,1,0,0.6,0.2
0.3,1,2274.0,1,2,1.0863181285205883,0,2,0.6,0.4
0.3,1,2275.0,0,0,1.7514989039743796,0,2,0.6,0.6
0.3,1,2276.0,0,0,,0,0,0.4,0.5
0.3,1,2277.0,0,1,,1,0,0.5,0.4
0.3,1,2278.0,0,1,,0,0,0.5,0.4
0.3,1,2279.0,0,0,0.0,0,1,0.5,0.5
0.3,1,2280.0,0,0,,0,0,0.5,0.5
0.3,1,2281.0,0,0,,0,0,0.3,0.5
0.3,1,2282.0,0,1,,1,0,0.3,0.5
0.3,1,2283.0,0,0,0.0,1,2,0.3,0.7
0.3,1,2284.0,0,1,,1,0,0.4,0.5
0.3,1,2285.0,0,0,0.0,0,1,0.4,0.4
0.3,1,2286.0,0,0,,0,0,0.4,0.4
0.3,1,2287.0,0,0,,0,0,0.3,0.4
0.3,1,2288.0,0,1,,1,0,0.4,0.4
0.3,1,2289.0,0,0,0.0,0,1,0.4,0.4
0.3,1,2290.0,0,1,,1,0,0.5,0.4
0.3,1,2291.0,0,0,0.0,0,1,0.5,0.5
0.3,1,2292.0,0,0,,0,0,0.4,0.5
0.3,1,2293.0,0,0,,0,0,0.3,0.3
0.3,1,2294.0,0,0,0.0,1,1,0.3,0.4
0.3,1,2295.0,0,0,,0,0,0.3,0.3
0.3,1,2296.0,0,0,,0,0,0.3,0.3
0.3,1,2297.0,0,0,,0,0,0.3,0.3
0.3,1,2298.0,0,0,,0,0,0.2,0.3
0.3,1,2299.0,0,0,,0,0,0.2,0.2
0.3,1,2300.0,0,1,,1,0,0.2,0.2
0.3,1,2301.0,0,1,,0,0,0.2,0.1
0.3,1,2302.0,0,1,,0,0,0.2,0.1
0.3,1,2303.0,0,0,0.0,0,1,0.2,0.2
0.3,1,2304.0,0,0,,0,0,0.1,0.1
0.3,1,2305.0,0,0,,0,0,0.1,0.1
0.3,1,2306.0,0,0,,0,0,0.1,0.1
0.3,1,2307.0,0,0,,0,0,0.1,0.1
0.3,1,2308.0,0,0,,0,0,0.1,0.1
0.3,1,2309.0,0,0,,0,0,0.1,0.1
0.3,1,2310.0,0,0,0.0,1,1,0.1,0.2
0.3,1,2311.0,0,0,,0,0,0.1,0.2
0.3,1,2312.0,0,0,,0,0,0.1,0.2
0.3,1,2313.0,0,0,,0,0,0.1,0.1
0.3,1,2314.0,0,0,,0,0,0.1,0.1
0.3,1,2315.0,0,0,,0,0,0.1,0.1
0.3,1,2316.0,0,0,,0,0,0.1,0.1
0.3,1,2317.0,0,0,,0,0,0.1,0.1
0.3,1,2318.0,0,0,,0,0,0.1,0.1
0.3,1,2319.0,0,0,,0,0,0.1,0.1
0.3,1,2320.0,0,0,,0,0,0.0,0.0
0.3,1,2321.0,0,0,,0,0,0.0,0.0
0.3,1,2322.0,0,0,,0,0,0.0,0.0
0.3,1,2323.0,0,0,,0,0,0.0,0.0
0.3,1,2324.0,0,0,,0,0,0.0,0.0
0.3,1,2325.0,0,0,,0,0,0.0,0.0
0.3,1,2326.0,0,0,,0,0,0.0,0.0
0.3,1,2327.0,0,0,,0,0,0.0,0.0
0.3,1,2328.0,0,0,,0,0,0.0,0.0
0.3,1,2329.0,0,0,,0,0,0.0,0.0
0.3,1,2330.0,0,0,0.0,1,1,0.1,0.1
0.3,1,2331.0,0,1,,1,0,0.2,0.1
0.3,1,2332.0,0,0,0.0,0,1,0.2,0.2
0.3,1,2333.0,0,0,,0,0,0.2,0.2
0.3,1,2334.0,0,0,0.0,1,1,0.3,0.3
0.3,1,2335.0,0,0,,0,0,0.3,0.3
0.3,1,2336.0,0,0,,0,0,0.3,0.3
0.3,1,2337.0,0,0,,0,0,0.3,0.3
0.3,1,2338.0,0,1,,1,0,0.4,0.3
0.3,1,2339.0,0,0,0.0,0,1,0.4,0.4
0.3,1,2340.0,0,1,,1,0,0.4,0.3
0.3,1,2341.0,0,1,0.0,1,1,0.4,0.4
0.3,1,2342.0,1,2,,1,0,0.5,0.3
0.3,1,2343.0,1,2,,0,0,0.5,0.3
0.3,1,2344.0,0,1,0.6480053855748338,1,2,0.5,0.4
0.3,1,2345.0,0,0,0.0,0,1,0.5,0.5
0.3,1,2346.0,0,0,,0,0,0.5,0.5
0.3,1,2347.0,0,1,0.0,2,1,0.7,0.6
0.3,1,2348.0,0,0,0.10351178494556734,0,1,0.6,0.7
0.3,1,2349.0,0,1,,1,0,0.7,0.6
0.3,1,2350.0,0,0,0.0,0,1,0.6,0.7
0.3,1,2351.0,0,1,,1,0,0.6,0.6
0.3,1,2352.0,0,0,0.0,0,1,0.5,0.7
0.3,1,2353.0,0,0,,0,0,0.5,0.7
0.3,1,2354.0,0,0,0.0,1,1,0.5,0.6
0.3,1,2355.0,0,0,,0,0,0.5,0.5
0.3,1,2356.0,0,0,,0,0,0.5,0.5
0.3,1,2357.0,0,1,,1,0,0.4,0.4
0.3,1,2358.0,1,2,,1,0,0.5,0.3
0.3,1,2359.0,0,0,0.19840889795432304,0,2,0.4,0.5
0.3,1,2360.0,0,0,,0,0,0.4,0.4
0.3,1,2361.0,0,0,,0,0,0.3,0.4
0.3,1,2362.0,0,0,,0,0,0.3,0.3
0.3,1,2363.0,0,0,,0,0,0.3,0.3
0.3,1,2364.0,0,0,0.0,1,1,0.3,0.3
0.3,1,2365.0,0,0,,0,0,0.3,0.3
0.3,1,2366.0,0,0,,0,0,0.3,0.3
0.3,1,2367.0,0,0,,0,0,0.2,0.3
0.3,1,2368.0,0,0,,0,0,0.1,0.3
0.3,1,2369.0,0,0,,0,0,0.1,0.1
0.3,1,2370.0,0,0,,0,0,0.1,0.1
0.3,1,2371.0,0,1,,1,0,0.2,0.1
0.3,1,2372.0,0,0,0.0,0,1,0.2,0.2
0.3,1,2373.0,0,1,,1,0,0.3,0.2
0.3,1,2374.0,0,0,0.0,0,1,0.2,0.2
0.3,1,2375.0,0,0,,0,0,0.2,0.2
0.3,1,2376.0,0,0,,0,0,0.2,0.2
0.3,1,2377.0,0,0,,0,0,0.2,0.2
0.3,1,2378.0,0,0,,0,0,0.2,0.2
0.3,1,2379.0,0,0,,0,0,0.2,0.2
0.3,1,2380.0,0,0,,0,0,0.2,0.2
0.3,1,2381.0,0,0,,0,0,0.1,0.2
0.3,1,2382.0,0,0,,0,0,0.1,0.1
0.3,1,2383.0,0,0,,0,0,0.0,0.1
0.3,1,2384.0,0,0,,0,0,0.0,0.0
0.3,1,2385.0,0,0,,0,0,0.0,0.0
0.3,1,2386.0,0,0,0.0,1,1,0.1,0.1
0.3,1,2387.0,0,0,,0,0,0.1,0.1
0.3,1,2388.0,0,1,,1,0,0.2,0.1
0.3,1,2389.0,0,0,0.0,0,1,0.2,0.2
0.3,1,2390.0,0,0,0.0,1,1,0.3,0.3
0.3,1,2391.0,0,0,,0,0,0.3,0.3
0.3,1,2392.0,0,0,,0,0,0.3,0.3
0.3,1,2393.0,0,0,,0,0,0.3,0.3
0.3,1,2394.0,0,0,,0,0,0.3,0.3
0.3,1,2395.0,0,0,,0,0,0.3,0.3
0.3,1,2396.0,0,1,,1,0,0.3,0.2
0.3,1,2397.0,0,1,,0,0,0.3,0.2
0.3,1,2398.0,0,1,,0,0,0.2,0.2
0.3,1,2399.0,0,1,,0,0,0.2,0.1
0.3,1,2400.0,0,0,0.0,0,1,0.1,0.1
0.3,1,2401.0,0,0,,0,0,0.1,0.1
0.3,1,2402.0,0,0,,0,0,0.1,0.1
0.3,1,2403.0,0,0,,0,0,0.1,0.1
0.3,1,2404.0,0,0,,0,0,0.1,0.1
0.3,1,2405.0,0,0,,0,0,0.1,0.1
0.3,1,2406.0,0,1,,1,0,0.1,0.1
0.3,1,2407.0,0,1,0.0,1,1,0.2,0.2
0.3,1,2408.0,0,1,,0,0,0.2,0.2
0.3,1,2409.0,0,0,0.0,0,1,0.2,0.3
0.3,1,2410.0,0,1,,1,0,0.3,0.2
0.3,1,2411.0,0,1,,0,0,0.3,0.2
0.3,1,2412.0,0,0,0.0,0,1,0.3,0.3
0.3,1,2413.0,0,0,,0,0,0.3,0.3
0.3,1,2414.0,0,1,,1,0,0.4,0.3
0.3,1,2415.0,0,1,,0,0,0.4,0.3
0.3,1,2416.0,0,1,,0,0,0.3,0.3
0.3,1,2417.0,0,0,0.0,0,1,0.2,0.3
0.3,1,2418.0,0,0,,0,0,0.2,0.3
0.3,1,2419.0,0,1,,1,0,0.3,0.2
0.3,1,2420.0,0,1,0.0,1,1,0.3,0.3
0.3,1,2421.0,0,1,,0,0,0.3,0.3
0.3,1,2422.0,0,1,,0,0,0.3,0.2
0.3,1,2423.0,0,0,0.0,0,1,0.3,0.3
0.3,1,2424.0,0,0,,0,0,0.2,0.3
0.3,1,2425.0,0,0,,0,0,0.2,0.3
0.3,1,2426.0,0,1,,1,0,0.3,0.3
0.3,1,2427.0,0,0,0.0,0,1,0.3,0.3
0.3,1,2428.0,0,0,,0,0,0.3,0.3
0.3,1,2429.0,0,0,,0,0,0.2,0.3
0.3,1,2430.0,0,0,,0,0,0.1,0.2
0.3,1,2431.0,0,0,,0,0,0.1,0.2
0.3,1,2432.0,0,0,0.0,1,1,0.2,0.3
0.3,1,2433.0,0,0,,0,0,0.2,0.2
0.3,1,2434.0,0,0,,0,0,0.2,0.2
0.3,1,2435.0,0,0,,0,0,0.2,0.2
0.3,1,2436.0,0,0,,0,0,0.1,0.2
0.3,1,2437.0,0,0,,0,0,0.1,0.1
0.3,1,2438.0,0,0,,0,0,0.1,0.1
0.3,1,2439.0,0,0,0.0,1,1,0.2,0.2
0.3,1,2440.0,0,0,,0,0,0.2,0.2
0.3,1,2441.0,0,1,,1,0,0.3,0.2
0.3,1,2442.0,0,1,,0,0,0.2,0.1
0.3,1,2443.0,1,2,,1,0,0.3,0.1
0.3,1,2444.0,1,2,,0,0,0.3,0.1
0.3,1,2445.0,0,1,0.0,0,1,0.3,0.2
0.3,1,2446.0,0,1,,0,0,0.3,0.2
0.3,1,2447.0,0,0,1.6062443833598081,0,1,0.3,0.3
0.3,1,2448.0,0,0,,0,0,0.3,0.3
0.3,1,2449.0,0,1,,1,0,0.3,0.2
0.3,1,2450.0,0,0,0.0,0,1,0.3,0.3
0.3,1,2451.0,0,0,,0,0,0.2,0.3
0.3,1,2452.0,0,0,,0,0,0.2,0.3
0.3,1,2453.0,0,0,,0,0,0.1,0.3
0.3,1,2454.0,0,0,,0,0,0.1,0.3
0.3,1,2455.0,0,0,,0,0,0.1,0.2
0.3,1,2456.0,0,1,0.0,2,1,0.3,0.3
0.3,1,2457.0,0,0,0.0,0,1,0.3,0.3
0.3,1,2458.0,0,1,,1,0,0.4,0.3
0.3,1,2459.0,0,1,,0,0,0.3,0.3
0.3,1,2460.0,0,0,0.0,0,1,0.3,0.3
0.3,1,2461.0,0,0,,0,0,0.3,0.3
0.3,1,2462.0,0,0,,0,0,0.3,0.3
0.3,1,2463.0,0,1,,1,0,0.4,0.3
0.3,1,2464.0,0,0,0.0,0,1,0.4,0.4
0.3,1,2465.0,0,0,,0,0,0.4,0.4
0.3,1,2466.0,0,0,,0,0,0.2,0.3
0.3,1,2467.0,0,0,,0,0,0.2,0.2
0.3,1,2468.0,0,1,,1,0,0.2,0.2
0.3,1,2469.0,0,1,0.11011042433892726,2,2,0.4,0.4
0.3,1,2470.0,0,1,,0,0,0.4,0.3
0.3,1,2471.0,0,0,0.28859677540731354,0,1,0.4,0.4
0.3,1,2472.0,0,0,0.0,1,1,0.5,0.5
0.3,1,2473.0,0,1,,1,0,0.5,0.5
0.3,1,2474.0,0,0,0.0,0,1,0.5,0.5
0.3,1,2475.0,0,0,,0,0,0.5,0.5
0.3,1,2476.0,0,0,,0,0,0.5,0.5
0.3,1,2477.0,0,0,,0,0,0.5,0.5
0.3,1,2478.0,0,0,,0,0,0.4,0.5
0.3,1,2479.0,0,0,,0,0,0.2,0.3
0.3,1,2480.0,0,0,,0,0,0.2,0.3
0.3,1,2481.0,0,0,,0,0,0.2,0.2
0.3,1,2482.0,1,2,,2,0,0.3,0.1
0.3,1,2483.0,1,2,,0,0,0.2,0.1
0.3,1,2484.0,1,2,,0,0,0.2,0.0
0.3,1,2485.0,0,1,0.0,0,1,0.2,0.1
0.3,1,2486.0,0,0,3.6267688168763925,0,1,0.2,0.2
0.3,1,2487.0,0,0,,0,0,0.2,0.2
0.3,1,2488.0,0,0,,0,0,0.2,0.2
0.3,1,2489.0,0,0,,0,0,0.2,0.2
0.3,1,2490.0,0,0,,0,0,0.2,0.2
0.3,1,2491.0,0,0,0.0,1,1,0.3,0.3
0.3,1,2492.0,0,0,,0,0,0.1,0.3
0.3,1,2493.0,0,0,,0,0,0.1,0.3
0.3,1,2494.0,0,1,,1,0,0.2,0.3
0.3,1,2495.0,0,1,,0,0,0.2,0.2
0.3,1,2496.0,0,1,,0,0,0.2,0.1
0.3,1,2497.0,0,1,,0,0,0.2,0.1
0.3,1,2498.0,0,0,0.0,0,1,0.2,0.2
0.3,1,2499.0,0,1,,1,0,0.3,0.2
0.3,1,2500.0,0,0,0.0,0,1,0.3,0.3
0.3,1,2501.0,0,0,,0,0,0.2,0.2
0.3,1,2502.0,0,0,,0,0,0.2,0.2
0.3,1,2503.0,0,0,,0,0,0.2,0.2
0.3,1,2504.0,0,0,0.0,1,1,0.2,0.3
0.3,1,2505.0,0,0,,0,0,0.2,0.3
0.3,1,2506.0,0,0,,0,0,0.2,0.3
0.3,1,2507.0,0,0,,0,0,0.2,0.3
0.3,1,2508.0,0,1,,1,0,0.3,0.2
0.3,1,2509.0,0,0,0.0,0,1,0.2,0.3
0.3,1,2510.0,0,0,,0,0,0.2,0.2
0.3,1,2511.0,0,0,,0,0,0.2,0.2
0.3,1,2512.0,0,0,,0,0,0.2,0.2
0.3,1,2513.0,0,0,0.0,1,1,0.3,0.3
0.3,1,2514.0,0,0,,0,0,0.2,0.2
0.3,1,2515.0,0,0,,0,0,0.2,0.2
0.3,1,2516.0,0,0,,0,0,0.2,0.2
0.3,1,2517.0,0,0,,0,0,0.2,0.2
0.3,1,2518.0,0,0,,0,0,0.1,0.2
0.3,1,2519.0,0,0,,0,0,0.1,0.1
0.3,1,2520.0,0,0,,0,0,0.1,0.1
0.3,1,2521.0,0,0,,0,0,0.1,0.1
0.3,1,2522.0,0,0,,0,0,0.1,0.1
0.3,1,2523.0,0,0,,0,0,0.0,0.0
0.3,1,2524.0,0,0,,0,0,0.0,0.0
0.3,1,2525.0,0,0,,0,0,0.0,0.0
0.3,1,2526.0,0,1,,1,0,0.1,0.0
0.3,1,2527.0,0,1,,0,0,0.1,0.0
0.3,1,2528.0,1,2,,1,0,0.2,0.0
0.3,1,2529.0,1,2,,0,0,0.2,0.0
0.3,1,2530.0,1,2,0.0,1,1,0.3,0.1
0.3,1,2531.0,1,2,,0,0,0.3,0.1
0.3,1,2532.0,2,3,,1,0,0.4,0.1
0.3,1,2533.0,0,1,2.883725751630436,0,2,0.4,0.3
0.3,1,2534.0,0,1,,0,0,0.4,0.3
0.3,1,2535.0,0,0,1.6167758966880683,0,1,0.4,0.4
0.3,1,2536.0,0,0,,0,0,0.3,0.4
0.3,1,2537.0,0,0,,0,0,0.3,0.4
0.3,1,2538.0,0,0,,0,0,0.2,0.4
0.3,1,2539.0,0,0,,0,0,0.2,0.4
0.3,1,2540.0,0,0,,0,0,0.1,0.3
0.3,1,2541.0,0,0,,0,0,0.1,0.3
0.3,1,2542.0,0,0,,0,0,0.0,0.3
0.3,1,2543.0,0,1,,1,0,0.1,0.1
0.3,1,2544.0,0,1,0.0,1,1,0.2,0.2
0.3,1,2545.0,0,0,0.0,0,1,0.2,0.2
0.3,1,2546.0,0,0,,0,0,0.2,0.2
0.3,1,2547.0,0,0,,0,0,0.2,0.2
0.3,1,2548.0,0,0,,0,0,0.2,0.2
0.3,1,2549.0,0,1,,1,0,0.3,0.2
0.3,1,2550.0,1,2,,1,0,0.4,0.2
0.3,1,2551.0,1,2,,0,0,0.4,0.2
0.3,1,2552.0,0,0,0.9068665106718375,1,3,0.5,0.5
0.3,1,2553.0,0,1,,1,0,0.5,0.5
0.3,1,2554.0,0,0,0.0,0,1,0.4,0.5
0.3,1,2555.0,0,0,,0,0,0.4,0.4
0.3,1,2556.0,0,0,,0,0,0.4,0.4
0.3,1,2557.0,0,0,,0,0,0.4,0.4
0.3,1,2558.0,0,0,,0,0,0.4,0.4
0.3,1,2559.0,0,0,,0,0,0.3,0.4
0.3,1,2560.0,0,0,,0,0,0.2,0.4
0.3,1,2561.0,0,0,,0,0,0.2,0.4
0.3,1,2562.0,0,0,,0,0,0.1,0.1
0.3,1,2563.0,0,0,0.0,1,1,0.1,0.2
0.3,1,2564.0,0,0,,0,0,0.1,0.1
0.3,1,2565.0,0,1,,1,0,0.2,0.1
0.3,1,2566.0,0,1,0.0,1,1,0.3,0.2
0.3,1,2567.0,0,0,0.0,0,1,0.3,0.3
0.3,1,2568.0,0,0,,0,0,0.3,0.3
0.3,1,2569.0,0,0,,0,0,0.3,0.3
0.3,1,2570.0,0,1,,1,0,0.4,0.3
0.3,1,2571.0,1,2,,1,0,0.5,0.3
0.3,1,2572.0,0,1,0.4411134662252607,1,2,0.6,0.5
0.3,1,2573.0,0,1,,0,0,0.5,0.4
0.3,1,2574.0,0,0,0.0,0,1,0.5,0.5
0.3,1,2575.0,0,0,,0,0,0.4,0.5
0.3,1,2576.0,0,0,,0,0,0.3,0.4
0.3,1,2577.0,0,1,,1,0,0.4,0.3
0.3,1,2578.0,1,2,,1,0,0.5,0.3
0.3,1,2579.0,1,2,,0,0,0.5,0.3
0.3,1,2580.0,0,1,0.0,0,1,0.4,0.4
0.3,1,2581.0,1,2,,1,0,0.4,0.4
0.3,1,2582.0,1,2,,0,0,0.3,0.2
0.3,1,2583.0,0,0,2.230228726537689,0,2,0.3,0.4
0.3,1,2584.0,0,0,,0,0,0.3,0.3
0.3,1,2585.0,0,0,,0,0,0.3,0.3
0.3,1,2586.0,0,0,,0,0,0.3,0.3
0.3,1,2587.0,0,0,,0,0,0.2,0.3
0.3,1,2588.0,0,0,,0,0,0.1,0.3
0.3,1,2589.0,0,1,,1,0,0.2,0.3
0.3,1,2590.0,0,0,0.0,0,1,0.2,0.3
0.3,1,2591.0,0,0,,0,0,0.1,0.3
0.3,1,2592.0,0,1,,1,0,0.2,0.3
0.3,1,2593.0,0,0,0.0,0,1,0.2,0.2
0.3,1,2594.0,0,0,,0,0,0.2,0.2
0.3,1,2595.0,0,0,,0,0,0.2,0.2
0.3,1,2596.0,0,0,,0,0,0.2,0.2
0.3,1,2597.0,0,0,0.0,1,1,0.3,0.3
0.3,1,2598.0,0,0,,0,0,0.3,0.3
0.3,1,2599.0,0,1,,1,0,0.3,0.3
0.3,1,2600.0,0,0,0.0,0,1,0.3,0.3
0.3,1,2601.0,0,0,,0,0,0.3,0.3
0.3,1,2602.0,0,1,0.0,2,1,0.4,0.4
0.3,1,2603.0,0,0,0.18903486203430475,1,2,0.5,0.5
0.3,1,2604.0,0,0,,0,0,0.5,0.5
0.3,1,2605.0,0,0,,0,0,0.5,0.5
0.3,1,2606.0,0,0,,0,0,0.5,0.5
0.3,1,2607.0,0,0,,0,0,0.4,0.4
0.3,1,2608.0,0,0,,0,0,0.4,0.4
0.3,1,2609.0,0,0,,0,0,0.3,0.4
0.3,1,2610.0,0,0,,0,0,0.3,0.3
0.3,1,2611.0,0,0,,0,0,0.3,0.3
0.3,1,2612.0,0,0,,0,0,0.1,0.2
0.3,1,2613.0,0,0,,0,0,0.0,0.0
0.3,1,2614.0,0,0,,0,0,0.0,0.0
0.3,1,2615.0,0,0,,0,0,0.0,0.0
0.3,1,2616.0,0,0,,0,0,0.0,0.0
0.3,1,2617.0,0,0,,0,0,0.0,0.0
0.3,1,2618.0,0,0,,0,0,0.0,0.0
0.3,1,2619.0,0,0,,0,0,0.0,0.0
0.3,1,2620.0,0,0,,0,0,0.0,0.0
0.3,1,2621.0,0,1,,1,0,0.1,0.0
0.3,1,2622.0,0,0,0.0,0,1,0.1,0.1
0.3,1,2623.0,0,1,,1,0,0.2,0.1
0.3,1,2624.0,0,0,0.021466278014486306,1,2,0.3,0.3
0.3,1,2625.0,0,0,,0,0,0.3,0.3
0.3,1,2626.0,0,0,,0,0,0.3,0.3
0.3,1,2627.0,0,0,0.0,1,1,0.4,0.4
0.3,1,2628.0,0,0,,0,0,0.4,0.4
0.3,1,2629.0,0,0,,0,0,0.4,0.4
0.3,1,2630.0,0,0,,0,0,0.4,0.4
0.3,1,2631.0,0,0,,0,0,0.3,0.4
0.3,1,2632.0,0,0,,0,0,0.3,0.3
0.3,1,2633.0,0,0,,0,0,0.2,0.3
0.3,1,2634.0,0,0,,0,0,0.1,0.1
0.3,1,2635.0,0,0,,0,0,0.1,0.1
0.3,1,2636.0,0,0,0.0,1,1,0.2,0.2
0.3,1,2637.0,0,0,0.0,1,1,0.2,0.2
0.3,1,2638.0,0,0,,0,0,0.2,0.2
0.3,1,2639.0,0,0,,0,0,0.2,0.2
0.3,1,2640.0,0,0,0.0,1,1,0.3,0.3
0.3,1,2641.0,0,0,,0,0,0.3,0.3
0.3,1,2642.0,0,0,0.0,2,2,0.5,0.5
0.3,1,2643.0,0,0,0.0,1,1,0.6,0.6
0.3,1,2644.0,0,0,,0,0,0.6,0.6
0.3,1,2645.0,2,3,,3,0,0.9,0.6
0.3,1,2646.0,1,2,0.0,0,1,0.8,0.6
0.3,1,2647.0,1,2,1.331773988439636,1,1,0.8,0.6
0.3,1,2648.0,1,2,,0,0,0.8,0.6
0.3,1,2649.0,0,0,1.702400999380643,0,2,0.8,0.8
0.3,1,2650.0,0,0,,0,0,0.7,0.7
0.3,1,2651.0,0,0,,0,0,0.7,0.7
0.3,1,2652.0,0,0,,0,0,0.5,0.5
0.3,1,2653.0,0,0,,0,0,0.4,0.4
0.3,1,2654.0,0,0,,0,0,0.4,0.4
0.3,1,2655.0,0,1,,1,0,0.2,0.4
0.3,1,2656.0,0,0,0.0,0,1,0.2,0.4
0.3,1,2657.0,0,1,,1,0,0.2,0.3
0.3,1,2658.0,0,0,0.0,1,2,0.3,0.5
0.3,1,2659.0,0,0,,0,0,0.3,0.3
0.3,1,2660.0,0,1,,1,0,0.4,0.3
0.3,1,2661.0,0,1,0.0,1,1,0.5,0.4
0.3,1,2662.0,0,0,0.08224518387487478,0,1,0.5,0.5
0.3,1,2663.0,0,0,,0,0,0.5,0.5
0.3,1,2664.0,0,0,,0,0,0.5,0.5
0.3,1,2665.0,0,0,,0,0,0.4,0.5
0.3,1,2666.0,0,0,,0,0,0.4,0.4
0.3,1,2667.0,0,1,0.0,2,1,0.5,0.5
0.3,1,2668.0,1,2,,1,0,0.5,0.3
0.3,1,2669.0,2,3,,1,0,0.6,0.3
0.3,1,2670.0,2,3,,0,0,0.5,0.3
0.3,1,2671.0,1,2,0.0,0,1,0.4,0.3
0.3,1,2672.0,0,1,2.961044650439362,0,1,0.4,0.3
0.3,1,2673.0,0,0,3.3190867636126313,0,1,0.4,0.4
0.3,1,2674.0,0,0,,0,0,0.4,0.4
0.3,1,2675.0,0,0,,0,0,0.4,0.4
0.3,1,2676.0,0,0,,0,0,0.4,0.4
0.3,1,2677.0,1,2,,2,0,0.4,0.3
0.3,1,2678.0,0,1,0.0,0,1,0.3,0.4
0.3,1,2679.0,0,0,0.7359403245700378,0,1,0.2,0.5
0.3,1,2680.0,0,1,,1,0,0.3,0.5
0.3,1,2681.0,0,0,0.021628573461384804,1,2,0.4,0.6
0.3,1,2682.0,0,0,,0,0,0.4,0.5
0.3,1,2683.0,0,0,,0,0,0.4,0.4
0.3,1,2684.0,0,1,,1,0,0.5,0.4
0.3,1,2685.0,0,0,0.0,1,2,0.6,0.6
0.3,1,2686.0,0,0,,0,0,0.6,0.6
0.3,1,2687.0,0,0,,0,0,0.4,0.6
0.3,1,2688.0,0,0,,0,0,0.4,0.5
0.3,1,2689.0,0,0,0.0,1,1,0.5,0.5
0.3,1,2690.0,0,0,,0,0,0.4,0.5
0.3,1,2691.0,0,0,,0,0,0.3,0.3
0.3,1,2692.0,0,0,,0,0,0.3,0.3
0.3,1,2693.0,0,0,0.0,1,1,0.4,0.4
0.3,1,2694.0,0,0,,0,0,0.3,0.4
0.3,1,2695.0,0,0,,0,0,0.2,0.2
0.3,1,2696.0,0,0,,0,0,0.2,0.2
0.3,1,2697.0,0,1,,1,0,0.3,0.2
0.3,1,2698.0,0,0,0.0,0,1,0.3,0.3
0.3,1,2699.0,0,0,,0,0,0.2,0.2
0.3,1,2700.0,0,0,,0,0,0.2,0.2
0.3,1,2701.0,0,0,,0,0,0.2,0.2
0.3,1,2702.0,0,1,,1,0,0.3,0.2
0.3,1,2703.0,0,0,0.0,0,1,0.2,0.2
0.3,1,2704.0,0,1,,1,0,0.3,0.2
0.3,1,2705.0,0,1,0.0,1,1,0.4,0.3
0.3,1,2706.0,1,2,,1,0,0.5,0.3
0.3,1,2707.0,1,2,,0,0,0.4,0.3
0.3,1,2708.0,1,2,0.0,1,1,0.5,0.3
0.3,1,2709.0,2,3,2.556455513846686,2,1,0.7,0.4
0.3,1,2710.0,2,3,,0,0,0.7,0.4
0.3,1,2711.0,1,2,0.5633076049048213,0,1,0.7,0.5
0.3,1,2712.0,0,1,2.2502220345927526,0,1,0.6,0.6
0.3,1,2713.0,0,0,2.5320336747195142,0,1,0.6,0.6
0.3,1,2714.0,0,0,,0,0,0.5,0.6
0.3,1,2715.0,0,0,,0,0,0.4,0.5
0.3,1,2716.0,0,0,,0,0,0.3,0.5
0.3,1,2717.0,0,0,,0,0,0.3,0.5
0.3,1,2718.0,0,1,,1,0,0.3,0.4
0.3,1,2719.0,0,1,,0,0,0.1,0.3
0.3,1,2720.0,0,0,0.0,0,1,0.1,0.4
0.3,1,2721.0,0,0,0.0,1,1,0.2,0.4
0.3,1,2722.0,0,0,0.0,1,1,0.3,0.4
0.3,1,2723.0,0,0,,0,0,0.3,0.3
0.3,1,2724.0,0,1,,1,0,0.4,0.3
0.3,1,2725.0,0,1,0.0,1,1,0.5,0.4
0.3,1,2726.0,0,1,0.24180112498152084,1,1,0.6,0.5
0.3,1,2727.0,0,0,0.1202991145814849,0,1,0.6,0.6
0.3,1,2728.0,0,0,,0,0,0.5,0.6
0.3,1,2729.0,0,0,,0,0,0.5,0.6
0.3,1,2730.0,0,1,,1,0,0.6,0.5
0.3,1,2731.0,2,3,,2,0,0.7,0.4
0.3,1,2732.0,1,2,0.0,0,1,0.6,0.4
0.3,1,2733.0,2,3,,1,0,0.7,0.4
0.3,1,2734.0,2,3,,0,0,0.6,0.4
0.3,1,2735.0,4,5,,2,0,0.7,0.3
0.3,1,2736.0,4,5,,0,0,0.6,0.2
0.3,1,2737.0,3,4,1.6731544669073628,0,1,0.6,0.2
0.3,1,2738.0,1,2,4.971267835206163,0,2,0.6,0.4
0.3,1,2739.0,1,2,,0,0,0.6,0.4
0.3,1,2740.0,1,2,,0,0,0.5,0.4
0.3,1,2741.0,1,2,,0,0,0.3,0.4
0.3,1,2742.0,2,3,3.0986587741372205,2,1,0.5,0.4
0.3,1,2743.0,5,6,,3,0,0.7,0.4
0.3,1,2744.0,5,6,6.238515907378769,1,1,0.8,0.5
0.3,1,2745.0,5,6,,0,0,0.6,0.5
0.3,1,2746.0,1,2,3.2921950625668615,0,4,0.6,0.9
0.3,1,2747.0,2,3,,1,0,0.7,0.8
0.3,1,2748.0,2,3,3.2877692795955227,1,1,0.8,0.7
0.3,1,2749.0,2,3,4.1320559160894845,1,1,0.9,0.8
0.3,1,2750.0,2,3,,0,0,0.9,0.8
0.3,1,2751.0,1,2,2.179783443687029,0,1,0.9,0.9
0.3,1,2752.0,0,0,2.7073989128198264,0,2,0.7,1.0
0.3,1,2753.0,0,0,,0,0,0.4,1.0
0.3,1,2754.0,0,0,,0,0,0.3,0.9
0.3,1,2755.0,0,0,,0,0,0.3,0.9
0.3,1,2756.0,0,0,,0,0,0.3,0.5
0.3,1,2757.0,0,0,,0,0,0.2,0.5
0.3,1,2758.0,0,0,,0,0,0.1,0.4
0.3,1,2759.0,0,0,,0,0,0.0,0.3
0.3,1,2760.0,0,1,,1,0,0.1,0.3
0.3,1,2761.0,1,2,,1,0,0.2,0.2
0.3,1,2762.0,0,0,0.39326686935237376,0,2,0.2,0.2
0.3,1,2763.0,0,0,0.0,1,1,0.3,0.3
0.3,1,2764.0,0,1,,1,0,0.4,0.3
0.3,1,2765.0,0,0,0.0,0,1,0.4,0.4
0.3,1,2766.0,0,1,,1,0,0.5,0.4
0.3,1,2767.0,0,1,0.0,1,1,0.6,0.5
0.3,1,2768.0,0,1,,0,0,0.6,0.5
0.3,1,2769.0,0,1,,0,0,0.6,0.5
0.3,1,2770.0,0,0,0.0,0,1,0.5,0.6
0.3,1,2771.0,0,0,,0,0,0.4,0.6
0.3,1,2772.0,0,1,,1,0,0.5,0.4
0.3,1,2773.0,0,0,0.0,0,1,0.4,0.4
0.3,1,2774.0,0,0,,0,0,0.3,0.4
0.3,1,2775.0,0,0,,0,0,0.3,0.3
0.3,1,2776.0,0,0,,0,0,0.2,0.3
0.3,1,2777.0,0,0,,0,0,0.1,0.2
0.3,1,2778.0,0,0,0.0,1,1,0.2,0.3
0.3,1,2779.0,0,0,,0,0,0.2,0.3
0.3,1,2780.0,0,0,,0,0,0.2,0.2
0.3,1,2781.0,0,0,,0,0,0.2,0.2
0.3,1,2782.0,0,0,,0,0,0.1,0.2
0.3,1,2783.0,0,0,,0,0,0.1,0.1
0.3,1,2784.0,0,0,0.0,1,1,0.2,0.2
0.3,1,2785.0,0,0,,0,0,0.2,0.2
0.3,1,2786.0,0,0,,0,0,0.2,0.2
0.3,1,2787.0,0,0,,0,0,0.2,0.2
0.3,1,2788.0,0,0,,0,0,0.1,0.1
0.3,1,2789.0,0,1,,1,0,0.2,0.1
0.3,1,2790.0,0,0,0.0,0,1,0.2,0.2
0.3,1,2791.0,0,1,,1,0,0.3,0.2
0.3,1,2792.0,1,2,,1,0,0.4,0.2
0.3,1,2793.0,2,3,,1,0,0.5,0.2
0.3,1,2794.0,1,2,0.0,0,1,0.4,0.2
0.3,1,2795.0,1,2,,0,0,0.4,0.2
0.3,1,2796.0,0,1,1.6479211768723872,2,3,0.6,0.5
0.3,1,2797.0,0,0,0.7339572423165919,0,1,0.6,0.6
0.3,1,2798.0,0,0,,0,0,0.6,0.6
0.3,1,2799.0,0,1,,1,0,0.6,0.6
0.3,1,2800.0,0,0,0.0,0,1,0.6,0.6
0.3,1,2801.0,0,0,,0,0,0.5,0.6
0.3,1,2802.0,0,0,,0,0,0.4,0.6
0.3,1,2803.0,0,1,0.0,2,1,0.5,0.7
0.3,1,2804.0,0,1,,0,0,0.5,0.6
0.3,1,2805.0,0,1,,0,0,0.5,0.6
0.3,1,2806.0,0,0,0.0,0,1,0.3,0.4
0.3,1,2807.0,0,0,,0,0,0.3,0.3
0.3,1,2808.0,0,0,,0,0,0.3,0.3
0.3,1,2809.0,0,0,,0,0,0.2,0.3
0.3,1,2810.0,0,0,,0,0,0.2,0.2
0.3,1,2811.0,0,0,,0,0,0.2,0.2
0.3,1,2812.0,1,2,,2,0,0.4,0.2
0.3,1,2813.0,1,2,0.0,1,1,0.3,0.2
0.3,1,2814.0,0,0,0.5949691144730878,0,2,0.3,0.4
0.3,1,2815.0,0,0,0.0,1,1,0.4,0.5
0.3,1,2816.0,0,0,,0,0,0.4,0.4
0.3,1,2817.0,0,0,,0,0,0.4,0.4
0.3,1,2818.0,0,0,,0,0,0.4,0.4
0.3,1,2819.0,0,0,,0,0,0.4,0.4
0.3,1,2820.0,0,0,0.0,1,1,0.5,0.5
0.3,1,2821.0,0,0,,0,0,0.5,0.5
0.3,1,2822.0,0,1,,1,0,0.4,0.5
0.3,1,2823.0,0,0,0.0,0,1,0.3,0.5
0.3,1,2824.0,0,0,,0,0,0.3,0.3
0.3,1,2825.0,0,0,,0,0,0.2,0.2
0.3,1,2826.0,0,0,,0,0,0.2,0.2
0.3,1,2827.0,0,1,,1,0,0.3,0.2
0.3,1,2828.0,1,2,,1,0,0.4,0.2
0.3,1,2829.0,1,2,,0,0,0.4,0.2
0.3,1,2830.0,0,1,0.0,0,1,0.3,0.2
0.3,1,2831.0,0,1,,0,0,0.3,0.2
0.3,1,2832.0,0,0,2.1733617528498144,0,1,0.2,0.3
0.3,1,2833.0,0,0,,0,0,0.2,0.2
0.3,1,2834.0,0,0,0.0,1,1,0.3,0.3
0.3,1,2835.0,0,0,,0,0,0.3,0.3
0.3,1,2836.0,0,0,0.0,1,1,0.4,0.4
0.3,1,2837.0,0,0,,0,0,0.3,0.4
0.3,1,2838.0,0,0,,0,0,0.2,0.4
0.3,1,2839.0,0,0,0.0,1,1,0.3,0.5
0.3,1,2840.0,0,0,,0,0,0.3,0.4
0.3,1,2841.0,0,0,,0,0,0.3,0.4
0.3,1,2842.0,0,1,,1,0,0.4,0.3
0.3,1,2843.0,0,0,0.0,0,1,0.4,0.4
0.3,1,2844.0,0,0,,0,0,0.3,0.3
0.3,1,2845.0,0,0,,0,0,0.3,0.3
0.3,1,2846.0,0,0,,0,0,0.2,0.2
0.3,1,2847.0,0,0,,0,0,0.2,0.2
0.3,1,2848.0,0,1,0.0,2,1,0.4,0.3
0.3,1,2849.0,0,0,0.0,1,2,0.4,0.4
0.3,1,2850.0,0,0,0.0,1,1,0.5,0.5
0.3,1,2851.0,0,0,0.0,1,1,0.6,0.6
0.3,1,2852.0,0,0,,0,0,0.5,0.6
0.3,1,2853.0,0,0,,0,0,0.5,0.5
0.3,1,2854.0,0,0,,0,0,0.5,0.5
0.3,1,2855.0,0,0,,0,0,0.5,0.5
0.3,1,2856.0,0,0,,0,0,0.5,0.5
0.3,1,2857.0,0,0,,0,0,0.5,0.5
0.3,1,2858.0,0,0,,0,0,0.3,0.4
0.3,1,2859.0,0,0,,0,0,0.2,0.2
0.3,1,2860.0,0,1,,1,0,0.2,0.1
0.3,1,2861.0,0,1,,0,0,0.1,0.0
0.3,1,2862.0,0,1,,0,0,0.1,0.0
0.3,1,2863.0,0,1,,0,0,0.1,0.0
0.3,1,2864.0,0,0,0.0,0,1,0.1,0.1
0.3,1,2865.0,0,1,,1,0,0.2,0.1
0.3,1,2866.0,0,1,,0,0,0.2,0.1
0.3,1,2867.0,0,0,0.0,0,1,0.2,0.2
0.3,1,2868.0,0,0,,0,0,0.2,0.2
0.3,1,2869.0,0,0,,0,0,0.2,0.2
0.3,1,2870.0,0,0,,0,0,0.1,0.2
0.3,1,2871.0,0,0,,0,0,0.1,0.2
0.3,1,2872.0,0,0,,0,0,0.1,0.2
0.3,1,2873.0,0,0,,0,0,0.1,0.2
0.3,1,2874.0,0,0,,0,0,0.1,0.1
0.3,1,2875.0,0,1,,1,0,0.1,0.1
0.3,1,2876.0,0,1,,0,0,0.1,0.1
0.3,1,2877.0,1,2,,1,0,0.2,0.0
0.3,1,2878.0,0,0,0.44133942503913204,0,2,0.2,0.2
0.3,1,2879.0,0,0,,0,0,0.2,0.2
0.3,1,2880.0,0,0,0.0,1,1,0.3,0.3
0.3,1,2881.0,0,0,,0,0,0.3,0.3
0.3,1,2882.0,0,0,,0,0,0.3,0.3
0.3,1,2883.0,0,0,,0,0,0.3,0.3
0.3,1,2884.0,0,0,,0,0,0.3,0.3
0.3,1,2885.0,0,0,,0,0,0.2,0.3
0.3,1,2886.0,0,0,,0,0,0.2,0.3
0.3,1,2887.0,0,0,,0,0,0.1,0.3
0.3,1,2888.0,0,1,,1,0,0.2,0.1
0.3,1,2889.0,0,1,,0,0,0.2,0.1
0.3,1,2890.0,1,2,0.0,2,1,0.3,0.1
0.3,1,2891.0,1,2,,0,0,0.3,0.1
0.3,1,2892.0,2,3,,1,0,0.4,0.1
0.3,1,2893.0,2,3,,0,0,0.4,0.1
0.3,1,2894.0,2,3,,0,0,0.4,0.1
0.3,1,2895.0,2,3,0.6566090102537601,1,1,0.5,0.2
0.3,1,2896.0,1,2,4.3192372479547885,0,1,0.5,0.3
0.3,1,2897.0,0,0,2.6976067958339627,0,2,0.5,0.5
0.3,1,2898.0,0,0,,0,0,0.4,0.5
0.3,1,2899.0,0,0,,0,0,0.4,0.5
0.3,1,2900.0,0,0,,0,0,0.2,0.4
0.3,1,2901.0,0,1,,1,0,0.3,0.4
0.3,1,2902.0,0,0,0.0,0,1,0.2,0.5
0.3,1,2903.0,0,0,,0,0,0.2,0.5
0.3,1,2904.0,0,0,,0,0,0.2,0.5
0.3,1,2905.0,0,0,,0,0,0.1,0.4
0.3,1,2906.0,0,0,,0,0,0.1,0.3
0.3,1,2907.0,0,0,0.0,1,1,0.2,0.2
0.3,1,2908.0,0,0,,0,0,0.2,0.2
0.3,1,2909.0,0,0,,0,0,0.2,0.2
0.3,1,2910.0,0,0,,0,0,0.2,0.2
0.3,1,2911.0,0,0,,0,0,0.1,0.2
0.3,1,2912.0,0,0,,0,0,0.1,0.1
0.3,1,2913.0,0,0,,0,0,0.1,0.1
0.3,1,2914.0,0,0,,0,0,0.1,0.1
0.3,1,2915.0,0,0,0.0,1,1,0.2,0.2
0.3,1,2916.0,0,0,0.0,1,1,0.3,0.3
0.3,1,2917.0,0,1,,1,0,0.3,0.2
0.3,1,2918.0,0,0,0.0,0,1,0.3,0.3
0.3,1,2919.0,0,1,,1,0,0.4,0.3
0.3,1,2920.0,0,0,0.0,0,1,0.4,0.4
0.3,1,2921.0,0,0,,0,0,0.4,0.4
0.3,1,2922.0,0,0,,0,0,0.4,0.4
0.3,1,2923.0,0,0,,0,0,0.4,0.4
0.3,1,2924.0,0,0,,0,0,0.4,0.4
0.3,1,2925.0,0,0,,0,0,0.3,0.3
0.3,1,2926.0,0,1,,1,0,0.3,0.2
0.3,1,2927.0,0,1,0.0,1,1,0.3,0.3
0.3,1,2928.0,0,1,,0,0,0.3,0.2
0.3,1,2929.0,0,0,0.017706430601720058,0,1,0.2,0.3
0.3,1,2930.0,0,1,,1,0,0.3,0.2
0.3,1,2931.0,0,0,0.0,0,1,0.3,0.3
0.3,1,2932.0,0,0,,0,0,0.3,0.3
0.3,1,2933.0,0,0,,0,0,0.3,0.3
0.3,1,2934.0,0,1,,1,0,0.4,0.3
0.3,1,2935.0,0,1,,0,0,0.4,0.3
0.3,1,2936.0,0,1,,0,0,0.3,0.3
0.3,1,2937.0,0,0,0.0,0,1,0.2,0.3
0.3,1,2938.0,0,1,,1,0,0.3,0.3
0.3,1,2939.0,1,2,,1,0,0.4,0.2
0.3,1,2940.0,0,1,0.0,0,1,0.3,0.3
0.3,1,2941.0,0,1,0.6831058511027095,2,2,0.5,0.4
0.3,1,2942.0,0,0,0.0,0,1,0.5,0.5
0.3,1,2943.0,0,0,,0,0,0.5,0.5
0.3,1,2944.0,0,0,0.0,1,1,0.5,0.6
0.3,1,2945.0,0,0,,0,0,0.5,0.6
0.3,1,2946.0,0,1,0.0,2,1,0.7,0.7
0.3,1,2947.0,0,1,0.054277686751902365,1,1,0.8,0.7
0.3,1,2948.0,0,1,,0,0,0.7,0.7
0.3,1,2949.0,1,2,0.0,2,1,0.8,0.8
0.3,1,2950.0,1,2,,0,0,0.8,0.7
0.3,1,2951.0,1,2,,0,0,0.6,0.5
0.3,1,2952.0,1,2,,0,0,0.6,0.4
0.3,1,2953.0,0,1,0.0,0,1,0.6,0.5
0.3,1,2954.0,0,1,,0,0,0.5,0.4
0.3,1,2955.0,0,0,3.767147582077996,0,1,0.5,0.5
0.3,1,2956.0,0,1,,1,0,0.4,0.4
0.3,1,2957.0,0,1,,0,0,0.3,0.3
0.3,1,2958.0,0,0,0.0,0,1,0.3,0.4
0.3,1,2959.0,2,3,,3,0,0.4,0.3
0.3,1,2960.0,2,3,,0,0,0.4,0.3
0.3,1,2961.0,0,1,1.199661576324009,1,3,0.5,0.6
0.3,1,2962.0,0,1,,0,0,0.5,0.6
0.3,1,2963.0,0,1,,0,0,0.5,0.5
0.3,1,2964.0,0,1,,0,0,0.5,0.5
0.3,1,2965.0,0,1,,0,0,0.5,0.4
0.3,1,2966.0,0,0,0.6125426145090387,0,1,0.4,0.5
0.3,1,2967.0,0,0,0.0,1,1,0.5,0.6
0.3,1,2968.0,0,1,,1,0,0.6,0.5
0.3,1,2969.0,0,0,0.0,0,1,0.3,0.6
0.3,1,2970.0,0,0,,0,0,0.3,0.6
0.3,1,2971.0,0,0,,0,0,0.2,0.3
0.3,1,2972.0,0,0,,0,0,0.2,0.3
0.3,1,2973.0,0,0,,0,0,0.2,0.3
0.3,1,2974.0,0,0,,0,0,0.2,0.3
0.3,1,2975.0,0,0,,0,0,0.2,0.3
0.3,1,2976.0,0,0,,0,0,0.2,0.2
0.3,1,2977.0,0,0,,0,0,0.1,0.1
0.3,1,2978.0,0,1,,1,0,0.1,0.1
0.3,1,2979.0,0,1,,0,0,0.1,0.0
0.3,1,2980.0,0,0,0.0,0,1,0.1,0.1
0.3,1,2981.0,0,1,,1,0,0.2,0.1
0.3,1,2982.0,0,0,0.0,0,1,0.2,0.2
0.3,1,2983.0,0,0,,0,0,0.2,0.2
0.3,1,2984.0,0,0,,0,0,0.2,0.2
0.3,1,2985.0,0,1,,1,0,0.3,0.2
0.3,1,2986.0,0,0,0.0,0,1,0.3,0.3
0.3,1,2987.0,0,0,,0,0,0.3,0.3
0.3,1,2988.0,0,0,,0,0,0.2,0.3
0.3,1,2989.0,0,0,,0,0,0.2,0.3
0.3,1,2990.0,0,0,,0,0,0.2,0.2
0.3,1,2991.0,0,0,0.0,1,1,0.2,0.3
0.3,1,2992.0,0,0,,0,0,0.2,0.2
0.3,1,2993.0,0,0,,0,0,0.2,0.2
0.3,1,2994.0,0,0,,0,0,0.2,0.2
0.3,1,2995.0,0,0,,0,0,0.1,0.2
0.3,1,2996.0,0,0,,0,0,0.1,0.1
0.3,1,2997.0,0,0,,0,0,0.1,0.1
0.3,1,2998.0,0,0,,0,0,0.1,0.1
0.3,1,2999.0,0,0,,0,0,0.1,0.1
0.3,1,3000.0,0,0,,0,0,0.1,0.1
0.3,2,1.0,0,0,,0,0,0.3,0.3
0.3,2,2.0,0,0,,0,0,0.3,0.3
0.3,2,3.0,0,0,,0,0,0.2,0.2
0.3,2,4.0,0,1,,1,0,0.3,0.2
0.3,2,5.0,0,0,0.0,0,1,0.3,0.3
0.3,2,6.0,0,0,,0,0,0.3,0.3
0.3,2,7.0,0,1,,1,0,0.4,0.3
0.3,2,8.0,0,1,,0,0,0.4,0.3
0.3,2,9.0,0,1,,0,0,0.2,0.2
0.3,2,10.0,1,2,,1,0,0.3,0.1
0.3,2,11.0,0,1,0.0,0,1,0.3,0.2
0.3,2,12.0,0,0,1.220130231343461,0,1,0.3,0.3
0.3,2,13.0,0,0,0.0,1,1,0.4,0.4
0.3,2,14.0,0,0,,0,0,0.3,0.4
0.3,2,15.0,0,1,,1,0,0.4,0.3
0.3,2,16.0,0,0,0.0,0,1,0.4,0.4
0.3,2,17.0,0,1,,1,0,0.4,0.4
0.3,2,18.0,1,2,,1,0,0.5,0.4
0.3,2,19.0,1,2,,0,0,0.5,0.4
0.3,2,20.0,1,2,,0,0,0.4,0.4
0.3,2,21.0,0,1,0.0,0,1,0.4,0.4
0.3,2,22.0,0,0,3.368639975850499,0,1,0.4,0.4
0.3,2,23.0,0,0,,0,0,0.3,0.3
0.3,2,24.0,0,0,,0,0,0.3,0.3
0.3,2,25.0,0,0,0.0,1,1,0.3,0.4
0.3,2,26.0,0,0,,0,0,0.3,0.3
0.3,2,27.0,0,0,,0,0,0.2,0.3
0.3,2,28.0,0,0,,0,0,0.1,0.3
0.3,2,29.0,0,0,,0,0,0.1,0.3
0.3,2,30.0,0,1,,1,0,0.2,0.3
0.3,2,31.0,1,2,,1,0,0.3,0.2
0.3,2,32.0,2,3,0.7346590233834007,3,2,0.6,0.3
0.3,2,33.0,2,3,,0,0,0.6,0.3
0.3,2,34.0,3,4,,1,0,0.7,0.3
0.3,2,35.0,2,3,0.0,0,1,0.6,0.3
0.3,2,36.0,2,3,2.759320463063659,1,1,0.7,0.4
0.3,2,37.0,1,2,3.0544126042348125,0,1,0.7,0.5
0.3,2,38.0,2,3,,1,0,0.8,0.5
0.3,2,39.0,1,2,2.2272448710475032,0,1,0.8,0.6
0.3,2,40.0,2,3,,1,0,0.8,0.6
0.3,2,41.0,2,3,,0,0,0.7,0.6
0.3,2,42.0,2,3,,0,0,0.4,0.4
0.3,2,43.0,0,0,3.609529143944581,0,3,0.4,0.7
0.3,2,44.0,0,0,0.0,1,1,0.4,0.8
0.3,2,45.0,0,0,,0,0,0.4,0.7
0.3,2,46.0,0,0,,0,0,0.3,0.6
0.3,2,47.0,0,0,,0,0,0.3,0.5
0.3,2,48.0,0,1,,1,0,0.3,0.5
0.3,2,49.0,0,0,0.0,0,1,0.3,0.5
0.3,2,50.0,0,0,0.0,1,1,0.3,0.6
0.3,2,51.0,0,1,,1,0,0.4,0.6
0.3,2,52.0,0,1,,0,0,0.4,0.6
0.3,2,53.0,0,1,,0,0,0.4,0.3
0.3,2,54.0,0,1,,0,0,0.3,0.2
0.3,2,55.0,0,1,,0,0,0.3,0.2
0.3,2,56.0,1,2,,1,0,0.4,0.2
0.3,2,57.0,0,1,0.0,0,1,0.4,0.3
0.3,2,58.0,0,0,0.6681625451888635,0,1,0.3,0.4
0.3,2,59.0,0,0,0.0,1,1,0.4,0.4
0.3,2,60.0,0,0,,0,0,0.3,0.3
0.3,2,61.0,0,0,0.0,1,1,0.3,0.4
0.3,2,62.0,0,0,,0,0,0.3,0.4
0.3,2,63.0,0,1,,1,0,0.4,0.4
0.3,2,64.0,0,0,0.0,1,2,0.5,0.6
0.3,2,65.0,0,0,,0,0,0.5,0.6
0.3,2,66.0,0,1,,1,0,0.5,0.6
0.3,2,67.0,1,2,0.0,2,1,0.7,0.6
0.3,2,68.0,1,2,,0,0,0.7,0.5
0.3,2,69.0,1,2,0.3212065948370082,1,1,0.7,0.5
0.3,2,70.0,2,3,,1,0,0.8,0.5
0.3,2,71.0,3,4,,1,0,0.8,0.4
0.3,2,72.0,2,3,1.868337768191111,0,1,0.8,0.5
0.3,2,73.0,1,2,3.6795217527618433,0,1,0.7,0.6
0.3,2,74.0,1,2,,0,0,0.6,0.4
0.3,2,75.0,0,0,3.38965573022719,0,2,0.6,0.6
0.3,2,76.0,0,0,0.0,1,1,0.6,0.7
0.3,2,77.0,0,0,,0,0,0.4,0.6
0.3,2,78.0,0,0,,0,0,0.4,0.6
0.3,2,79.0,0,0,0.0,1,1,0.4,0.6
0.3,2,80.0,1,2,,2,0,0.5,0.6
0.3,2,81.0,0,0,0.5869664789562989,0,2,0.4,0.8
0.3,2,82.0,0,0,,0,0,0.4,0.7
0.3,2,83.0,0,0,,0,0,0.4,0.6
0.3,2,84.0,0,0,,0,0,0.4,0.6
0.3,2,85.0,0,0,,0,0,0.4,0.4
0.3,2,86.0,0,0,,0,0,0.3,0.3
0.3,2,87.0,0,0,,0,0,0.3,0.3
0.3,2,88.0,0,1,,1,0,0.4,0.3
0.3,2,89.0,0,1,,0,0,0.3,0.2
0.3,2,90.0,0,1,,0,0,0.1,0.2
0.3,2,91.0,0,0,0.0,0,1,0.1,0.1
0.3,2,92.0,0,0,,0,0,0.1,0.1
0.3,2,93.0,0,0,,0,0,0.1,0.1
0.3,2,94.0,0,0,,0,0,0.1,0.1
0.3,2,95.0,0,0,,0,0,0.1,0.1
0.3,2,96.0,0,0,,0,0,0.1,0.1
0.3,2,97.0,0,0,,0,0,0.1,0.1
0.3,2,98.0,0,1,,1,0,0.1,0.1
0.3,2,99.0,0,0,0.0,0,1,0.1,0.2
0.3,2,100.0,0,0,,0,0,0.1,0.2
0.3,2,101.0,0,1,,1,0,0.2,0.1
0.3,2,102.0,0,0,0.0,0,1,0.2,0.2
0.3,2,103.0,0,0,,0,0,0.2,0.2
0.3,2,104.0,0,0,,0,0,0.2,0.2
0.3,2,105.0,0,1,,1,0,0.3,0.2
0.3,2,106.0,0,1,,0,0,0.3,0.2
0.3,2,107.0,0,0,0.0,0,1,0.3,0.3
0.3,2,108.0,0,1,,1,0,0.3,0.3
0.3,2,109.0,0,0,0.0,0,1,0.3,0.3
0.3,2,110.0,0,0,0.0,1,1,0.4,0.4
0.3,2,111.0,0,0,,0,0,0.3,0.4
0.3,2,112.0,0,0,,0,0,0.3,0.3
0.3,2,113.0,0,0,,0,0,0.3,0.3
0.3,2,114.0,0,0,,0,0,0.3,0.3
0.3,2,115.0,0,0,0.0,1,1,0.3,0.4
0.3,2,116.0,0,0,,0,0,0.3,0.4
0.3,2,117.0,0,0,,0,0,0.3,0.3
0.3,2,118.0,0,0,,0,0,0.2,0.3
0.3,2,119.0,0,0,,0,0,0.2,0.2
0.3,2,120.0,0,1,,1,0,0.2,0.1
0.3,2,121.0,0,0,0.0,0,1,0.2,0.2
0.3,2,122.0,0,0,,0,0,0.2,0.2
0.3,2,123.0,0,0,,0,0,0.2,0.2
0.3,2,124.0,0,0,,0,0,0.2,0.2
0.3,2,125.0,0,0,,0,0,0.1,0.1
0.3,2,126.0,0,0,,0,0,0.1,0.1
0.3,2,127.0,0,0,,0,0,0.1,0.1
0.3,2,128.0,0,0,0.0,1,1,0.2,0.2
0.3,2,129.0,0,0,,0,0,0.2,0.2
0.3,2,130.0,0,0,,0,0,0.1,0.2
0.3,2,131.0,0,0,,0,0,0.1,0.1
0.3,2,132.0,0,0,,0,0,0.1,0.1
0.3,2,133.0,0,0,,0,0,0.1,0.1
0.3,2,134.0,0,0,,0,0,0.1,0.1
0.3,2,135.0,0,0,,0,0,0.1,0.1
0.3,2,136.0,0,0,,0,0,0.1,0.1
0.3,2,137.0,0,0,,0,0,0.1,0.1
0.3,2,138.0,0,0,,0,0,0.0,0.0
0.3,2,139.0,0,0,,0,0,0.0,0.0
0.3,2,140.0,0,0,,0,0,0.0,0.0
0.3,2,141.0,0,0,,0,0,0.0,0.0
0.3,2,142.0,0,0,,0,0,0.0,0.0
0.3,2,143.0,0,1,,1,0,0.1,0.0
0.3,2,144.0,0,1,0.0,1,1,0.2,0.1
0.3,2,145.0,0,0,0.0,0,1,0.2,0.2
0.3,2,146.0,0,1,,1,0,0.3,0.2
0.3,2,147.0,0,1,,0,0,0.3,0.2
0.3,2,148.0,0,1,0.0,2,2,0.5,0.4
0.3,2,149.0,0,1,0.0,1,1,0.6,0.5
0.3,2,150.0,1,2,0.17597939742717017,2,1,0.8,0.6
0.3,2,151.0,1,2,0.0,1,1,0.9,0.7
0.3,2,152.0,2,3,,1,0,1.0,0.7
0.3,2,153.0,2,3,,0,0,0.9,0.7
0.3,2,154.0,3,4,,1,0,0.9,0.6
0.3,2,155.0,3,4,,0,0,0.9,0.5
0.3,2,156.0,3,4,,0,0,0.8,0.5
0.3,2,157.0,1,2,3.2944039140561756,0,2,0.8,0.7
0.3,2,158.0,2,3,,1,0,0.7,0.5
0.3,2,159.0,1,2,4.7841773118609865,1,2,0.7,0.6
0.3,2,160.0,1,2,,0,0,0.5,0.5
0.3,2,161.0,1,2,1.7313163352068273,1,1,0.5,0.5
0.3,2,162.0,0,1,1.2123037423524181,1,2,0.5,0.7
0.3,2,163.0,0,1,,0,0,0.5,0.7
0.3,2,164.0,0,1,0.0,1,1,0.5,0.8
0.3,2,165.0,0,0,0.07438735540716834,0,1,0.5,0.9
0.3,2,166.0,0,1,,1,0,0.6,0.9
0.3,2,167.0,0,1,0.0,1,1,0.7,0.8
0.3,2,168.0,0,1,0.0,1,1,0.7,0.9
0.3,2,169.0,1,2,,1,0,0.7,0.7
0.3,2,170.0,0,1,0.0,0,1,0.7,0.8
0.3,2,171.0,0,0,1.1950983653315461,0,1,0.6,0.8
0.3,2,172.0,0,0,0.0,1,1,0.6,0.7
0.3,2,173.0,0,0,,0,0,0.6,0.7
0.3,2,174.0,0,0,,0,0,0.5,0.6
0.3,2,175.0,0,0,,0,0,0.5,0.5
0.3,2,176.0,0,0,,0,0,0.4,0.5
0.3,2,177.0,0,0,,0,0,0.3,0.4
0.3,2,178.0,0,0,,0,0,0.2,0.3
0.3,2,179.0,0,0,,0,0,0.1,0.3
0.3,2,180.0,0,0,,0,0,0.1,0.2
0.3,2,181.0,0,0,,0,0,0.1,0.1
0.3,2,182.0,0,0,,0,0,0.0,0.0
0.3,2,183.0,0,0,,0,0,0.0,0.0
0.3,2,184.0,0,0,,0,0,0.0,0.0
0.3,2,185.0,0,1,,1,0,0.1,0.0
0.3,2,186.0,0,1,,0,0,0.1,0.0
0.3,2,187.0,0,1,,0,0,0.1,0.0
0.3,2,188.0,0,1,,0,0,0.1,0.0
0.3,2,189.0,0,1,,0,0,0.1,0.0
0.3,2,190.0,0,1,,0,0,0.1,0.0
0.3,2,191.0,0,0,0.0,0,1,0.1,0.1
0.3,2,192.0,0,0,,0,0,0.1,0.1
0.3,2,193.0,0,0,,0,0,0.1,0.1
0.3,2,194.0,0,0,,0,0,0.1,0.1
0.3,2,195.0,0,0,,0,0,0.0,0.1
0.3,2,196.0,0,0,,0,0,0.0,0.1
0.3,2,197.0,1,2,,2,0,0.2,0.1
0.3,2,198.0,0,0,0.1269087145060439,0,2,0.2,0.3
0.3,2,199.0,0,1,,1,0,0.3,0.3
0.3,2,200.0,0,0,0.0,0,1,0.3,0.4
0.3,2,201.0,1,2,,2,0,0.5,0.3
0.3,2,202.0,1,2,,0,0,0.5,0.3
0.3,2,203.0,0,0,0.8554557994477818,0,2,0.5,0.5
0.3,2,204.0,0,0,,0,0,0.5,0.5
0.3,2,205.0,0,0,0.0,1,1,0.6,0.6
0.3,2,206.0,0,0,,0,0,0.6,0.6
0.3,2,207.0,0,0,,0,0,0.4,0.6
0.3,2,208.0,0,0,,0,0,0.4,0.4
0.3,2,209.0,0,0,,0,0,0.3,0.4
0.3,2,210.0,0,0,,0,0,0.3,0.3
0.3,2,211.0,0,0,,0,0,0.1,0.3
0.3,2,212.0,0,0,,0,0,0.1,0.3
0.3,2,213.0,0,1,,1,0,0.2,0.1
0.3,2,214.0,1,2,,1,0,0.3,0.1
0.3,2,215.0,1,2,,0,0,0.2,0.0
0.3,2,216.0,0,1,0.0,0,1,0.2,0.1
0.3,2,217.0,0,0,1.57645709268445,0,1,0.2,0.2
0.3,2,218.0,0,1,,1,0,0.3,0.2
0.3,2,219.0,0,0,0.0,0,1,0.3,0.3
0.3,2,220.0,0,0,,0,0,0.3,0.3
0.3,2,221.0,0,0,,0,0,0.3,0.3
0.3,2,222.0,0,1,0.0,2,1,0.5,0.4
0.3,2,223.0,0,0,0.5970189498256104,0,1,0.4,0.5
0.3,2,224.0,0,0,0.0,1,1,0.4,0.6
0.3,2,225.0,0,0,,0,0,0.4,0.6
0.3,2,226.0,0,0,,0,0,0.4,0.5
0.3,2,227.0,0,0,,0,0,0.4,0.4
0.3,2,228.0,0,0,,0,0,0.3,0.4
0.3,2,229.0,0,0,,0,0,0.3,0.3
0.3,2,230.0,0,0,,0,0,0.3,0.3
0.3,2,231.0,0,0,,0,0,0.3,0.3
0.3,2,232.0,0,0,,0,0,0.1,0.2
0.3,2,233.0,0,0,,0,0,0.1,0.1
0.3,2,234.0,0,0,,0,0,0.0,0.0
0.3,2,235.0,0,0,,0,0,0.0,0.0
0.3,2,236.0,0,0,,0,0,0.0,0.0
0.3,2,237.0,0,0,,0,0,0.0,0.0
0.3,2,238.0,0,0,,0,0,0.0,0.0
0.3,2,239.0,0,0,,0,0,0.0,0.0
0.3,2,240.0,0,0,,0,0,0.0,0.0
0.3,2,241.0,0,0,,0,0,0.0,0.0
0.3,2,242.0,0,0,,0,0,0.0,0.0
0.3,2,243.0,0,0,,0,0,0.0,0.0
0.3,2,244.0,0,1,,1,0,0.1,0.0
0.3,2,245.0,0,1,,0,0,0.1,0.0
0.3,2,246.0,0,1,,0,0,0.1,0.0
0.3,2,247.0,0,1,,0,0,0.1,0.0
0.3,2,248.0,0,0,0.0,0,1,0.1,0.1
0.3,2,249.0,0,0,,0,0,0.1,0.1
0.3,2,250.0,0,0,,0,0,0.1,0.1
0.3,2,251.0,0,0,,0,0,0.1,0.1
0.3,2,252.0,0,0,,0,0,0.1,0.1
0.3,2,253.0,0,0,,0,0,0.1,0.1
0.3,2,254.0,0,0,,0,0,0.0,0.1
0.3,2,255.0,0,1,,1,0,0.1,0.1
0.3,2,256.0,0,0,0.0,0,1,0.1,0.2
0.3,2,257.0,0,0,,0,0,0.1,0.2
0.3,2,258.0,0,0,,0,0,0.1,0.1
0.3,2,259.0,0,0,0.0,1,1,0.2,0.2
0.3,2,260.0,0,0,,0,0,0.2,0.2
0.3,2,261.0,0,0,,0,0,0.2,0.2
0.3,2,262.0,0,0,,0,0,0.2,0.2
0.3,2,263.0,0,0,,0,0,0.2,0.2
0.3,2,264.0,0,0,,0,0,0.2,0.2
0.3,2,265.0,0,0,,0,0,0.1,0.2
0.3,2,266.0,0,0,,0,0,0.1,0.1
0.3,2,267.0,0,0,,0,0,0.1,0.1
0.3,2,268.0,0,0,,0,0,0.1,0.1
0.3,2,269.0,0,0,,0,0,0.0,0.0
0.3,2,270.0,0,1,,1,0,0.1,0.0
0.3,2,271.0,0,0,0.0,0,1,0.1,0.1
0.3,2,272.0,0,1,,1,0,0.2,0.1
0.3,2,273.0,0,1,,0,0,0.2,0.1
0.3,2,274.0,0,1,,0,0,0.2,0.1
0.3,2,275.0,0,0,0.0,0,1,0.2,0.2
0.3,2,276.0,0,0,,0,0,0.2,0.2
0.3,2,277.0,0,0,,0,0,0.2,0.2
0.3,2,278.0,0,1,,1,0,0.3,0.2
0.3,2,279.0,0,1,0.0,1,1,0.4,0.3
0.3,2,280.0,0,1,,0,0,0.3,0.3
0.3,2,281.0,0,0,0.5365790677080327,0,1,0.3,0.3
0.3,2,282.0,0,0,,0,0,0.2,0.3
0.3,2,283.0,0,1,0.0,2,1,0.4,0.4
0.3,2,284.0,0,0,0.21911066156883408,0,1,0.4,0.5
0.3,2,285.0,0,0,0.0,1,1,0.5,0.5
0.3,2,286.0,0,0,0.0,1,1,0.6,0.6
0.3,2,287.0,0,0,,0,0,0.6,0.6
0.3,2,288.0,0,0,,0,0,0.5,0.6
0.3,2,289.0,0,0,,0,0,0.4,0.5
0.3,2,290.0,0,0,,0,0,0.4,0.5
0.3,2,291.0,0,0,,0,0,0.4,0.4
0.3,2,292.0,0,0,,0,0,0.4,0.4
0.3,2,293.0,0,0,,0,0,0.2,0.3
0.3,2,294.0,0,1,,1,0,0.3,0.2
0.3,2,295.0,0,0,0.0,0,1,0.2,0.2
0.3,2,296.0,0,0,,0,0,0.1,0.1
0.3,2,297.0,0,1,,1,0,0.2,0.1
0.3,2,298.0,0,1,0.0,1,1,0.3,0.2
0.3,2,299.0,0,0,0.3939423448009052,0,1,0.3,0.3
0.3,2,300.0,0,0,,0,0,0.3,0.3
0.3,2,301.0,0,1,,1,0,0.4,0.3
0.3,2,302.0,0,1,,0,0,0.4,0.3
0.3,2,303.0,0,0,0.0,0,1,0.4,0.4
0.3,2,304.0,0,0,,0,0,0.3,0.4
0.3,2,305.0,0,0,,0,0,0.3,0.3
0.3,2,306.0,0,0,,0,0,0.3,0.3
0.3,2,307.0,0,0,,0,0,0.2,0.3
0.3,2,308.0,0,0,,0,0,0.1,0.2
0.3,2,309.0,0,1,,1,0,0.2,0.1
0.3,2,310.0,1,2,,1,0,0.3,0.1
0.3,2,311.0,0,1,0.0,0,1,0.2,0.2
0.3,2,312.0,0,0,0.9015505924428453,0,1,0.2,0.3
0.3,2,313.0,0,0,,0,0,0.2,0.2
0.3,2,314.0,0,0,,0,0,0.2,0.2
0.3,2,315.0,0,0,,0,0,0.2,0.2
0.3,2,316.0,0,0,,0,0,0.2,0.2
0.3,2,317.0,0,0,,0,0,0.2,0.2
0.3,2,318.0,0,0,,0,0,0.2,0.2
0.3,2,319.0,0,0,0.0,1,1,0.2,0.3
0.3,2,320.0,0,0,,0,0,0.1,0.3
0.3,2,321.0,0,0,,0,0,0.1,0.2
0.3,2,322.0,0,0,,0,0,0.1,0.1
0.3,2,323.0,0,0,,0,0,0.1,0.1
0.3,2,324.0,0,0,,0,0,0.1,0.1
0.3,2,325.0,0,0,,0,0,0.1,0.1
0.3,2,326.0,0,0,,0,0,0.1,0.1
0.3,2,327.0,0,0,,0,0,0.1,0.1
0.3,2,328.0,0,0,,0,0,0.1,0.1
0.3,2,329.0,0,0,,0,0,0.0,0.0
0.3,2,330.0,0,1,,1,0,0.1,0.0
0.3,2,331.0,0,0,0.0,0,1,0.1,0.1
0.3,2,332.0,0,0,,0,0,0.1,0.1
0.3,2,333.0,0,0,,0,0,0.1,0.1
0.3,2,334.0,0,0,,0,0,0.1,0.1
0.3,2,335.0,0,0,,0,0,0.1,0.1
0.3,2,336.0,0,0,,0,0,0.1,0.1
0.3,2,337.0,0,0,,0,0,0.1,0.1
0.3,2,338.0,0,1,,1,0,0.2,0.1
0.3,2,339.0,1,2,,1,0,0.3,0.1
0.3,2,340.0,0,1,0.0,0,1,0.2,0.2
0.3,2,341.0,0,0,1.2205484488331422,0,1,0.2,0.2
0.3,2,342.0,0,1,,1,0,0.3,0.2
0.3,2,343.0,0,0,0.0,0,1,0.3,0.3
0.3,2,344.0,0,0,,0,0,0.3,0.3
0.3,2,345.0,0,0,,0,0,0.3,0.3
0.3,2,346.0,0,0,,0,0,0.3,0.3
0.3,2,347.0,0,0,,0,0,0.3,0.3
0.3,2,348.0,0,0,0.0,1,1,0.3,0.4
0.3,2,349.0,0,0,,0,0,0.2,0.4
0.3,2,350.0,0,0,,0,0,0.2,0.3
0.3,2,351.0,0,1,,1,0,0.3,0.2
0.3,2,352.0,0,0,0.0,0,1,0.2,0.3
0.3,2,353.0,0,0,,0,0,0.2,0.2
0.3,2,354.0,0,0,,0,0,0.2,0.2
0.3,2,355.0,0,0,,0,0,0.2,0.2
0.3,2,356.0,0,0,,0,0,0.2,0.2
0.3,2,357.0,0,0,,0,0,0.2,0.2
0.3,2,358.0,0,0,,0,0,0.1,0.1
0.3,2,359.0,0,1,,1,0,0.2,0.1
0.3,2,360.0,0,0,0.0,0,1,0.2,0.2
0.3,2,361.0,0,0,,0,0,0.1,0.2
0.3,2,362.0,0,0,,0,0,0.1,0.1
0.3,2,363.0,1,2,,2,0,0.3,0.1
0.3,2,364.0,1,2,,0,0,0.3,0.1
0.3,2,365.0,0,1,0.0,0,1,0.3,0.2
0.3,2,366.0,0,0,1.0560046096453561,0,1,0.3,0.3
0.3,2,367.0,0,1,,1,0,0.4,0.3
0.3,2,368.0,0,0,0.0,0,1,0.4,0.4
0.3,2,369.0,0,0,,0,0,0.3,0.4
0.3,2,370.0,0,0,,0,0,0.3,0.3
0.3,2,371.0,0,0,,0,0,0.3,0.3
0.3,2,372.0,0,0,,0,0,0.3,0.3
0.3,2,373.0,0,0,0.0,1,1,0.2,0.4
0.3,2,374.0,0,0,,0,0,0.2,0.4
0.3,2,375.0,0,0,0.0,1,1,0.3,0.4
0.3,2,376.0,0,0,,0,0,0.3,0.3
0.3,2,377.0,0,0,,0,0,0.2,0.3
0.3,2,378.0,0,0,,0,0,0.2,0.2
0.3,2,379.0,0,0,,0,0,0.2,0.2
0.3,2,380.0,0,0,,0,0,0.2,0.2
0.3,2,381.0,0,0,,0,0,0.2,0.2
0.3,2,382.0,0,0,,0,0,0.2,0.2
0.3,2,383.0,0,0,,0,0,0.1,0.1
0.3,2,384.0,0,0,0.0,1,1,0.2,0.2
0.3,2,385.0,0,1,,1,0,0.2,0.1
0.3,2,386.0,0,0,0.0,0,1,0.2,0.2
0.3,2,387.0,0,1,,1,0,0.3,0.2
0.3,2,388.0,1,2,,1,0,0.4,0.2
0.3,2,389.0,1,2,,0,0,0.4,0.2
0.3,2,390.0,0,0,0.9370532501311004,0,2,0.4,0.4
0.3,2,391.0,0,0,,0,0,0.4,0.4
0.3,2,392.0,0,0,,0,0,0.4,0.4
0.3,2,393.0,0,0,,0,0,0.4,0.4
0.3,2,394.0,0,1,0.0,2,1,0.5,0.4
0.3,2,395.0,1,2,,1,0,0.5,0.4
0.3,2,396.0,0,0,0.47648798876440424,0,2,0.5,0.5
0.3,2,397.0,0,0,,0,0,0.4,0.5
0.3,2,398.0,0,1,0.0,2,1,0.5,0.6
0.3,2,399.0,0,0,0.0,0,1,0.5,0.7
0.3,2,400.0,0,0,,0,0,0.5,0.5
0.3,2,401.0,0,0,,0,0,0.5,0.5
0.3,2,402.0,0,0,,0,0,0.5,0.5
0.3,2,403.0,0,0,,0,0,0.5,0.5
0.3,2,404.0,0,0,,0,0,0.3,0.4
0.3,2,405.0,0,0,,0,0,0.2,0.4
0.3,2,406.0,0,0,,0,0,0.2,0.2
0.3,2,407.0,0,0,0.0,1,1,0.3,0.3
0.3,2,408.0,0,0,,0,0,0.1,0.2
0.3,2,409.0,0,0,,0,0,0.1,0.1
0.3,2,410.0,0,0,,0,0,0.1,0.1
0.3,2,411.0,0,0,,0,0,0.1,0.1
0.3,2,412.0,0,0,,0,0,0.1,0.1
0.3,2,413.0,0,0,,0,0,0.1,0.1
0.3,2,414.0,0,0,,0,0,0.1,0.1
0.3,2,415.0,0,1,,1,0,0.2,0.1
0.3,2,416.0,0,1,0.0,1,1,0.3,0.2
0.3,2,417.0,0,0,0.1533359894476689,0,1,0.2,0.2
0.3,2,418.0,1,2,,2,0,0.4,0.2
0.3,2,419.0,0,1,0.0,0,1,0.4,0.3
0.3,2,420.0,1,2,,1,0,0.5,0.3
0.3,2,421.0,1,2,,0,0,0.5,0.3
0.3,2,422.0,0,1,0.5458470635218191,0,1,0.5,0.4
0.3,2,423.0,0,1,,0,0,0.5,0.4
0.3,2,424.0,2,3,,2,0,0.7,0.4
0.3,2,425.0,1,2,1.922787405268764,0,1,0.6,0.5
0.3,2,426.0,1,2,1.0504770693473802,1,1,0.6,0.5
0.3,2,427.0,1,2,2.1290381938422343,1,1,0.7,0.5
0.3,2,428.0,0,0,0.8262735941614778,0,2,0.5,0.7
0.3,2,429.0,0,0,,0,0,0.5,0.6
0.3,2,430.0,0,0,,0,0,0.4,0.6
0.3,2,431.0,0,0,,0,0,0.4,0.6
0.3,2,432.0,0,0,,0,0,0.4,0.5
0.3,2,433.0,0,0,,0,0,0.4,0.5
0.3,2,434.0,0,0,,0,0,0.2,0.5
0.3,2,435.0,0,0,,0,0,0.2,0.4
0.3,2,436.0,0,0,,0,0,0.1,0.3
0.3,2,437.0,0,0,,0,0,0.0,0.2
0.3,2,438.0,0,0,,0,0,0.0,0.0
0.3,2,439.0,0,0,,0,0,0.0,0.0
0.3,2,440.0,0,0,,0,0,0.0,0.0
0.3,2,441.0,0,0,,0,0,0.0,0.0
0.3,2,442.0,0,0,,0,0,0.0,0.0
0.3,2,443.0,0,1,,1,0,0.1,0.0
0.3,2,444.0,0,1,,0,0,0.1,0.0
0.3,2,445.0,0,1,0.0,1,1,0.2,0.1
0.3,2,446.0,0,0,0.0,0,1,0.2,0.2
0.3,2,447.0,0,0,,0,0,0.2,0.2
0.3,2,448.0,0,0,,0,0,0.2,0.2
0.3,2,449.0,0,0,0.0,2,2,0.4,0.4
0.3,2,450.0,0,0,,0,0,0.4,0.4
0.3,2,451.0,1,2,,2,0,0.6,0.4
0.3,2,452.0,1,2,0.4210139018095447,2,2,0.8,0.6
0.3,2,453.0,3,4,,2,0,0.9,0.6
0.3,2,454.0,2,3,0.5234117523272062,0,1,0.9,0.7
0.3,2,455.0,2,3,,0,0,0.8,0.6
0.3,2,456.0,1,2,1.9930909629267717,0,1,0.8,0.6
0.3,2,457.0,1,2,,0,0,0.8,0.6
0.3,2,458.0,0,1,2.6519294551229677,0,1,0.8,0.7
0.3,2,459.0,0,0,4.419780293090298,0,1,0.6,0.6
0.3,2,460.0,0,0,,0,0,0.6,0.6
0.3,2,461.0,0,0,,0,0,0.4,0.6
0.3,2,462.0,0,0,,0,0,0.2,0.4
0.3,2,463.0,0,0,,0,0,0.0,0.4
0.3,2,464.0,0,0,,0,0,0.0,0.3
0.3,2,465.0,0,0,0.0,1,1,0.1,0.4
0.3,2,466.0,0,1,,1,0,0.2,0.3
0.3,2,467.0,0,1,0.0,1,1,0.3,0.4
0.3,2,468.0,0,0,0.0,0,1,0.3,0.4
0.3,2,469.0,0,0,,0,0,0.3,0.3
0.3,2,470.0,0,0,,0,0,0.3,0.3
0.3,2,471.0,0,1,,1,0,0.4,0.3
0.3,2,472.0,0,0,0.0,0,1,0.4,0.4
0.3,2,473.0,0,0,0.0,1,1,0.5,0.5
0.3,2,474.0,0,0,,0,0,0.5,0.5
0.3,2,475.0,0,0,,0,0,0.4,0.4
0.3,2,476.0,0,0,,0,0,0.3,0.4
0.3,2,477.0,0,0,,0,0,0.2,0.3
0.3,2,478.0,0,0,,0,0,0.2,0.2
0.3,2,479.0,0,0,,0,0,0.2,0.2
0.3,2,480.0,0,1,,1,0,0.3,0.2
0.3,2,481.0,0,0,0.0,0,1,0.2,0.3
0.3,2,482.0,0,0,,0,0,0.2,0.2
0.3,2,483.0,0,1,,1,0,0.2,0.1
0.3,2,484.0,0,1,,0,0,0.2,0.1
0.3,2,485.0,0,0,0.0,0,1,0.2,0.2
0.3,2,486.0,0,0,,0,0,0.2,0.2
0.3,2,487.0,0,0,,0,0,0.2,0.2
0.3,2,488.0,0,0,,0,0,0.2,0.2
0.3,2,489.0,0,0,,0,0,0.2,0.2
0.3,2,490.0,0,0,,0,0,0.1,0.2
0.3,2,491.0,0,0,,0,0,0.1,0.1
0.3,2,492.0,0,1,0.0,2,1,0.3,0.2
0.3,2,493.0,0,1,0.07155805118486569,2,2,0.4,0.4
0.3,2,494.0,0,0,0.0,0,1,0.4,0.5
0.3,2,495.0,0,1,,1,0,0.5,0.4
0.3,2,496.0,0,0,0.12190277172334163,1,2,0.6,0.6
0.3,2,497.0,0,0,,0,0,0.6,0.6
0.3,2,498.0,0,0,,0,0,0.6,0.6
0.3,2,499.0,0,1,,1,0,0.7,0.6
0.3,2,500.0,0,1,0.0,1,1,0.8,0.7
0.3,2,501.0,1,2,0.0,2,1,1.0,0.8
0.3,2,502.0,0,1,0.23726150744994357,0,1,0.8,0.8
0.3,2,503.0,0,0,0.6760434498756922,0,1,0.6,0.7
0.3,2,504.0,0,0,,0,0,0.6,0.6
0.3,2,505.0,0,0,0.0,1,1,0.6,0.7
0.3,2,506.0,0,0,,0,0,0.5,0.5
0.3,2,507.0,0,0,,0,0,0.5,0.5
0.3,2,508.0,0,0,,0,0,0.5,0.5
0.3,2,509.0,0,0,,0,0,0.4,0.5
0.3,2,510.0,0,0,,0,0,0.3,0.4
0.3,2,511.0,0,0,,0,0,0.1,0.3
0.3,2,512.0,0,0,,0,0,0.1,0.2
0.3,2,513.0,0,0,,0,0,0.1,0.1
0.3,2,514.0,0,0,,0,0,0.1,0.1
0.3,2,515.0,0,0,,0,0,0.0,0.0
0.3,2,516.0,0,0,,0,0,0.0,0.0
0.3,2,517.0,0,0,,0,0,0.0,0.0
0.3,2,518.0,0,0,,0,0,0.0,0.0
0.3,2,519.0,0,0,,0,0,0.0,0.0
0.3,2,520.0,1,2,,2,0,0.2,0.0
0.3,2,521.0,1,2,,0,0,0.2,0.0
0.3,2,522.0,0,0,0.7438283147596394,0,2,0.2,0.2
0.3,2,523.0,0,1,,1,0,0.3,0.2
0.3,2,524.0,0,1,,0,0,0.3,0.2
0.3,2,525.0,0,1,,0,0,0.3,0.2
0.3,2,526.0,0,0,0.0,0,1,0.3,0.3
0.3,2,527.0,0,0,0.0,1,1,0.4,0.4
0.3,2,528.0,0,0,,0,0,0.4,0.4
0.3,2,529.0,0,0,,0,0,0.4,0.4
0.3,2,530.0,0,0,,0,0,0.2,0.4
0.3,2,531.0,0,0,,0,0,0.2,0.4
0.3,2,532.0,0,0,,0,0,0.2,0.2
0.3,2,533.0,0,0,,0,0,0.1,0.2
0.3,2,534.0,0,0,,0,0,0.1,0.2
0.3,2,535.0,0,1,,1,0,0.2,0.2
0.3,2,536.0,0,0,0.0,0,1,0.2,0.2
0.3,2,537.0,0,0,,0,0,0.1,0.1
0.3,2,538.0,0,0,,0,0,0.1,0.1
0.3,2,539.0,2,3,,3,0,0.4,0.1
0.3,2,540.0,0,0,0.5696144025302677,0,3,0.4,0.4
0.3,2,541.0,0,0,,0,0,0.4,0.4
0.3,2,542.0,0,1,,1,0,0.5,0.4
0.3,2,543.0,0,1,,0,0,0.5,0.4
0.3,2,544.0,0,0,0.0,0,1,0.5,0.5
0.3,2,545.0,0,0,,0,0,0.4,0.5
0.3,2,546.0,0,0,,0,0,0.4,0.4
0.3,2,547.0,0,0,,0,0,0.4,0.4
0.3,2,548.0,0,0,,0,0,0.4,0.4
0.3,2,549.0,0,0,,0,0,0.1,0.4
0.3,2,550.0,0,0,,0,0,0.1,0.1
0.3,2,551.0,0,0,,0,0,0.1,0.1
0.3,2,552.0,0,0,0.0,1,1,0.1,0.2
0.3,2,553.0,0,0,,0,0,0.1,0.2
0.3,2,554.0,0,0,0.0,1,1,0.2,0.2
0.3,2,555.0,0,0,0.0,1,1,0.3,0.3
0.3,2,556.0,0,1,,1,0,0.4,0.3
0.3,2,557.0,0,0,0.0,0,1,0.4,0.4
0.3,2,558.0,0,0,,0,0,0.4,0.4
0.3,2,559.0,0,0,,0,0,0.4,0.4
0.3,2,560.0,0,0,,0,0,0.4,0.4
0.3,2,561.0,0,0,,0,0,0.4,0.4
0.3,2,562.0,0,0,,0,0,0.3,0.3
0.3,2,563.0,0,0,,0,0,0.3,0.3
0.3,2,564.0,1,2,,2,0,0.4,0.2
0.3,2,565.0,0,0,0.2721504762352538,0,2,0.3,0.3
0.3,2,566.0,0,0,,0,0,0.2,0.3
0.3,2,567.0,0,0,,0,0,0.2,0.2
0.3,2,568.0,0,0,,0,0,0.2,0.2
0.3,2,569.0,0,0,0.0,1,1,0.3,0.3
0.3,2,570.0,0,0,,0,0,0.3,0.3
0.3,2,571.0,0,0,,0,0,0.3,0.3
0.3,2,572.0,0,0,,0,0,0.3,0.3
0.3,2,573.0,0,1,,1,0,0.4,0.3
0.3,2,574.0,0,0,0.0,0,1,0.2,0.4
0.3,2,575.0,0,0,,0,0,0.2,0.2
0.3,2,576.0,0,1,,1,0,0.3,0.2
0.3,2,577.0,0,0,0.0,0,1,0.3,0.3
0.3,2,578.0,0,0,,0,0,0.3,0.3
0.3,2,579.0,0,1,,1,0,0.3,0.2
0.3,2,580.0,0,0,0.0,0,1,0.3,0.3
0.3,2,581.0,0,0,,0,0,0.3,0.3
0.3,2,582.0,0,0,,0,0,0.3,0.3
0.3,2,583.0,0,0,,0,0,0.2,0.3
0.3,2,584.0,0,0,,0,0,0.2,0.2
0.3,2,585.0,0,0,,0,0,0.2,0.2
0.3,2,586.0,0,0,,0,0,0.1,0.2
0.3,2,587.0,0,1,,1,0,0.2,0.1
0.3,2,588.0,1,2,,1,0,0.3,0.1
0.3,2,589.0,2,3,,1,0,0.3,0.1
0.3,2,590.0,1,2,0.0,0,1,0.3,0.1
0.3,2,591.0,0,0,2.1821822316151724,0,2,0.3,0.3
0.3,2,592.0,0,0,,0,0,0.3,0.3
0.3,2,593.0,0,0,,0,0,0.3,0.3
0.3,2,594.0,0,1,,1,0,0.4,0.3
0.3,2,595.0,0,1,,0,0,0.4,0.3
0.3,2,596.0,0,1,,0,0,0.4,0.3
0.3,2,597.0,0,0,0.0,0,1,0.3,0.4
0.3,2,598.0,0,0,,0,0,0.2,0.4
0.3,2,599.0,0,1,,1,0,0.2,0.4
0.3,2,600.0,1,2,,1,0,0.3,0.3
0.3,2,601.0,1,2,0.0,1,1,0.4,0.2
0.3,2,602.0,0,0,0.6601211239880058,0,2,0.4,0.4
0.3,2,603.0,0,0,0.0,1,1,0.5,0.5
0.3,2,604.0,0,0,,0,0,0.4,0.5
0.3,2,605.0,0,0,,0,0,0.4,0.5
0.3,2,606.0,0,0,,0,0,0.4,0.5
0.3,2,607.0,0,0,,0,0,0.4,0.4
0.3,2,608.0,0,0,,0,0,0.4,0.4
0.3,2,609.0,0,0,,0,0,0.3,0.4
0.3,2,610.0,0,0,0.0,1,1,0.3,0.5
0.3,2,611.0,0,0,,0,0,0.2,0.4
0.3,2,612.0,0,0,,0,0,0.2,0.2
0.3,2,613.0,0,0,,0,0,0.1,0.1
0.3,2,614.0,0,0,,0,0,0.1,0.1
0.3,2,615.0,0,0,,0,0,0.1,0.1
0.3,2,616.0,0,0,0.0,1,1,0.2,0.2
0.3,2,617.0,0,0,,0,0,0.2,0.2
0.3,2,618.0,0,0,,0,0,0.2,0.2
0.3,2,619.0,0,0,,0,0,0.2,0.2
0.3,2,620.0,0,0,,0,0,0.1,0.1
0.3,2,621.0,0,0,0.0,1,1,0.2,0.2
0.3,2,622.0,0,0,0.0,1,1,0.3,0.3
0.3,2,623.0,0,1,,1,0,0.4,0.3
0.3,2,624.0,0,0,0.0,0,1,0.4,0.4
0.3,2,625.0,0,0,,0,0,0.4,0.4
0.3,2,626.0,0,0,,0,0,0.3,0.3
0.3,2,627.0,0,1,,1,0,0.4,0.3
0.3,2,628.0,0,0,0.0,0,1,0.4,0.4
0.3,2,629.0,0,0,,0,0,0.4,0.4
0.3,2,630.0,0,0,,0,0,0.4,0.4
0.3,2,631.0,0,0,,0,0,0.3,0.3
0.3,2,632.0,0,1,,1,0,0.3,0.2
0.3,2,633.0,0,1,0.0,1,1,0.3,0.3
0.3,2,634.0,0,0,0.21964799702209348,0,1,0.3,0.3
0.3,2,635.0,0,0,,0,0,0.3,0.3
0.3,2,636.0,0,0,,0,0,0.3,0.3
0.3,2,637.0,0,1,,1,0,0.3,0.3
0.3,2,638.0,0,0,0.0,0,1,0.3,0.3
0.3,2,639.0,0,0,,0,0,0.3,0.3
0.3,2,640.0,0,0,,0,0,0.3,0.3
0.3,2,641.0,0,1,,1,0,0.4,0.3
0.3,2,642.0,0,0,0.0,0,1,0.3,0.4
0.3,2,643.0,0,0,,0,0,0.2,0.3
0.3,2,644.0,0,0,,0,0,0.2,0.2
0.3,2,645.0,0,0,0.0,1,1,0.3,0.3
0.3,2,646.0,0,0,,0,0,0.3,0.3
0.3,2,647.0,0,1,,1,0,0.3,0.3
0.3,2,648.0,1,2,,1,0,0.4,0.2
0.3,2,649.0,1,2,,0,0,0.4,0.2
0.3,2,650.0,1,2,,0,0,0.4,0.2
0.3,2,651.0,2,3,,1,0,0.4,0.2
0.3,2,652.0,1,2,0.0,0,1,0.4,0.2
0.3,2,653.0,0,0,2.6653654481423814,0,2,0.4,0.4
0.3,2,654.0,0,0,,0,0,0.4,0.4
0.3,2,655.0,0,0,,0,0,0.3,0.3
0.3,2,656.0,0,0,0.0,1,1,0.4,0.4
0.3,2,657.0,0,0,,0,0,0.3,0.4
0.3,2,658.0,0,1,,1,0,0.3,0.4
0.3,2,659.0,1,2,0.0,2,1,0.5,0.5
0.3,2,660.0,1,2,,0,0,0.5,0.5
0.3,2,661.0,1,2,,0,0,0.4,0.5
0.3,2,662.0,0,1,0.4208333482422404,0,1,0.4,0.5
0.3,2,663.0,0,0,2.9470334575029256,0,1,0.4,0.4
0.3,2,664.0,0,0,,0,0,0.4,0.4
0.3,2,665.0,0,0,,0,0,0.4,0.4
0.3,2,666.0,0,1,,1,0,0.4,0.3
0.3,2,667.0,0,0,0.0,0,1,0.4,0.4
0.3,2,668.0,0,0,,0,0,0.3,0.4
0.3,2,669.0,0,0,,0,0,0.1,0.3
0.3,2,670.0,0,0,,0,0,0.1,0.3
0.3,2,671.0,0,0,,0,0,0.1,0.3
0.3,2,672.0,0,0,,0,0,0.1,0.2
0.3,2,673.0,0,0,,0,0,0.1,0.1
0.3,2,674.0,0,0,,0,0,0.1,0.1
0.3,2,675.0,1,2,,2,0,0.3,0.1
0.3,2,676.0,1,2,,0,0,0.2,0.1
0.3,2,677.0,0,0,0.9718795296960181,0,2,0.2,0.2
0.3,2,678.0,0,1,,1,0,0.3,0.2
0.3,2,679.0,0,1,,0,0,0.3,0.2
0.3,2,680.0,0,0,0.0,0,1,0.3,0.3
0.3,2,681.0,0,0,,0,0,0.3,0.3
0.3,2,682.0,0,0,,0,0,0.3,0.3
0.3,2,683.0,0,0,,0,0,0.3,0.3
0.3,2,684.0,0,0,,0,0,0.3,0.3
0.3,2,685.0,0,1,0.0,2,1,0.3,0.4
0.3,2,686.0,0,1,,0,0,0.3,0.4
0.3,2,687.0,0,0,0.0,0,1,0.3,0.3
0.3,2,688.0,0,0,,0,0,0.2,0.3
0.3,2,689.0,0,0,,0,0,0.2,0.3
0.3,2,690.0,0,0,,0,0,0.2,0.2
0.3,2,691.0,0,0,,0,0,0.2,0.2
0.3,2,692.0,0,0,0.0,1,1,0.3,0.3
0.3,2,693.0,0,0,,0,0,0.3,0.3
0.3,2,694.0,0,0,0.0,1,1,0.4,0.4
0.3,2,695.0,0,0,0.0,1,1,0.3,0.4
0.3,2,696.0,0,0,,0,0,0.3,0.4
0.3,2,697.0,0,0,,0,0,0.3,0.3
0.3,2,698.0,0,0,,0,0,0.3,0.3
0.3,2,699.0,0,0,0.0,1,1,0.4,0.4
0.3,2,700.0,0,0,,0,0,0.4,0.4
0.3,2,701.0,0,0,,0,0,0.4,0.4
0.3,2,702.0,0,0,0.0,1,1,0.4,0.4
0.3,2,703.0,0,0,,0,0,0.4,0.4
0.3,2,704.0,0,1,,1,0,0.4,0.3
0.3,2,705.0,0,0,0.0,0,1,0.3,0.3
0.3,2,706.0,0,1,,1,0,0.4,0.3
0.3,2,707.0,0,1,,0,0,0.4,0.3
0.3,2,708.0,0,1,,0,0,0.4,0.3
0.3,2,709.0,0,0,0.0,0,1,0.3,0.3
0.3,2,710.0,0,0,,0,0,0.3,0.3
0.3,2,711.0,0,0,,0,0,0.3,0.3
0.3,2,712.0,0,0,,0,0,0.2,0.2
0.3,2,713.0,0,0,,0,0,0.2,0.2
0.3,2,714.0,0,0,,0,0,0.1,0.2
0.3,2,715.0,0,0,,0,0,0.1,0.1
0.3,2,716.0,0,0,,0,0,0.0,0.1
0.3,2,717.0,0,0,,0,0,0.0,0.1
0.3,2,718.0,0,0,,0,0,0.0,0.1
0.3,2,719.0,0,0,,0,0,0.0,0.0
0.3,2,720.0,0,1,,1,0,0.1,0.0
0.3,2,721.0,0,1,0.0,1,1,0.2,0.1
0.3,2,722.0,0,1,,0,0,0.2,0.1
0.3,2,723.0,0,0,0.0,1,2,0.3,0.3
0.3,2,724.0,0,1,,1,0,0.4,0.3
0.3,2,725.0,1,2,,1,0,0.5,0.3
0.3,2,726.0,2,3,,1,0,0.6,0.3
0.3,2,727.0,3,4,,1,0,0.7,0.3
0.3,2,728.0,3,4,,0,0,0.7,0.3
0.3,2,729.0,4,5,,1,0,0.8,0.3
0.3,2,730.0,4,5,,0,0,0.7,0.3
0.3,2,731.0,1,2,3.8311936714170165,0,3,0.6,0.5
0.3,2,732.0,0,1,4.1241064153408615,0,1,0.6,0.6
0.3,2,733.0,0,1,,0,0,0.5,0.4
0.3,2,734.0,0,0,3.437481351922429,0,1,0.4,0.5
0.3,2,735.0,0,0,,0,0,0.3,0.5
0.3,2,736.0,0,0,,0,0,0.2,0.5
0.3,2,737.0,0,0,,0,0,0.1,0.5
0.3,2,738.0,0,0,,0,0,0.1,0.5
0.3,2,739.0,0,1,,1,0,0.1,0.5
0.3,2,740.0,0,0,0.0,0,1,0.1,0.6
0.3,2,741.0,0,0,,0,0,0.1,0.3
0.3,2,742.0,0,0,0.0,1,1,0.2,0.3
0.3,2,743.0,0,0,,0,0,0.2,0.3
0.3,2,744.0,0,0,,0,0,0.2,0.2
0.3,2,745.0,0,0,,0,0,0.2,0.2
0.3,2,746.0,0,0,,0,0,0.2,0.2
0.3,2,747.0,0,0,,0,0,0.2,0.2
0.3,2,748.0,0,0,0.0,1,1,0.3,0.3
0.3,2,749.0,0,0,,0,0,0.2,0.3
0.3,2,750.0,0,1,,1,0,0.3,0.2
0.3,2,751.0,0,1,,0,0,0.3,0.2
0.3,2,752.0,0,0,0.0,0,1,0.2,0.2
0.3,2,753.0,0,0,,0,0,0.2,0.2
0.3,2,754.0,0,1,0.0,2,1,0.4,0.3
0.3,2,755.0,0,0,0.0,0,1,0.4,0.4
0.3,2,756.0,0,0,,0,0,0.4,0.4
0.3,2,757.0,0,0,,0,0,0.4,0.4
0.3,2,758.0,0,0,,0,0,0.3,0.3
0.3,2,759.0,0,0,,0,0,0.3,0.3
0.3,2,760.0,0,0,,0,0,0.2,0.3
0.3,2,761.0,0,0,,0,0,0.2,0.3
0.3,2,762.0,0,0,,0,0,0.2,0.2
0.3,2,763.0,0,1,,1,0,0.3,0.2
0.3,2,764.0,0,0,0.0,0,1,0.1,0.2
0.3,2,765.0,0,0,0.0,1,1,0.2,0.2
0.3,2,766.0,0,0,,0,0,0.2,0.2
0.3,2,767.0,0,0,,0,0,0.2,0.2
0.3,2,768.0,0,1,,1,0,0.3,0.2
0.3,2,769.0,0,0,0.0,0,1,0.3,0.3
0.3,2,770.0,0,0,,0,0,0.3,0.3
0.3,2,771.0,0,0,,0,0,0.3,0.3
0.3,2,772.0,0,0,0.0,1,1,0.4,0.4
0.3,2,773.0,0,0,0.0,2,2,0.5,0.6
0.3,2,774.0,0,0,,0,0,0.5,0.5
0.3,2,775.0,0,0,,0,0,0.4,0.4
0.3,2,776.0,0,0,0.0,1,1,0.5,0.5
0.3,2,777.0,0,0,,0,0,0.5,0.5
0.3,2,778.0,0,0,,0,0,0.4,0.5
0.3,2,779.0,0,0,,0,0,0.4,0.4
0.3,2,780.0,0,0,,0,0,0.4,0.4
0.3,2,781.0,0,0,,0,0,0.4,0.4
0.3,2,782.0,1,2,,2,0,0.5,0.3
0.3,2,783.0,1,2,0.0,1,1,0.4,0.2
0.3,2,784.0,1,2,,0,0,0.4,0.2
0.3,2,785.0,1,2,0.943183457226155,1,1,0.5,0.3
0.3,2,786.0,0,0,0.7844367037294546,0,2,0.4,0.4
0.3,2,787.0,0,0,,0,0,0.4,0.4
0.3,2,788.0,0,0,0.0,1,1,0.5,0.5
0.3,2,789.0,0,0,,0,0,0.5,0.5
0.3,2,790.0,0,0,,0,0,0.5,0.5
0.3,2,791.0,0,0,,0,0,0.5,0.5
0.3,2,792.0,0,0,,0,0,0.3,0.5
0.3,2,793.0,0,0,,0,0,0.2,0.4
0.3,2,794.0,0,0,,0,0,0.2,0.4
0.3,2,795.0,0,0,,0,0,0.1,0.3
0.3,2,796.0,0,0,,0,0,0.1,0.1
0.3,2,797.0,0,0,,0,0,0.1,0.1
0.3,2,798.0,0,0,,0,0,0.0,0.0
0.3,2,799.0,0,0,,0,0,0.0,0.0
0.3,2,800.0,0,0,0.0,1,1,0.1,0.1
0.3,2,801.0,0,1,,1,0,0.2,0.1
0.3,2,802.0,0,0,0.0,0,1,0.2,0.2
0.3,2,803.0,0,1,,1,0,0.3,0.2
0.3,2,804.0,0,1,,0,0,0.3,0.2
0.3,2,805.0,0,0,0.0,0,1,0.3,0.3
0.3,2,806.0,0,1,,1,0,0.4,0.3
0.3,2,807.0,0,0,0.0,0,1,0.4,0.4
0.3,2,808.0,0,0,,0,0,0.4,0.4
0.3,2,809.0,0,1,,1,0,0.5,0.4
0.3,2,810.0,0,0,0.0,0,1,0.4,0.4
0.3,2,811.0,0,0,,0,0,0.3,0.4
0.3,2,812.0,0,0,,0,0,0.3,0.3
0.3,2,813.0,0,0,,0,0,0.2,0.3
0.3,2,814.0,0,0,,0,0,0.2,0.3
0.3,2,815.0,0,0,,0,0,0.2,0.2
0.3,2,816.0,0,0,,0,0,0.1,0.2
0.3,2,817.0,0,0,,0,0,0.1,0.1
0.3,2,818.0,0,1,,1,0,0.2,0.1
0.3,2,819.0,1,2,,1,0,0.2,0.1
0.3,2,820.0,0,1,0.4778142977935431,1,2,0.3,0.2
0.3,2,821.0,0,0,0.1812979270513324,0,1,0.3,0.3
0.3,2,822.0,0,0,0.0,1,1,0.4,0.4
0.3,2,823.0,0,0,,0,0,0.4,0.4
0.3,2,824.0,0,0,,0,0,0.4,0.4
0.3,2,825.0,0,0,,0,0,0.4,0.4
0.3,2,826.0,1,2,0.0,3,1,0.7,0.5
0.3,2,827.0,2,3,,1,0,0.8,0.5
0.3,2,828.0,0,1,1.2797170852896897,0,2,0.7,0.7
0.3,2,829.0,0,0,0.5291506331454912,1,2,0.7,0.9
0.3,2,830.0,0,0,0.0,1,1,0.7,0.8
0.3,2,831.0,0,0,,0,0,0.7,0.7
0.3,2,832.0,0,0,,0,0,0.6,0.6
0.3,2,833.0,0,0,,0,0,0.6,0.6
0.3,2,834.0,0,0,,0,0,0.6,0.6
0.3,2,835.0,0,1,,1,0,0.7,0.6
0.3,2,836.0,0,0,0.0,0,1,0.4,0.6
0.3,2,837.0,0,0,,0,0,0.3,0.6
0.3,2,838.0,0,0,,0,0,0.3,0.4
0.3,2,839.0,0,0,0.0,1,1,0.3,0.3
0.3,2,840.0,0,0,,0,0,0.2,0.2
0.3,2,841.0,0,1,,1,0,0.3,0.2
0.3,2,842.0,0,1,,0,0,0.3,0.2
0.3,2,843.0,0,0,0.0,0,1,0.3,0.3
0.3,2,844.0,0,0,,0,0,0.3,0.3
0.3,2,845.0,0,1,,1,0,0.3,0.3
0.3,2,846.0,0,0,0.0,0,1,0.3,0.3
0.3,2,847.0,0,0,,0,0,0.3,0.3
0.3,2,848.0,0,0,,0,0,0.3,0.3
0.3,2,849.0,0,0,,0,0,0.2,0.2
0.3,2,850.0,0,0,,0,0,0.2,0.2
0.3,2,851.0,0,0,,0,0,0.1,0.2
0.3,2,852.0,0,0,0.0,1,1,0.2,0.3
0.3,2,853.0,0,0,,0,0,0.2,0.2
0.3,2,854.0,0,1,,1,0,0.3,0.2
0.3,2,855.0,0,0,0.0,0,1,0.2,0.3
0.3,2,856.0,0,0,,0,0,0.2,0.2
0.3,2,857.0,0,0,0.0,1,1,0.3,0.3
0.3,2,858.0,0,0,,0,0,0.3,0.3
0.3,2,859.0,2,3,,3,0,0.6,0.3
0.3,2,860.0,0,1,0.28356331624695486,0,2,0.6,0.5
0.3,2,861.0,0,0,0.4371291381676201,0,1,0.6,0.6
0.3,2,862.0,0,0,,0,0,0.5,0.5
0.3,2,863.0,0,0,,0,0,0.5,0.5
0.3,2,864.0,0,0,,0,0,0.4,0.5
0.3,2,865.0,0,0,0.0,1,1,0.5,0.5
0.3,2,866.0,0,0,,0,0,0.5,0.5
0.3,2,867.0,0,0,,0,0,0.4,0.4
0.3,2,868.0,0,0,,0,0,0.4,0.4
0.3,2,869.0,0,0,,0,0,0.1,0.4
0.3,2,870.0,0,0,,0,0,0.1,0.2
0.3,2,871.0,0,0,,0,0,0.1,0.1
0.3,2,872.0,0,1,,1,0,0.2,0.1
0.3,2,873.0,0,1,,0,0,0.2,0.1
0.3,2,874.0,0,0,0.0,0,1,0.2,0.2
0.3,2,875.0,0,0,,0,0,0.1,0.1
0.3,2,876.0,0,1,,1,0,0.2,0.1
0.3,2,877.0,0,0,0.0,0,1,0.2,0.2
0.3,2,878.0,0,0,,0,0,0.2,0.2
0.3,2,879.0,0,0,,0,0,0.2,0.2
0.3,2,880.0,0,1,,1,0,0.3,0.2
0.3,2,881.0,0,0,0.0,0,1,0.3,0.3
0.3,2,882.0,0,0,,0,0,0.2,0.3
0.3,2,883.0,0,1,,1,0,0.3,0.3
0.3,2,884.0,1,2,0.0,2,1,0.5,0.3
0.3,2,885.0,1,2,,0,0,0.5,0.3
0.3,2,886.0,1,2,0.47758956955840404,1,1,0.5,0.4
0.3,2,887.0,1,2,,0,0,0.5,0.3
0.3,2,888.0,0,1,1.316019801532775,0,1,0.5,0.4
0.3,2,889.0,0,0,2.5641181925805085,0,1,0.5,0.5
0.3,2,890.0,0,0,,0,0,0.4,0.5
0.3,2,891.0,0,0,,0,0,0.4,0.4
0.3,2,892.0,0,0,,0,0,0.4,0.4
0.3,2,893.0,0,0,,0,0,0.3,0.4
0.3,2,894.0,0,0,,0,0,0.1,0.3
0.3,2,895.0,0,0,,0,0,0.1,0.3
0.3,2,896.0,0,0,,0,0,0.0,0.2
0.3,2,897.0,0,0,,0,0,0.0,0.2
0.3,2,898.0,0,0,,0,0,0.0,0.1
0.3,2,899.0,0,0,,0,0,0.0,0.0
0.3,2,900.0,0,0,,0,0,0.0,0.0
0.3,2,901.0,1,2,,2,0,0.2,0.0
0.3,2,902.0,0,1,0.0,0,1,0.2,0.1
0.3,2,903.0,1,2,1.1266413056878264,2,1,0.4,0.2
0.3,2,904.0,2,3,,1,0,0.5,0.2
0.3,2,905.0,2,3,,0,0,0.5,0.2
0.3,2,906.0,2,3,,0,0,0.5,0.2
0.3,2,907.0,0,1,1.6933787296137552,0,2,0.5,0.4
0.3,2,908.0,0,0,3.3064065340115576,0,1,0.5,0.5
0.3,2,909.0,1,2,,2,0,0.7,0.5
0.3,2,910.0,0,1,0.0,0,1,0.7,0.6
0.3,2,911.0,0,1,,0,0,0.5,0.6
0.3,2,912.0,0,1,0.8694810444089853,1,1,0.6,0.6
0.3,2,913.0,0,0,0.0,0,1,0.4,0.6
0.3,2,914.0,0,0,,0,0,0.3,0.6
0.3,2,915.0,0,0,,0,0,0.3,0.6
0.3,2,916.0,0,1,,1,0,0.4,0.6
0.3,2,917.0,0,0,0.0,0,1,0.4,0.5
0.3,2,918.0,0,0,,0,0,0.4,0.4
0.3,2,919.0,0,0,,0,0,0.2,0.4
0.3,2,920.0,0,0,,0,0,0.2,0.3
0.3,2,921.0,0,0,,0,0,0.2,0.3
0.3,2,922.0,0,1,,1,0,0.2,0.2
0.3,2,923.0,0,0,0.0,0,1,0.2,0.2
0.3,2,924.0,0,0,,0,0,0.2,0.2
0.3,2,925.0,0,1,,1,0,0.3,0.2
0.3,2,926.0,0,1,0.0,1,1,0.3,0.3
0.3,2,927.0,0,0,0.0,0,1,0.3,0.3
0.3,2,928.0,0,0,,0,0,0.3,0.3
0.3,2,929.0,0,0,,0,0,0.3,0.3
0.3,2,930.0,0,0,,0,0,0.3,0.3
0.3,2,931.0,0,0,,0,0,0.3,0.3
0.3,2,932.0,0,0,,0,0,0.2,0.3
0.3,2,933.0,0,0,,0,0,0.2,0.2
0.3,2,934.0,0,0,,0,0,0.2,0.2
0.3,2,935.0,0,0,,0,0,0.1,0.2
0.3,2,936.0,0,0,,0,0,0.0,0.1
0.3,2,937.0,0,0,,0,0,0.0,0.0
0.3,2,938.0,0,1,,1,0,0.1,0.0
0.3,2,939.0,0,0,0.0,0,1,0.1,0.1
0.3,2,940.0,0,0,,0,0,0.1,0.1
0.3,2,941.0,0,1,,1,0,0.2,0.1
0.3,2,942.0,0,0,0.0,0,1,0.2,0.2
0.3,2,943.0,0,1,,1,0,0.3,0.2
0.3,2,944.0,0,0,0.0,0,1,0.3,0.3
0.3,2,945.0,0,0,,0,0,0.3,0.3
0.3,2,946.0,0,0,,0,0,0.3,0.3
0.3,2,947.0,0,0,,0,0,0.3,0.3
0.3,2,948.0,0,0,,0,0,0.2,0.3
0.3,2,949.0,0,0,,0,0,0.2,0.2
0.3,2,950.0,0,0,,0,0,0.2,0.2
0.3,2,951.0,1,2,,2,0,0.3,0.2
0.3,2,952.0,0,1,0.0,0,1,0.3,0.2
0.3,2,953.0,0,1,,0,0,0.2,0.2
0.3,2,954.0,0,1,0.9725204556043536,1,1,0.3,0.2
0.3,2,955.0,0,0,0.626899580781128,0,1,0.3,0.3
0.3,2,956.0,0,0,0.0,1,1,0.4,0.4
0.3,2,957.0,0,0,,0,0,0.4,0.4
0.3,2,958.0,0,0,,0,0,0.4,0.4
0.3,2,959.0,0,0,,0,0,0.4,0.4
0.3,2,960.0,0,0,,0,0,0.4,0.4
0.3,2,961.0,0,0,,0,0,0.2,0.4
0.3,2,962.0,0,0,,0,0,0.2,0.3
0.3,2,963.0,0,1,,1,0,0.3,0.3
0.3,2,964.0,0,0,0.0,0,1,0.2,0.3
0.3,2,965.0,0,0,,0,0,0.2,0.2
0.3,2,966.0,1,2,,2,0,0.3,0.1
0.3,2,967.0,2,3,,1,0,0.4,0.1
0.3,2,968.0,3,4,,1,0,0.5,0.1
0.3,2,969.0,1,2,1.314313898166688,0,2,0.5,0.3
0.3,2,970.0,1,2,,0,0,0.5,0.3
0.3,2,971.0,0,1,2.4961663900305666,0,1,0.5,0.4
0.3,2,972.0,0,1,,0,0,0.5,0.4
0.3,2,973.0,0,1,,0,0,0.4,0.4
0.3,2,974.0,0,0,2.776160140228967,0,1,0.4,0.4
0.3,2,975.0,0,0,,0,0,0.4,0.4
0.3,2,976.0,0,0,,0,0,0.2,0.4
0.3,2,977.0,0,0,,0,0,0.1,0.4
0.3,2,978.0,0,0,0.0,1,1,0.1,0.5
0.3,2,979.0,0,0,,0,0,0.1,0.3
0.3,2,980.0,0,0,,0,0,0.1,0.3
0.3,2,981.0,0,0,,0,0,0.1,0.2
0.3,2,982.0,0,0,,0,0,0.1,0.2
0.3,2,983.0,0,0,,0,0,0.1,0.2
0.3,2,984.0,0,0,,0,0,0.1,0.1
0.3,2,985.0,0,0,,0,0,0.1,0.1
0.3,2,986.0,0,0,,0,0,0.1,0.1
0.3,2,987.0,0,0,0.0,1,1,0.2,0.2
0.3,2,988.0,0,0,,0,0,0.1,0.1
0.3,2,989.0,0,0,,0,0,0.1,0.1
0.3,2,990.0,0,0,,0,0,0.1,0.1
0.3,2,991.0,0,0,0.0,1,1,0.2,0.2
0.3,2,992.0,0,1,,1,0,0.3,0.2
0.3,2,993.0,0,0,0.0,0,1,0.3,0.3
0.3,2,994.0,0,1,0.0,2,1,0.5,0.4
0.3,2,995.0,1,2,,1,0,0.6,0.4
0.3,2,996.0,0,0,0.1854937530317784,0,2,0.6,0.6
0.3,2,997.0,0,1,,1,0,0.6,0.5
0.3,2,998.0,2,3,,2,0,0.8,0.5
0.3,2,999.0,1,2,0.0,0,1,0.8,0.6
0.3,2,1000.0,0,1,1.3725106011384014,0,1,0.8,0.7
0.3,2,1001.0,0,1,,0,0,0.7,0.6
0.3,2,1002.0,2,3,,2,0,0.8,0.6
0.3,2,1003.0,1,2,1.7320810984952004,0,1,0.8,0.6
0.3,2,1004.0,0,0,1.0476944406541406,0,2,0.6,0.7
0.3,2,1005.0,0,0,,0,0,0.5,0.7
0.3,2,1006.0,0,0,,0,0,0.5,0.5
0.3,2,1007.0,0,0,,0,0,0.4,0.5
0.3,2,1008.0,0,0,0.0,1,1,0.3,0.6
0.3,2,1009.0,0,0,,0,0,0.3,0.5
0.3,2,1010.0,0,0,,0,0,0.3,0.4
0.3,2,1011.0,0,0,,0,0,0.3,0.4
0.3,2,1012.0,0,0,0.0,1,1,0.2,0.5
0.3,2,1013.0,0,0,,0,0,0.2,0.4
0.3,2,1014.0,0,0,,0,0,0.2,0.2
0.3,2,1015.0,0,0,,0,0,0.2,0.2
0.3,2,1016.0,0,0,,0,0,0.2,0.2
0.3,2,1017.0,0,0,,0,0,0.2,0.2
0.3,2,1018.0,0,0,0.0,1,1,0.2,0.2
0.3,2,1019.0,0,0,,0,0,0.2,0.2
0.3,2,1020.0,0,0,,0,0,0.2,0.2
0.3,2,1021.0,0,0,,0,0,0.2,0.2
0.3,2,1022.0,0,1,,1,0,0.2,0.1
0.3,2,1023.0,0,0,0.0,0,1,0.2,0.2
0.3,2,1024.0,0,0,,0,0,0.2,0.2
0.3,2,1025.0,0,0,0.0,1,1,0.3,0.3
0.3,2,1026.0,0,0,,0,0,0.3,0.3
0.3,2,1027.0,0,0,,0,0,0.3,0.3
0.3,2,1028.0,0,0,,0,0,0.2,0.2
0.3,2,1029.0,0,0,,0,0,0.2,0.2
0.3,2,1030.0,0,0,,0,0,0.2,0.2
0.3,2,1031.0,0,0,,0,0,0.2,0.2
0.3,2,1032.0,0,0,,0,0,0.1,0.2
0.3,2,1033.0,1,2,0.0,3,1,0.4,0.2
0.3,2,1034.0,0,0,0.33377197414768034,0,2,0.4,0.4
0.3,2,1035.0,0,0,,0,0,0.3,0.3
0.3,2,1036.0,0,0,,0,0,0.3,0.3
0.3,2,1037.0,0,0,0.0,1,1,0.4,0.4
0.3,2,1038.0,0,0,,0,0,0.4,0.4
0.3,2,1039.0,0,0,,0,0,0.4,0.4
0.3,2,1040.0,0,0,,0,0,0.4,0.4
0.3,2,1041.0,0,0,,0,0,0.4,0.4
0.3,2,1042.0,0,0,,0,0,0.4,0.4
0.3,2,1043.0,0,0,,0,0,0.1,0.3
0.3,2,1044.0,0,0,0.0,1,1,0.2,0.2
0.3,2,1045.0,0,0,,0,0,0.2,0.2
0.3,2,1046.0,0,0,,0,0,0.2,0.2
0.3,2,1047.0,0,0,,0,0,0.1,0.1
0.3,2,1048.0,0,0,,0,0,0.1,0.1
0.3,2,1049.0,0,1,,1,0,0.2,0.1
0.3,2,1050.0,0,0,0.0,0,1,0.2,0.2
0.3,2,1051.0,0,0,,0,0,0.2,0.2
0.3,2,1052.0,0,0,,0,0,0.2,0.2
0.3,2,1053.0,0,1,,1,0,0.3,0.2
0.3,2,1054.0,0,1,,0,0,0.2,0.1
0.3,2,1055.0,0,0,0.0,0,1,0.2,0.2
0.3,2,1056.0,0,0,,0,0,0.2,0.2
0.3,2,1057.0,0,0,,0,0,0.2,0.2
0.3,2,1058.0,0,1,,1,0,0.3,0.2
0.3,2,1059.0,0,0,0.0,0,1,0.2,0.3
0.3,2,1060.0,0,0,,0,0,0.2,0.2
0.3,2,1061.0,0,0,0.0,1,1,0.3,0.3
0.3,2,1062.0,0,0,,0,0,0.3,0.3
0.3,2,1063.0,0,0,,0,0,0.2,0.3
0.3,2,1064.0,0,0,,0,0,0.2,0.3
0.3,2,1065.0,0,0,0.0,1,1,0.3,0.3
0.3,2,1066.0,0,1,,1,0,0.4,0.3
0.3,2,1067.0,0,0,0.0,0,1,0.4,0.4
0.3,2,1068.0,0,0,,0,0,0.3,0.4
0.3,2,1069.0,0,1,,1,0,0.4,0.3
0.3,2,1070.0,0,0,0.0,0,1,0.4,0.4
0.3,2,1071.0,0,0,,0,0,0.3,0.3
0.3,2,1072.0,0,0,,0,0,0.3,0.3
0.3,2,1073.0,0,1,,1,0,0.4,0.3
0.3,2,1074.0,1,2,0.0,2,1,0.6,0.4
0.3,2,1075.0,2,3,,1,0,0.6,0.3
0.3,2,1076.0,1,2,0.04542999673549275,0,1,0.5,0.4
0.3,2,1077.0,0,1,1.9406452926970132,1,2,0.6,0.5
0.3,2,1078.0,1,2,0.0,2,1,0.8,0.6
0.3,2,1079.0,1,2,,0,0,0.7,0.6
0.3,2,1080.0,0,1,0.7576656227067815,0,1,0.7,0.6
0.3,2,1081.0,0,1,,0,0,0.7,0.6
0.3,2,1082.0,0,0,2.808891773892128,0,1,0.7,0.7
0.3,2,1083.0,0,0,,0,0,0.6,0.7
0.3,2,1084.0,0,0,,0,0,0.4,0.6
0.3,2,1085.0,0,0,,0,0,0.3,0.6
0.3,2,1086.0,0,0,,0,0,0.3,0.5
0.3,2,1087.0,0,0,,0,0,0.2,0.3
0.3,2,1088.0,0,0,,0,0,0.0,0.2
0.3,2,1089.0,0,0,,0,0,0.0,0.2
0.3,2,1090.0,0,0,,0,0,0.0,0.1
0.3,2,1091.0,0,0,,0,0,0.0,0.1
0.3,2,1092.0,0,1,,1,0,0.1,0.0
0.3,2,1093.0,0,1,0.0,1,1,0.2,0.1
0.3,2,1094.0,0,0,0.054878123629805486,0,1,0.2,0.2
0.3,2,1095.0,1,2,0.12296980114581402,4,2,0.6,0.4
0.3,2,1096.0,1,2,0.33411266153939323,1,1,0.7,0.5
0.3,2,1097.0,0,1,0.7728470911583827,0,1,0.7,0.6
0.3,2,1098.0,0,1,0.510413040551839,1,1,0.8,0.7
0.3,2,1099.0,0,1,,0,0,0.8,0.7
0.3,2,1100.0,0,0,0.0,0,1,0.8,0.8
0.3,2,1101.0,0,0,,0,0,0.8,0.8
0.3,2,1102.0,0,0,,0,0,0.7,0.8
0.3,2,1103.0,0,1,,1,0,0.7,0.7
0.3,2,1104.0,0,0,0.0,0,1,0.7,0.7
0.3,2,1105.0,0,0,0.15301447582419314,2,2,0.5,0.7
0.3,2,1106.0,0,1,,1,0,0.5,0.6
0.3,2,1107.0,0,1,,0,0,0.5,0.5
0.3,2,1108.0,0,0,0.0,0,1,0.4,0.5
0.3,2,1109.0,0,0,,0,0,0.4,0.5
0.3,2,1110.0,0,1,,1,0,0.5,0.4
0.3,2,1111.0,0,1,,0,0,0.5,0.4
0.3,2,1112.0,0,1,,0,0,0.5,0.4
0.3,2,1113.0,0,1,0.0,1,1,0.5,0.5
0.3,2,1114.0,0,1,,0,0,0.5,0.4
0.3,2,1115.0,0,0,0.0,0,1,0.3,0.3
0.3,2,1116.0,0,0,,0,0,0.2,0.3
0.3,2,1117.0,0,0,,0,0,0.2,0.3
0.3,2,1118.0,0,0,,0,0,0.2,0.2
0.3,2,1119.0,1,2,,2,0,0.4,0.2
0.3,2,1120.0,2,3,,1,0,0.4,0.2
0.3,2,1121.0,1,2,0.0,0,1,0.4,0.3
0.3,2,1122.0,1,2,,0,0,0.4,0.3
0.3,2,1123.0,1,2,1.8065466414584535,1,1,0.4,0.3
0.3,2,1124.0,1,2,2.148017292201075,1,1,0.5,0.4
0.3,2,1125.0,1,2,,0,0,0.5,0.3
0.3,2,1126.0,0,1,0.5479468367275331,0,1,0.5,0.4
0.3,2,1127.0,0,1,,0,0,0.5,0.4
0.3,2,1128.0,0,1,1.9834712860840682,1,1,0.6,0.5
0.3,2,1129.0,0,0,0.0,0,1,0.4,0.6
0.3,2,1130.0,0,0,,0,0,0.3,0.6
0.3,2,1131.0,0,0,,0,0,0.3,0.5
0.3,2,1132.0,0,0,,0,0,0.3,0.5
0.3,2,1133.0,0,1,,1,0,0.3,0.4
0.3,2,1134.0,0,1,0.0,1,1,0.3,0.4
0.3,2,1135.0,0,1,,0,0,0.3,0.4
0.3,2,1136.0,0,0,0.4071894201019859,0,1,0.3,0.4
0.3,2,1137.0,0,1,,1,0,0.4,0.4
0.3,2,1138.0,0,0,0.0,0,1,0.3,0.4
0.3,2,1139.0,0,0,,0,0,0.3,0.3
0.3,2,1140.0,0,0,,0,0,0.3,0.3
0.3,2,1141.0,0,0,,0,0,0.3,0.3
0.3,2,1142.0,0,0,,0,0,0.3,0.3
0.3,2,1143.0,0,1,,1,0,0.3,0.3
0.3,2,1144.0,0,0,0.0,0,1,0.2,0.3
0.3,2,1145.0,0,0,,0,0,0.2,0.3
0.3,2,1146.0,0,1,,1,0,0.3,0.2
0.3,2,1147.0,0,1,,0,0,0.2,0.2
0.3,2,1148.0,1,2,0.0,2,1,0.4,0.2
0.3,2,1149.0,0,0,0.33810620135454883,0,2,0.4,0.4
0.3,2,1150.0,0,0,0.0,1,1,0.5,0.5
0.3,2,1151.0,0,0,,0,0,0.5,0.5
0.3,2,1152.0,0,0,,0,0,0.5,0.5
0.3,2,1153.0,0,0,,0,0,0.4,0.5
0.3,2,1154.0,0,0,,0,0,0.4,0.4
0.3,2,1155.0,0,0,,0,0,0.4,0.4
0.3,2,1156.0,0,0,,0,0,0.3,0.4
0.3,2,1157.0,1,2,,2,0,0.5,0.4
0.3,2,1158.0,2,3,,1,0,0.4,0.3
0.3,2,1159.0,4,5,,2,0,0.6,0.1
0.3,2,1160.0,1,2,1.7567418165814008,0,3,0.5,0.3
0.3,2,1161.0,1,2,1.195090523978024,1,1,0.6,0.4
0.3,2,1162.0,0,1,1.430856911939486,1,2,0.7,0.6
0.3,2,1163.0,0,1,,0,0,0.7,0.6
0.3,2,1164.0,0,0,0.12277164331771928,1,2,0.8,0.8
0.3,2,1165.0,0,1,,1,0,0.9,0.8
0.3,2,1166.0,0,1,,0,0,0.9,0.8
0.3,2,1167.0,0,0,0.0,0,1,0.7,0.9
0.3,2,1168.0,0,0,,0,0,0.6,0.9
0.3,2,1169.0,1,2,,2,0,0.6,0.9
0.3,2,1170.0,0,0,0.3486824014598824,0,2,0.6,0.8
0.3,2,1171.0,0,0,,0,0,0.5,0.7
0.3,2,1172.0,0,0,,0,0,0.4,0.5
0.3,2,1173.0,0,0,,0,0,0.4,0.5
0.3,2,1174.0,0,0,,0,0,0.3,0.3
0.3,2,1175.0,0,0,,0,0,0.2,0.3
0.3,2,1176.0,0,0,,0,0,0.2,0.3
0.3,2,1177.0,0,0,0.0,1,1,0.3,0.3
0.3,2,1178.0,0,0,,0,0,0.3,0.3
0.3,2,1179.0,0,0,,0,0,0.1,0.3
0.3,2,1180.0,0,0,,0,0,0.1,0.1
0.3,2,1181.0,0,1,,1,0,0.2,0.1
0.3,2,1182.0,1,2,,1,0,0.3,0.1
0.3,2,1183.0,0,1,0.0,0,1,0.3,0.2
0.3,2,1184.0,0,0,1.2056966356988141,0,1,0.3,0.3
0.3,2,1185.0,0,0,,0,0,0.3,0.3
0.3,2,1186.0,0,0,,0,0,0.3,0.3
0.3,2,1187.0,0,0,,0,0,0.2,0.2
0.3,2,1188.0,0,0,,0,0,0.2,0.2
0.3,2,1189.0,0,0,,0,0,0.2,0.2
0.3,2,1190.0,0,0,,0,0,0.2,0.2
0.3,2,1191.0,0,0,,0,0,0.1,0.2
0.3,2,1192.0,0,0,,0,0,0.0,0.2
0.3,2,1193.0,0,0,,0,0,0.0,0.1
0.3,2,1194.0,0,0,,0,0,0.0,0.0
0.3,2,1195.0,0,1,,1,0,0.1,0.0
0.3,2,1196.0,0,0,0.0,0,1,0.1,0.1
0.3,2,1197.0,0,0,,0,0,0.1,0.1
0.3,2,1198.0,0,0,,0,0,0.1,0.1
0.3,2,1199.0,0,0,0.0,1,1,0.2,0.2
0.3,2,1200.0,0,0,0.0,1,1,0.3,0.3
0.3,2,1201.0,0,1,,1,0,0.4,0.3
0.3,2,1202.0,0,1,0.0,1,1,0.5,0.4
0.3,2,1203.0,0,0,0.013206923054440267,0,1,0.5,0.5
0.3,2,1204.0,0,0,,0,0,0.5,0.5
0.3,2,1205.0,0,0,,0,0,0.4,0.5
0.3,2,1206.0,0,0,,0,0,0.4,0.4
0.3,2,1207.0,0,0,,0,0,0.4,0.4
0.3,2,1208.0,0,0,,0,0,0.4,0.4
0.3,2,1209.0,0,0,,0,0,0.3,0.3
0.3,2,1210.0,0,0,,0,0,0.2,0.2
0.3,2,1211.0,0,0,,0,0,0.1,0.2
0.3,2,1212.0,0,0,,0,0,0.0,0.1
0.3,2,1213.0,0,0,,0,0,0.0,0.0
0.3,2,1214.0,0,1,,1,0,0.1,0.0
0.3,2,1215.0,0,0,0.0,0,1,0.1,0.1
0.3,2,1216.0,0,1,0.0,2,1,0.3,0.2
0.3,2,1217.0,0,0,0.0,0,1,0.3,0.3
0.3,2,1218.0,0,0,,0,0,0.3,0.3
0.3,2,1219.0,0,0,,0,0,0.3,0.3
0.3,2,1220.0,0,0,,0,0,0.3,0.3
0.3,2,1221.0,0,0,,0,0,0.3,0.3
0.3,2,1222.0,0,0,0.0,1,1,0.4,0.4
0.3,2,1223.0,0,0,0.0,1,1,0.5,0.5
0.3,2,1224.0,0,0,,0,0,0.4,0.5
0.3,2,1225.0,0,0,0.0,1,1,0.5,0.5
0.3,2,1226.0,0,0,,0,0,0.3,0.4
0.3,2,1227.0,0,0,,0,0,0.3,0.3
0.3,2,1228.0,0,0,,0,0,0.3,0.3
0.3,2,1229.0,0,1,0.0,2,1,0.5,0.4
0.3,2,1230.0,0,1,,0,0,0.5,0.4
0.3,2,1231.0,0,0,0.0,0,1,0.5,0.5
0.3,2,1232.0,0,0,,0,0,0.4,0.4
0.3,2,1233.0,0,0,,0,0,0.3,0.3
0.3,2,1234.0,0,0,,0,0,0.3,0.3
0.3,2,1235.0,0,0,,0,0,0.2,0.2
0.3,2,1236.0,0,0,,0,0,0.2,0.2
0.3,2,1237.0,0,0,,0,0,0.2,0.2
0.3,2,1238.0,0,0,,0,0,0.2,0.2
0.3,2,1239.0,0,0,,0,0,0.0,0.1
0.3,2,1240.0,0,0,,0,0,0.0,0.1
0.3,2,1241.0,0,0,,0,0,0.0,0.0
0.3,2,1242.0,0,0,,0,0,0.0,0.0
0.3,2,1243.0,0,0,,0,0,0.0,0.0
0.3,2,1244.0,0,1,,1,0,0.1,0.0
0.3,2,1245.0,0,1,,0,0,0.1,0.0
0.3,2,1246.0,0,0,0.0,1,2,0.2,0.2
0.3,2,1247.0,1,2,,2,0,0.4,0.2
0.3,2,1248.0,2,3,,1,0,0.5,0.2
0.3,2,1249.0,2,3,,0,0,0.5,0.2
0.3,2,1250.0,2,3,,0,0,0.5,0.2
0.3,2,1251.0,2,3,,0,0,0.5,0.2
0.3,2,1252.0,2,3,,0,0,0.5,0.2
0.3,2,1253.0,2,3,,0,0,0.5,0.2
0.3,2,1254.0,2,3,,0,0,0.4,0.2
0.3,2,1255.0,1,2,0.0,0,1,0.4,0.3
0.3,2,1256.0,0,1,7.991358159114725,0,1,0.3,0.2
0.3,2,1257.0,0,0,7.679307181257855,0,1,0.1,0.3
0.3,2,1258.0,0,0,0.0,1,1,0.1,0.4
0.3,2,1259.0,0,0,,0,0,0.1,0.4
0.3,2,1260.0,0,0,,0,0,0.1,0.4
0.3,2,1261.0,0,0,,0,0,0.1,0.4
0.3,2,1262.0,0,0,,0,0,0.1,0.4
0.3,2,1263.0,0,0,0.0,1,1,0.2,0.5
0.3,2,1264.0,0,0,,0,0,0.2,0.5
0.3,2,1265.0,0,0,,0,0,0.2,0.4
0.3,2,1266.0,0,1,,1,0,0.3,0.3
0.3,2,1267.0,2,3,,2,0,0.5,0.2
0.3,2,1268.0,1,2,0.0,0,1,0.4,0.2
0.3,2,1269.0,1,2,0.8912428942917359,1,1,0.5,0.3
0.3,2,1270.0,0,0,1.6105769261415617,0,2,0.5,0.5
0.3,2,1271.0,1,2,,2,0,0.7,0.5
0.3,2,1272.0,0,1,0.0,0,1,0.7,0.6
0.3,2,1273.0,0,0,0.7524212666753556,0,1,0.6,0.6
0.3,2,1274.0,0,0,,0,0,0.6,0.6
0.3,2,1275.0,0,0,,0,0,0.6,0.6
0.3,2,1276.0,0,0,,0,0,0.5,0.6
0.3,2,1277.0,0,0,,0,0,0.3,0.6
0.3,2,1278.0,0,0,,0,0,0.3,0.5
0.3,2,1279.0,0,0,,0,0,0.2,0.4
0.3,2,1280.0,0,0,0.0,1,1,0.3,0.3
0.3,2,1281.0,0,0,,0,0,0.1,0.3
0.3,2,1282.0,0,0,,0,0,0.1,0.2
0.3,2,1283.0,0,0,,0,0,0.1,0.1
0.3,2,1284.0,0,0,,0,0,0.1,0.1
0.3,2,1285.0,0,0,0.0,1,1,0.2,0.2
0.3,2,1286.0,0,1,,1,0,0.3,0.2
0.3,2,1287.0,0,1,0.0,1,1,0.4,0.3
0.3,2,1288.0,0,0,0.8889583223874524,0,1,0.4,0.4
0.3,2,1289.0,0,0,,0,0,0.4,0.4
0.3,2,1290.0,0,0,,0,0,0.3,0.3
0.3,2,1291.0,0,0,,0,0,0.3,0.3
0.3,2,1292.0,0,0,0.0,2,2,0.5,0.5
0.3,2,1293.0,0,0,0.0,2,2,0.7,0.7
0.3,2,1294.0,0,0,,0,0,0.7,0.7
0.3,2,1295.0,0,0,,0,0,0.6,0.6
0.3,2,1296.0,0,0,0.0,2,2,0.7,0.8
0.3,2,1297.0,0,0,,0,0,0.6,0.7
0.3,2,1298.0,0,0,,0,0,0.6,0.6
0.3,2,1299.0,0,0,,0,0,0.6,0.6
0.3,2,1300.0,0,0,,0,0,0.6,0.6
0.3,2,1301.0,0,0,,0,0,0.6,0.6
0.3,2,1302.0,0,1,,1,0,0.5,0.4
0.3,2,1303.0,0,1,0.0,1,1,0.4,0.3
0.3,2,1304.0,0,0,0.03704151083115903,1,2,0.5,0.5
0.3,2,1305.0,0,0,,0,0,0.5,0.5
0.3,2,1306.0,0,0,,0,0,0.3,0.3
0.3,2,1307.0,0,0,,0,0,0.3,0.3
0.3,2,1308.0,0,0,0.008206501015479262,2,2,0.5,0.5
0.3,2,1309.0,0,0,,0,0,0.5,0.5
0.3,2,1310.0,0,0,0.0,1,1,0.6,0.6
0.3,2,1311.0,0,0,,0,0,0.6,0.6
0.3,2,1312.0,0,1,,1,0,0.6,0.6
0.3,2,1313.0,0,0,0.0,0,1,0.5,0.6
0.3,2,1314.0,0,0,,0,0,0.4,0.4
0.3,2,1315.0,0,0,,0,0,0.4,0.4
0.3,2,1316.0,0,0,,0,0,0.4,0.4
0.3,2,1317.0,0,0,,0,0,0.4,0.4
0.3,2,1318.0,0,0,,0,0,0.2,0.2
0.3,2,1319.0,0,0,0.0,1,1,0.3,0.3
0.3,2,1320.0,0,0,,0,0,0.2,0.2
0.3,2,1321.0,0,0,,0,0,0.2,0.2
0.3,2,1322.0,0,0,,0,0,0.1,0.2
0.3,2,1323.0,0,0,0.0,1,1,0.2,0.2
0.3,2,1324.0,0,0,,0,0,0.2,0.2
0.3,2,1325.0,0,0,,0,0,0.2,0.2
0.3,2,1326.0,0,1,,1,0,0.3,0.2
0.3,2,1327.0,0,1,,0,0,0.3,0.2
0.3,2,1328.0,0,1,,0,0,0.3,0.2
0.3,2,1329.0,0,1,,0,0,0.2,0.1
0.3,2,1330.0,0,0,0.0,0,1,0.2,0.2
0.3,2,1331.0,0,0,,0,0,0.2,0.2
0.3,2,1332.0,0,0,,0,0,0.2,0.2
0.3,2,1333.0,0,0,,0,0,0.1,0.1
0.3,2,1334.0,0,0,,0,0,0.1,0.1
0.3,2,1335.0,0,0,,0,0,0.1,0.1
0.3,2,1336.0,0,0,,0,0,0.0,0.1
0.3,2,1337.0,0,1,,1,0,0.1,0.1
0.3,2,1338.0,0,1,,0,0,0.1,0.1
0.3,2,1339.0,0,0,0.0,0,1,0.1,0.2
0.3,2,1340.0,0,0,,0,0,0.1,0.1
0.3,2,1341.0,0,0,,0,0,0.1,0.1
0.3,2,1342.0,0,0,,0,0,0.1,0.1
0.3,2,1343.0,0,0,,0,0,0.1,0.1
0.3,2,1344.0,0,1,,1,0,0.2,0.1
0.3,2,1345.0,0,0,0.0,0,1,0.2,0.2
0.3,2,1346.0,0,0,,0,0,0.2,0.2
0.3,2,1347.0,0,0,,0,0,0.1,0.2
0.3,2,1348.0,0,0,,0,0,0.1,0.2
0.3,2,1349.0,0,0,,0,0,0.1,0.1
0.3,2,1350.0,0,1,0.0,2,1,0.3,0.2
0.3,2,1351.0,0,0,0.0836182267910317,0,1,0.3,0.3
0.3,2,1352.0,0,0,,0,0,0.3,0.3
0.3,2,1353.0,0,0,,0,0,0.3,0.3
0.3,2,1354.0,0,0,,0,0,0.2,0.3
0.3,2,1355.0,0,1,,1,0,0.3,0.2
0.3,2,1356.0,0,1,,0,0,0.3,0.2
0.3,2,1357.0,0,0,0.0,0,1,0.3,0.3
0.3,2,1358.0,0,0,,0,0,0.3,0.3
0.3,2,1359.0,0,0,,0,0,0.3,0.3
0.3,2,1360.0,0,0,,0,0,0.1,0.2
0.3,2,1361.0,0,0,,0,0,0.1,0.1
0.3,2,1362.0,0,0,,0,0,0.1,0.1
0.3,2,1363.0,0,0,,0,0,0.1,0.1
0.3,2,1364.0,0,0,,0,0,0.1,0.1
0.3,2,1365.0,0,0,,0,0,0.0,0.1
0.3,2,1366.0,0,0,0.0,1,1,0.1,0.2
0.3,2,1367.0,0,0,0.0,1,1,0.2,0.2
0.3,2,1368.0,0,0,,0,0,0.2,0.2
0.3,2,1369.0,0,0,,0,0,0.2,0.2
0.3,2,1370.0,0,0,,0,0,0.2,0.2
0.3,2,1371.0,0,0,,0,0,0.2,0.2
0.3,2,1372.0,0,1,,1,0,0.3,0.2
0.3,2,1373.0,0,0,0.0,0,1,0.3,0.3
0.3,2,1374.0,0,1,,1,0,0.4,0.3
0.3,2,1375.0,0,1,,0,0,0.4,0.3
0.3,2,1376.0,0,0,0.0,0,1,0.3,0.3
0.3,2,1377.0,0,0,,0,0,0.2,0.2
0.3,2,1378.0,0,1,,1,0,0.3,0.2
0.3,2,1379.0,0,0,0.0,0,1,0.3,0.3
0.3,2,1380.0,0,0,,0,0,0.3,0.3
0.3,2,1381.0,0,0,,0,0,0.3,0.3
0.3,2,1382.0,0,0,,0,0,0.2,0.3
0.3,2,1383.0,0,0,,0,0,0.2,0.2
0.3,2,1384.0,0,0,,0,0,0.1,0.2
0.3,2,1385.0,0,0,0.0,1,1,0.2,0.3
0.3,2,1386.0,0,0,0.0,1,1,0.3,0.3
0.3,2,1387.0,0,1,,1,0,0.4,0.3
0.3,2,1388.0,0,1,,0,0,0.3,0.3
0.3,2,1389.0,0,0,0.0,0,1,0.3,0.3
0.3,2,1390.0,0,0,0.0,1,1,0.4,0.4
0.3,2,1391.0,0,0,,0,0,0.4,0.4
0.3,2,1392.0,0,0,,0,0,0.4,0.4
0.3,2,1393.0,0,0,,0,0,0.4,0.4
0.3,2,1394.0,0,0,,0,0,0.4,0.4
0.3,2,1395.0,0,0,,0,0,0.3,0.3
0.3,2,1396.0,0,0,,0,0,0.2,0.2
0.3,2,1397.0,0,0,,0,0,0.1,0.2
0.3,2,1398.0,0,0,,0,0,0.1,0.2
0.3,2,1399.0,0,0,,0,0,0.1,0.1
0.3,2,1400.0,0,0,,0,0,0.0,0.0
0.3,2,1401.0,0,1,,1,0,0.1,0.0
0.3,2,1402.0,0,1,0.0,1,1,0.2,0.1
0.3,2,1403.0,1,2,,1,0,0.3,0.1
0.3,2,1404.0,0,1,0.0,0,1,0.3,0.2
0.3,2,1405.0,0,0,1.3009248602804746,0,1,0.3,0.3
0.3,2,1406.0,0,0,,0,0,0.3,0.3
0.3,2,1407.0,0,1,,1,0,0.4,0.3
0.3,2,1408.0,0,1,,0,0,0.4,0.3
0.3,2,1409.0,0,0,0.0,0,1,0.4,0.4
0.3,2,1410.0,0,0,0.0,1,1,0.5,0.5
0.3,2,1411.0,0,1,,1,0,0.5,0.5
0.3,2,1412.0,0,1,,0,0,0.4,0.4
0.3,2,1413.0,0,0,0.0,0,1,0.3,0.5
0.3,2,1414.0,0,0,,0,0,0.3,0.4
0.3,2,1415.0,0,0,,0,0,0.3,0.3
0.3,2,1416.0,0,0,,0,0,0.3,0.3
0.3,2,1417.0,0,0,0.0,1,1,0.3,0.4
0.3,2,1418.0,0,0,,0,0,0.3,0.4
0.3,2,1419.0,0,0,0.0,1,1,0.4,0.4
0.3,2,1420.0,0,0,,0,0,0.3,0.3
0.3,2,1421.0,0,0,,0,0,0.2,0.3
0.3,2,1422.0,0,0,,0,0,0.2,0.3
0.3,2,1423.0,0,0,,0,0,0.2,0.2
0.3,2,1424.0,0,0,,0,0,0.2,0.2
0.3,2,1425.0,0,0,,0,0,0.2,0.2
0.3,2,1426.0,0,0,,0,0,0.2,0.2
0.3,2,1427.0,0,0,,0,0,0.1,0.1
0.3,2,1428.0,0,0,,0,0,0.1,0.1
0.3,2,1429.0,0,0,,0,0,0.0,0.0
0.3,2,1430.0,0,0,,0,0,0.0,0.0
0.3,2,1431.0,0,1,,1,0,0.1,0.0
0.3,2,1432.0,0,0,0.0,0,1,0.1,0.1
0.3,2,1433.0,0,0,,0,0,0.1,0.1
0.3,2,1434.0,0,0,,0,0,0.1,0.1
0.3,2,1435.0,0,0,,0,0,0.1,0.1
0.3,2,1436.0,0,1,,1,0,0.2,0.1
0.3,2,1437.0,0,0,0.0,0,1,0.2,0.2
0.3,2,1438.0,0,0,,0,0,0.2,0.2
0.3,2,1439.0,0,0,,0,0,0.2,0.2
0.3,2,1440.0,0,0,,0,0,0.2,0.2
0.3,2,1441.0,0,0,,0,0,0.1,0.2
0.3,2,1442.0,0,0,,0,0,0.1,0.1
0.3,2,1443.0,0,0,,0,0,0.1,0.1
0.3,2,1444.0,0,0,0.0,1,1,0.2,0.2
0.3,2,1445.0,0,0,,0,0,0.2,0.2
0.3,2,1446.0,0,0,,0,0,0.1,0.2
0.3,2,1447.0,0,0,,0,0,0.1,0.1
0.3,2,1448.0,0,0,,0,0,0.1,0.1
0.3,2,1449.0,0,0,,0,0,0.1,0.1
0.3,2,1450.0,0,0,,0,0,0.1,0.1
0.3,2,1451.0,0,0,,0,0,0.1,0.1
0.3,2,1452.0,0,0,,0,0,0.1,0.1
0.3,2,1453.0,0,0,,0,0,0.1,0.1
0.3,2,1454.0,0,1,0.14773966625466528,3,2,0.3,0.2
0.3,2,1455.0,0,0,0.0,0,1,0.3,0.3
0.3,2,1456.0,0,0,,0,0,0.3,0.3
0.3,2,1457.0,0,0,,0,0,0.3,0.3
0.3,2,1458.0,0,1,,1,0,0.4,0.3
0.3,2,1459.0,0,0,0.0,0,1,0.4,0.4
0.3,2,1460.0,0,0,,0,0,0.4,0.4
0.3,2,1461.0,0,0,,0,0,0.4,0.4
0.3,2,1462.0,0,0,,0,0,0.4,0.4
0.3,2,1463.0,0,0,,0,0,0.4,0.4
0.3,2,1464.0,0,0,,0,0,0.1,0.2
0.3,2,1465.0,0,1,,1,0,0.2,0.1
0.3,2,1466.0,0,1,,0,0,0.2,0.1
0.3,2,1467.0,0,0,0.0,0,1,0.2,0.2
0.3,2,1468.0,0,0,,0,0,0.1,0.2
0.3,2,1469.0,0,0,,0,0,0.1,0.1
0.3,2,1470.0,0,0,,0,0,0.1,0.1
0.3,2,1471.0,0,0,,0,0,0.1,0.1
0.3,2,1472.0,0,1,,1,0,0.2,0.1
0.3,2,1473.0,0,1,0.0,1,1,0.3,0.2
0.3,2,1474.0,0,1,,0,0,0.3,0.2
0.3,2,1475.0,0,1,,0,0,0.2,0.2
0.3,2,1476.0,1,2,,1,0,0.3,0.2
0.3,2,1477.0,3,4,,2,0,0.5,0.1
0.3,2,1478.0,3,4,,0,0,0.5,0.1
0.3,2,1479.0,1,2,1.2616421879446307,0,2,0.5,0.3
0.3,2,1480.0,0,0,2.0939683455079603,0,2,0.5,0.5
0.3,2,1481.0,0,0,,0,0,0.5,0.5
0.3,2,1482.0,0,0,0.0,1,1,0.5,0.6
0.3,2,1483.0,0,0,,0,0,0.4,0.5
0.3,2,1484.0,0,0,,0,0,0.4,0.5
0.3,2,1485.0,0,0,,0,0,0.4,0.5
0.3,2,1486.0,0,0,,0,0,0.3,0.5
0.3,2,1487.0,0,1,,1,0,0.2,0.5
0.3,2,1488.0,0,0,0.0,0,1,0.2,0.6
0.3,2,1489.0,0,0,,0,0,0.2,0.4
0.3,2,1490.0,0,0,,0,0,0.2,0.2
0.3,2,1491.0,0,0,,0,0,0.2,0.2
0.3,2,1492.0,0,0,,0,0,0.1,0.1
0.3,2,1493.0,0,0,,0,0,0.1,0.1
0.3,2,1494.0,0,0,,0,0,0.1,0.1
0.3,2,1495.0,0,0,0.0,1,1,0.2,0.2
0.3,2,1496.0,0,0,,0,0,0.2,0.2
0.3,2,1497.0,0,1,,1,0,0.2,0.2
0.3,2,1498.0,0,1,,0,0,0.2,0.1
0.3,2,1499.0,0,1,0.06296755459686665,2,2,0.4,0.3
0.3,2,1500.0,0,1,0.0,1,1,0.5,0.4
0.3,2,1501.0,1,2,,1,0,0.6,0.4
0.3,2,1502.0,0,0,0.8021167917007688,0,2,0.6,0.6
0.3,2,1503.0,0,0,,0,0,0.6,0.6
0.3,2,1504.0,0,0,,0,0,0.6,0.6
0.3,2,1505.0,0,0,,0,0,0.5,0.5
0.3,2,1506.0,0,0,,0,0,0.5,0.5
0.3,2,1507.0,0,1,,1,0,0.5,0.5
0.3,2,1508.0,0,0,0.0,0,1,0.5,0.6
0.3,2,1509.0,0,0,,0,0,0.3,0.4
0.3,2,1510.0,0,1,,1,0,0.3,0.3
0.3,2,1511.0,0,1,,0,0,0.2,0.3
0.3,2,1512.0,0,0,0.0,0,1,0.2,0.2
0.3,2,1513.0,0,0,,0,0,0.2,0.2
0.3,2,1514.0,0,0,,0,0,0.2,0.2
0.3,2,1515.0,0,0,,0,0,0.2,0.2
0.3,2,1516.0,0,0,,0,0,0.2,0.2
0.3,2,1517.0,1,2,,2,0,0.3,0.2
0.3,2,1518.0,0,0,0.41493802118145595,0,2,0.3,0.3
0.3,2,1519.0,0,0,,0,0,0.3,0.3
0.3,2,1520.0,0,0,,0,0,0.2,0.3
0.3,2,1521.0,1,2,,2,0,0.4,0.3
0.3,2,1522.0,1,2,,0,0,0.4,0.2
0.3,2,1523.0,1,2,0.0,1,1,0.5,0.3
0.3,2,1524.0,0,1,1.2345807653848624,0,1,0.5,0.4
0.3,2,1525.0,0,1,,0,0,0.5,0.4
0.3,2,1526.0,0,0,1.6625597810286763,0,1,0.5,0.5
0.3,2,1527.0,0,0,,0,0,0.3,0.5
0.3,2,1528.0,0,0,,0,0,0.3,0.3
0.3,2,1529.0,0,0,,0,0,0.3,0.3
0.3,2,1530.0,0,0,,0,0,0.3,0.3
0.3,2,1531.0,0,0,0.0,1,1,0.2,0.4
0.3,2,1532.0,0,0,,0,0,0.2,0.4
0.3,2,1533.0,0,0,,0,0,0.1,0.3
0.3,2,1534.0,0,0,,0,0,0.1,0.2
0.3,2,1535.0,0,0,,0,0,0.1,0.2
0.3,2,1536.0,0,0,,0,0,0.1,0.1
0.3,2,1537.0,0,0,,0,0,0.1,0.1
0.3,2,1538.0,0,0,,0,0,0.1,0.1
0.3,2,1539.0,0,0,,0,0,0.1,0.1
0.3,2,1540.0,0,0,0.0,1,1,0.2,0.2
0.3,2,1541.0,0,0,,0,0,0.1,0.1
0.3,2,1542.0,0,0,,0,0,0.1,0.1
0.3,2,1543.0,0,0,,0,0,0.1,0.1
0.3,2,1544.0,0,0,,0,0,0.1,0.1
0.3,2,1545.0,0,0,,0,0,0.1,0.1
0.3,2,1546.0,0,0,,0,0,0.1,0.1
0.3,2,1547.0,0,0,,0,0,0.1,0.1
0.3,2,1548.0,0,0,,0,0,0.1,0.1
0.3,2,1549.0,0,0,,0,0,0.1,0.1
0.3,2,1550.0,0,1,,1,0,0.1,0.0
0.3,2,1551.0,0,1,,0,0,0.1,0.0
0.3,2,1552.0,0,0,0.0,0,1,0.1,0.1
0.3,2,1553.0,0,0,,0,0,0.1,0.1
0.3,2,1554.0,0,0,,0,0,0.1,0.1
0.3,2,1555.0,0,0,,0,0,0.1,0.1
0.3,2,1556.0,0,1,,1,0,0.2,0.1
0.3,2,1557.0,1,2,,1,0,0.3,0.1
0.3,2,1558.0,0,1,0.0,0,1,0.3,0.2
0.3,2,1559.0,0,0,0.809946972573016,0,1,0.3,0.3
0.3,2,1560.0,0,0,,0,0,0.2,0.3
0.3,2,1561.0,0,0,,0,0,0.2,0.3
0.3,2,1562.0,0,0,0.0,1,1,0.3,0.3
0.3,2,1563.0,0,1,,1,0,0.4,0.3
0.3,2,1564.0,0,1,,0,0,0.4,0.3
0.3,2,1565.0,1,2,0.0,2,1,0.6,0.4
0.3,2,1566.0,0,1,0.48086638068161847,0,1,0.5,0.5
0.3,2,1567.0,0,1,,0,0,0.4,0.5
0.3,2,1568.0,0,0,0.5386171917677984,0,1,0.4,0.5
0.3,2,1569.0,0,0,,0,0,0.4,0.4
0.3,2,1570.0,0,0,,0,0,0.4,0.4
0.3,2,1571.0,0,1,,1,0,0.5,0.4
0.3,2,1572.0,0,0,0.0,0,1,0.4,0.4
0.3,2,1573.0,0,0,,0,0,0.3,0.4
0.3,2,1574.0,0,0,,0,0,0.3,0.4
0.3,2,1575.0,0,0,,0,0,0.1,0.3
0.3,2,1576.0,0,0,,0,0,0.1,0.2
0.3,2,1577.0,0,1,,1,0,0.2,0.2
0.3,2,1578.0,0,0,0.0,0,1,0.2,0.2
0.3,2,1579.0,0,0,,0,0,0.2,0.2
0.3,2,1580.0,0,0,,0,0,0.2,0.2
0.3,2,1581.0,0,0,0.0,1,1,0.2,0.3
0.3,2,1582.0,0,0,,0,0,0.2,0.2
0.3,2,1583.0,0,0,,0,0,0.2,0.2
0.3,2,1584.0,0,0,,0,0,0.2,0.2
0.3,2,1585.0,0,0,,0,0,0.2,0.2
0.3,2,1586.0,0,1,,1,0,0.3,0.2
0.3,2,1587.0,0,0,0.0,0,1,0.2,0.3
0.3,2,1588.0,0,0,,0,0,0.2,0.2
0.3,2,1589.0,0,0,,0,0,0.2,0.2
0.3,2,1590.0,0,0,,0,0,0.2,0.2
0.3,2,1591.0,0,0,,0,0,0.1,0.1
0.3,2,1592.0,0,0,,0,0,0.1,0.1
0.3,2,1593.0,0,0,,0,0,0.1,0.1
0.3,2,1594.0,0,1,,1,0,0.2,0.1
0.3,2,1595.0,0,1,0.0,1,1,0.3,0.2
0.3,2,1596.0,1,2,,1,0,0.3,0.2
0.3,2,1597.0,1,2,,0,0,0.3,0.1
0.3,2,1598.0,0,0,0.7242257175071245,0,2,0.3,0.3
0.3,2,1599.0,0,0,,0,0,0.3,0.3
0.3,2,1600.0,0,0,0.0,1,1,0.4,0.4
0.3,2,1601.0,0,0,,0,0,0.4,0.4
0.3,2,1602.0,0,1,,1,0,0.5,0.4
0.3,2,1603.0,0,1,,0,0,0.5,0.4
0.3,2,1604.0,0,1,,0,0,0.4,0.4
0.3,2,1605.0,0,0,0.0,0,1,0.3,0.4
0.3,2,1606.0,0,0,,0,0,0.2,0.4
0.3,2,1607.0,0,0,,0,0,0.2,0.4
0.3,2,1608.0,0,0,,0,0,0.2,0.2
0.3,2,1609.0,0,0,,0,0,0.2,0.2
0.3,2,1610.0,0,0,,0,0,0.1,0.1
0.3,2,1611.0,0,1,,1,0,0.2,0.1
0.3,2,1612.0,0,0,0.0,0,1,0.1,0.2
0.3,2,1613.0,0,0,,0,0,0.1,0.2
0.3,2,1614.0,0,0,,0,0,0.1,0.2
0.3,2,1615.0,0,0,,0,0,0.1,0.1
0.3,2,1616.0,0,0,,0,0,0.1,0.1
0.3,2,1617.0,0,0,,0,0,0.1,0.1
0.3,2,1618.0,0,0,,0,0,0.1,0.1
0.3,2,1619.0,0,0,0.0,1,1,0.2,0.2
0.3,2,1620.0,0,0,,0,0,0.2,0.2
0.3,2,1621.0,0,1,,1,0,0.2,0.2
0.3,2,1622.0,1,2,,1,0,0.3,0.1
0.3,2,1623.0,0,0,0.28527868938817846,0,2,0.3,0.3
0.3,2,1624.0,0,0,,0,0,0.3,0.3
0.3,2,1625.0,0,0,,0,0,0.3,0.3
0.3,2,1626.0,0,0,,0,0,0.3,0.3
0.3,2,1627.0,0,0,,0,0,0.3,0.3
0.3,2,1628.0,0,0,,0,0,0.3,0.3
0.3,2,1629.0,0,0,,0,0,0.2,0.2
0.3,2,1630.0,0,0,,0,0,0.2,0.2
0.3,2,1631.0,0,0,,0,0,0.1,0.2
0.3,2,1632.0,0,0,,0,0,0.0,0.2
0.3,2,1633.0,0,0,,0,0,0.0,0.0
0.3,2,1634.0,0,0,,0,0,0.0,0.0
0.3,2,1635.0,0,0,,0,0,0.0,0.0
0.3,2,1636.0,0,1,,1,0,0.1,0.0
0.3,2,1637.0,0,0,0.0,0,1,0.1,0.1
0.3,2,1638.0,0,0,0.0,1,1,0.2,0.2
0.3,2,1639.0,0,1,0.0,2,1,0.4,0.3
0.3,2,1640.0,0,0,0.06391423881837,0,1,0.4,0.4
0.3,2,1641.0,0,0,,0,0,0.4,0.4
0.3,2,1642.0,0,1,,1,0,0.5,0.4
0.3,2,1643.0,0,0,0.0,0,1,0.5,0.5
0.3,2,1644.0,0,1,0.0,2,1,0.7,0.6
0.3,2,1645.0,1,2,,1,0,0.8,0.6
0.3,2,1646.0,0,1,0.07522493386989026,1,2,0.8,0.8
0.3,2,1647.0,0,0,0.20453149723334718,0,1,0.8,0.8
0.3,2,1648.0,0,0,0.0,1,1,0.8,0.8
0.3,2,1649.0,0,0,,0,0,0.6,0.7
0.3,2,1650.0,0,0,,0,0,0.6,0.6
0.3,2,1651.0,0,0,,0,0,0.6,0.6
0.3,2,1652.0,0,1,,1,0,0.6,0.6
0.3,2,1653.0,0,1,,0,0,0.6,0.5
0.3,2,1654.0,1,2,0.0,2,1,0.6,0.5
0.3,2,1655.0,0,1,0.030987724577016706,0,1,0.5,0.6
0.3,2,1656.0,1,2,0.8097070279966374,2,1,0.6,0.5
0.3,2,1657.0,1,2,0.7594842333396628,1,1,0.7,0.5
0.3,2,1658.0,1,2,,0,0,0.6,0.4
0.3,2,1659.0,1,2,,0,0,0.6,0.4
0.3,2,1660.0,2,3,0.4012541207775939,2,1,0.8,0.5
0.3,2,1661.0,1,2,3.0758205900074245,0,1,0.8,0.6
0.3,2,1662.0,0,1,0.9749897943877386,0,1,0.7,0.7
0.3,2,1663.0,0,1,,0,0,0.7,0.7
0.3,2,1664.0,0,0,1.1116363758485477,1,2,0.6,0.8
0.3,2,1665.0,0,1,,1,0,0.7,0.7
0.3,2,1666.0,0,0,0.0,0,1,0.5,0.7
0.3,2,1667.0,0,0,,0,0,0.4,0.6
0.3,2,1668.0,0,1,,1,0,0.5,0.6
0.3,2,1669.0,0,1,,0,0,0.5,0.6
0.3,2,1670.0,0,0,0.0,0,1,0.3,0.6
0.3,2,1671.0,0,1,,1,0,0.4,0.5
0.3,2,1672.0,0,0,0.0,0,1,0.4,0.5
0.3,2,1673.0,0,1,,1,0,0.5,0.5
0.3,2,1674.0,0,0,0.0,0,1,0.4,0.4
0.3,2,1675.0,0,0,,0,0,0.3,0.4
0.3,2,1676.0,0,0,,0,0,0.3,0.3
0.3,2,1677.0,0,0,,0,0,0.3,0.3
0.3,2,1678.0,0,0,,0,0,0.2,0.3
0.3,2,1679.0,0,0,0.0,1,1,0.3,0.4
0.3,2,1680.0,0,0,,0,0,0.3,0.3
0.3,2,1681.0,0,0,,0,0,0.2,0.3
0.3,2,1682.0,0,0,,0,0,0.2,0.2
0.3,2,1683.0,0,1,,1,0,0.2,0.2
0.3,2,1684.0,0,0,0.0,0,1,0.2,0.2
0.3,2,1685.0,0,1,,1,0,0.3,0.2
0.3,2,1686.0,0,1,,0,0,0.3,0.2
0.3,2,1687.0,0,0,0.0,0,1,0.3,0.3
0.3,2,1688.0,0,0,,0,0,0.3,0.3
0.3,2,1689.0,0,0,,0,0,0.2,0.2
0.3,2,1690.0,0,0,,0,0,0.2,0.2
0.3,2,1691.0,0,0,,0,0,0.2,0.2
0.3,2,1692.0,0,0,,0,0,0.2,0.2
0.3,2,1693.0,0,0,0.0,1,1,0.2,0.3
0.3,2,1694.0,0,0,,0,0,0.2,0.2
0.3,2,1695.0,0,1,,1,0,0.2,0.2
0.3,2,1696.0,0,0,0.0,0,1,0.2,0.3
0.3,2,1697.0,0,0,,0,0,0.2,0.2
0.3,2,1698.0,0,0,,0,0,0.2,0.2
0.3,2,1699.0,0,0,,0,0,0.2,0.2
0.3,2,1700.0,0,0,,0,0,0.2,0.2
0.3,2,1701.0,0,1,,1,0,0.3,0.2
0.3,2,1702.0,0,1,,0,0,0.3,0.2
0.3,2,1703.0,0,0,0.0,0,1,0.2,0.2
0.3,2,1704.0,0,0,,0,0,0.2,0.2
0.3,2,1705.0,0,0,,0,0,0.1,0.2
0.3,2,1706.0,0,0,,0,0,0.1,0.1
0.3,2,1707.0,0,0,,0,0,0.1,0.1
0.3,2,1708.0,0,0,,0,0,0.1,0.1
0.3,2,1709.0,0,0,,0,0,0.1,0.1
0.3,2,1710.0,0,0,,0,0,0.1,0.1
0.3,2,1711.0,0,0,,0,0,0.0,0.1
0.3,2,1712.0,0,0,,0,0,0.0,0.1
0.3,2,1713.0,0,0,,0,0,0.0,0.0
0.3,2,1714.0,0,0,0.0,1,1,0.1,0.1
0.3,2,1715.0,0,1,,1,0,0.2,0.1
0.3,2,1716.0,0,0,0.0,0,1,0.2,0.2
0.3,2,1717.0,0,0,,0,0,0.2,0.2
0.3,2,1718.0,0,0,,0,0,0.2,0.2
0.3,2,1719.0,0,1,,1,0,0.3,0.2
0.3,2,1720.0,0,1,0.0,1,1,0.4,0.3
0.3,2,1721.0,1,2,,1,0,0.5,0.3
0.3,2,1722.0,1,2,0.34101609704998737,1,1,0.6,0.4
0.3,2,1723.0,0,0,0.5650351072106332,0,2,0.6,0.6
0.3,2,1724.0,0,0,,0,0,0.5,0.5
0.3,2,1725.0,0,0,,0,0,0.4,0.5
0.3,2,1726.0,0,1,,1,0,0.5,0.4
0.3,2,1727.0,0,0,0.0,0,1,0.5,0.5
0.3,2,1728.0,0,0,0.0,1,1,0.6,0.6
0.3,2,1729.0,0,0,,0,0,0.5,0.6
0.3,2,1730.0,0,1,,1,0,0.5,0.5
0.3,2,1731.0,0,1,,0,0,0.4,0.5
0.3,2,1732.0,0,0,0.0,0,1,0.3,0.5
0.3,2,1733.0,0,0,,0,0,0.3,0.3
0.3,2,1734.0,0,0,,0,0,0.3,0.3
0.3,2,1735.0,0,0,,0,0,0.3,0.3
0.3,2,1736.0,0,0,,0,0,0.2,0.3
0.3,2,1737.0,0,0,,0,0,0.2,0.2
0.3,2,1738.0,0,0,,0,0,0.1,0.1
0.3,2,1739.0,0,0,,0,0,0.1,0.1
0.3,2,1740.0,0,1,,1,0,0.1,0.1
0.3,2,1741.0,0,0,0.0,0,1,0.1,0.2
0.3,2,1742.0,0,0,,0,0,0.1,0.1
0.3,2,1743.0,0,0,,0,0,0.1,0.1
0.3,2,1744.0,0,0,,0,0,0.1,0.1
0.3,2,1745.0,0,0,,0,0,0.1,0.1
0.3,2,1746.0,0,0,,0,0,0.1,0.1
0.3,2,1747.0,0,1,,1,0,0.2,0.1
0.3,2,1748.0,1,2,,1,0,0.3,0.1
0.3,2,1749.0,0,1,0.0,0,1,0.3,0.2
0.3,2,1750.0,1,2,,1,0,0.3,0.2
0.3,2,1751.0,0,1,0.8900345125694002,0,1,0.3,0.2
0.3,2,1752.0,0,0,0.7891828984083986,0,1,0.3,0.3
0.3,2,1753.0,0,0,,0,0,0.3,0.3
0.3,2,1754.0,0,0,,0,0,0.3,0.3
0.3,2,1755.0,0,0,,0,0,0.3,0.3
0.3,2,1756.0,0,0,,0,0,0.3,0.3
0.3,2,1757.0,0,1,,1,0,0.3,0.3
0.3,2,1758.0,0,1,0.0,1,1,0.3,0.4
0.3,2,1759.0,0,1,,0,0,0.3,0.3
0.3,2,1760.0,0,0,0.0,0,1,0.2,0.4
0.3,2,1761.0,0,0,,0,0,0.2,0.3
0.3,2,1762.0,0,0,,0,0,0.2,0.2
0.3,2,1763.0,1,2,,2,0,0.4,0.2
0.3,2,1764.0,0,0,0.050098537726171344,0,2,0.4,0.4
0.3,2,1765.0,0,1,,1,0,0.5,0.4
0.3,2,1766.0,0,1,,0,0,0.5,0.4
0.3,2,1767.0,0,0,0.0,0,1,0.4,0.5
0.3,2,1768.0,0,1,,1,0,0.4,0.4
0.3,2,1769.0,1,2,,1,0,0.5,0.4
0.3,2,1770.0,0,1,0.0,0,1,0.5,0.4
0.3,2,1771.0,0,0,1.0703811828586822,0,1,0.5,0.5
0.3,2,1772.0,0,1,,1,0,0.6,0.5
0.3,2,1773.0,0,1,,0,0,0.4,0.5
0.3,2,1774.0,0,1,,0,0,0.4,0.3
0.3,2,1775.0,0,1,,0,0,0.3,0.3
0.3,2,1776.0,0,1,0.0,1,1,0.4,0.4
0.3,2,1777.0,1,2,,1,0,0.5,0.3
0.3,2,1778.0,0,0,0.5931994430319492,0,2,0.4,0.5
0.3,2,1779.0,0,0,,0,0,0.3,0.5
0.3,2,1780.0,0,0,,0,0,0.3,0.4
0.3,2,1781.0,0,0,,0,0,0.3,0.3
0.3,2,1782.0,0,0,,0,0,0.2,0.3
0.3,2,1783.0,1,2,,2,0,0.4,0.3
0.3,2,1784.0,3,4,,2,0,0.6,0.3
0.3,2,1785.0,2,3,0.0,0,1,0.6,0.4
0.3,2,1786.0,2,3,,0,0,0.5,0.3
0.3,2,1787.0,2,3,,0,0,0.4,0.3
0.3,2,1788.0,2,3,1.9207291704933596,1,1,0.5,0.2
0.3,2,1789.0,1,2,4.35368552951968,0,1,0.5,0.3
0.3,2,1790.0,0,1,2.3722208078952463,2,3,0.7,0.6
0.3,2,1791.0,0,1,,0,0,0.7,0.6
0.3,2,1792.0,1,2,,1,0,0.8,0.6
0.3,2,1793.0,0,1,0.5486763708483977,1,2,0.7,0.8
0.3,2,1794.0,1,2,,1,0,0.6,0.8
0.3,2,1795.0,0,0,0.28403417132744835,0,2,0.6,0.9
0.3,2,1796.0,0,0,,0,0,0.6,0.9
0.3,2,1797.0,0,0,,0,0,0.6,0.9
0.3,2,1798.0,0,1,,1,0,0.6,0.8
0.3,2,1799.0,1,2,,1,0,0.7,0.7
0.3,2,1800.0,0,0,0.45580867766580013,0,2,0.5,0.6
0.3,2,1801.0,0,0,,0,0,0.5,0.6
0.3,2,1802.0,0,0,,0,0,0.4,0.6
0.3,2,1803.0,0,0,,0,0,0.3,0.4
0.3,2,1804.0,0,0,,0,0,0.2,0.4
0.3,2,1805.0,0,0,,0,0,0.2,0.2
0.3,2,1806.0,0,0,,0,0,0.2,0.2
0.3,2,1807.0,0,0,,0,0,0.2,0.2
0.3,2,1808.0,0,0,,0,0,0.1,0.2
0.3,2,1809.0,0,0,0.0,1,1,0.1,0.3
0.3,2,1810.0,0,0,0.0,1,1,0.2,0.2
0.3,2,1811.0,0,0,0.0,1,1,0.3,0.3
0.3,2,1812.0,0,0,,0,0,0.3,0.3
0.3,2,1813.0,0,0,,0,0,0.3,0.3
0.3,2,1814.0,0,0,,0,0,0.3,0.3
0.3,2,1815.0,0,0,,0,0,0.3,0.3
0.3,2,1816.0,0,0,,0,0,0.3,0.3
0.3,2,1817.0,0,1,,1,0,0.4,0.3
0.3,2,1818.0,0,1,,0,0,0.4,0.3
0.3,2,1819.0,0,1,,0,0,0.3,0.2
0.3,2,1820.0,0,1,0.0,1,1,0.3,0.2
0.3,2,1821.0,0,0,0.0,0,1,0.2,0.2
0.3,2,1822.0,0,0,,0,0,0.2,0.2
0.3,2,1823.0,0,0,,0,0,0.2,0.2
0.3,2,1824.0,0,0,0.0,1,1,0.3,0.3
0.3,2,1825.0,0,0,,0,0,0.3,0.3
0.3,2,1826.0,0,1,,1,0,0.4,0.3
0.3,2,1827.0,0,0,0.3375318351990397,2,3,0.5,0.6
0.3,2,1828.0,0,0,,0,0,0.5,0.6
0.3,2,1829.0,0,0,,0,0,0.5,0.6
0.3,2,1830.0,0,0,0.0,1,1,0.5,0.6
0.3,2,1831.0,0,0,0.0,1,1,0.6,0.6
0.3,2,1832.0,0,0,,0,0,0.6,0.6
0.3,2,1833.0,0,0,,0,0,0.6,0.6
0.3,2,1834.0,0,0,,0,0,0.5,0.5
0.3,2,1835.0,0,0,,0,0,0.5,0.5
0.3,2,1836.0,0,0,,0,0,0.4,0.5
0.3,2,1837.0,0,0,,0,0,0.2,0.2
0.3,2,1838.0,0,0,,0,0,0.2,0.2
0.3,2,1839.0,0,0,,0,0,0.2,0.2
0.3,2,1840.0,0,1,,1,0,0.2,0.1
0.3,2,1841.0,1,2,,1,0,0.2,0.0
0.3,2,1842.0,0,1,0.5761931207822499,1,2,0.3,0.2
0.3,2,1843.0,0,1,,0,0,0.3,0.2
0.3,2,1844.0,1,2,,1,0,0.4,0.2
0.3,2,1845.0,1,2,,0,0,0.4,0.2
0.3,2,1846.0,1,2,0.0,1,1,0.5,0.3
0.3,2,1847.0,0,1,2.179461820114966,0,1,0.5,0.4
0.3,2,1848.0,0,0,1.8126556603372137,0,1,0.5,0.5
0.3,2,1849.0,0,0,,0,0,0.5,0.5
0.3,2,1850.0,0,0,0.0,1,1,0.5,0.6
0.3,2,1851.0,0,1,,1,0,0.5,0.6
0.3,2,1852.0,0,1,,0,0,0.4,0.4
0.3,2,1853.0,0,0,0.0,0,1,0.4,0.5
0.3,2,1854.0,0,0,,0,0,0.3,0.5
0.3,2,1855.0,0,0,,0,0,0.3,0.5
0.3,2,1856.0,0,0,,0,0,0.2,0.4
0.3,2,1857.0,0,1,0.0,2,1,0.4,0.4
0.3,2,1858.0,1,2,,1,0,0.5,0.3
0.3,2,1859.0,2,3,0.0,2,1,0.7,0.4
0.3,2,1860.0,1,2,0.44600033863252975,0,1,0.6,0.4
0.3,2,1861.0,0,0,1.1518792865833802,0,2,0.5,0.6
0.3,2,1862.0,0,0,,0,0,0.5,0.6
0.3,2,1863.0,0,0,,0,0,0.5,0.5
0.3,2,1864.0,0,1,,1,0,0.6,0.5
0.3,2,1865.0,0,0,0.0,0,1,0.6,0.6
0.3,2,1866.0,0,0,,0,0,0.6,0.6
0.3,2,1867.0,0,0,,0,0,0.4,0.5
0.3,2,1868.0,0,0,,0,0,0.3,0.5
0.3,2,1869.0,0,0,,0,0,0.1,0.4
0.3,2,1870.0,0,1,,1,0,0.2,0.3
0.3,2,1871.0,0,0,0.0,0,1,0.2,0.2
0.3,2,1872.0,0,0,,0,0,0.2,0.2
0.3,2,1873.0,0,0,,0,0,0.2,0.2
0.3,2,1874.0,0,0,,0,0,0.1,0.2
0.3,2,1875.0,0,1,,1,0,0.2,0.1
0.3,2,1876.0,0,0,0.0,0,1,0.2,0.2
0.3,2,1877.0,0,0,,0,0,0.2,0.2
0.3,2,1878.0,0,0,,0,0,0.2,0.2
0.3,2,1879.0,0,0,,0,0,0.2,0.2
0.3,2,1880.0,0,0,0.0,1,1,0.2,0.3
0.3,2,1881.0,0,1,,1,0,0.3,0.2
0.3,2,1882.0,0,0,0.0,1,2,0.4,0.4
0.3,2,1883.0,0,0,,0,0,0.4,0.4
0.3,2,1884.0,0,0,,0,0,0.4,0.4
0.3,2,1885.0,0,0,,0,0,0.3,0.4
0.3,2,1886.0,0,0,,0,0,0.3,0.3
0.3,2,1887.0,0,1,,1,0,0.4,0.3
0.3,2,1888.0,0,1,,0,0,0.4,0.3
0.3,2,1889.0,0,1,0.0,1,1,0.5,0.4
0.3,2,1890.0,0,1,,0,0,0.4,0.3
0.3,2,1891.0,0,1,,0,0,0.3,0.3
0.3,2,1892.0,0,0,0.0,0,1,0.2,0.2
0.3,2,1893.0,0,0,,0,0,0.2,0.2
0.3,2,1894.0,0,0,,0,0,0.2,0.2
0.3,2,1895.0,0,0,,0,0,0.2,0.2
0.3,2,1896.0,0,0,,0,0,0.2,0.2
0.3,2,1897.0,0,0,,0,0,0.1,0.2
0.3,2,1898.0,0,0,,0,0,0.1,0.2
0.3,2,1899.0,0,0,,0,0,0.0,0.1
0.3,2,1900.0,0,0,,0,0,0.0,0.1
0.3,2,1901.0,0,0,,0,0,0.0,0.1
0.3,2,1902.0,0,1,,1,0,0.1,0.0
0.3,2,1903.0,0,0,0.0,0,1,0.1,0.1
0.3,2,1904.0,0,1,,1,0,0.2,0.1
0.3,2,1905.0,0,0,0.0,0,1,0.2,0.2
0.3,2,1906.0,0,0,0.0,1,1,0.3,0.3
0.3,2,1907.0,0,0,,0,0,0.3,0.3
0.3,2,1908.0,0,0,,0,0,0.3,0.3
0.3,2,1909.0,2,3,,3,0,0.6,0.3
0.3,2,1910.0,2,3,,0,0,0.6,0.3
0.3,2,1911.0,0,0,0.9528851706753206,0,3,0.6,0.6
0.3,2,1912.0,0,0,,0,0,0.5,0.6
0.3,2,1913.0,0,1,,1,0,0.6,0.5
0.3,2,1914.0,0,1,,0,0,0.5,0.5
0.3,2,1915.0,0,0,0.0,0,1,0.5,0.5
0.3,2,1916.0,0,0,,0,0,0.4,0.4
0.3,2,1917.0,0,0,,0,0,0.4,0.4
0.3,2,1918.0,0,0,0.0,1,1,0.5,0.5
0.3,2,1919.0,0,0,,0,0,0.2,0.5
0.3,2,1920.0,0,0,0.0,1,1,0.3,0.6
0.3,2,1921.0,0,0,,0,0,0.3,0.3
0.3,2,1922.0,0,0,,0,0,0.3,0.3
0.3,2,1923.0,0,0,,0,0,0.2,0.3
0.3,2,1924.0,0,0,0.0,1,1,0.3,0.4
0.3,2,1925.0,0,0,,0,0,0.3,0.3
0.3,2,1926.0,1,2,,2,0,0.5,0.3
0.3,2,1927.0,1,2,0.0,1,1,0.6,0.4
0.3,2,1928.0,2,3,,1,0,0.6,0.3
0.3,2,1929.0,2,3,1.6584054315837875,2,2,0.8,0.5
0.3,2,1930.0,1,2,1.066433159591952,1,2,0.8,0.6
0.3,2,1931.0,1,2,,0,0,0.8,0.6
0.3,2,1932.0,2,3,,1,0,0.9,0.6
0.3,2,1933.0,2,3,,0,0,0.9,0.6
0.3,2,1934.0,2,3,,0,0,0.8,0.5
0.3,2,1935.0,1,2,0.6988280588302587,0,1,0.8,0.6
0.3,2,1936.0,0,1,5.639412622167129,0,1,0.6,0.7
0.3,2,1937.0,0,0,4.474643937777728,0,1,0.5,0.7
0.3,2,1938.0,0,1,0.0,2,1,0.6,0.8
0.3,2,1939.0,0,1,,0,0,0.4,0.6
0.3,2,1940.0,0,0,0.282170832113934,0,1,0.3,0.5
0.3,2,1941.0,0,0,0.0,1,1,0.4,0.6
0.3,2,1942.0,0,0,0.0,1,1,0.4,0.7
0.3,2,1943.0,0,0,,0,0,0.4,0.7
0.3,2,1944.0,0,0,,0,0,0.4,0.7
0.3,2,1945.0,0,0,,0,0,0.4,0.6
0.3,2,1946.0,0,0,0.0,1,1,0.5,0.6
0.3,2,1947.0,0,0,,0,0,0.5,0.5
0.3,2,1948.0,0,0,,0,0,0.3,0.4
0.3,2,1949.0,0,0,,0,0,0.3,0.4
0.3,2,1950.0,0,0,,0,0,0.3,0.3
0.3,2,1951.0,0,0,,0,0,0.2,0.2
0.3,2,1952.0,0,1,,1,0,0.2,0.1
0.3,2,1953.0,0,1,,0,0,0.2,0.1
0.3,2,1954.0,0,0,0.0,0,1,0.2,0.2
0.3,2,1955.0,0,0,,0,0,0.2,0.2
0.3,2,1956.0,0,0,,0,0,0.1,0.1
0.3,2,1957.0,0,0,,0,0,0.1,0.1
0.3,2,1958.0,0,0,0.0,1,1,0.2,0.2
0.3,2,1959.0,0,0,,0,0,0.2,0.2
0.3,2,1960.0,0,0,,0,0,0.2,0.2
0.3,2,1961.0,0,0,,0,0,0.2,0.2
0.3,2,1962.0,0,1,,1,0,0.2,0.2
0.3,2,1963.0,0,0,0.0,0,1,0.2,0.3
0.3,2,1964.0,0,0,,0,0,0.2,0.2
0.3,2,1965.0,0,0,,0,0,0.2,0.2
0.3,2,1966.0,0,0,,0,0,0.2,0.2
0.3,2,1967.0,0,0,,0,0,0.2,0.2
0.3,2,1968.0,0,0,,0,0,0.1,0.1
0.3,2,1969.0,0,0,,0,0,0.1,0.1
0.3,2,1970.0,0,1,0.0,2,1,0.3,0.2
0.3,2,1971.0,0,1,,0,0,0.3,0.2
0.3,2,1972.0,0,1,,0,0,0.2,0.2
0.3,2,1973.0,0,1,0.09991953497592476,1,1,0.3,0.2
0.3,2,1974.0,1,2,,1,0,0.4,0.2
0.3,2,1975.0,0,1,0.0,0,1,0.4,0.3
0.3,2,1976.0,0,1,,0,0,0.4,0.3
0.3,2,1977.0,0,0,1.175913220975417,0,1,0.4,0.4
0.3,2,1978.0,0,0,,0,0,0.4,0.4
0.3,2,1979.0,0,1,,1,0,0.5,0.4
0.3,2,1980.0,1,2,,1,0,0.4,0.3
0.3,2,1981.0,0,0,0.2755428604725694,0,2,0.4,0.5
0.3,2,1982.0,0,0,,0,0,0.4,0.5
0.3,2,1983.0,0,0,,0,0,0.3,0.4
0.3,2,1984.0,0,0,,0,0,0.2,0.4
0.3,2,1985.0,0,0,,0,0,0.2,0.3
0.3,2,1986.0,0,0,,0,0,0.2,0.3
0.3,2,1987.0,0,0,,0,0,0.2,0.2
0.3,2,1988.0,0,0,0.0,1,1,0.3,0.3
0.3,2,1989.0,0,0,,0,0,0.2,0.3
0.3,2,1990.0,0,0,,0,0,0.1,0.3
0.3,2,1991.0,0,0,,0,0,0.1,0.1
0.3,2,1992.0,0,0,,0,0,0.1,0.1
0.3,2,1993.0,0,0,,0,0,0.1,0.1
0.3,2,1994.0,0,0,,0,0,0.1,0.1
0.3,2,1995.0,0,0,,0,0,0.1,0.1
0.3,2,1996.0,0,1,0.0,2,1,0.3,0.2
0.3,2,1997.0,0,0,0.0,0,1,0.3,0.3
0.3,2,1998.0,0,1,,1,0,0.3,0.2
0.3,2,1999.0,1,2,,1,0,0.4,0.2
0.3,2,2000.0,0,0,0.5095696506793956,0,2,0.4,0.4
0.3,2,2001.0,0,0,,0,0,0.4,0.4
0.3,2,2002.0,0,0,,0,0,0.4,0.4
0.3,2,2003.0,0,0,,0,0,0.4,0.4
0.3,2,2004.0,0,0,,0,0,0.4,0.4
0.3,2,2005.0,0,0,,0,0,0.4,0.4
0.3,2,2006.0,0,0,,0,0,0.2,0.3
0.3,2,2007.0,0,0,,0,0,0.2,0.2
0.3,2,2008.0,0,0,,0,0,0.1,0.2
0.3,2,2009.0,0,0,,0,0,0.0,0.2
0.3,2,2010.0,0,0,,0,0,0.0,0.0
0.3,2,2011.0,0,0,0.0,1,1,0.1,0.1
0.3,2,2012.0,0,0,,0,0,0.1,0.1
0.3,2,2013.0,0,0,,0,0,0.1,0.1
0.3,2,2014.0,0,1,,1,0,0.2,0.1
0.3,2,2015.0,0,0,0.0,0,1,0.2,0.2
0.3,2,2016.0,0,0,,0,0,0.2,0.2
0.3,2,2017.0,0,0,,0,0,0.2,0.2
0.3,2,2018.0,0,0,0.0,1,1,0.3,0.3
0.3,2,2019.0,0,0,,0,0,0.3,0.3
0.3,2,2020.0,0,0,,0,0,0.3,0.3
0.3,2,2021.0,0,0,,0,0,0.2,0.2
0.3,2,2022.0,0,0,,0,0,0.2,0.2
0.3,2,2023.0,0,0,,0,0,0.2,0.2
0.3,2,2024.0,0,0,,0,0,0.1,0.2
0.3,2,2025.0,0,0,,0,0,0.1,0.1
0.3,2,2026.0,0,1,,1,0,0.2,0.1
0.3,2,2027.0,0,0,0.0,0,1,0.2,0.2
0.3,2,2028.0,0,0,,0,0,0.1,0.1
0.3,2,2029.0,0,0,,0,0,0.1,0.1
0.3,2,2030.0,0,0,,0,0,0.1,0.1
0.3,2,2031.0,1,2,,2,0,0.3,0.1
0.3,2,2032.0,1,2,,0,0,0.3,0.1
0.3,2,2033.0,0,0,0.595252521933844,0,2,0.3,0.3
0.3,2,2034.0,0,0,,0,0,0.3,0.3
0.3,2,2035.0,0,0,,0,0,0.3,0.3
0.3,2,2036.0,0,1,,1,0,0.3,0.3
0.3,2,2037.0,0,1,0.0,1,1,0.4,0.3
0.3,2,2038.0,0,1,0.13358553484340518,1,1,0.5,0.4
0.3,2,2039.0,0,0,0.0,0,1,0.5,0.5
0.3,2,2040.0,0,0,,0,0,0.5,0.5
0.3,2,2041.0,0,0,,0,0,0.3,0.5
0.3,2,2042.0,0,0,0.0,1,1,0.4,0.6
0.3,2,2043.0,0,0,,0,0,0.4,0.4
0.3,2,2044.0,0,0,,0,0,0.4,0.4
0.3,2,2045.0,0,0,,0,0,0.4,0.4
0.3,2,2046.0,0,0,,0,0,0.3,0.4
0.3,2,2047.0,0,0,0.0,1,1,0.3,0.4
0.3,2,2048.0,0,0,0.0,1,1,0.3,0.4
0.3,2,2049.0,0,0,,0,0,0.3,0.3
0.3,2,2050.0,0,0,,0,0,0.3,0.3
0.3,2,2051.0,0,0,,0,0,0.3,0.3
0.3,2,2052.0,0,1,,1,0,0.3,0.2
0.3,2,2053.0,0,0,0.0,0,1,0.3,0.3
0.3,2,2054.0,0,0,,0,0,0.3,0.3
0.3,2,2055.0,0,0,0.0,1,1,0.4,0.4
0.3,2,2056.0,0,0,,0,0,0.4,0.4
0.3,2,2057.0,0,1,,1,0,0.4,0.3
0.3,2,2058.0,0,1,0.0,1,1,0.4,0.3
0.3,2,2059.0,0,0,0.008227231832734105,0,1,0.4,0.4
0.3,2,2060.0,0,0,,0,0,0.4,0.4
0.3,2,2061.0,0,0,,0,0,0.4,0.4
0.3,2,2062.0,0,1,,1,0,0.4,0.4
0.3,2,2063.0,0,0,0.0,0,1,0.4,0.4
0.3,2,2064.0,0,1,,1,0,0.5,0.4
0.3,2,2065.0,1,2,,1,0,0.5,0.3
0.3,2,2066.0,0,1,0.0,0,1,0.5,0.4
0.3,2,2067.0,0,0,1.4788405599256293,0,1,0.4,0.5
0.3,2,2068.0,0,1,,1,0,0.4,0.4
0.3,2,2069.0,0,0,0.0,0,1,0.4,0.4
0.3,2,2070.0,0,1,0.0,2,1,0.6,0.5
0.3,2,2071.0,0,0,0.004962293721746391,0,1,0.6,0.6
0.3,2,2072.0,0,0,,0,0,0.5,0.6
0.3,2,2073.0,0,0,,0,0,0.5,0.5
0.3,2,2074.0,0,0,,0,0,0.4,0.5
0.3,2,2075.0,0,0,,0,0,0.3,0.5
0.3,2,2076.0,0,0,,0,0,0.3,0.4
0.3,2,2077.0,0,0,,0,0,0.3,0.3
0.3,2,2078.0,0,0,,0,0,0.2,0.3
0.3,2,2079.0,0,0,,0,0,0.2,0.2
0.3,2,2080.0,0,0,,0,0,0.0,0.1
0.3,2,2081.0,0,0,,0,0,0.0,0.0
0.3,2,2082.0,0,0,,0,0,0.0,0.0
0.3,2,2083.0,0,0,,0,0,0.0,0.0
0.3,2,2084.0,0,0,0.0,1,1,0.1,0.1
0.3,2,2085.0,0,0,,0,0,0.1,0.1
0.3,2,2086.0,0,0,,0,0,0.1,0.1
0.3,2,2087.0,0,1,,1,0,0.2,0.1
0.3,2,2088.0,0,0,0.0,0,1,0.2,0.2
0.3,2,2089.0,0,0,,0,0,0.2,0.2
0.3,2,2090.0,0,0,,0,0,0.2,0.2
0.3,2,2091.0,0,0,,0,0,0.2,0.2
0.3,2,2092.0,0,1,,1,0,0.3,0.2
0.3,2,2093.0,0,0,0.0,1,2,0.4,0.4
0.3,2,2094.0,0,0,,0,0,0.3,0.3
0.3,2,2095.0,0,0,,0,0,0.3,0.3
0.3,2,2096.0,0,0,,0,0,0.3,0.3
0.3,2,2097.0,0,0,,0,0,0.2,0.3
0.3,2,2098.0,0,0,0.0,1,1,0.3,0.3
0.3,2,2099.0,0,0,,0,0,0.3,0.3
0.3,2,2100.0,0,1,,1,0,0.4,0.3
0.3,2,2101.0,0,1,,0,0,0.4,0.3
0.3,2,2102.0,0,0,0.0,0,1,0.3,0.4
0.3,2,2103.0,0,1,0.0,2,1,0.4,0.3
0.3,2,2104.0,0,0,0.0,0,1,0.4,0.4
0.3,2,2105.0,0,0,,0,0,0.4,0.4
0.3,2,2106.0,0,0,,0,0,0.4,0.4
0.3,2,2107.0,0,0,,0,0,0.4,0.4
0.3,2,2108.0,0,0,0.0,1,1,0.4,0.4
0.3,2,2109.0,0,0,,0,0,0.4,0.4
0.3,2,2110.0,0,1,,1,0,0.4,0.4
0.3,2,2111.0,0,1,,0,0,0.4,0.4
0.3,2,2112.0,0,0,0.0,0,1,0.4,0.4
0.3,2,2113.0,0,1,,1,0,0.3,0.3
0.3,2,2114.0,0,1,,0,0,0.3,0.2
0.3,2,2115.0,0,1,,0,0,0.3,0.2
0.3,2,2116.0,0,0,0.0,0,1,0.3,0.3
0.3,2,2117.0,0,0,,0,0,0.3,0.3
0.3,2,2118.0,0,0,,0,0,0.2,0.2
0.3,2,2119.0,0,0,,0,0,0.2,0.2
0.3,2,2120.0,0,0,,0,0,0.1,0.2
0.3,2,2121.0,0,0,,0,0,0.1,0.2
0.3,2,2122.0,0,0,,0,0,0.1,0.1
0.3,2,2123.0,0,0,,0,0,0.0,0.1
0.3,2,2124.0,0,0,,0,0,0.0,0.1
0.3,2,2125.0,0,0,,0,0,0.0,0.1
0.3,2,2126.0,0,0,,0,0,0.0,0.0
0.3,2,2127.0,0,0,,0,0,0.0,0.0
0.3,2,2128.0,0,0,,0,0,0.0,0.0
0.3,2,2129.0,0,0,,0,0,0.0,0.0
0.3,2,2130.0,0,0,,0,0,0.0,0.0
0.3,2,2131.0,0,0,,0,0,0.0,0.0
0.3,2,2132.0,1,2,,2,0,0.2,0.0
0.3,2,2133.0,0,0,0.24089350954682232,0,2,0.2,0.2
0.3,2,2134.0,0,0,,0,0,0.2,0.2
0.3,2,2135.0,0,0,,0,0,0.2,0.2
0.3,2,2136.0,0,0,0.0,1,1,0.3,0.3
0.3,2,2137.0,0,0,,0,0,0.3,0.3
0.3,2,2138.0,0,1,,1,0,0.4,0.3
0.3,2,2139.0,0,0,0.0,0,1,0.4,0.4
0.3,2,2140.0,0,0,,0,0,0.4,0.4
0.3,2,2141.0,0,0,,0,0,0.4,0.4
0.3,2,2142.0,0,0,,0,0,0.2,0.4
0.3,2,2143.0,0,1,,1,0,0.3,0.2
0.3,2,2144.0,0,0,0.0,0,1,0.3,0.3
0.3,2,2145.0,0,1,,1,0,0.4,0.3
0.3,2,2146.0,0,0,0.0,0,1,0.3,0.3
0.3,2,2147.0,0,0,0.0,1,1,0.4,0.4
0.3,2,2148.0,0,0,,0,0,0.3,0.4
0.3,2,2149.0,0,1,,1,0,0.4,0.3
0.3,2,2150.0,0,0,0.0,0,1,0.4,0.4
0.3,2,2151.0,0,0,,0,0,0.4,0.4
0.3,2,2152.0,0,0,,0,0,0.4,0.4
0.3,2,2153.0,0,0,,0,0,0.3,0.4
0.3,2,2154.0,0,0,0.0,1,1,0.4,0.4
0.3,2,2155.0,0,0,0.0,1,1,0.4,0.5
0.3,2,2156.0,0,0,,0,0,0.4,0.4
0.3,2,2157.0,0,1,,1,0,0.4,0.3
0.3,2,2158.0,0,1,0.0,1,1,0.5,0.4
0.3,2,2159.0,0,0,0.0,0,1,0.4,0.5
0.3,2,2160.0,0,0,,0,0,0.4,0.4
0.3,2,2161.0,0,0,,0,0,0.4,0.4
0.3,2,2162.0,0,0,,0,0,0.4,0.4
0.3,2,2163.0,0,0,,0,0,0.4,0.4
0.3,2,2164.0,0,0,,0,0,0.3,0.3
0.3,2,2165.0,0,0,,0,0,0.2,0.2
0.3,2,2166.0,0,1,,1,0,0.3,0.2
0.3,2,2167.0,0,0,0.0,0,1,0.2,0.3
0.3,2,2168.0,0,0,,0,0,0.1,0.2
0.3,2,2169.0,0,0,,0,0,0.1,0.1
0.3,2,2170.0,0,0,,0,0,0.1,0.1
0.3,2,2171.0,0,0,,0,0,0.1,0.1
0.3,2,2172.0,0,0,,0,0,0.1,0.1
0.3,2,2173.0,0,0,,0,0,0.1,0.1
0.3,2,2174.0,0,0,,0,0,0.1,0.1
0.3,2,2175.0,0,0,,0,0,0.1,0.1
0.3,2,2176.0,0,0,,0,0,0.0,0.1
0.3,2,2177.0,0,0,,0,0,0.0,0.0
0.3,2,2178.0,0,1,,1,0,0.1,0.0
0.3,2,2179.0,0,0,0.0,0,1,0.1,0.1
0.3,2,2180.0,0,0,,0,0,0.1,0.1
0.3,2,2181.0,0,0,,0,0,0.1,0.1
0.3,2,2182.0,0,1,,1,0,0.2,0.1
0.3,2,2183.0,0,0,0.0,0,1,0.2,0.2
0.3,2,2184.0,0,0,,0,0,0.2,0.2
0.3,2,2185.0,0,1,,1,0,0.3,0.2
0.3,2,2186.0,0,0,0.0,1,2,0.4,0.4
0.3,2,2187.0,0,0,,0,0,0.4,0.4
0.3,2,2188.0,0,0,,0,0,0.3,0.4
0.3,2,2189.0,0,0,,0,0,0.3,0.3
0.3,2,2190.0,0,0,,0,0,0.3,0.3
0.3,2,2191.0,0,0,,0,0,0.3,0.3
0.3,2,2192.0,0,0,,0,0,0.2,0.3
0.3,2,2193.0,0,0,,0,0,0.2,0.2
0.3,2,2194.0,0,0,,0,0,0.2,0.2
0.3,2,2195.0,0,0,,0,0,0.1,0.2
0.3,2,2196.0,0,0,,0,0,0.0,0.0
0.3,2,2197.0,0,0,0.0,1,1,0.1,0.1
0.3,2,2198.0,0,0,0.0,1,1,0.2,0.2
0.3,2,2199.0,0,0,,0,0,0.2,0.2
0.3,2,2200.0,0,0,,0,0,0.2,0.2
0.3,2,2201.0,0,0,,0,0,0.2,0.2
0.3,2,2202.0,0,0,,0,0,0.2,0.2
0.3,2,2203.0,0,1,,1,0,0.3,0.2
0.3,2,2204.0,0,1,0.0,1,1,0.4,0.3
0.3,2,2205.0,0,0,0.6309124046897523,0,1,0.4,0.4
0.3,2,2206.0,0,1,,1,0,0.5,0.4
0.3,2,2207.0,0,0,0.0,0,1,0.4,0.4
0.3,2,2208.0,0,0,,0,0,0.3,0.3
0.3,2,2209.0,0,0,,0,0,0.3,0.3
0.3,2,2210.0,0,0,,0,0,0.3,0.3
0.3,2,2211.0,0,0,,0,0,0.3,0.3
0.3,2,2212.0,0,1,,1,0,0.4,0.3
0.3,2,2213.0,0,1,0.0,1,1,0.4,0.4
0.3,2,2214.0,0,0,0.0,0,1,0.3,0.4
0.3,2,2215.0,0,0,,0,0,0.3,0.3
0.3,2,2216.0,0,0,0.0,1,1,0.3,0.4
0.3,2,2217.0,0,0,,0,0,0.3,0.3
0.3,2,2218.0,0,0,,0,0,0.3,0.3
0.3,2,2219.0,0,0,,0,0,0.3,0.3
0.3,2,2220.0,1,2,,2,0,0.5,0.3
0.3,2,2221.0,0,0,0.138255928202625,0,2,0.5,0.5
0.3,2,2222.0,0,0,0.0,1,1,0.5,0.6
0.3,2,2223.0,0,0,,0,0,0.4,0.5
0.3,2,2224.0,0,0,,0,0,0.4,0.4
0.3,2,2225.0,0,0,,0,0,0.4,0.4
0.3,2,2226.0,0,0,,0,0,0.3,0.3
0.3,2,2227.0,0,0,,0,0,0.3,0.3
0.3,2,2228.0,0,0,,0,0,0.3,0.3
0.3,2,2229.0,0,1,,1,0,0.4,0.3
0.3,2,2230.0,0,0,0.0,0,1,0.2,0.4
0.3,2,2231.0,0,1,,1,0,0.3,0.2
0.3,2,2232.0,0,0,0.0,0,1,0.2,0.2
0.3,2,2233.0,0,0,,0,0,0.2,0.2
0.3,2,2234.0,0,0,,0,0,0.2,0.2
0.3,2,2235.0,0,0,,0,0,0.2,0.2
0.3,2,2236.0,0,0,,0,0,0.2,0.2
0.3,2,2237.0,0,0,,0,0,0.2,0.2
0.3,2,2238.0,0,0,,0,0,0.2,0.2
0.3,2,2239.0,0,0,,0,0,0.1,0.2
0.3,2,2240.0,0,0,,0,0,0.1,0.1
0.3,2,2241.0,0,0,,0,0,0.0,0.1
0.3,2,2242.0,0,0,,0,0,0.0,0.0
0.3,2,2243.0,0,0,,0,0,0.0,0.0
0.3,2,2244.0,0,0,0.0,2,2,0.2,0.2
0.3,2,2245.0,0,0,,0,0,0.2,0.2
0.3,2,2246.0,0,0,,0,0,0.2,0.2
0.3,2,2247.0,0,1,,1,0,0.3,0.2
0.3,2,2248.0,0,1,,0,0,0.3,0.2
0.3,2,2249.0,0,1,,0,0,0.3,0.2
0.3,2,2250.0,0,0,0.0,0,1,0.3,0.3
0.3,2,2251.0,0,0,0.0,1,1,0.4,0.4
0.3,2,2252.0,0,0,,0,0,0.4,0.4
0.3,2,2253.0,0,0,,0,0,0.4,0.4
0.3,2,2254.0,1,2,,2,0,0.4,0.2
0.3,2,2255.0,0,0,0.3963416058331859,0,2,0.4,0.4
0.3,2,2256.0,0,0,,0,0,0.4,0.4
0.3,2,2257.0,0,0,,0,0,0.3,0.4
0.3,2,2258.0,0,0,,0,0,0.3,0.4
0.3,2,2259.0,0,0,,0,0,0.3,0.4
0.3,2,2260.0,0,0,,0,0,0.3,0.3
0.3,2,2261.0,0,0,,0,0,0.2,0.2
0.3,2,2262.0,0,0,,0,0,0.2,0.2
0.3,2,2263.0,0,0,,0,0,0.2,0.2
0.3,2,2264.0,0,1,,1,0,0.1,0.2
0.3,2,2265.0,0,0,0.0,1,2,0.2,0.2
0.3,2,2266.0,0,0,,0,0,0.2,0.2
0.3,2,2267.0,0,0,,0,0,0.2,0.2
0.3,2,2268.0,0,0,,0,0,0.2,0.2
0.3,2,2269.0,0,0,,0,0,0.2,0.2
0.3,2,2270.0,0,0,,0,0,0.2,0.2
0.3,2,2271.0,0,1,,1,0,0.3,0.2
0.3,2,2272.0,0,1,,0,0,0.3,0.2
0.3,2,2273.0,0,1,0.0,1,1,0.4,0.3
0.3,2,2274.0,0,1,,0,0,0.3,0.3
0.3,2,2275.0,0,1,0.0,1,1,0.3,0.2
0.3,2,2276.0,0,0,0.2178906601006929,0,1,0.3,0.3
0.3,2,2277.0,0,1,,1,0,0.4,0.3
0.3,2,2278.0,0,0,0.0,0,1,0.4,0.4
0.3,2,2279.0,0,0,,0,0,0.4,0.4
0.3,2,2280.0,0,0,,0,0,0.4,0.4
0.3,2,2281.0,0,0,,0,0,0.3,0.4
0.3,2,2282.0,0,0,,0,0,0.3,0.4
0.3,2,2283.0,0,1,,1,0,0.3,0.3
0.3,2,2284.0,0,1,,0,0,0.3,0.3
0.3,2,2285.0,0,0,0.0,1,2,0.3,0.4
0.3,2,2286.0,0,0,,0,0,0.3,0.3
0.3,2,2287.0,0,0,,0,0,0.2,0.3
0.3,2,2288.0,0,0,,0,0,0.2,0.2
0.3,2,2289.0,0,0,,0,0,0.2,0.2
0.3,2,2290.0,0,0,,0,0,0.2,0.2
0.3,2,2291.0,0,0,,0,0,0.2,0.2
0.3,2,2292.0,0,0,,0,0,0.2,0.2
0.3,2,2293.0,0,0,,0,0,0.1,0.2
0.3,2,2294.0,0,0,,0,0,0.1,0.2
0.3,2,2295.0,0,0,,0,0,0.0,0.0
0.3,2,2296.0,0,0,,0,0,0.0,0.0
0.3,2,2297.0,0,0,,0,0,0.0,0.0
0.3,2,2298.0,0,0,,0,0,0.0,0.0
0.3,2,2299.0,0,0,,0,0,0.0,0.0
0.3,2,2300.0,0,0,,0,0,0.0,0.0
0.3,2,2301.0,0,1,,1,0,0.1,0.0
0.3,2,2302.0,0,0,0.0,0,1,0.1,0.1
0.3,2,2303.0,0,0,,0,0,0.1,0.1
0.3,2,2304.0,0,0,,0,0,0.1,0.1
0.3,2,2305.0,0,0,,0,0,0.1,0.1
0.3,2,2306.0,0,0,,0,0,0.1,0.1
0.3,2,2307.0,0,0,,0,0,0.1,0.1
0.3,2,2308.0,0,0,,0,0,0.1,0.1
0.3,2,2309.0,0,1,,1,0,0.2,0.1
0.3,2,2310.0,0,1,,0,0,0.2,0.1
0.3,2,2311.0,0,1,,0,0,0.1,0.1
0.3,2,2312.0,0,1,,0,0,0.1,0.0
0.3,2,2313.0,0,1,,0,0,0.1,0.0
0.3,2,2314.0,0,1,,0,0,0.1,0.0
0.3,2,2315.0,1,2,,1,0,0.2,0.0
0.3,2,2316.0,0,0,0.21894838651155624,0,2,0.2,0.2
0.3,2,2317.0,0,0,0.0,1,1,0.3,0.3
0.3,2,2318.0,0,0,,0,0,0.3,0.3
0.3,2,2319.0,0,1,,1,0,0.3,0.3
0.3,2,2320.0,1,2,,1,0,0.4,0.3
0.3,2,2321.0,0,1,0.0,0,1,0.4,0.4
0.3,2,2322.0,0,0,0.9589879349005059,0,1,0.4,0.5
0.3,2,2323.0,0,0,,0,0,0.4,0.5
0.3,2,2324.0,0,0,,0,0,0.4,0.5
0.3,2,2325.0,0,0,,0,0,0.3,0.5
0.3,2,2326.0,0,1,,1,0,0.4,0.3
0.3,2,2327.0,0,1,0.0,1,1,0.4,0.3
0.3,2,2328.0,1,2,,1,0,0.5,0.3
0.3,2,2329.0,1,2,,0,0,0.4,0.3
0.3,2,2330.0,0,0,0.7119005568418592,1,3,0.4,0.6
0.3,2,2331.0,0,1,,1,0,0.5,0.5
0.3,2,2332.0,0,0,0.0,0,1,0.5,0.5
0.3,2,2333.0,0,0,,0,0,0.5,0.5
0.3,2,2334.0,0,1,,1,0,0.6,0.5
0.3,2,2335.0,0,0,0.0,0,1,0.6,0.6
0.3,2,2336.0,0,0,,0,0,0.5,0.6
0.3,2,2337.0,0,0,0.0,1,1,0.5,0.6
0.3,2,2338.0,0,0,,0,0,0.4,0.6
0.3,2,2339.0,0,0,,0,0,0.4,0.6
0.3,2,2340.0,0,0,,0,0,0.3,0.3
0.3,2,2341.0,0,1,,1,0,0.3,0.3
0.3,2,2342.0,0,0,0.0,0,1,0.3,0.3
0.3,2,2343.0,0,0,0.0,1,1,0.4,0.4
0.3,2,2344.0,0,0,0.0,1,1,0.4,0.5
0.3,2,2345.0,0,0,,0,0,0.4,0.4
0.3,2,2346.0,0,0,,0,0,0.4,0.4
0.3,2,2347.0,0,0,0.0,1,1,0.4,0.4
0.3,2,2348.0,0,0,,0,0,0.4,0.4
0.3,2,2349.0,0,0,,0,0,0.4,0.4
0.3,2,2350.0,0,0,,0,0,0.4,0.4
0.3,2,2351.0,0,0,,0,0,0.3,0.4
0.3,2,2352.0,2,3,,3,0,0.6,0.3
0.3,2,2353.0,2,3,,0,0,0.5,0.2
0.3,2,2354.0,2,3,,0,0,0.4,0.1
0.3,2,2355.0,2,3,0.0,1,1,0.5,0.2
0.3,2,2356.0,2,3,3.3779318298279577,1,1,0.6,0.3
0.3,2,2357.0,2,3,,0,0,0.5,0.2
0.3,2,2358.0,1,2,3.6274783740918792,1,2,0.6,0.4
0.3,2,2359.0,2,3,2.242962056590841,2,1,0.8,0.5
0.3,2,2360.0,0,1,1.1367181046782662,0,2,0.8,0.7
0.3,2,2361.0,0,0,0.8139494983170152,0,1,0.8,0.8
0.3,2,2362.0,0,0,,0,0,0.5,0.8
0.3,2,2363.0,0,0,,0,0,0.5,0.8
0.3,2,2364.0,0,0,,0,0,0.5,0.8
0.3,2,2365.0,0,1,,1,0,0.5,0.7
0.3,2,2366.0,0,0,0.0,0,1,0.4,0.7
0.3,2,2367.0,0,0,,0,0,0.4,0.7
0.3,2,2368.0,0,0,,0,0,0.3,0.5
0.3,2,2369.0,0,0,0.0,1,1,0.2,0.5
0.3,2,2370.0,0,0,,0,0,0.2,0.3
0.3,2,2371.0,0,0,,0,0,0.2,0.2
0.3,2,2372.0,0,1,,1,0,0.3,0.2
0.3,2,2373.0,0,0,0.0,0,1,0.3,0.3
0.3,2,2374.0,0,0,,0,0,0.3,0.3
0.3,2,2375.0,0,1,,1,0,0.3,0.3
0.3,2,2376.0,0,1,,0,0,0.3,0.2
0.3,2,2377.0,2,3,,2,0,0.5,0.2
0.3,2,2378.0,1,2,0.0,0,1,0.5,0.3
0.3,2,2379.0,0,1,1.367435402872161,0,1,0.4,0.3
0.3,2,2380.0,0,1,,0,0,0.4,0.3
0.3,2,2381.0,0,1,,0,0,0.4,0.3
0.3,2,2382.0,0,1,,0,0,0.3,0.3
0.3,2,2383.0,0,0,0.9798838646845525,1,2,0.4,0.4
0.3,2,2384.0,0,0,,0,0,0.4,0.4
0.3,2,2385.0,0,0,,0,0,0.3,0.4
0.3,2,2386.0,0,1,,1,0,0.4,0.4
0.3,2,2387.0,0,0,0.0,0,1,0.2,0.5
0.3,2,2388.0,0,0,,0,0,0.2,0.4
0.3,2,2389.0,0,0,,0,0,0.2,0.3
0.3,2,2390.0,0,1,,1,0,0.3,0.3
0.3,2,2391.0,0,0,0.0,0,1,0.3,0.4
0.3,2,2392.0,0,0,,0,0,0.3,0.4
0.3,2,2393.0,0,0,,0,0,0.2,0.2
0.3,2,2394.0,0,0,,0,0,0.2,0.2
0.3,2,2395.0,0,0,,0,0,0.2,0.2
0.3,2,2396.0,0,0,,0,0,0.1,0.2
0.3,2,2397.0,0,0,,0,0,0.1,0.1
0.3,2,2398.0,0,0,,0,0,0.1,0.1
0.3,2,2399.0,0,0,,0,0,0.1,0.1
0.3,2,2400.0,0,0,,0,0,0.0,0.1
0.3,2,2401.0,0,1,0.0,2,1,0.2,0.1
0.3,2,2402.0,0,0,0.13469738520234387,0,1,0.2,0.2
0.3,2,2403.0,0,0,,0,0,0.2,0.2
0.3,2,2404.0,0,0,,0,0,0.2,0.2
0.3,2,2405.0,0,0,,0,0,0.2,0.2
0.3,2,2406.0,0,1,,1,0,0.3,0.2
0.3,2,2407.0,0,0,0.0,0,1,0.3,0.3
0.3,2,2408.0,0,1,,1,0,0.4,0.3
0.3,2,2409.0,0,0,0.0,0,1,0.4,0.4
0.3,2,2410.0,0,0,,0,0,0.4,0.4
0.3,2,2411.0,0,1,,1,0,0.3,0.3
0.3,2,2412.0,0,0,0.0,0,1,0.3,0.3
0.3,2,2413.0,0,1,,1,0,0.4,0.3
0.3,2,2414.0,0,1,,0,0,0.4,0.3
0.3,2,2415.0,0,0,0.0,0,1,0.4,0.4
0.3,2,2416.0,0,0,,0,0,0.3,0.4
0.3,2,2417.0,0,1,,1,0,0.4,0.3
0.3,2,2418.0,0,1,,0,0,0.3,0.3
0.3,2,2419.0,0,0,0.0,0,1,0.3,0.3
0.3,2,2420.0,0,0,,0,0,0.3,0.3
0.3,2,2421.0,0,0,,0,0,0.2,0.3
0.3,2,2422.0,0,0,,0,0,0.2,0.2
0.3,2,2423.0,0,1,,1,0,0.2,0.2
0.3,2,2424.0,0,0,0.0,0,1,0.2,0.3
0.3,2,2425.0,0,0,,0,0,0.2,0.2
0.3,2,2426.0,0,0,,0,0,0.2,0.2
0.3,2,2427.0,0,0,,0,0,0.1,0.2
0.3,2,2428.0,0,0,,0,0,0.1,0.2
0.3,2,2429.0,0,0,,0,0,0.1,0.1
0.3,2,2430.0,0,0,,0,0,0.1,0.1
0.3,2,2431.0,0,0,,0,0,0.1,0.1
0.3,2,2432.0,0,1,,1,0,0.2,0.1
0.3,2,2433.0,2,3,,2,0,0.3,0.1
0.3,2,2434.0,3,4,,1,0,0.4,0.0
0.3,2,2435.0,3,4,,0,0,0.4,0.0
0.3,2,2436.0,3,4,,0,0,0.4,0.0
0.3,2,2437.0,3,4,,0,0,0.4,0.0
0.3,2,2438.0,2,3,0.0,0,1,0.4,0.1
0.3,2,2439.0,1,2,4.645285867423809,0,1,0.4,0.2
0.3,2,2440.0,0,1,5.8308221669344675,0,1,0.4,0.3
0.3,2,2441.0,0,1,5.790225637133517,1,1,0.5,0.4
0.3,2,2442.0,0,1,0.0,1,1,0.5,0.5
0.3,2,2443.0,1,2,,1,0,0.4,0.5
0.3,2,2444.0,1,2,,0,0,0.3,0.5
0.3,2,2445.0,2,3,,1,0,0.4,0.5
0.3,2,2446.0,4,5,,2,0,0.6,0.5
0.3,2,2447.0,3,4,0.0,0,1,0.6,0.6
0.3,2,2448.0,3,4,,0,0,0.6,0.5
0.3,2,2449.0,3,4,,0,0,0.6,0.4
0.3,2,2450.0,3,4,,0,0,0.6,0.3
0.3,2,2451.0,1,2,4.98119148396745,0,2,0.5,0.4
0.3,2,2452.0,0,0,5.490972667354981,0,2,0.4,0.5
0.3,2,2453.0,0,0,,0,0,0.3,0.5
0.3,2,2454.0,0,1,,1,0,0.4,0.5
0.3,2,2455.0,1,2,0.0,2,1,0.5,0.6
0.3,2,2456.0,0,1,0.0,0,1,0.3,0.7
0.3,2,2457.0,0,1,0.3879161622812717,1,1,0.4,0.7
0.3,2,2458.0,0,0,0.1296269987406049,0,1,0.4,0.8
0.3,2,2459.0,0,1,0.2192458145677847,3,2,0.7,1.0
0.3,2,2460.0,0,0,0.22079163836770022,0,1,0.7,1.1
0.3,2,2461.0,0,0,,0,0,0.7,0.9
0.3,2,2462.0,0,0,,0,0,0.7,0.7
0.3,2,2463.0,0,0,,0,0,0.7,0.7
0.3,2,2464.0,0,0,,0,0,0.6,0.7
0.3,2,2465.0,0,0,,0,0,0.4,0.6
0.3,2,2466.0,0,0,,0,0,0.4,0.5
0.3,2,2467.0,0,0,,0,0,0.3,0.4
0.3,2,2468.0,0,0,,0,0,0.3,0.3
0.3,2,2469.0,0,1,,1,0,0.1,0.1
0.3,2,2470.0,0,0,0.0,0,1,0.1,0.1
0.3,2,2471.0,0,0,,0,0,0.1,0.1
0.3,2,2472.0,0,1,,1,0,0.2,0.1
0.3,2,2473.0,0,1,,0,0,0.2,0.1
0.3,2,2474.0,1,2,,1,0,0.3,0.1
0.3,2,2475.0,0,1,0.0,0,1,0.3,0.2
0.3,2,2476.0,2,3,,2,0,0.5,0.2
0.3,2,2477.0,2,3,,0,0,0.5,0.2
0.3,2,2478.0,2,3,1.5049176874747445,2,2,0.7,0.4
0.3,2,2479.0,0,1,1.5651369462852927,0,2,0.6,0.6
0.3,2,2480.0,0,0,1.3754142282132307,0,1,0.6,0.6
0.3,2,2481.0,0,0,,0,0,0.6,0.6
0.3,2,2482.0,0,0,,0,0,0.5,0.6
0.3,2,2483.0,0,1,,1,0,0.6,0.6
0.3,2,2484.0,0,0,0.0,0,1,0.5,0.7
0.3,2,2485.0,0,0,,0,0,0.5,0.6
0.3,2,2486.0,0,1,,1,0,0.4,0.6
0.3,2,2487.0,0,0,0.0,0,1,0.4,0.7
0.3,2,2488.0,0,0,,0,0,0.2,0.5
0.3,2,2489.0,0,0,,0,0,0.2,0.3
0.3,2,2490.0,0,1,,1,0,0.3,0.2
0.3,2,2491.0,0,0,0.0,0,1,0.3,0.3
0.3,2,2492.0,0,1,,1,0,0.4,0.3
0.3,2,2493.0,1,2,,1,0,0.4,0.3
0.3,2,2494.0,1,2,,0,0,0.4,0.2
0.3,2,2495.0,0,0,0.8938378810410086,0,2,0.4,0.4
0.3,2,2496.0,0,0,0.0,1,1,0.4,0.5
0.3,2,2497.0,0,0,,0,0,0.4,0.4
0.3,2,2498.0,0,0,,0,0,0.4,0.4
0.3,2,2499.0,0,0,,0,0,0.4,0.4
0.3,2,2500.0,0,0,,0,0,0.3,0.4
0.3,2,2501.0,0,0,0.0,1,1,0.4,0.4
0.3,2,2502.0,0,0,,0,0,0.3,0.4
0.3,2,2503.0,0,0,,0,0,0.2,0.4
0.3,2,2504.0,0,0,,0,0,0.2,0.4
0.3,2,2505.0,0,0,,0,0,0.2,0.2
0.3,2,2506.0,0,0,0.0,1,1,0.2,0.2
0.3,2,2507.0,0,1,,1,0,0.3,0.2
0.3,2,2508.0,0,0,0.0,0,1,0.3,0.3
0.3,2,2509.0,0,0,,0,0,0.3,0.3
0.3,2,2510.0,0,1,,1,0,0.4,0.3
0.3,2,2511.0,0,1,,0,0,0.3,0.2
0.3,2,2512.0,0,0,0.0,0,1,0.3,0.3
0.3,2,2513.0,0,0,,0,0,0.3,0.3
0.3,2,2514.0,0,0,,0,0,0.3,0.3
0.3,2,2515.0,0,0,,0,0,0.3,0.3
0.3,2,2516.0,0,1,,1,0,0.3,0.2
0.3,2,2517.0,1,2,0.0,2,1,0.4,0.3
0.3,2,2518.0,2,3,,1,0,0.5,0.2
0.3,2,2519.0,2,3,,0,0,0.5,0.2
0.3,2,2520.0,1,2,0.4689744381998935,0,1,0.4,0.3
0.3,2,2521.0,3,4,,2,0,0.6,0.3
0.3,2,2522.0,3,4,2.3278203769527863,1,1,0.7,0.3
0.3,2,2523.0,4,5,4.461643903273398,2,1,0.9,0.4
0.3,2,2524.0,4,5,,0,0,0.9,0.4
0.3,2,2525.0,4,5,,0,0,0.9,0.4
0.3,2,2526.0,5,6,,1,0,0.9,0.4
0.3,2,2527.0,1,2,4.3324008250828,0,4,0.7,0.7
0.3,2,2528.0,1,2,4.304423900922757,1,1,0.7,0.8
0.3,2,2529.0,2,3,,1,0,0.8,0.8
0.3,2,2530.0,1,2,1.5330382819493025,0,1,0.8,0.8
0.3,2,2531.0,2,3,,1,0,0.7,0.8
0.3,2,2532.0,3,4,2.642897889626056,2,1,0.8,0.8
0.3,2,2533.0,2,3,2.938289454038568,0,1,0.6,0.8
0.3,2,2534.0,1,2,2.477306897456401,0,1,0.6,0.9
0.3,2,2535.0,0,0,3.010734869635371,0,2,0.6,1.1
0.3,2,2536.0,0,0,,0,0,0.5,1.1
0.3,2,2537.0,0,0,,0,0,0.5,0.7
0.3,2,2538.0,0,0,,0,0,0.4,0.6
0.3,2,2539.0,0,0,,0,0,0.3,0.6
0.3,2,2540.0,0,0,,0,0,0.3,0.5
0.3,2,2541.0,0,0,,0,0,0.2,0.5
0.3,2,2542.0,0,0,,0,0,0.0,0.4
0.3,2,2543.0,0,0,,0,0,0.0,0.3
0.3,2,2544.0,0,0,,0,0,0.0,0.2
0.3,2,2545.0,0,0,,0,0,0.0,0.0
0.3,2,2546.0,0,0,,0,0,0.0,0.0
0.3,2,2547.0,0,0,,0,0,0.0,0.0
0.3,2,2548.0,0,0,,0,0,0.0,0.0
0.3,2,2549.0,0,0,,0,0,0.0,0.0
0.3,2,2550.0,0,1,,1,0,0.1,0.0
0.3,2,2551.0,0,0,0.0,0,1,0.1,0.1
0.3,2,2552.0,0,0,,0,0,0.1,0.1
0.3,2,2553.0,0,0,0.0,1,1,0.2,0.2
0.3,2,2554.0,0,0,0.0,1,1,0.3,0.3
0.3,2,2555.0,0,0,,0,0,0.3,0.3
0.3,2,2556.0,0,1,,1,0,0.4,0.3
0.3,2,2557.0,0,0,0.0,0,1,0.4,0.4
0.3,2,2558.0,0,0,,0,0,0.4,0.4
0.3,2,2559.0,0,0,,0,0,0.4,0.4
0.3,2,2560.0,0,0,0.24137258221117008,2,2,0.5,0.6
0.3,2,2561.0,0,0,,0,0,0.5,0.5
0.3,2,2562.0,0,0,,0,0,0.5,0.5
0.3,2,2563.0,0,0,,0,0,0.4,0.4
0.3,2,2564.0,0,0,0.0,1,1,0.4,0.4
0.3,2,2565.0,0,0,0.0,1,1,0.5,0.5
0.3,2,2566.0,0,0,,0,0,0.4,0.5
0.3,2,2567.0,0,0,,0,0,0.4,0.4
0.3,2,2568.0,0,0,,0,0,0.4,0.4
0.3,2,2569.0,0,0,,0,0,0.4,0.4
0.3,2,2570.0,0,0,,0,0,0.2,0.2
0.3,2,2571.0,0,0,,0,0,0.2,0.2
0.3,2,2572.0,0,0,,0,0,0.2,0.2
0.3,2,2573.0,0,0,,0,0,0.2,0.2
0.3,2,2574.0,0,0,0.0,1,1,0.2,0.2
0.3,2,2575.0,0,0,,0,0,0.1,0.1
0.3,2,2576.0,0,0,,0,0,0.1,0.1
0.3,2,2577.0,0,1,,1,0,0.2,0.1
0.3,2,2578.0,0,1,,0,0,0.2,0.1
0.3,2,2579.0,0,1,0.0,1,1,0.3,0.2
0.3,2,2580.0,0,1,,0,0,0.3,0.2
0.3,2,2581.0,1,2,,1,0,0.4,0.2
0.3,2,2582.0,0,1,0.24334202816817196,0,1,0.4,0.3
0.3,2,2583.0,0,0,1.0415493578043424,0,1,0.4,0.4
0.3,2,2584.0,0,0,,0,0,0.3,0.3
0.3,2,2585.0,0,0,,0,0,0.3,0.3
0.3,2,2586.0,0,0,,0,0,0.3,0.3
0.3,2,2587.0,0,1,,1,0,0.3,0.3
0.3,2,2588.0,0,0,0.0,0,1,0.3,0.4
0.3,2,2589.0,0,0,,0,0,0.2,0.3
0.3,2,2590.0,0,0,,0,0,0.2,0.3
0.3,2,2591.0,0,0,,0,0,0.1,0.3
0.3,2,2592.0,0,1,,1,0,0.2,0.2
0.3,2,2593.0,0,0,0.0,0,1,0.2,0.2
0.3,2,2594.0,0,0,,0,0,0.2,0.2
0.3,2,2595.0,0,0,,0,0,0.2,0.2
0.3,2,2596.0,0,0,,0,0,0.2,0.2
0.3,2,2597.0,0,0,,0,0,0.1,0.2
0.3,2,2598.0,0,0,,0,0,0.1,0.1
0.3,2,2599.0,0,0,,0,0,0.1,0.1
0.3,2,2600.0,0,0,,0,0,0.1,0.1
0.3,2,2601.0,0,0,,0,0,0.1,0.1
0.3,2,2602.0,0,0,,0,0,0.0,0.1
0.3,2,2603.0,0,0,,0,0,0.0,0.0
0.3,2,2604.0,0,0,,0,0,0.0,0.0
0.3,2,2605.0,0,0,,0,0,0.0,0.0
0.3,2,2606.0,0,1,,1,0,0.1,0.0
0.3,2,2607.0,0,0,0.0,0,1,0.1,0.1
0.3,2,2608.0,0,0,,0,0,0.1,0.1
0.3,2,2609.0,0,0,,0,0,0.1,0.1
0.3,2,2610.0,0,0,0.0,1,1,0.2,0.2
0.3,2,2611.0,0,0,,0,0,0.2,0.2
0.3,2,2612.0,0,1,,1,0,0.3,0.2
0.3,2,2613.0,0,0,0.0,0,1,0.3,0.3
0.3,2,2614.0,0,0,,0,0,0.3,0.3
0.3,2,2615.0,0,0,,0,0,0.3,0.3
0.3,2,2616.0,1,2,,2,0,0.4,0.3
0.3,2,2617.0,1,2,,0,0,0.4,0.2
0.3,2,2618.0,0,0,0.9000738835370612,0,2,0.4,0.4
0.3,2,2619.0,0,1,,1,0,0.5,0.4
0.3,2,2620.0,0,1,,0,0,0.4,0.3
0.3,2,2621.0,0,0,0.0,0,1,0.4,0.4
0.3,2,2622.0,0,0,,0,0,0.3,0.4
0.3,2,2623.0,0,0,,0,0,0.3,0.3
0.3,2,2624.0,0,0,,0,0,0.3,0.3
0.3,2,2625.0,0,0,,0,0,0.3,0.3
0.3,2,2626.0,0,0,,0,0,0.1,0.3
0.3,2,2627.0,0,1,,1,0,0.2,0.3
0.3,2,2628.0,0,0,0.0,0,1,0.2,0.2
0.3,2,2629.0,0,0,,0,0,0.1,0.2
0.3,2,2630.0,0,0,,0,0,0.1,0.2
0.3,2,2631.0,0,0,0.0,1,1,0.2,0.2
0.3,2,2632.0,0,0,,0,0,0.2,0.2
0.3,2,2633.0,0,0,,0,0,0.2,0.2
0.3,2,2634.0,0,0,,0,0,0.2,0.2
0.3,2,2635.0,0,0,,0,0,0.2,0.2
0.3,2,2636.0,0,0,,0,0,0.2,0.2
0.3,2,2637.0,0,0,,0,0,0.1,0.2
0.3,2,2638.0,0,0,,0,0,0.1,0.1
0.3,2,2639.0,0,0,,0,0,0.1,0.1
0.3,2,2640.0,0,1,,1,0,0.2,0.1
0.3,2,2641.0,0,1,,0,0,0.1,0.0
0.3,2,2642.0,0,0,0.0,0,1,0.1,0.1
0.3,2,2643.0,0,0,,0,0,0.1,0.1
0.3,2,2644.0,0,0,,0,0,0.1,0.1
0.3,2,2645.0,0,0,,0,0,0.1,0.1
0.3,2,2646.0,0,1,,1,0,0.2,0.1
0.3,2,2647.0,0,1,,0,0,0.2,0.1
0.3,2,2648.0,0,0,0.0,0,1,0.2,0.2
0.3,2,2649.0,0,0,,0,0,0.2,0.2
0.3,2,2650.0,0,0,,0,0,0.1,0.2
0.3,2,2651.0,0,0,,0,0,0.1,0.2
0.3,2,2652.0,0,0,,0,0,0.1,0.1
0.3,2,2653.0,0,0,0.0,1,1,0.2,0.2
0.3,2,2654.0,0,0,,0,0,0.2,0.2
0.3,2,2655.0,0,0,,0,0,0.2,0.2
0.3,2,2656.0,0,0,0.0,1,1,0.2,0.3
0.3,2,2657.0,0,0,,0,0,0.2,0.3
0.3,2,2658.0,0,0,,0,0,0.2,0.2
0.3,2,2659.0,0,1,,1,0,0.3,0.2
0.3,2,2660.0,0,1,,0,0,0.3,0.2
0.3,2,2661.0,0,0,0.0,0,1,0.3,0.3
0.3,2,2662.0,0,0,,0,0,0.3,0.3
0.3,2,2663.0,0,1,,1,0,0.3,0.2
0.3,2,2664.0,1,2,,1,0,0.4,0.2
0.3,2,2665.0,0,1,0.0,0,1,0.4,0.3
0.3,2,2666.0,0,0,1.3219302652755687,0,1,0.3,0.3
0.3,2,2667.0,1,2,,2,0,0.5,0.3
0.3,2,2668.0,0,1,0.2962152367372255,1,2,0.6,0.5
0.3,2,2669.0,0,0,0.0,0,1,0.5,0.6
0.3,2,2670.0,0,0,,0,0,0.5,0.6
0.3,2,2671.0,0,0,0.0,1,1,0.6,0.6
0.3,2,2672.0,0,0,,0,0,0.6,0.6
0.3,2,2673.0,0,0,0.0,1,1,0.6,0.7
0.3,2,2674.0,0,1,,1,0,0.6,0.7
0.3,2,2675.0,0,0,0.0,0,1,0.6,0.7
0.3,2,2676.0,0,1,,1,0,0.7,0.6
0.3,2,2677.0,0,1,,0,0,0.5,0.6
0.3,2,2678.0,0,0,0.0,0,1,0.4,0.5
0.3,2,2679.0,0,0,,0,0,0.4,0.4
0.3,2,2680.0,0,0,,0,0,0.4,0.4
0.3,2,2681.0,0,1,,1,0,0.4,0.3
0.3,2,2682.0,0,0,0.0,0,1,0.4,0.4
0.3,2,2683.0,0,0,0.0,1,1,0.4,0.4
0.3,2,2684.0,0,0,0.0,1,1,0.4,0.5
0.3,2,2685.0,0,0,,0,0,0.4,0.4
0.3,2,2686.0,0,0,,0,0,0.3,0.4
0.3,2,2687.0,0,0,,0,0,0.3,0.4
0.3,2,2688.0,0,0,,0,0,0.3,0.3
0.3,2,2689.0,0,1,0.0,2,1,0.5,0.4
0.3,2,2690.0,1,2,,1,0,0.6,0.4
0.3,2,2691.0,2,3,,1,0,0.6,0.4
0.3,2,2692.0,3,4,,1,0,0.7,0.3
0.3,2,2693.0,3,4,,0,0,0.6,0.2
0.3,2,2694.0,5,6,,2,0,0.7,0.1
0.3,2,2695.0,4,5,0.0,0,1,0.7,0.2
0.3,2,2696.0,4,5,,0,0,0.7,0.2
0.3,2,2697.0,4,5,4.582224924218281,1,1,0.8,0.3
0.3,2,2698.0,2,3,6.097087014192994,0,2,0.8,0.5
0.3,2,2699.0,2,3,,0,0,0.6,0.4
0.3,2,2700.0,3,4,,1,0,0.6,0.4
0.3,2,2701.0,2,3,3.983352161801122,0,1,0.5,0.5
0.3,2,2702.0,0,0,4.345965213248443,0,3,0.4,0.8
0.3,2,2703.0,0,1,,1,0,0.5,0.8
0.3,2,2704.0,0,0,0.0,0,1,0.3,0.9
0.3,2,2705.0,0,0,,0,0,0.3,0.8
0.3,2,2706.0,0,0,,0,0,0.3,0.8
0.3,2,2707.0,0,1,0.0,2,1,0.4,0.8
0.3,2,2708.0,0,0,0.09686415012902216,0,1,0.4,0.7
0.3,2,2709.0,0,0,,0,0,0.4,0.7
0.3,2,2710.0,0,1,,1,0,0.4,0.7
0.3,2,2711.0,0,1,,0,0,0.4,0.6
0.3,2,2712.0,0,1,,0,0,0.4,0.3
0.3,2,2713.0,0,0,0.0,0,1,0.3,0.4
0.3,2,2714.0,1,2,,2,0,0.5,0.3
0.3,2,2715.0,0,1,0.0,0,1,0.5,0.4
0.3,2,2716.0,0,0,0.8853596498656771,0,1,0.5,0.5
0.3,2,2717.0,0,0,,0,0,0.3,0.4
0.3,2,2718.0,0,0,,0,0,0.3,0.3
0.3,2,2719.0,0,0,,0,0,0.3,0.3
0.3,2,2720.0,0,0,,0,0,0.2,0.3
0.3,2,2721.0,0,0,,0,0,0.2,0.3
0.3,2,2722.0,0,0,,0,0,0.2,0.3
0.3,2,2723.0,0,0,,0,0,0.2,0.2
0.3,2,2724.0,0,0,,0,0,0.0,0.2
0.3,2,2725.0,0,0,,0,0,0.0,0.1
0.3,2,2726.0,0,1,,1,0,0.1,0.0
0.3,2,2727.0,0,0,0.0,0,1,0.1,0.1
0.3,2,2728.0,0,0,,0,0,0.1,0.1
0.3,2,2729.0,0,0,,0,0,0.1,0.1
0.3,2,2730.0,0,0,,0,0,0.1,0.1
0.3,2,2731.0,0,0,,0,0,0.1,0.1
0.3,2,2732.0,0,0,,0,0,0.1,0.1
0.3,2,2733.0,0,0,,0,0,0.1,0.1
0.3,2,2734.0,0,1,,1,0,0.2,0.1
0.3,2,2735.0,1,2,,1,0,0.3,0.1
0.3,2,2736.0,1,2,0.0,1,1,0.3,0.2
0.3,2,2737.0,0,1,0.7523880545493284,1,2,0.4,0.3
0.3,2,2738.0,0,0,0.26257490653870263,0,1,0.4,0.4
0.3,2,2739.0,0,0,,0,0,0.4,0.4
0.3,2,2740.0,0,0,0.0,1,1,0.5,0.5
0.3,2,2741.0,0,1,,1,0,0.6,0.5
0.3,2,2742.0,0,0,0.0,2,3,0.8,0.8
0.3,2,2743.0,0,0,,0,0,0.8,0.8
0.3,2,2744.0,0,0,,0,0,0.7,0.8
0.3,2,2745.0,0,0,,0,0,0.6,0.8
0.3,2,2746.0,0,1,,1,0,0.6,0.7
0.3,2,2747.0,0,1,0.0,1,1,0.6,0.6
0.3,2,2748.0,0,0,0.0,0,1,0.6,0.6
0.3,2,2749.0,0,0,,0,0,0.6,0.6
0.3,2,2750.0,0,0,,0,0,0.5,0.5
0.3,2,2751.0,0,0,,0,0,0.4,0.5
0.3,2,2752.0,0,0,,0,0,0.2,0.2
0.3,2,2753.0,0,0,,0,0,0.2,0.2
0.3,2,2754.0,0,0,,0,0,0.2,0.2
0.3,2,2755.0,0,0,0.0,1,1,0.3,0.3
0.3,2,2756.0,0,0,0.0,1,1,0.3,0.4
0.3,2,2757.0,0,1,,1,0,0.3,0.3
0.3,2,2758.0,0,0,0.0,0,1,0.3,0.3
0.3,2,2759.0,0,0,,0,0,0.3,0.3
0.3,2,2760.0,0,0,,0,0,0.3,0.3
0.3,2,2761.0,0,0,,0,0,0.3,0.3
0.3,2,2762.0,0,0,0.0,1,1,0.4,0.4
0.3,2,2763.0,0,0,,0,0,0.4,0.4
0.3,2,2764.0,0,0,,0,0,0.4,0.4
0.3,2,2765.0,0,1,,1,0,0.4,0.3
0.3,2,2766.0,0,0,0.14795802970002114,1,2,0.4,0.4
0.3,2,2767.0,0,0,,0,0,0.3,0.4
0.3,2,2768.0,0,1,,1,0,0.4,0.3
0.3,2,2769.0,0,1,0.0,1,1,0.5,0.4
0.3,2,2770.0,1,2,0.14953288721653735,2,1,0.7,0.5
0.3,2,2771.0,0,1,0.8532882711724596,0,1,0.7,0.6
0.3,2,2772.0,0,0,1.1224009276115794,0,1,0.6,0.6
0.3,2,2773.0,0,0,,0,0,0.6,0.6
0.3,2,2774.0,0,1,0.0,2,1,0.8,0.7
0.3,2,2775.0,0,0,0.1454699505611643,0,1,0.7,0.8
0.3,2,2776.0,0,0,,0,0,0.6,0.6
0.3,2,2777.0,0,0,,0,0,0.6,0.6
0.3,2,2778.0,0,1,,1,0,0.6,0.6
0.3,2,2779.0,1,2,,1,0,0.6,0.5
0.3,2,2780.0,1,2,,0,0,0.4,0.4
0.3,2,2781.0,1,2,0.0,1,1,0.5,0.4
0.3,2,2782.0,1,2,,0,0,0.5,0.3
0.3,2,2783.0,2,3,,1,0,0.6,0.3
0.3,2,2784.0,2,3,,0,0,0.4,0.2
0.3,2,2785.0,1,2,2.4352808862886377,0,1,0.4,0.2
0.3,2,2786.0,1,2,,0,0,0.4,0.2
0.3,2,2787.0,0,1,3.6076607709496784,0,1,0.4,0.3
0.3,2,2788.0,0,0,3.9832664742812085,0,1,0.3,0.4
0.3,2,2789.0,0,0,,0,0,0.2,0.4
0.3,2,2790.0,0,0,,0,0,0.2,0.4
0.3,2,2791.0,0,0,,0,0,0.1,0.3
0.3,2,2792.0,0,1,,1,0,0.2,0.3
0.3,2,2793.0,0,0,0.0,0,1,0.1,0.4
0.3,2,2794.0,0,0,0.0,1,1,0.2,0.5
0.3,2,2795.0,0,0,,0,0,0.2,0.4
0.3,2,2796.0,0,0,,0,0,0.2,0.4
0.3,2,2797.0,0,0,,0,0,0.2,0.3
0.3,2,2798.0,0,0,,0,0,0.2,0.2
0.3,2,2799.0,0,0,,0,0,0.2,0.2
0.3,2,2800.0,0,0,,0,0,0.2,0.2
0.3,2,2801.0,0,0,0.0,1,1,0.3,0.3
0.3,2,2802.0,0,0,,0,0,0.2,0.3
0.3,2,2803.0,0,1,,1,0,0.3,0.2
0.3,2,2804.0,0,0,0.0,0,1,0.2,0.2
0.3,2,2805.0,0,0,,0,0,0.2,0.2
0.3,2,2806.0,0,0,,0,0,0.2,0.2
0.3,2,2807.0,0,0,,0,0,0.2,0.2
0.3,2,2808.0,0,0,,0,0,0.2,0.2
0.3,2,2809.0,0,0,,0,0,0.2,0.2
0.3,2,2810.0,0,0,,0,0,0.2,0.2
0.3,2,2811.0,0,0,,0,0,0.1,0.1
0.3,2,2812.0,0,0,0.0,1,1,0.2,0.2
0.3,2,2813.0,0,0,,0,0,0.1,0.2
0.3,2,2814.0,0,0,,0,0,0.1,0.1
0.3,2,2815.0,0,0,,0,0,0.1,0.1
0.3,2,2816.0,0,0,0.0,1,1,0.2,0.2
0.3,2,2817.0,0,1,,1,0,0.3,0.2
0.3,2,2818.0,0,1,,0,0,0.3,0.2
0.3,2,2819.0,0,1,0.0,1,1,0.4,0.3
0.3,2,2820.0,1,2,,1,0,0.5,0.3
0.3,2,2821.0,1,2,,0,0,0.5,0.3
0.3,2,2822.0,0,0,0.8728054336247624,0,2,0.4,0.4
0.3,2,2823.0,1,2,0.0,3,1,0.7,0.5
0.3,2,2824.0,0,1,0.11551243940721179,0,1,0.7,0.6
0.3,2,2825.0,0,0,0.597555060090599,0,1,0.7,0.7
0.3,2,2826.0,0,0,,0,0,0.6,0.6
0.3,2,2827.0,0,0,,0,0,0.5,0.6
0.3,2,2828.0,0,1,,1,0,0.6,0.6
0.3,2,2829.0,0,0,0.0,0,1,0.5,0.6
0.3,2,2830.0,0,1,,1,0,0.5,0.6
0.3,2,2831.0,0,0,0.0,0,1,0.5,0.7
0.3,2,2832.0,0,1,,1,0,0.6,0.5
0.3,2,2833.0,0,0,0.0,0,1,0.3,0.5
0.3,2,2834.0,0,0,,0,0,0.3,0.4
0.3,2,2835.0,0,0,,0,0,0.3,0.3
0.3,2,2836.0,0,0,,0,0,0.3,0.3
0.3,2,2837.0,0,0,0.0,1,1,0.4,0.4
0.3,2,2838.0,0,0,,0,0,0.3,0.4
0.3,2,2839.0,0,1,,1,0,0.4,0.3
0.3,2,2840.0,0,1,,0,0,0.3,0.3
0.3,2,2841.0,2,3,,2,0,0.5,0.2
0.3,2,2842.0,0,1,0.5569805611125958,0,2,0.4,0.4
0.3,2,2843.0,0,0,0.8341512238721407,0,1,0.4,0.4
0.3,2,2844.0,0,1,,1,0,0.5,0.4
0.3,2,2845.0,1,2,0.0,2,1,0.7,0.5
0.3,2,2846.0,0,1,0.0,0,1,0.7,0.6
0.3,2,2847.0,0,1,,0,0,0.6,0.5
0.3,2,2848.0,0,0,0.39263853325383025,0,1,0.6,0.6
0.3,2,2849.0,0,0,,0,0,0.5,0.6
0.3,2,2850.0,0,0,,0,0,0.5,0.6
0.3,2,2851.0,0,0,,0,0,0.3,0.6
0.3,2,2852.0,0,0,,0,0,0.3,0.4
0.3,2,2853.0,0,0,0.0,1,1,0.4,0.4
0.3,2,2854.0,0,0,,0,0,0.3,0.4
0.3,2,2855.0,0,0,,0,0,0.1,0.3
0.3,2,2856.0,0,0,,0,0,0.1,0.2
0.3,2,2857.0,0,0,,0,0,0.1,0.2
0.3,2,2858.0,0,0,,0,0,0.1,0.1
0.3,2,2859.0,0,0,0.0,1,1,0.2,0.2
0.3,2,2860.0,0,0,,0,0,0.2,0.2
0.3,2,2861.0,0,0,,0,0,0.2,0.2
0.3,2,2862.0,0,0,,0,0,0.2,0.2
0.3,2,2863.0,0,0,,0,0,0.1,0.1
0.3,2,2864.0,0,0,,0,0,0.1,0.1
0.3,2,2865.0,0,0,,0,0,0.1,0.1
0.3,2,2866.0,0,0,,0,0,0.1,0.1
0.3,2,2867.0,0,0,0.0,1,1,0.2,0.2
0.3,2,2868.0,0,0,,0,0,0.2,0.2
0.3,2,2869.0,0,0,,0,0,0.1,0.1
0.3,2,2870.0,0,0,,0,0,0.1,0.1
0.3,2,2871.0,0,0,,0,0,0.1,0.1
0.3,2,2872.0,0,0,,0,0,0.1,0.1
0.3,2,2873.0,0,0,,0,0,0.1,0.1
0.3,2,2874.0,0,1,,1,0,0.2,0.1
0.3,2,2875.0,0,0,0.0,0,1,0.2,0.2
0.3,2,2876.0,0,0,,0,0,0.2,0.2
0.3,2,2877.0,0,1,,1,0,0.2,0.1
0.3,2,2878.0,0,0,0.0,0,1,0.2,0.2
0.3,2,2879.0,0,0,,0,0,0.2,0.2
0.3,2,2880.0,0,0,,0,0,0.2,0.2
0.3,2,2881.0,0,0,,0,0,0.2,0.2
0.3,2,2882.0,0,1,,1,0,0.3,0.2
0.3,2,2883.0,0,0,0.0,0,1,0.3,0.3
0.3,2,2884.0,0,1,,1,0,0.3,0.3
0.3,2,2885.0,1,2,,1,0,0.4,0.2
0.3,2,2886.0,0,1,0.0,0,1,0.4,0.3
0.3,2,2887.0,0,0,0.6166067216045121,0,1,0.3,0.4
0.3,2,2888.0,0,0,,0,0,0.3,0.3
0.3,2,2889.0,0,0,0.0,1,1,0.4,0.4
0.3,2,2890.0,0,1,,1,0,0.5,0.4
0.3,2,2891.0,0,1,,0,0,0.5,0.4
0.3,2,2892.0,0,1,,0,0,0.4,0.4
0.3,2,2893.0,0,0,0.0,0,1,0.4,0.4
0.3,2,2894.0,0,0,,0,0,0.3,0.4
0.3,2,2895.0,0,0,,0,0,0.2,0.4
0.3,2,2896.0,1,2,,2,0,0.4,0.3
0.3,2,2897.0,1,2,,0,0,0.4,0.2
0.3,2,2898.0,2,3,,1,0,0.5,0.2
0.3,2,2899.0,2,3,,0,0,0.4,0.1
0.3,2,2900.0,3,4,0.0,2,1,0.5,0.2
0.3,2,2901.0,3,4,,0,0,0.5,0.2
0.3,2,2902.0,1,2,3.5209459980255815,0,2,0.5,0.4
0.3,2,2903.0,0,1,2.523675384406488,0,1,0.5,0.4
0.3,2,2904.0,0,0,2.8605424166771627,0,1,0.5,0.5
0.3,2,2905.0,0,0,,0,0,0.5,0.5
0.3,2,2906.0,0,0,,0,0,0.3,0.5
0.3,2,2907.0,0,1,,1,0,0.4,0.5
0.3,2,2908.0,0,1,,0,0,0.3,0.5
0.3,2,2909.0,0,0,0.0,0,1,0.3,0.6
0.3,2,2910.0,0,0,,0,0,0.1,0.5
0.3,2,2911.0,0,0,,0,0,0.1,0.5
0.3,2,2912.0,0,1,,1,0,0.2,0.3
0.3,2,2913.0,0,0,0.0,0,1,0.2,0.3
0.3,2,2914.0,0,0,,0,0,0.2,0.2
0.3,2,2915.0,0,0,,0,0,0.2,0.2
0.3,2,2916.0,0,0,,0,0,0.2,0.2
0.3,2,2917.0,0,0,,0,0,0.1,0.2
0.3,2,2918.0,0,1,,1,0,0.2,0.2
0.3,2,2919.0,0,1,,0,0,0.2,0.1
0.3,2,2920.0,0,0,0.018813509427673125,1,2,0.3,0.3
0.3,2,2921.0,0,1,,1,0,0.4,0.3
0.3,2,2922.0,0,1,,0,0,0.3,0.3
0.3,2,2923.0,0,1,,0,0,0.3,0.2
0.3,2,2924.0,0,1,,0,0,0.3,0.2
0.3,2,2925.0,1,2,,1,0,0.4,0.2
0.3,2,2926.0,2,3,,1,0,0.5,0.2
0.3,2,2927.0,0,0,0.7886665619189444,0,3,0.5,0.5
0.3,2,2928.0,0,0,,0,0,0.4,0.5
0.3,2,2929.0,0,0,,0,0,0.4,0.5
0.3,2,2930.0,0,0,,0,0,0.3,0.3
0.3,2,2931.0,0,0,,0,0,0.2,0.3
0.3,2,2932.0,0,0,,0,0,0.2,0.3
0.3,2,2933.0,0,0,,0,0,0.2,0.3
0.3,2,2934.0,0,0,,0,0,0.2,0.3
0.3,2,2935.0,0,0,,0,0,0.1,0.3
0.3,2,2936.0,0,0,,0,0,0.0,0.3
0.3,2,2937.0,0,0,,0,0,0.0,0.0
0.3,2,2938.0,0,0,,0,0,0.0,0.0
0.3,2,2939.0,0,0,,0,0,0.0,0.0
0.3,2,2940.0,0,0,,0,0,0.0,0.0
0.3,2,2941.0,0,0,,0,0,0.0,0.0
0.3,2,2942.0,0,0,,0,0,0.0,0.0
0.3,2,2943.0,0,0,0.0,1,1,0.1,0.1
0.3,2,2944.0,0,0,,0,0,0.1,0.1
0.3,2,2945.0,0,0,0.0,1,1,0.2,0.2
0.3,2,2946.0,0,0,,0,0,0.2,0.2
0.3,2,2947.0,0,0,,0,0,0.2,0.2
0.3,2,2948.0,0,0,,0,0,0.2,0.2
0.3,2,2949.0,0,1,,1,0,0.3,0.2
0.3,2,2950.0,0,0,0.0,0,1,0.3,0.3
0.3,2,2951.0,0,0,,0,0,0.3,0.3
0.3,2,2952.0,0,0,,0,0,0.3,0.3
0.3,2,2953.0,0,0,,0,0,0.2,0.2
0.3,2,2954.0,0,1,0.0,2,1,0.4,0.3
0.3,2,2955.0,0,0,0.0,0,1,0.3,0.3
0.3,2,2956.0,0,0,,0,0,0.3,0.3
0.3,2,2957.0,0,0,,0,0,0.3,0.3
0.3,2,2958.0,0,0,,0,0,0.3,0.3
0.3,2,2959.0,0,0,,0,0,0.2,0.3
0.3,2,2960.0,0,0,,0,0,0.2,0.2
0.3,2,2961.0,0,0,,0,0,0.2,0.2
0.3,2,2962.0,1,2,,2,0,0.4,0.2
0.3,2,2963.0,1,2,,0,0,0.4,0.2
0.3,2,2964.0,0,0,0.8325237352107706,0,2,0.2,0.3
0.3,2,2965.0,0,0,,0,0,0.2,0.2
0.3,2,2966.0,0,0,,0,0,0.2,0.2
0.3,2,2967.0,0,1,,1,0,0.3,0.2
0.3,2,2968.0,0,1,0.0,1,1,0.4,0.3
0.3,2,2969.0,0,0,0.16711325129745092,0,1,0.4,0.4
0.3,2,2970.0,0,0,0.0,1,1,0.5,0.5
0.3,2,2971.0,0,0,,0,0,0.5,0.5
0.3,2,2972.0,0,1,,1,0,0.4,0.5
0.3,2,2973.0,0,1,,0,0,0.4,0.5
0.3,2,2974.0,1,2,,1,0,0.5,0.3
0.3,2,2975.0,0,1,0.18480157178191803,1,2,0.6,0.5
0.3,2,2976.0,0,0,0.5714608067414702,0,1,0.6,0.6
0.3,2,2977.0,0,0,,0,0,0.5,0.6
0.3,2,2978.0,0,0,,0,0,0.4,0.5
0.3,2,2979.0,0,0,0.03204929895719033,2,2,0.6,0.6
0.3,2,2980.0,0,0,,0,0,0.5,0.5
0.3,2,2981.0,0,0,,0,0,0.5,0.5
0.3,2,2982.0,0,0,,0,0,0.4,0.5
0.3,2,2983.0,1,2,,2,0,0.6,0.5
0.3,2,2984.0,1,2,,0,0,0.5,0.5
0.3,2,2985.0,0,0,0.6028130709046309,0,2,0.4,0.5
0.3,2,2986.0,0,0,,0,0,0.4,0.4
0.3,2,2987.0,0,0,,0,0,0.4,0.4
0.3,2,2988.0,0,0,0.0,1,1,0.5,0.5
0.3,2,2989.0,0,0,0.0,1,1,0.4,0.4
0.3,2,2990.0,0,0,,0,0,0.4,0.4
0.3,2,2991.0,0,0,,0,0,0.4,0.4
0.3,2,2992.0,0,0,,0,0,0.4,0.4
0.3,2,2993.0,0,0,,0,0,0.2,0.4
0.3,2,2994.0,0,0,,0,0,0.2,0.4
0.3,2,2995.0,0,1,0.0,2,1,0.4,0.3
0.3,2,2996.0,0,0,0.0,0,1,0.4,0.4
0.3,2,2997.0,0,0,,0,0,0.4,0.4
0.3,2,2998.0,0,0,0.0,1,1,0.4,0.4
0.3,2,2999.0,0,0,,0,0,0.3,0.3
0.3,2,3000.0,0,0,,0,0,0.3,0.3
0.3,3,1.0,0,0,,0,0,0.1,0.3
0.3,3,2.0,0,0,,0,0,0.1,0.1
0.3,3,3.0,0,0,,0,0,0.1,0.1
0.3,3,4.0,0,0,,0,0,0.1,0.1
0.3,3,5.0,0,0,,0,0,0.1,0.1
0.3,3,6.0,0,0,0.0,1,1,0.1,0.2
0.3,3,7.0,0,0,,0,0,0.1,0.2
0.3,3,8.0,0,0,,0,0,0.1,0.1
0.3,3,9.0,0,0,,0,0,0.1,0.1
0.3,3,10.0,0,0,,0,0,0.1,0.1
0.3,3,11.0,0,0,,0,0,0.1,0.1
0.3,3,12.0,0,0,0.0,1,1,0.2,0.2
0.3,3,13.0,0,0,,0,0,0.2,0.2
0.3,3,14.0,0,0,,0,0,0.2,0.2
0.3,3,15.0,0,0,,0,0,0.2,0.2
0.3,3,16.0,0,0,,0,0,0.1,0.1
0.3,3,17.0,0,0,,0,0,0.1,0.1
0.3,3,18.0,0,0,,0,0,0.1,0.1
0.3,3,19.0,0,0,,0,0,0.1,0.1
0.3,3,20.0,0,0,,0,0,0.1,0.1
0.3,3,21.0,0,0,,0,0,0.1,0.1
0.3,3,22.0,0,0,,0,0,0.0,0.0
0.3,3,23.0,0,0,,0,0,0.0,0.0
0.3,3,24.0,0,0,,0,0,0.0,0.0
0.3,3,25.0,0,0,,0,0,0.0,0.0
0.3,3,26.0,0,0,,0,0,0.0,0.0
0.3,3,27.0,0,0,,0,0,0.0,0.0
0.3,3,28.0,0,0,,0,0,0.0,0.0
0.3,3,29.0,0,0,,0,0,0.0,0.0
0.3,3,30.0,0,0,,0,0,0.0,0.0
0.3,3,31.0,0,0,,0,0,0.0,0.0
0.3,3,32.0,1,2,,2,0,0.2,0.0
0.3,3,33.0,0,0,0.2896332129640011,1,3,0.3,0.3
0.3,3,34.0,0,1,,1,0,0.4,0.3
0.3,3,35.0,0,1,0.0,1,1,0.5,0.4
0.3,3,36.0,0,0,0.358326258142057,0,1,0.5,0.5
0.3,3,37.0,0,0,,0,0,0.5,0.5
0.3,3,38.0,0,0,,0,0,0.5,0.5
0.3,3,39.0,0,0,,0,0,0.5,0.5
0.3,3,40.0,0,0,,0,0,0.5,0.5
0.3,3,41.0,0,0,,0,0,0.5,0.5
0.3,3,42.0,0,0,,0,0,0.3,0.5
0.3,3,43.0,0,0,,0,0,0.2,0.2
0.3,3,44.0,0,0,,0,0,0.1,0.2
0.3,3,45.0,0,0,,0,0,0.0,0.1
0.3,3,46.0,0,0,,0,0,0.0,0.0
0.3,3,47.0,0,0,,0,0,0.0,0.0
0.3,3,48.0,0,1,,1,0,0.1,0.0
0.3,3,49.0,0,0,0.0,0,1,0.1,0.1
0.3,3,50.0,0,0,,0,0,0.1,0.1
0.3,3,51.0,0,0,,0,0,0.1,0.1
0.3,3,52.0,0,0,,0,0,0.1,0.1
0.3,3,53.0,0,1,,1,0,0.2,0.1
0.3,3,54.0,0,0,0.03782928614283776,1,2,0.3,0.3
0.3,3,55.0,0,0,,0,0,0.3,0.3
0.3,3,56.0,0,0,,0,0,0.3,0.3
0.3,3,57.0,0,0,,0,0,0.3,0.3
0.3,3,58.0,0,0,,0,0,0.2,0.3
0.3,3,59.0,0,0,,0,0,0.2,0.2
0.3,3,60.0,0,0,,0,0,0.2,0.2
0.3,3,61.0,0,0,,0,0,0.2,0.2
0.3,3,62.0,0,0,,0,0,0.2,0.2
0.3,3,63.0,0,0,,0,0,0.1,0.2
0.3,3,64.0,1,2,,2,0,0.2,0.0
0.3,3,65.0,0,1,0.0,0,1,0.2,0.1
0.3,3,66.0,0,1,0.805482121081468,1,1,0.3,0.2
0.3,3,67.0,0,0,0.0,0,1,0.3,0.3
0.3,3,68.0,0,0,,0,0,0.3,0.3
0.3,3,69.0,0,0,,0,0,0.3,0.3
0.3,3,70.0,0,0,,0,0,0.3,0.3
0.3,3,71.0,0,0,,0,0,0.3,0.3
0.3,3,72.0,0,0,,0,0,0.3,0.3
0.3,3,73.0,0,0,,0,0,0.3,0.3
0.3,3,74.0,0,0,,0,0,0.1,0.3
0.3,3,75.0,0,0,,0,0,0.1,0.2
0.3,3,76.0,0,0,,0,0,0.0,0.1
0.3,3,77.0,0,1,,1,0,0.1,0.0
0.3,3,78.0,0,0,0.0,0,1,0.1,0.1
0.3,3,79.0,0,0,,0,0,0.1,0.1
0.3,3,80.0,0,0,0.0,1,1,0.2,0.2
0.3,3,81.0,0,1,,1,0,0.3,0.2
0.3,3,82.0,0,0,0.0,0,1,0.3,0.3
0.3,3,83.0,0,0,,0,0,0.3,0.3
0.3,3,84.0,0,0,0.0,1,1,0.4,0.4
0.3,3,85.0,0,1,,1,0,0.5,0.4
0.3,3,86.0,0,0,0.0,0,1,0.5,0.5
0.3,3,87.0,0,1,,1,0,0.5,0.5
0.3,3,88.0,2,3,0.0,3,1,0.8,0.5
0.3,3,89.0,1,2,0.0,0,1,0.8,0.6
0.3,3,90.0,0,1,1.1562198456066426,0,1,0.7,0.6
0.3,3,91.0,0,0,2.086006875895407,0,1,0.6,0.7
0.3,3,92.0,0,0,,0,0,0.6,0.6
0.3,3,93.0,0,0,,0,0,0.6,0.6
0.3,3,94.0,0,0,,0,0,0.5,0.5
0.3,3,95.0,0,0,,0,0,0.4,0.5
0.3,3,96.0,0,0,,0,0,0.4,0.4
0.3,3,97.0,0,0,,0,0,0.3,0.4
0.3,3,98.0,0,1,,1,0,0.1,0.3
0.3,3,99.0,0,0,0.0,0,1,0.1,0.3
0.3,3,100.0,0,0,,0,0,0.1,0.2
0.3,3,101.0,0,0,,0,0,0.1,0.1
0.3,3,102.0,0,1,,1,0,0.2,0.1
0.3,3,103.0,0,1,,0,0,0.2,0.1
0.3,3,104.0,0,0,0.0,0,1,0.2,0.2
0.3,3,105.0,0,1,,1,0,0.3,0.2
0.3,3,106.0,0,0,0.0,0,1,0.3,0.3
0.3,3,107.0,0,0,,0,0,0.3,0.3
0.3,3,108.0,0,0,,0,0,0.2,0.3
0.3,3,109.0,0,0,,0,0,0.2,0.2
0.3,3,110.0,0,1,,1,0,0.3,0.2
0.3,3,111.0,0,1,,0,0,0.3,0.2
0.3,3,112.0,0,0,0.0,0,1,0.2,0.3
0.3,3,113.0,0,0,,0,0,0.2,0.3
0.3,3,114.0,0,0,,0,0,0.2,0.2
0.3,3,115.0,0,0,,0,0,0.1,0.2
0.3,3,116.0,0,0,,0,0,0.1,0.1
0.3,3,117.0,0,0,,0,0,0.1,0.1
0.3,3,118.0,0,0,,0,0,0.1,0.1
0.3,3,119.0,0,0,,0,0,0.1,0.1
0.3,3,120.0,0,0,0.0,1,1,0.1,0.2
0.3,3,121.0,0,0,,0,0,0.1,0.2
0.3,3,122.0,0,0,,0,0,0.1,0.1
0.3,3,123.0,0,0,,0,0,0.1,0.1
0.3,3,124.0,0,0,,0,0,0.1,0.1
0.3,3,125.0,0,1,0.0,2,1,0.3,0.2
0.3,3,126.0,0,0,0.0,0,1,0.3,0.3
0.3,3,127.0,0,0,,0,0,0.3,0.3
0.3,3,128.0,0,0,,0,0,0.3,0.3
0.3,3,129.0,0,1,,1,0,0.4,0.3
0.3,3,130.0,0,1,,0,0,0.3,0.2
0.3,3,131.0,0,1,,0,0,0.3,0.2
0.3,3,132.0,0,0,0.0,0,1,0.3,0.3
0.3,3,133.0,0,0,,0,0,0.3,0.3
0.3,3,134.0,0,0,0.0,1,1,0.4,0.4
0.3,3,135.0,0,0,,0,0,0.2,0.3
0.3,3,136.0,0,1,,1,0,0.3,0.2
0.3,3,137.0,0,1,,0,0,0.3,0.2
0.3,3,138.0,0,1,,0,0,0.3,0.2
0.3,3,139.0,0,1,,0,0,0.2,0.2
0.3,3,140.0,0,1,,0,0,0.2,0.2
0.3,3,141.0,0,0,0.0,0,1,0.2,0.3
0.3,3,142.0,0,0,,0,0,0.2,0.2
0.3,3,143.0,0,0,,0,0,0.2,0.2
0.3,3,144.0,0,0,,0,0,0.1,0.1
0.3,3,145.0,0,0,0.0,1,1,0.2,0.2
0.3,3,146.0,0,0,,0,0,0.1,0.2
0.3,3,147.0,0,0,,0,0,0.1,0.2
0.3,3,148.0,0,0,,0,0,0.1,0.2
0.3,3,149.0,0,0,,0,0,0.1,0.2
0.3,3,150.0,1,2,,2,0,0.3,0.2
0.3,3,151.0,0,1,0.0,0,1,0.3,0.2
0.3,3,152.0,0,1,,0,0,0.3,0.2
0.3,3,153.0,0,0,0.8555864611364541,0,1,0.3,0.3
0.3,3,154.0,0,0,,0,0,0.3,0.3
0.3,3,155.0,0,0,,0,0,0.2,0.2
0.3,3,156.0,0,0,,0,0,0.2,0.2
0.3,3,157.0,0,1,,1,0,0.3,0.2
0.3,3,158.0,0,1,,0,0,0.3,0.2
0.3,3,159.0,0,1,,0,0,0.3,0.2
0.3,3,160.0,0,0,0.0,0,1,0.1,0.3
0.3,3,161.0,0,0,,0,0,0.1,0.2
0.3,3,162.0,0,0,,0,0,0.1,0.2
0.3,3,163.0,0,0,,0,0,0.1,0.1
0.3,3,164.0,0,0,,0,0,0.1,0.1
0.3,3,165.0,0,0,,0,0,0.1,0.1
0.3,3,166.0,0,0,,0,0,0.1,0.1
0.3,3,167.0,0,0,,0,0,0.0,0.1
0.3,3,168.0,0,0,,0,0,0.0,0.1
0.3,3,169.0,0,0,,0,0,0.0,0.1
0.3,3,170.0,0,0,,0,0,0.0,0.0
0.3,3,171.0,0,0,,0,0,0.0,0.0
0.3,3,172.0,0,1,,1,0,0.1,0.0
0.3,3,173.0,1,2,,1,0,0.2,0.0
0.3,3,174.0,1,2,,0,0,0.2,0.0
0.3,3,175.0,0,1,0.0,0,1,0.2,0.1
0.3,3,176.0,0,0,1.02657397042978,1,2,0.3,0.3
0.3,3,177.0,0,0,,0,0,0.3,0.3
0.3,3,178.0,0,0,,0,0,0.3,0.3
0.3,3,179.0,0,0,,0,0,0.3,0.3
0.3,3,180.0,0,1,,1,0,0.4,0.3
0.3,3,181.0,0,1,,0,0,0.4,0.3
0.3,3,182.0,0,1,0.0,1,1,0.4,0.4
0.3,3,183.0,0,0,0.0,0,1,0.3,0.5
0.3,3,184.0,0,0,,0,0,0.3,0.5
0.3,3,185.0,0,0,,0,0,0.3,0.4
0.3,3,186.0,0,0,,0,0,0.2,0.2
0.3,3,187.0,0,0,,0,0,0.2,0.2
0.3,3,188.0,0,0,,0,0,0.2,0.2
0.3,3,189.0,0,0,,0,0,0.2,0.2
0.3,3,190.0,0,0,0.0,1,1,0.2,0.3
0.3,3,191.0,0,0,,0,0,0.2,0.3
0.3,3,192.0,0,0,,0,0,0.1,0.2
0.3,3,193.0,0,0,,0,0,0.1,0.1
0.3,3,194.0,0,0,,0,0,0.1,0.1
0.3,3,195.0,0,0,,0,0,0.1,0.1
0.3,3,196.0,0,0,,0,0,0.1,0.1
0.3,3,197.0,0,0,,0,0,0.1,0.1
0.3,3,198.0,0,0,,0,0,0.1,0.1
0.3,3,199.0,0,0,,0,0,0.1,0.1
0.3,3,200.0,0,1,,1,0,0.1,0.0
0.3,3,201.0,0,0,0.0,0,1,0.1,0.1
0.3,3,202.0,0,0,,0,0,0.1,0.1
0.3,3,203.0,0,0,,0,0,0.1,0.1
0.3,3,204.0,0,0,0.0,1,1,0.2,0.2
0.3,3,205.0,0,0,,0,0,0.2,0.2
0.3,3,206.0,0,0,,0,0,0.2,0.2
0.3,3,207.0,0,1,,1,0,0.3,0.2
0.3,3,208.0,0,0,0.0,0,1,0.3,0.3
0.3,3,209.0,0,0,0.0,1,1,0.4,0.4
0.3,3,210.0,0,0,,0,0,0.3,0.4
0.3,3,211.0,0,0,0.0,1,1,0.4,0.4
0.3,3,212.0,0,0,,0,0,0.4,0.4
0.3,3,213.0,0,0,,0,0,0.4,0.4
0.3,3,214.0,0,0,0.0,1,1,0.4,0.4
0.3,3,215.0,0,0,,0,0,0.4,0.4
0.3,3,216.0,0,0,0.0,1,1,0.5,0.5
0.3,3,217.0,0,0,,0,0,0.4,0.5
0.3,3,218.0,0,0,,0,0,0.4,0.4
0.3,3,219.0,0,1,,1,0,0.4,0.3
0.3,3,220.0,1,2,,1,0,0.5,0.3
0.3,3,221.0,0,0,0.722519163809693,0,2,0.4,0.4
0.3,3,222.0,0,0,,0,0,0.4,0.4
0.3,3,223.0,0,1,,1,0,0.5,0.4
0.3,3,224.0,0,1,,0,0,0.4,0.3
0.3,3,225.0,0,0,0.0,0,1,0.4,0.4
0.3,3,226.0,0,0,,0,0,0.3,0.3
0.3,3,227.0,0,0,,0,0,0.3,0.3
0.3,3,228.0,0,0,,0,0,0.3,0.3
0.3,3,229.0,0,0,,0,0,0.2,0.3
0.3,3,230.0,0,0,,0,0,0.1,0.3
0.3,3,231.0,0,0,,0,0,0.1,0.1
0.3,3,232.0,0,0,,0,0,0.1,0.1
0.3,3,233.0,0,0,,0,0,0.0,0.1
0.3,3,234.0,0,0,,0,0,0.0,0.1
0.3,3,235.0,0,0,,0,0,0.0,0.0
0.3,3,236.0,0,0,,0,0,0.0,0.0
0.3,3,237.0,0,0,,0,0,0.0,0.0
0.3,3,238.0,0,0,,0,0,0.0,0.0
0.3,3,239.0,0,0,,0,0,0.0,0.0
0.3,3,240.0,0,0,,0,0,0.0,0.0
0.3,3,241.0,2,3,,3,0,0.3,0.0
0.3,3,242.0,1,2,0.0,0,1,0.3,0.1
0.3,3,243.0,1,2,,0,0,0.3,0.1
0.3,3,244.0,2,3,,1,0,0.4,0.1
0.3,3,245.0,0,1,2.4180090906367564,0,2,0.4,0.3
0.3,3,246.0,0,0,0.7897944809407704,0,1,0.4,0.4
0.3,3,247.0,0,0,,0,0,0.4,0.4
0.3,3,248.0,0,0,,0,0,0.4,0.4
0.3,3,249.0,1,2,,2,0,0.6,0.4
0.3,3,250.0,0,0,0.5246656118128783,0,2,0.6,0.6
0.3,3,251.0,0,0,,0,0,0.3,0.6
0.3,3,252.0,0,0,0.0,1,1,0.4,0.6
0.3,3,253.0,0,0,,0,0,0.4,0.6
0.3,3,254.0,0,0,,0,0,0.3,0.6
0.3,3,255.0,0,1,,1,0,0.4,0.4
0.3,3,256.0,0,0,0.0,0,1,0.4,0.4
0.3,3,257.0,0,0,,0,0,0.4,0.4
0.3,3,258.0,0,0,,0,0,0.4,0.4
0.3,3,259.0,0,1,,1,0,0.3,0.4
0.3,3,260.0,0,1,,0,0,0.3,0.2
0.3,3,261.0,0,0,0.0,0,1,0.3,0.3
0.3,3,262.0,0,0,,0,0,0.2,0.2
0.3,3,263.0,0,0,,0,0,0.2,0.2
0.3,3,264.0,0,1,,1,0,0.3,0.2
0.3,3,265.0,0,0,0.0,0,1,0.2,0.3
0.3,3,266.0,0,0,,0,0,0.2,0.2
0.3,3,267.0,0,0,,0,0,0.2,0.2
0.3,3,268.0,0,0,0.0,1,1,0.3,0.3
0.3,3,269.0,0,0,,0,0,0.2,0.3
0.3,3,270.0,0,0,,0,0,0.2,0.3
0.3,3,271.0,1,2,,2,0,0.4,0.2
0.3,3,272.0,1,2,,0,0,0.4,0.2
0.3,3,273.0,0,1,0.0,0,1,0.4,0.3
0.3,3,274.0,0,1,1.1871313720245382,2,2,0.5,0.5
0.3,3,275.0,0,0,0.3010188849991664,1,2,0.6,0.6
0.3,3,276.0,0,0,,0,0,0.6,0.6
0.3,3,277.0,0,1,0.0,2,1,0.8,0.7
0.3,3,278.0,0,1,0.0,1,1,0.8,0.7
0.3,3,279.0,0,1,0.024692027417188456,1,1,0.9,0.8
0.3,3,280.0,0,1,,0,0,0.9,0.8
0.3,3,281.0,0,1,,0,0,0.7,0.8
0.3,3,282.0,0,0,0.0,0,1,0.7,0.9
0.3,3,283.0,0,0,,0,0,0.7,0.8
0.3,3,284.0,0,0,,0,0,0.5,0.6
0.3,3,285.0,0,0,,0,0,0.4,0.4
0.3,3,286.0,0,0,,0,0,0.4,0.4
0.3,3,287.0,0,0,,0,0,0.2,0.3
0.3,3,288.0,0,0,,0,0,0.1,0.2
0.3,3,289.0,0,0,,0,0,0.0,0.1
0.3,3,290.0,0,0,0.0,1,1,0.1,0.2
0.3,3,291.0,0,0,,0,0,0.1,0.2
0.3,3,292.0,0,0,,0,0,0.1,0.1
0.3,3,293.0,0,0,,0,0,0.1,0.1
0.3,3,294.0,0,0,,0,0,0.1,0.1
0.3,3,295.0,0,0,,0,0,0.1,0.1
0.3,3,296.0,0,1,,1,0,0.2,0.1
0.3,3,297.0,0,0,0.0,0,1,0.2,0.2
0.3,3,298.0,0,0,0.0,1,1,0.3,0.3
0.3,3,299.0,0,1,,1,0,0.4,0.3
0.3,3,300.0,0,1,,0,0,0.3,0.2
0.3,3,301.0,0,1,0.3271939260660588,2,2,0.5,0.4
0.3,3,302.0,0,0,0.2757444835167462,0,1,0.5,0.5
0.3,3,303.0,0,0,,0,0,0.5,0.5
0.3,3,304.0,0,0,,0,0,0.5,0.5
0.3,3,305.0,0,0,,0,0,0.5,0.5
0.3,3,306.0,0,0,,0,0,0.4,0.5
0.3,3,307.0,0,1,,1,0,0.5,0.4
0.3,3,308.0,0,1,,0,0,0.4,0.3
0.3,3,309.0,1,2,,1,0,0.4,0.3
0.3,3,310.0,0,0,0.38852584510144084,0,2,0.4,0.5
0.3,3,311.0,0,1,,1,0,0.3,0.3
0.3,3,312.0,0,1,,0,0,0.3,0.2
0.3,3,313.0,0,0,0.0,0,1,0.3,0.3
0.3,3,314.0,0,0,,0,0,0.3,0.3
0.3,3,315.0,0,0,,0,0,0.3,0.3
0.3,3,316.0,0,0,,0,0,0.3,0.3
0.3,3,317.0,0,1,0.0,2,1,0.4,0.4
0.3,3,318.0,0,0,0.0,0,1,0.4,0.5
0.3,3,319.0,0,0,0.0,1,1,0.4,0.6
0.3,3,320.0,0,0,,0,0,0.4,0.4
0.3,3,321.0,0,0,,0,0,0.3,0.4
0.3,3,322.0,0,0,,0,0,0.3,0.4
0.3,3,323.0,0,0,,0,0,0.3,0.3
0.3,3,324.0,0,0,,0,0,0.3,0.3
0.3,3,325.0,0,0,,0,0,0.3,0.3
0.3,3,326.0,0,0,,0,0,0.3,0.3
0.3,3,327.0,0,0,,0,0,0.1,0.2
0.3,3,328.0,0,1,,1,0,0.2,0.1
0.3,3,329.0,0,0,0.0,0,1,0.1,0.1
0.3,3,330.0,0,0,,0,0,0.1,0.1
0.3,3,331.0,0,0,,0,0,0.1,0.1
0.3,3,332.0,0,0,,0,0,0.1,0.1
0.3,3,333.0,0,0,,0,0,0.1,0.1
0.3,3,334.0,0,0,0.0,1,1,0.2,0.2
0.3,3,335.0,0,0,,0,0,0.2,0.2
0.3,3,336.0,0,0,,0,0,0.2,0.2
0.3,3,337.0,0,0,,0,0,0.2,0.2
0.3,3,338.0,0,0,,0,0,0.1,0.2
0.3,3,339.0,0,0,,0,0,0.1,0.1
0.3,3,340.0,0,1,,1,0,0.2,0.1
0.3,3,341.0,0,0,0.0,0,1,0.2,0.2
0.3,3,342.0,0,0,,0,0,0.2,0.2
0.3,3,343.0,0,0,,0,0,0.2,0.2
0.3,3,344.0,0,0,,0,0,0.1,0.1
0.3,3,345.0,0,0,,0,0,0.1,0.1
0.3,3,346.0,0,0,0.0,1,1,0.2,0.2
0.3,3,347.0,0,0,,0,0,0.2,0.2
0.3,3,348.0,0,0,,0,0,0.2,0.2
0.3,3,349.0,0,1,,1,0,0.3,0.2
0.3,3,350.0,0,1,0.0,1,1,0.3,0.3
0.3,3,351.0,0,0,0.4759513930459889,0,1,0.3,0.3
0.3,3,352.0,0,0,,0,0,0.3,0.3
0.3,3,353.0,0,0,,0,0,0.3,0.3
0.3,3,354.0,0,0,,0,0,0.3,0.3
0.3,3,355.0,0,0,,0,0,0.3,0.3
0.3,3,356.0,0,0,,0,0,0.2,0.2
0.3,3,357.0,0,1,,1,0,0.3,0.2
0.3,3,358.0,0,0,0.0,0,1,0.3,0.3
0.3,3,359.0,0,0,,0,0,0.2,0.3
0.3,3,360.0,0,0,,0,0,0.1,0.2
0.3,3,361.0,0,0,,0,0,0.1,0.1
0.3,3,362.0,0,0,,0,0,0.1,0.1
0.3,3,363.0,0,0,,0,0,0.1,0.1
0.3,3,364.0,0,0,,0,0,0.1,0.1
0.3,3,365.0,0,0,,0,0,0.1,0.1
0.3,3,366.0,0,0,0.0,1,1,0.2,0.2
0.3,3,367.0,0,0,,0,0,0.1,0.2
0.3,3,368.0,0,0,,0,0,0.1,0.1
0.3,3,369.0,0,0,,0,0,0.1,0.1
0.3,3,370.0,0,0,,0,0,0.1,0.1
0.3,3,371.0,0,0,,0,0,0.1,0.1
0.3,3,372.0,0,0,,0,0,0.1,0.1
0.3,3,373.0,0,0,,0,0,0.1,0.1
0.3,3,374.0,0,0,,0,0,0.1,0.1
0.3,3,375.0,0,0,,0,0,0.1,0.1
0.3,3,376.0,0,1,,1,0,0.1,0.0
0.3,3,377.0,0,0,0.0,0,1,0.1,0.1
0.3,3,378.0,0,1,,1,0,0.2,0.1
0.3,3,379.0,0,0,0.0,0,1,0.2,0.2
0.3,3,380.0,0,0,,0,0,0.2,0.2
0.3,3,381.0,0,1,,1,0,0.3,0.2
0.3,3,382.0,0,0,0.0,0,1,0.3,0.3
0.3,3,383.0,0,1,,1,0,0.4,0.3
0.3,3,384.0,0,0,0.0,0,1,0.4,0.4
0.3,3,385.0,0,0,,0,0,0.4,0.4
0.3,3,386.0,0,0,,0,0,0.3,0.4
0.3,3,387.0,0,0,,0,0,0.3,0.3
0.3,3,388.0,0,1,,1,0,0.3,0.3
0.3,3,389.0,0,1,0.0,1,1,0.4,0.3
0.3,3,390.0,0,0,0.0,0,1,0.4,0.4
0.3,3,391.0,1,2,,2,0,0.5,0.4
0.3,3,392.0,1,2,,0,0,0.5,0.3
0.3,3,393.0,1,2,,0,0,0.4,0.3
0.3,3,394.0,1,2,,0,0,0.4,0.2
0.3,3,395.0,1,2,,0,0,0.4,0.2
0.3,3,396.0,0,1,0.0,0,1,0.4,0.3
0.3,3,397.0,0,0,4.80277058097181,0,1,0.4,0.4
0.3,3,398.0,0,0,,0,0,0.3,0.4
0.3,3,399.0,0,0,,0,0,0.2,0.3
0.3,3,400.0,0,0,,0,0,0.2,0.2
0.3,3,401.0,0,0,,0,0,0.0,0.2
0.3,3,402.0,0,0,,0,0,0.0,0.2
0.3,3,403.0,0,0,,0,0,0.0,0.2
0.3,3,404.0,0,1,,1,0,0.1,0.2
0.3,3,405.0,0,1,,0,0,0.1,0.2
0.3,3,406.0,0,0,0.0,0,1,0.1,0.2
0.3,3,407.0,0,1,,1,0,0.2,0.1
0.3,3,408.0,1,2,,1,0,0.3,0.1
0.3,3,409.0,0,0,0.8009784809274265,0,2,0.3,0.3
0.3,3,410.0,0,0,,0,0,0.3,0.3
0.3,3,411.0,0,0,,0,0,0.3,0.3
0.3,3,412.0,0,0,,0,0,0.3,0.3
0.3,3,413.0,0,0,,0,0,0.3,0.3
0.3,3,414.0,0,0,,0,0,0.2,0.3
0.3,3,415.0,0,0,,0,0,0.2,0.3
0.3,3,416.0,0,0,,0,0,0.2,0.2
0.3,3,417.0,0,0,,0,0,0.1,0.2
0.3,3,418.0,0,0,,0,0,0.0,0.2
0.3,3,419.0,0,0,,0,0,0.0,0.0
0.3,3,420.0,0,0,,0,0,0.0,0.0
0.3,3,421.0,0,0,,0,0,0.0,0.0
0.3,3,422.0,0,0,,0,0,0.0,0.0
0.3,3,423.0,0,0,,0,0,0.0,0.0
0.3,3,424.0,0,0,,0,0,0.0,0.0
0.3,3,425.0,0,0,,0,0,0.0,0.0
0.3,3,426.0,0,0,,0,0,0.0,0.0
0.3,3,427.0,0,0,,0,0,0.0,0.0
0.3,3,428.0,0,0,,0,0,0.0,0.0
0.3,3,429.0,0,0,,0,0,0.0,0.0
0.3,3,430.0,0,0,0.0,1,1,0.1,0.1
0.3,3,431.0,0,0,0.0,1,1,0.2,0.2
0.3,3,432.0,0,0,,0,0,0.2,0.2
0.3,3,433.0,0,0,0.0,1,1,0.3,0.3
0.3,3,434.0,0,0,,0,0,0.3,0.3
0.3,3,435.0,0,0,,0,0,0.3,0.3
0.3,3,436.0,0,0,,0,0,0.3,0.3
0.3,3,437.0,0,0,,0,0,0.3,0.3
0.3,3,438.0,0,0,,0,0,0.3,0.3
0.3,3,439.0,0,0,,0,0,0.3,0.3
0.3,3,440.0,0,0,,0,0,0.2,0.2
0.3,3,441.0,0,0,,0,0,0.1,0.1
0.3,3,442.0,0,0,,0,0,0.1,0.1
0.3,3,443.0,0,0,,0,0,0.0,0.0
0.3,3,444.0,0,0,,0,0,0.0,0.0
0.3,3,445.0,0,0,,0,0,0.0,0.0
0.3,3,446.0,0,0,,0,0,0.0,0.0
0.3,3,447.0,0,1,,1,0,0.1,0.0
0.3,3,448.0,0,0,0.0,0,1,0.1,0.1
0.3,3,449.0,0,0,0.0,1,1,0.2,0.2
0.3,3,450.0,0,0,,0,0,0.2,0.2
0.3,3,451.0,0,0,,0,0,0.2,0.2
0.3,3,452.0,0,0,,0,0,0.2,0.2
0.3,3,453.0,0,0,,0,0,0.2,0.2
0.3,3,454.0,0,0,,0,0,0.2,0.2
0.3,3,455.0,0,0,,0,0,0.2,0.2
0.3,3,456.0,0,0,,0,0,0.2,0.2
0.3,3,457.0,0,0,0.0,1,1,0.2,0.3
0.3,3,458.0,0,0,,0,0,0.2,0.2
0.3,3,459.0,0,1,,1,0,0.2,0.1
0.3,3,460.0,0,0,0.0,0,1,0.2,0.2
0.3,3,461.0,0,0,,0,0,0.2,0.2
0.3,3,462.0,0,1,,1,0,0.3,0.2
0.3,3,463.0,0,0,0.0,0,1,0.3,0.3
0.3,3,464.0,0,0,,0,0,0.3,0.3
0.3,3,465.0,0,0,0.0,1,1,0.4,0.4
0.3,3,466.0,0,0,,0,0,0.4,0.4
0.3,3,467.0,0,0,,0,0,0.3,0.3
0.3,3,468.0,0,0,,0,0,0.3,0.3
0.3,3,469.0,0,1,,1,0,0.3,0.3
0.3,3,470.0,0,0,0.0,0,1,0.3,0.3
0.3,3,471.0,0,1,,1,0,0.4,0.3
0.3,3,472.0,0,1,,0,0,0.3,0.3
0.3,3,473.0,0,0,0.0,0,1,0.3,0.3
0.3,3,474.0,0,0,,0,0,0.3,0.3
0.3,3,475.0,0,0,,0,0,0.2,0.2
0.3,3,476.0,0,1,,1,0,0.3,0.2
0.3,3,477.0,0,0,0.0,0,1,0.3,0.3
0.3,3,478.0,0,1,,1,0,0.4,0.3
0.3,3,479.0,0,0,0.0,0,1,0.3,0.4
0.3,3,480.0,0,1,,1,0,0.4,0.3
0.3,3,481.0,0,1,,0,0,0.3,0.3
0.3,3,482.0,0,0,0.0,0,1,0.3,0.4
0.3,3,483.0,0,0,,0,0,0.3,0.3
0.3,3,484.0,0,0,,0,0,0.3,0.3
0.3,3,485.0,0,0,,0,0,0.3,0.3
0.3,3,486.0,0,0,,0,0,0.2,0.3
0.3,3,487.0,0,0,,0,0,0.2,0.2
0.3,3,488.0,0,0,,0,0,0.1,0.2
0.3,3,489.0,0,0,0.0,1,1,0.2,0.2
0.3,3,490.0,0,0,,0,0,0.1,0.2
0.3,3,491.0,0,0,,0,0,0.1,0.2
0.3,3,492.0,0,1,0.0,2,1,0.3,0.2
0.3,3,493.0,0,1,0.0,1,1,0.4,0.3
0.3,3,494.0,1,2,,1,0,0.5,0.3
0.3,3,495.0,1,2,,0,0,0.5,0.3
0.3,3,496.0,1,2,0.43475333847993625,1,1,0.6,0.4
0.3,3,497.0,0,1,1.928450715307008,0,1,0.6,0.5
0.3,3,498.0,0,1,1.1801116999441774,1,1,0.7,0.6
0.3,3,499.0,0,0,0.0,0,1,0.6,0.6
0.3,3,500.0,0,0,,0,0,0.6,0.6
0.3,3,501.0,0,0,,0,0,0.6,0.6
0.3,3,502.0,0,0,,0,0,0.4,0.5
0.3,3,503.0,0,0,,0,0,0.3,0.4
0.3,3,504.0,0,0,,0,0,0.2,0.4
0.3,3,505.0,0,0,,0,0,0.2,0.4
0.3,3,506.0,0,0,,0,0,0.1,0.3
0.3,3,507.0,0,0,,0,0,0.1,0.2
0.3,3,508.0,0,0,,0,0,0.0,0.1
0.3,3,509.0,0,1,,1,0,0.1,0.0
0.3,3,510.0,0,0,0.0,0,1,0.1,0.1
0.3,3,511.0,0,1,0.0,2,1,0.3,0.2
0.3,3,512.0,0,1,,0,0,0.3,0.2
0.3,3,513.0,0,0,0.0,0,1,0.3,0.3
0.3,3,514.0,0,0,,0,0,0.3,0.3
0.3,3,515.0,0,0,0.0,1,1,0.4,0.4
0.3,3,516.0,0,0,,0,0,0.4,0.4
0.3,3,517.0,0,0,,0,0,0.4,0.4
0.3,3,518.0,0,0,0.0,1,1,0.5,0.5
0.3,3,519.0,0,0,,0,0,0.4,0.5
0.3,3,520.0,0,0,,0,0,0.4,0.4
0.3,3,521.0,0,0,,0,0,0.2,0.3
0.3,3,522.0,0,0,,0,0,0.2,0.3
0.3,3,523.0,0,1,,1,0,0.3,0.2
0.3,3,524.0,0,0,0.0,0,1,0.3,0.3
0.3,3,525.0,0,0,,0,0,0.2,0.2
0.3,3,526.0,0,0,,0,0,0.2,0.2
0.3,3,527.0,0,0,,0,0,0.2,0.2
0.3,3,528.0,0,1,,1,0,0.2,0.1
0.3,3,529.0,0,0,0.0,0,1,0.2,0.2
0.3,3,530.0,0,0,,0,0,0.2,0.2
0.3,3,531.0,0,0,,0,0,0.2,0.2
0.3,3,532.0,0,0,,0,0,0.2,0.2
0.3,3,533.0,0,0,,0,0,0.1,0.2
0.3,3,534.0,0,0,,0,0,0.1,0.1
0.3,3,535.0,0,0,,0,0,0.1,0.1
0.3,3,536.0,1,2,,2,0,0.3,0.1
0.3,3,537.0,2,3,,1,0,0.4,0.1
0.3,3,538.0,1,2,0.0,0,1,0.3,0.2
0.3,3,539.0,1,2,,0,0,0.3,0.1
0.3,3,540.0,0,1,2.403167108625553,1,2,0.4,0.3
0.3,3,541.0,0,0,0.11110508645685968,0,1,0.4,0.4
0.3,3,542.0,0,0,,0,0,0.4,0.4
0.3,3,543.0,0,0,,0,0,0.4,0.4
0.3,3,544.0,0,0,,0,0,0.4,0.4
0.3,3,545.0,0,0,,0,0,0.4,0.4
0.3,3,546.0,0,0,0.0,1,1,0.3,0.5
0.3,3,547.0,0,0,,0,0,0.2,0.5
0.3,3,548.0,0,1,0.0,2,1,0.4,0.5
0.3,3,549.0,0,0,0.10641749486376284,0,1,0.4,0.6
0.3,3,550.0,0,0,,0,0,0.3,0.4
0.3,3,551.0,0,0,,0,0,0.3,0.3
0.3,3,552.0,0,0,0.0,1,1,0.4,0.4
0.3,3,553.0,0,1,,1,0,0.5,0.4
0.3,3,554.0,0,0,0.0,0,1,0.5,0.5
0.3,3,555.0,0,0,,0,0,0.5,0.5
0.3,3,556.0,0,1,,1,0,0.5,0.4
0.3,3,557.0,0,0,0.0,0,1,0.5,0.5
0.3,3,558.0,0,0,,0,0,0.3,0.4
0.3,3,559.0,0,1,,1,0,0.4,0.3
0.3,3,560.0,0,1,,0,0,0.4,0.3
0.3,3,561.0,1,2,,1,0,0.5,0.3
0.3,3,562.0,2,3,,1,0,0.5,0.2
0.3,3,563.0,2,3,,0,0,0.4,0.2
0.3,3,564.0,2,3,,0,0,0.4,0.1
0.3,3,565.0,2,3,,0,0,0.4,0.1
0.3,3,566.0,2,3,,0,0,0.3,0.1
0.3,3,567.0,2,3,,0,0,0.3,0.0
0.3,3,568.0,1,2,0.0,0,1,0.3,0.1
0.3,3,569.0,1,2,,0,0,0.2,0.1
0.3,3,570.0,0,1,6.216045303764531,0,1,0.2,0.2
0.3,3,571.0,0,0,7.867236645578146,0,1,0.1,0.3
0.3,3,572.0,0,0,,0,0,0.0,0.3
0.3,3,573.0,0,0,,0,0,0.0,0.3
0.3,3,574.0,0,1,,1,0,0.1,0.3
0.3,3,575.0,0,1,,0,0,0.1,0.3
0.3,3,576.0,0,0,0.0,0,1,0.1,0.4
0.3,3,577.0,0,0,,0,0,0.1,0.4
0.3,3,578.0,0,0,,0,0,0.1,0.3
0.3,3,579.0,0,0,,0,0,0.1,0.3
0.3,3,580.0,0,1,,1,0,0.2,0.2
0.3,3,581.0,0,1,0.0,1,1,0.3,0.2
0.3,3,582.0,0,0,0.2993733397736378,0,1,0.3,0.3
0.3,3,583.0,0,0,,0,0,0.3,0.3
0.3,3,584.0,0,0,,0,0,0.2,0.3
0.3,3,585.0,0,0,,0,0,0.2,0.3
0.3,3,586.0,0,1,,1,0,0.3,0.2
0.3,3,587.0,0,0,0.0,0,1,0.3,0.3
0.3,3,588.0,0,0,,0,0,0.3,0.3
0.3,3,589.0,0,0,,0,0,0.3,0.3
0.3,3,590.0,0,0,,0,0,0.2,0.3
0.3,3,591.0,0,0,,0,0,0.1,0.2
0.3,3,592.0,0,0,,0,0,0.1,0.1
0.3,3,593.0,0,0,,0,0,0.1,0.1
0.3,3,594.0,0,0,,0,0,0.1,0.1
0.3,3,595.0,0,0,,0,0,0.1,0.1
0.3,3,596.0,0,0,,0,0,0.0,0.1
0.3,3,597.0,0,0,,0,0,0.0,0.0
0.3,3,598.0,0,0,,0,0,0.0,0.0
0.3,3,599.0,0,0,,0,0,0.0,0.0
0.3,3,600.0,0,0,,0,0,0.0,0.0
0.3,3,601.0,0,0,,0,0,0.0,0.0
0.3,3,602.0,0,0,,0,0,0.0,0.0
0.3,3,603.0,0,0,,0,0,0.0,0.0
0.3,3,604.0,0,1,0.0,2,1,0.2,0.1
0.3,3,605.0,0,1,0.0,1,1,0.3,0.2
0.3,3,606.0,0,1,,0,0,0.3,0.2
0.3,3,607.0,0,0,0.43508728252140827,0,1,0.3,0.3
0.3,3,608.0,0,1,,1,0,0.4,0.3
0.3,3,609.0,0,1,0.0,1,1,0.5,0.4
0.3,3,610.0,0,1,,0,0,0.5,0.4
0.3,3,611.0,0,0,0.0,0,1,0.5,0.5
0.3,3,612.0,0,0,,0,0,0.5,0.5
0.3,3,613.0,0,0,,0,0,0.5,0.5
0.3,3,614.0,0,0,,0,0,0.3,0.4
0.3,3,615.0,0,0,,0,0,0.2,0.3
0.3,3,616.0,0,0,,0,0,0.2,0.3
0.3,3,617.0,0,0,,0,0,0.2,0.2
0.3,3,618.0,0,0,,0,0,0.1,0.2
0.3,3,619.0,0,0,,0,0,0.0,0.1
0.3,3,620.0,0,0,,0,0,0.0,0.1
0.3,3,621.0,0,0,,0,0,0.0,0.0
0.3,3,622.0,0,0,,0,0,0.0,0.0
0.3,3,623.0,0,0,,0,0,0.0,0.0
0.3,3,624.0,0,0,0.0,1,1,0.1,0.1
0.3,3,625.0,0,0,,0,0,0.1,0.1
0.3,3,626.0,0,0,,0,0,0.1,0.1
0.3,3,627.0,0,0,,0,0,0.1,0.1
0.3,3,628.0,0,0,,0,0,0.1,0.1
0.3,3,629.0,0,0,,0,0,0.1,0.1
0.3,3,630.0,0,1,,1,0,0.2,0.1
0.3,3,631.0,0,0,0.0,0,1,0.2,0.2
0.3,3,632.0,1,2,,2,0,0.4,0.2
0.3,3,633.0,1,2,,0,0,0.4,0.2
0.3,3,634.0,1,2,,0,0,0.3,0.1
0.3,3,635.0,0,1,0.0,0,1,0.3,0.2
0.3,3,636.0,0,1,,0,0,0.3,0.2
0.3,3,637.0,0,0,3.4119686948414483,0,1,0.3,0.3
0.3,3,638.0,0,0,,0,0,0.3,0.3
0.3,3,639.0,0,0,,0,0,0.3,0.3
0.3,3,640.0,0,1,,1,0,0.3,0.3
0.3,3,641.0,0,1,0.0,1,1,0.4,0.3
0.3,3,642.0,0,0,0.22565718428938908,0,1,0.2,0.4
0.3,3,643.0,0,1,,1,0,0.3,0.4
0.3,3,644.0,0,0,0.0,0,1,0.3,0.5
0.3,3,645.0,0,1,,1,0,0.4,0.4
0.3,3,646.0,0,0,0.0,0,1,0.4,0.5
0.3,3,647.0,0,0,,0,0,0.4,0.4
0.3,3,648.0,0,0,,0,0,0.4,0.4
0.3,3,649.0,0,1,,1,0,0.5,0.4
0.3,3,650.0,1,2,,1,0,0.5,0.4
0.3,3,651.0,1,2,,0,0,0.4,0.3
0.3,3,652.0,0,0,0.7634850726898321,0,2,0.4,0.4
0.3,3,653.0,0,0,,0,0,0.3,0.4
0.3,3,654.0,0,0,,0,0,0.3,0.3
0.3,3,655.0,0,0,,0,0,0.2,0.3
0.3,3,656.0,0,0,,0,0,0.2,0.2
0.3,3,657.0,1,2,0.0,3,1,0.5,0.3
0.3,3,658.0,1,2,,0,0,0.5,0.3
0.3,3,659.0,0,0,1.2535920720885088,0,2,0.4,0.5
0.3,3,660.0,0,0,,0,0,0.3,0.5
0.3,3,661.0,0,0,,0,0,0.3,0.5
0.3,3,662.0,0,1,,1,0,0.4,0.3
0.3,3,663.0,0,0,0.0,0,1,0.4,0.4
0.3,3,664.0,0,0,,0,0,0.4,0.4
0.3,3,665.0,0,0,,0,0,0.4,0.4
0.3,3,666.0,0,0,,0,0,0.4,0.4
0.3,3,667.0,0,0,,0,0,0.1,0.3
0.3,3,668.0,0,1,,1,0,0.2,0.3
0.3,3,669.0,0,0,0.0,0,1,0.2,0.2
0.3,3,670.0,0,0,,0,0,0.2,0.2
0.3,3,671.0,0,0,,0,0,0.2,0.2
0.3,3,672.0,0,0,,0,0,0.1,0.2
0.3,3,673.0,0,1,,1,0,0.2,0.1
0.3,3,674.0,0,0,0.0,0,1,0.2,0.2
0.3,3,675.0,0,0,,0,0,0.2,0.2
0.3,3,676.0,0,0,,0,0,0.2,0.2
0.3,3,677.0,0,0,,0,0,0.2,0.2
0.3,3,678.0,0,0,,0,0,0.1,0.2
0.3,3,679.0,0,0,,0,0,0.1,0.1
0.3,3,680.0,0,0,,0,0,0.1,0.1
0.3,3,681.0,0,0,,0,0,0.1,0.1
0.3,3,682.0,0,1,,1,0,0.2,0.1
0.3,3,683.0,0,0,0.0,0,1,0.1,0.2
0.3,3,684.0,0,0,,0,0,0.1,0.1
0.3,3,685.0,0,0,,0,0,0.1,0.1
0.3,3,686.0,0,0,,0,0,0.1,0.1
0.3,3,687.0,0,0,,0,0,0.1,0.1
0.3,3,688.0,0,0,,0,0,0.1,0.1
0.3,3,689.0,0,0,,0,0,0.1,0.1
0.3,3,690.0,0,0,,0,0,0.1,0.1
0.3,3,691.0,0,0,,0,0,0.1,0.1
0.3,3,692.0,0,0,,0,0,0.0,0.1
0.3,3,693.0,0,1,,1,0,0.1,0.0
0.3,3,694.0,1,2,,1,0,0.2,0.0
0.3,3,695.0,0,0,0.5360621744040373,0,2,0.2,0.2
0.3,3,696.0,0,0,,0,0,0.2,0.2
0.3,3,697.0,0,0,,0,0,0.2,0.2
0.3,3,698.0,0,0,,0,0,0.2,0.2
0.3,3,699.0,0,1,,1,0,0.3,0.2
0.3,3,700.0,0,0,0.0,0,1,0.3,0.3
0.3,3,701.0,0,0,,0,0,0.3,0.3
0.3,3,702.0,0,0,,0,0,0.3,0.3
0.3,3,703.0,0,0,,0,0,0.2,0.3
0.3,3,704.0,0,0,,0,0,0.1,0.3
0.3,3,705.0,0,0,,0,0,0.1,0.1
0.3,3,706.0,0,0,,0,0,0.1,0.1
0.3,3,707.0,0,0,,0,0,0.1,0.1
0.3,3,708.0,0,0,,0,0,0.1,0.1
0.3,3,709.0,0,0,,0,0,0.0,0.1
0.3,3,710.0,0,0,,0,0,0.0,0.0
0.3,3,711.0,0,0,,0,0,0.0,0.0
0.3,3,712.0,0,0,,0,0,0.0,0.0
0.3,3,713.0,0,1,,1,0,0.1,0.0
0.3,3,714.0,0,0,0.0,0,1,0.1,0.1
0.3,3,715.0,0,0,,0,0,0.1,0.1
0.3,3,716.0,0,1,,1,0,0.2,0.1
0.3,3,717.0,0,1,0.0,1,1,0.3,0.2
0.3,3,718.0,0,1,,0,0,0.3,0.2
0.3,3,719.0,0,0,0.28984545862982714,1,2,0.4,0.4
0.3,3,720.0,0,0,,0,0,0.4,0.4
0.3,3,721.0,0,0,,0,0,0.4,0.4
0.3,3,722.0,0,0,,0,0,0.4,0.4
0.3,3,723.0,0,0,,0,0,0.3,0.4
0.3,3,724.0,0,1,,1,0,0.4,0.3
0.3,3,725.0,0,0,0.0,0,1,0.4,0.4
0.3,3,726.0,0,1,,1,0,0.4,0.4
0.3,3,727.0,0,0,0.0,0,1,0.3,0.4
0.3,3,728.0,0,0,,0,0,0.3,0.4
0.3,3,729.0,0,0,,0,0,0.2,0.2
0.3,3,730.0,0,0,0.0,1,1,0.3,0.3
0.3,3,731.0,0,0,,0,0,0.3,0.3
0.3,3,732.0,0,0,,0,0,0.3,0.3
0.3,3,733.0,0,1,,1,0,0.4,0.3
0.3,3,734.0,1,2,,1,0,0.4,0.3
0.3,3,735.0,0,0,0.6882591749983931,0,2,0.4,0.4
0.3,3,736.0,0,1,,1,0,0.4,0.4
0.3,3,737.0,0,0,0.0,0,1,0.4,0.4
0.3,3,738.0,0,0,,0,0,0.4,0.4
0.3,3,739.0,0,0,0.0,1,1,0.5,0.5
0.3,3,740.0,0,0,,0,0,0.4,0.4
0.3,3,741.0,0,0,,0,0,0.4,0.4
0.3,3,742.0,0,1,,1,0,0.5,0.4
0.3,3,743.0,0,1,0.0,1,1,0.5,0.5
0.3,3,744.0,0,0,0.0,0,1,0.4,0.6
0.3,3,745.0,0,0,,0,0,0.4,0.4
0.3,3,746.0,0,1,,1,0,0.4,0.4
0.3,3,747.0,1,2,,1,0,0.5,0.3
0.3,3,748.0,0,1,0.0,0,1,0.5,0.4
0.3,3,749.0,0,0,0.419019540565273,0,1,0.4,0.4
0.3,3,750.0,0,1,,1,0,0.5,0.4
0.3,3,751.0,0,0,0.0,0,1,0.5,0.5
0.3,3,752.0,0,0,0.0,1,1,0.5,0.6
0.3,3,753.0,0,0,0.0,1,1,0.5,0.6
0.3,3,754.0,0,0,,0,0,0.5,0.5
0.3,3,755.0,0,0,,0,0,0.5,0.5
0.3,3,756.0,0,1,,1,0,0.5,0.5
0.3,3,757.0,0,1,0.0,1,1,0.5,0.6
0.3,3,758.0,0,0,0.48502096612583045,0,1,0.5,0.6
0.3,3,759.0,0,0,,0,0,0.5,0.5
0.3,3,760.0,0,0,,0,0,0.4,0.5
0.3,3,761.0,0,0,,0,0,0.4,0.4
0.3,3,762.0,0,0,,0,0,0.3,0.3
0.3,3,763.0,0,0,,0,0,0.2,0.2
0.3,3,764.0,0,1,,1,0,0.3,0.2
0.3,3,765.0,0,1,,0,0,0.3,0.2
0.3,3,766.0,0,1,0.0,1,1,0.3,0.3
0.3,3,767.0,0,0,0.1155378364688886,1,2,0.3,0.4
0.3,3,768.0,0,0,,0,0,0.3,0.3
0.3,3,769.0,0,0,,0,0,0.3,0.3
0.3,3,770.0,0,0,0.0,1,1,0.4,0.4
0.3,3,771.0,0,0,,0,0,0.4,0.4
0.3,3,772.0,0,0,,0,0,0.4,0.4
0.3,3,773.0,0,1,,1,0,0.5,0.4
0.3,3,774.0,0,0,0.0,0,1,0.4,0.5
0.3,3,775.0,0,0,,0,0,0.4,0.5
0.3,3,776.0,0,0,,0,0,0.3,0.4
0.3,3,777.0,0,0,,0,0,0.2,0.2
0.3,3,778.0,0,0,,0,0,0.2,0.2
0.3,3,779.0,0,0,,0,0,0.2,0.2
0.3,3,780.0,0,1,,1,0,0.2,0.1
0.3,3,781.0,0,1,0.0,1,1,0.3,0.2
0.3,3,782.0,0,0,0.07135934404936961,0,1,0.3,0.3
0.3,3,783.0,0,0,,0,0,0.2,0.3
0.3,3,784.0,0,0,,0,0,0.2,0.2
0.3,3,785.0,0,0,,0,0,0.2,0.2
0.3,3,786.0,0,0,,0,0,0.2,0.2
0.3,3,787.0,0,0,,0,0,0.2,0.2
0.3,3,788.0,0,0,,0,0,0.2,0.2
0.3,3,789.0,0,0,,0,0,0.2,0.2
0.3,3,790.0,0,0,,0,0,0.1,0.2
0.3,3,791.0,0,0,,0,0,0.0,0.1
0.3,3,792.0,0,0,,0,0,0.0,0.0
0.3,3,793.0,0,0,,0,0,0.0,0.0
0.3,3,794.0,0,1,,1,0,0.1,0.0
0.3,3,795.0,0,0,0.0,0,1,0.1,0.1
0.3,3,796.0,0,0,,0,0,0.1,0.1
0.3,3,797.0,0,0,,0,0,0.1,0.1
0.3,3,798.0,0,0,,0,0,0.1,0.1
0.3,3,799.0,0,0,,0,0,0.1,0.1
0.3,3,800.0,0,0,,0,0,0.1,0.1
0.3,3,801.0,0,1,,1,0,0.2,0.1
0.3,3,802.0,0,1,0.0,1,1,0.3,0.2
0.3,3,803.0,0,0,0.24017042055572801,0,1,0.3,0.3
0.3,3,804.0,0,0,,0,0,0.2,0.3
0.3,3,805.0,0,0,,0,0,0.2,0.2
0.3,3,806.0,0,1,0.0,2,1,0.4,0.3
0.3,3,807.0,0,1,,0,0,0.4,0.3
0.3,3,808.0,0,0,0.0,0,1,0.4,0.4
0.3,3,809.0,0,0,,0,0,0.4,0.4
0.3,3,810.0,0,1,,1,0,0.5,0.4
0.3,3,811.0,0,0,0.0,0,1,0.4,0.5
0.3,3,812.0,0,0,,0,0,0.3,0.4
0.3,3,813.0,0,0,,0,0,0.3,0.3
0.3,3,814.0,0,1,,1,0,0.4,0.3
0.3,3,815.0,0,1,0.0,1,1,0.5,0.4
0.3,3,816.0,0,0,0.0,0,1,0.3,0.4
0.3,3,817.0,0,0,,0,0,0.3,0.4
0.3,3,818.0,0,0,,0,0,0.3,0.3
0.3,3,819.0,0,0,,0,0,0.3,0.3
0.3,3,820.0,0,0,,0,0,0.2,0.3
0.3,3,821.0,0,0,,0,0,0.2,0.2
0.3,3,822.0,0,0,,0,0,0.2,0.2
0.3,3,823.0,0,0,,0,0,0.2,0.2
0.3,3,824.0,0,0,,0,0,0.1,0.2
0.3,3,825.0,0,0,,0,0,0.0,0.1
0.3,3,826.0,0,1,0.0,2,1,0.2,0.1
0.3,3,827.0,0,0,0.0,1,2,0.3,0.3
0.3,3,828.0,0,0,,0,0,0.3,0.3
0.3,3,829.0,0,0,,0,0,0.3,0.3
0.3,3,830.0,0,0,,0,0,0.3,0.3
0.3,3,831.0,0,1,,1,0,0.4,0.3
0.3,3,832.0,0,1,,0,0,0.4,0.3
0.3,3,833.0,0,1,0.0,1,1,0.5,0.4
0.3,3,834.0,0,1,,0,0,0.5,0.4
0.3,3,835.0,0,0,0.0,0,1,0.5,0.5
0.3,3,836.0,0,0,,0,0,0.3,0.4
0.3,3,837.0,0,0,,0,0,0.2,0.2
0.3,3,838.0,0,0,,0,0,0.2,0.2
0.3,3,839.0,0,0,,0,0,0.2,0.2
0.3,3,840.0,0,0,,0,0,0.2,0.2
0.3,3,841.0,0,0,,0,0,0.1,0.2
0.3,3,842.0,0,1,,1,0,0.2,0.2
0.3,3,843.0,0,0,0.0,0,1,0.1,0.2
0.3,3,844.0,0,0,,0,0,0.1,0.2
0.3,3,845.0,0,0,,0,0,0.1,0.1
0.3,3,846.0,0,0,,0,0,0.1,0.1
0.3,3,847.0,0,0,,0,0,0.1,0.1
0.3,3,848.0,0,0,,0,0,0.1,0.1
0.3,3,849.0,0,0,,0,0,0.1,0.1
0.3,3,850.0,0,0,,0,0,0.1,0.1
0.3,3,851.0,0,1,,1,0,0.2,0.1
0.3,3,852.0,0,0,0.0,0,1,0.1,0.2
0.3,3,853.0,0,0,,0,0,0.1,0.1
0.3,3,854.0,0,1,,1,0,0.2,0.1
0.3,3,855.0,0,0,0.0,0,1,0.2,0.2
0.3,3,856.0,0,1,,1,0,0.3,0.2
0.3,3,857.0,0,0,0.0,1,2,0.4,0.4
0.3,3,858.0,0,0,,0,0,0.4,0.4
0.3,3,859.0,0,0,,0,0,0.4,0.4
0.3,3,860.0,0,0,,0,0,0.4,0.4
0.3,3,861.0,0,1,,1,0,0.4,0.4
0.3,3,862.0,0,0,0.0,0,1,0.4,0.4
0.3,3,863.0,0,1,,1,0,0.5,0.4
0.3,3,864.0,0,0,0.0,0,1,0.4,0.5
0.3,3,865.0,0,1,,1,0,0.5,0.4
0.3,3,866.0,2,3,,2,0,0.6,0.4
0.3,3,867.0,1,2,0.0,0,1,0.5,0.3
0.3,3,868.0,0,1,1.1602761309316065,0,1,0.5,0.4
0.3,3,869.0,0,0,1.1225784342923362,0,1,0.5,0.5
0.3,3,870.0,0,0,,0,0,0.5,0.5
0.3,3,871.0,0,0,,0,0,0.4,0.5
0.3,3,872.0,0,0,,0,0,0.4,0.4
0.3,3,873.0,0,1,,1,0,0.4,0.4
0.3,3,874.0,0,1,,0,0,0.4,0.3
0.3,3,875.0,0,0,0.0,0,1,0.3,0.4
0.3,3,876.0,0,0,,0,0,0.1,0.4
0.3,3,877.0,0,0,,0,0,0.1,0.3
0.3,3,878.0,0,0,,0,0,0.1,0.2
0.3,3,879.0,0,0,,0,0,0.1,0.1
0.3,3,880.0,0,0,,0,0,0.1,0.1
0.3,3,881.0,0,0,0.0,2,2,0.3,0.3
0.3,3,882.0,0,1,,1,0,0.4,0.3
0.3,3,883.0,0,1,,0,0,0.3,0.3
0.3,3,884.0,0,0,0.0,0,1,0.3,0.4
0.3,3,885.0,0,0,,0,0,0.3,0.3
0.3,3,886.0,0,0,,0,0,0.3,0.3
0.3,3,887.0,0,0,,0,0,0.3,0.3
0.3,3,888.0,0,1,,1,0,0.4,0.3
0.3,3,889.0,0,0,0.0,0,1,0.4,0.4
0.3,3,890.0,0,0,0.0,1,1,0.5,0.5
0.3,3,891.0,0,0,,0,0,0.3,0.3
0.3,3,892.0,0,0,0.0,1,1,0.3,0.4
0.3,3,893.0,0,1,,1,0,0.4,0.4
0.3,3,894.0,0,0,0.0,0,1,0.4,0.4
0.3,3,895.0,0,0,,0,0,0.4,0.4
0.3,3,896.0,0,0,,0,0,0.4,0.4
0.3,3,897.0,0,1,,1,0,0.5,0.4
0.3,3,898.0,0,1,0.0,1,1,0.5,0.5
0.3,3,899.0,0,0,0.0,1,2,0.6,0.6
0.3,3,900.0,0,0,,0,0,0.5,0.5
0.3,3,901.0,0,0,,0,0,0.5,0.5
0.3,3,902.0,0,0,,0,0,0.4,0.4
0.3,3,903.0,0,1,,1,0,0.4,0.4
0.3,3,904.0,0,0,0.0,0,1,0.4,0.4
0.3,3,905.0,0,0,,0,0,0.4,0.4
0.3,3,906.0,0,0,,0,0,0.4,0.4
0.3,3,907.0,0,0,,0,0,0.3,0.4
0.3,3,908.0,0,0,,0,0,0.2,0.3
0.3,3,909.0,0,1,,1,0,0.2,0.1
0.3,3,910.0,0,0,0.0,0,1,0.2,0.2
0.3,3,911.0,1,2,,2,0,0.4,0.2
0.3,3,912.0,0,1,0.0,0,1,0.4,0.3
0.3,3,913.0,0,1,1.2474944334335305,1,1,0.4,0.4
0.3,3,914.0,0,1,0.30098008830736944,1,1,0.5,0.4
0.3,3,915.0,0,0,0.2764504271547139,0,1,0.5,0.5
0.3,3,916.0,0,0,,0,0,0.5,0.5
0.3,3,917.0,0,0,,0,0,0.5,0.5
0.3,3,918.0,0,0,,0,0,0.5,0.5
0.3,3,919.0,0,0,,0,0,0.4,0.5
0.3,3,920.0,0,0,,0,0,0.4,0.4
0.3,3,921.0,0,0,,0,0,0.2,0.4
0.3,3,922.0,0,0,,0,0,0.2,0.3
0.3,3,923.0,0,0,,0,0,0.1,0.2
0.3,3,924.0,0,0,,0,0,0.0,0.1
0.3,3,925.0,0,0,,0,0,0.0,0.0
0.3,3,926.0,0,0,,0,0,0.0,0.0
0.3,3,927.0,0,0,,0,0,0.0,0.0
0.3,3,928.0,0,0,0.0,1,1,0.1,0.1
0.3,3,929.0,0,0,,0,0,0.1,0.1
0.3,3,930.0,0,0,0.0,1,1,0.2,0.2
0.3,3,931.0,0,0,0.0,1,1,0.3,0.3
0.3,3,932.0,0,0,,0,0,0.3,0.3
0.3,3,933.0,0,0,,0,0,0.3,0.3
0.3,3,934.0,0,0,,0,0,0.3,0.3
0.3,3,935.0,0,0,,0,0,0.3,0.3
0.3,3,936.0,0,0,,0,0,0.3,0.3
0.3,3,937.0,0,0,,0,0,0.3,0.3
0.3,3,938.0,0,0,,0,0,0.2,0.2
0.3,3,939.0,0,0,,0,0,0.2,0.2
0.3,3,940.0,0,0,,0,0,0.1,0.1
0.3,3,941.0,0,1,,1,0,0.1,0.0
0.3,3,942.0,0,0,0.0,0,1,0.1,0.1
0.3,3,943.0,0,0,,0,0,0.1,0.1
0.3,3,944.0,0,0,,0,0,0.1,0.1
0.3,3,945.0,0,0,,0,0,0.1,0.1
0.3,3,946.0,0,0,,0,0,0.1,0.1
0.3,3,947.0,0,0,,0,0,0.1,0.1
0.3,3,948.0,0,0,0.0,1,1,0.2,0.2
0.3,3,949.0,0,0,,0,0,0.2,0.2
0.3,3,950.0,0,0,,0,0,0.2,0.2
0.3,3,951.0,0,0,,0,0,0.1,0.2
0.3,3,952.0,0,1,,1,0,0.2,0.1
0.3,3,953.0,0,0,0.0,0,1,0.2,0.2
0.3,3,954.0,0,0,,0,0,0.2,0.2
0.3,3,955.0,0,0,,0,0,0.2,0.2
0.3,3,956.0,0,0,,0,0,0.2,0.2
0.3,3,957.0,0,0,,0,0,0.2,0.2
0.3,3,958.0,0,0,0.0,1,1,0.2,0.2
0.3,3,959.0,0,0,,0,0,0.2,0.2
0.3,3,960.0,0,0,0.0,1,1,0.3,0.3
0.3,3,961.0,0,0,,0,0,0.3,0.3
0.3,3,962.0,0,1,,1,0,0.3,0.3
0.3,3,963.0,0,0,0.0,0,1,0.3,0.3
0.3,3,964.0,0,0,,0,0,0.3,0.3
0.3,3,965.0,0,0,,0,0,0.3,0.3
0.3,3,966.0,0,0,,0,0,0.3,0.3
0.3,3,967.0,0,0,,0,0,0.3,0.3
0.3,3,968.0,0,0,,0,0,0.2,0.2
0.3,3,969.0,0,0,,0,0,0.2,0.2
0.3,3,970.0,1,2,,2,0,0.3,0.1
0.3,3,971.0,2,3,,1,0,0.4,0.1
0.3,3,972.0,0,1,0.547887647295056,0,2,0.3,0.3
0.3,3,973.0,0,1,0.5578767916529159,2,2,0.5,0.4
0.3,3,974.0,1,2,,1,0,0.6,0.4
0.3,3,975.0,0,1,0.140456695221701,0,1,0.6,0.5
0.3,3,976.0,0,0,1.3409142670186611,0,1,0.6,0.6
0.3,3,977.0,0,0,,0,0,0.6,0.6
0.3,3,978.0,0,0,,0,0,0.6,0.6
0.3,3,979.0,0,0,0.0,1,1,0.7,0.7
0.3,3,980.0,0,0,,0,0,0.5,0.7
0.3,3,981.0,0,0,,0,0,0.4,0.7
0.3,3,982.0,0,1,,1,0,0.5,0.5
0.3,3,983.0,0,0,0.0,1,2,0.4,0.5
0.3,3,984.0,0,0,,0,0,0.3,0.5
0.3,3,985.0,0,0,,0,0,0.3,0.4
0.3,3,986.0,0,0,,0,0,0.3,0.3
0.3,3,987.0,0,0,,0,0,0.3,0.3
0.3,3,988.0,0,0,,0,0,0.3,0.3
0.3,3,989.0,0,0,0.0,1,1,0.3,0.3
0.3,3,990.0,0,0,,0,0,0.3,0.3
0.3,3,991.0,0,0,,0,0,0.3,0.3
0.3,3,992.0,0,0,,0,0,0.2,0.3
0.3,3,993.0,0,0,,0,0,0.1,0.1
0.3,3,994.0,0,0,,0,0,0.1,0.1
0.3,3,995.0,0,0,,0,0,0.1,0.1
0.3,3,996.0,0,0,,0,0,0.1,0.1
0.3,3,997.0,0,0,,0,0,0.1,0.1
0.3,3,998.0,0,1,,1,0,0.2,0.1
0.3,3,999.0,0,1,,0,0,0.1,0.0
0.3,3,1000.0,0,0,0.0,0,1,0.1,0.1
0.3,3,1001.0,0,0,0.0,1,1,0.2,0.2
0.3,3,1002.0,0,0,,0,0,0.2,0.2
0.3,3,1003.0,0,0,,0,0,0.2,0.2
0.3,3,1004.0,0,0,,0,0,0.2,0.2
0.3,3,1005.0,0,1,,1,0,0.3,0.2
0.3,3,1006.0,0,1,0.0,1,1,0.4,0.3
0.3,3,1007.0,1,2,,1,0,0.5,0.3
0.3,3,1008.0,1,2,0.3665880054363697,1,1,0.5,0.4
0.3,3,1009.0,0,1,1.2400905794706887,0,1,0.5,0.5
0.3,3,1010.0,0,0,1.130979249234315,0,1,0.5,0.5
0.3,3,1011.0,1,2,,2,0,0.6,0.4
0.3,3,1012.0,0,1,0.0,0,1,0.6,0.5
0.3,3,1013.0,0,0,1.292002463985682,0,1,0.6,0.6
0.3,3,1014.0,0,1,,1,0,0.7,0.6
0.3,3,1015.0,0,1,,0,0,0.6,0.6
0.3,3,1016.0,0,1,,0,0,0.5,0.5
0.3,3,1017.0,0,0,0.0,0,1,0.4,0.6
0.3,3,1018.0,0,1,,1,0,0.4,0.5
0.3,3,1019.0,0,1,,0,0,0.4,0.4
0.3,3,1020.0,0,0,0.07694122075452015,1,2,0.5,0.5
0.3,3,1021.0,0,0,,0,0,0.3,0.5
0.3,3,1022.0,0,0,,0,0,0.3,0.4
0.3,3,1023.0,0,0,,0,0,0.3,0.3
0.3,3,1024.0,0,0,,0,0,0.2,0.3
0.3,3,1025.0,0,0,,0,0,0.2,0.3
0.3,3,1026.0,0,0,,0,0,0.2,0.3
0.3,3,1027.0,0,0,,0,0,0.2,0.2
0.3,3,1028.0,0,0,,0,0,0.1,0.2
0.3,3,1029.0,0,0,,0,0,0.1,0.2
0.3,3,1030.0,0,0,,0,0,0.0,0.0
0.3,3,1031.0,0,0,,0,0,0.0,0.0
0.3,3,1032.0,0,0,,0,0,0.0,0.0
0.3,3,1033.0,0,0,,0,0,0.0,0.0
0.3,3,1034.0,0,0,,0,0,0.0,0.0
0.3,3,1035.0,0,0,,0,0,0.0,0.0
0.3,3,1036.0,0,0,,0,0,0.0,0.0
0.3,3,1037.0,0,0,,0,0,0.0,0.0
0.3,3,1038.0,0,0,,0,0,0.0,0.0
0.3,3,1039.0,0,0,,0,0,0.0,0.0
0.3,3,1040.0,0,1,,1,0,0.1,0.0
0.3,3,1041.0,0,0,0.0,0,1,0.1,0.1
0.3,3,1042.0,0,0,,0,0,0.1,0.1
0.3,3,1043.0,0,0,,0,0,0.1,0.1
0.3,3,1044.0,0,0,,0,0,0.1,0.1
0.3,3,1045.0,0,0,,0,0,0.1,0.1
0.3,3,1046.0,0,0,,0,0,0.1,0.1
0.3,3,1047.0,0,0,,0,0,0.1,0.1
0.3,3,1048.0,0,0,,0,0,0.1,0.1
0.3,3,1049.0,0,0,,0,0,0.1,0.1
0.3,3,1050.0,0,0,,0,0,0.0,0.1
0.3,3,1051.0,0,0,,0,0,0.0,0.0
0.3,3,1052.0,0,0,0.0,2,2,0.2,0.2
0.3,3,1053.0,0,0,,0,0,0.2,0.2
0.3,3,1054.0,0,0,,0,0,0.2,0.2
0.3,3,1055.0,0,0,0.0,1,1,0.3,0.3
0.3,3,1056.0,0,0,0.0,1,1,0.4,0.4
0.3,3,1057.0,0,1,,1,0,0.5,0.4
0.3,3,1058.0,0,0,0.0,0,1,0.5,0.5
0.3,3,1059.0,0,0,,0,0,0.5,0.5
0.3,3,1060.0,0,0,,0,0,0.5,0.5
0.3,3,1061.0,0,0,,0,0,0.5,0.5
0.3,3,1062.0,0,0,,0,0,0.3,0.3
0.3,3,1063.0,0,0,,0,0,0.3,0.3
0.3,3,1064.0,0,0,,0,0,0.3,0.3
0.3,3,1065.0,0,0,,0,0,0.2,0.2
0.3,3,1066.0,0,0,,0,0,0.1,0.1
0.3,3,1067.0,0,0,,0,0,0.0,0.1
0.3,3,1068.0,0,0,,0,0,0.0,0.0
0.3,3,1069.0,0,0,,0,0,0.0,0.0
0.3,3,1070.0,0,0,,0,0,0.0,0.0
0.3,3,1071.0,0,0,,0,0,0.0,0.0
0.3,3,1072.0,0,0,,0,0,0.0,0.0
0.3,3,1073.0,0,0,,0,0,0.0,0.0
0.3,3,1074.0,0,0,0.12187106714975471,2,2,0.2,0.2
0.3,3,1075.0,0,0,,0,0,0.2,0.2
0.3,3,1076.0,0,0,0.0,1,1,0.3,0.3
0.3,3,1077.0,0,0,,0,0,0.3,0.3
0.3,3,1078.0,0,1,,1,0,0.4,0.3
0.3,3,1079.0,0,0,0.0,0,1,0.4,0.4
0.3,3,1080.0,0,0,,0,0,0.4,0.4
0.3,3,1081.0,0,0,,0,0,0.4,0.4
0.3,3,1082.0,0,0,,0,0,0.4,0.4
0.3,3,1083.0,0,0,,0,0,0.4,0.4
0.3,3,1084.0,0,0,,0,0,0.2,0.2
0.3,3,1085.0,0,0,0.0,1,1,0.3,0.3
0.3,3,1086.0,0,0,,0,0,0.2,0.2
0.3,3,1087.0,0,0,,0,0,0.2,0.2
0.3,3,1088.0,0,0,,0,0,0.1,0.2
0.3,3,1089.0,0,0,,0,0,0.1,0.1
0.3,3,1090.0,0,1,,1,0,0.2,0.1
0.3,3,1091.0,0,1,0.0,1,1,0.3,0.2
0.3,3,1092.0,0,1,,0,0,0.3,0.2
0.3,3,1093.0,0,0,0.0,0,1,0.3,0.3
0.3,3,1094.0,0,0,,0,0,0.3,0.3
0.3,3,1095.0,0,0,,0,0,0.2,0.2
0.3,3,1096.0,0,0,,0,0,0.2,0.2
0.3,3,1097.0,0,0,,0,0,0.2,0.2
0.3,3,1098.0,0,0,,0,0,0.2,0.2
0.3,3,1099.0,0,0,,0,0,0.2,0.2
0.3,3,1100.0,0,0,,0,0,0.1,0.2
0.3,3,1101.0,0,0,,0,0,0.0,0.1
0.3,3,1102.0,0,0,,0,0,0.0,0.1
0.3,3,1103.0,0,0,,0,0,0.0,0.0
0.3,3,1104.0,0,0,,0,0,0.0,0.0
0.3,3,1105.0,0,0,0.0,1,1,0.1,0.1
0.3,3,1106.0,0,0,,0,0,0.1,0.1
0.3,3,1107.0,1,2,,2,0,0.3,0.1
0.3,3,1108.0,0,0,0.2891241996376266,0,2,0.3,0.3
0.3,3,1109.0,0,1,,1,0,0.4,0.3
0.3,3,1110.0,1,2,,1,0,0.5,0.3
0.3,3,1111.0,0,1,0.0,0,1,0.5,0.4
0.3,3,1112.0,0,0,1.6751575048951963,0,1,0.5,0.5
0.3,3,1113.0,0,0,0.0,1,1,0.6,0.6
0.3,3,1114.0,0,0,,0,0,0.6,0.6
0.3,3,1115.0,0,0,,0,0,0.5,0.5
0.3,3,1116.0,0,0,,0,0,0.5,0.5
0.3,3,1117.0,0,1,,1,0,0.4,0.5
0.3,3,1118.0,0,0,0.0,0,1,0.4,0.4
0.3,3,1119.0,0,0,,0,0,0.3,0.4
0.3,3,1120.0,0,0,,0,0,0.2,0.4
0.3,3,1121.0,0,0,,0,0,0.2,0.3
0.3,3,1122.0,0,1,,1,0,0.3,0.2
0.3,3,1123.0,0,0,0.0,0,1,0.2,0.2
0.3,3,1124.0,0,0,,0,0,0.2,0.2
0.3,3,1125.0,1,2,,2,0,0.4,0.2
0.3,3,1126.0,1,2,0.0,1,1,0.5,0.3
0.3,3,1127.0,1,2,,0,0,0.4,0.3
0.3,3,1128.0,0,1,1.5814276053949925,1,2,0.5,0.4
0.3,3,1129.0,0,0,0.6396347605380015,0,1,0.5,0.5
0.3,3,1130.0,0,0,,0,0,0.5,0.5
0.3,3,1131.0,0,0,,0,0,0.5,0.5
0.3,3,1132.0,0,1,,1,0,0.5,0.5
0.3,3,1133.0,0,0,0.0,1,2,0.6,0.6
0.3,3,1134.0,0,1,0.0,2,1,0.8,0.7
0.3,3,1135.0,0,1,0.03897692581085721,1,1,0.7,0.8
0.3,3,1136.0,0,0,0.0,0,1,0.6,0.8
0.3,3,1137.0,0,0,,0,0,0.6,0.8
0.3,3,1138.0,0,1,,1,0,0.6,0.6
0.3,3,1139.0,0,0,0.0,0,1,0.6,0.6
0.3,3,1140.0,0,0,,0,0,0.6,0.6
0.3,3,1141.0,1,2,,2,0,0.8,0.6
0.3,3,1142.0,0,0,0.4577049489738556,0,2,0.7,0.8
0.3,3,1143.0,0,0,,0,0,0.6,0.6
0.3,3,1144.0,0,1,,1,0,0.5,0.5
0.3,3,1145.0,0,0,0.0,0,1,0.4,0.5
0.3,3,1146.0,0,0,0.0,1,1,0.5,0.5
0.3,3,1147.0,0,0,,0,0,0.5,0.5
0.3,3,1148.0,0,0,,0,0,0.4,0.5
0.3,3,1149.0,0,0,,0,0,0.4,0.4
0.3,3,1150.0,0,0,,0,0,0.4,0.4
0.3,3,1151.0,0,0,,0,0,0.2,0.4
0.3,3,1152.0,0,1,,1,0,0.3,0.2
0.3,3,1153.0,0,1,,0,0,0.3,0.2
0.3,3,1154.0,0,0,0.0,0,1,0.2,0.3
0.3,3,1155.0,0,0,,0,0,0.2,0.2
0.3,3,1156.0,0,0,0.0,1,1,0.2,0.2
0.3,3,1157.0,0,0,,0,0,0.2,0.2
0.3,3,1158.0,0,0,,0,0,0.2,0.2
0.3,3,1159.0,0,1,,1,0,0.3,0.2
0.3,3,1160.0,0,1,0.0,1,1,0.4,0.3
0.3,3,1161.0,0,0,0.11966054930906012,1,2,0.5,0.5
0.3,3,1162.0,0,0,,0,0,0.4,0.5
0.3,3,1163.0,0,0,,0,0,0.4,0.5
0.3,3,1164.0,0,0,,0,0,0.4,0.4
0.3,3,1165.0,0,0,,0,0,0.4,0.4
0.3,3,1166.0,0,0,,0,0,0.3,0.3
0.3,3,1167.0,0,0,,0,0,0.3,0.3
0.3,3,1168.0,0,0,0.0,1,1,0.4,0.4
0.3,3,1169.0,0,0,,0,0,0.3,0.4
0.3,3,1170.0,0,0,,0,0,0.2,0.3
0.3,3,1171.0,0,0,,0,0,0.1,0.1
0.3,3,1172.0,0,0,,0,0,0.1,0.1
0.3,3,1173.0,0,0,,0,0,0.1,0.1
0.3,3,1174.0,0,0,,0,0,0.1,0.1
0.3,3,1175.0,0,0,,0,0,0.1,0.1
0.3,3,1176.0,0,0,,0,0,0.1,0.1
0.3,3,1177.0,0,1,,1,0,0.2,0.1
0.3,3,1178.0,0,0,0.0,0,1,0.1,0.1
0.3,3,1179.0,0,0,,0,0,0.1,0.1
0.3,3,1180.0,0,1,,1,0,0.2,0.1
0.3,3,1181.0,0,1,0.0,1,1,0.3,0.2
0.3,3,1182.0,0,1,,0,0,0.3,0.2
0.3,3,1183.0,0,1,,0,0,0.3,0.2
0.3,3,1184.0,0,0,0.7487861760466785,0,1,0.3,0.3
0.3,3,1185.0,0,0,,0,0,0.3,0.3
0.3,3,1186.0,0,0,,0,0,0.3,0.3
0.3,3,1187.0,0,0,,0,0,0.2,0.3
0.3,3,1188.0,0,1,,1,0,0.3,0.2
0.3,3,1189.0,0,0,0.0,1,2,0.4,0.4
0.3,3,1190.0,0,0,,0,0,0.3,0.4
0.3,3,1191.0,0,0,,0,0,0.2,0.3
0.3,3,1192.0,0,0,,0,0,0.2,0.3
0.3,3,1193.0,0,1,,1,0,0.3,0.3
0.3,3,1194.0,0,0,0.0,1,2,0.4,0.4
0.3,3,1195.0,0,0,0.0,1,1,0.5,0.5
0.3,3,1196.0,0,0,,0,0,0.5,0.5
0.3,3,1197.0,0,0,,0,0,0.5,0.5
0.3,3,1198.0,0,0,,0,0,0.4,0.5
0.3,3,1199.0,0,0,,0,0,0.3,0.3
0.3,3,1200.0,0,0,,0,0,0.3,0.3
0.3,3,1201.0,0,0,,0,0,0.3,0.3
0.3,3,1202.0,0,1,,1,0,0.4,0.3
0.3,3,1203.0,1,2,,1,0,0.4,0.3
0.3,3,1204.0,2,3,,1,0,0.4,0.1
0.3,3,1205.0,2,3,,0,0,0.3,0.0
0.3,3,1206.0,3,4,,1,0,0.4,0.0
0.3,3,1207.0,1,2,1.8928707899386836,0,2,0.4,0.2
0.3,3,1208.0,0,0,2.7130992646624463,0,2,0.4,0.4
0.3,3,1209.0,0,0,0.0,1,1,0.5,0.5
0.3,3,1210.0,0,0,,0,0,0.5,0.5
0.3,3,1211.0,0,1,,1,0,0.6,0.5
0.3,3,1212.0,0,0,0.0,0,1,0.5,0.6
0.3,3,1213.0,0,0,,0,0,0.4,0.6
0.3,3,1214.0,0,0,,0,0,0.3,0.6
0.3,3,1215.0,0,0,,0,0,0.3,0.6
0.3,3,1216.0,0,0,,0,0,0.2,0.6
0.3,3,1217.0,0,0,,0,0,0.2,0.4
0.3,3,1218.0,0,0,,0,0,0.2,0.2
0.3,3,1219.0,0,0,,0,0,0.1,0.1
0.3,3,1220.0,0,0,,0,0,0.1,0.1
0.3,3,1221.0,0,0,,0,0,0.0,0.1
0.3,3,1222.0,0,0,0.0,1,1,0.1,0.1
0.3,3,1223.0,0,0,,0,0,0.1,0.1
0.3,3,1224.0,0,0,,0,0,0.1,0.1
0.3,3,1225.0,0,1,,1,0,0.2,0.1
0.3,3,1226.0,0,1,,0,0,0.2,0.1
0.3,3,1227.0,0,0,0.0,0,1,0.2,0.2
0.3,3,1228.0,0,0,,0,0,0.2,0.2
0.3,3,1229.0,0,0,,0,0,0.2,0.2
0.3,3,1230.0,0,0,,0,0,0.2,0.2
0.3,3,1231.0,0,0,,0,0,0.2,0.2
0.3,3,1232.0,0,0,,0,0,0.1,0.1
0.3,3,1233.0,0,0,,0,0,0.1,0.1
0.3,3,1234.0,0,0,,0,0,0.1,0.1
0.3,3,1235.0,0,0,,0,0,0.0,0.1
0.3,3,1236.0,0,0,,0,0,0.0,0.1
0.3,3,1237.0,0,0,,0,0,0.0,0.0
0.3,3,1238.0,0,0,0.0,1,1,0.1,0.1
0.3,3,1239.0,0,1,,1,0,0.2,0.1
0.3,3,1240.0,1,2,,1,0,0.3,0.1
0.3,3,1241.0,0,0,0.4241294994509417,0,2,0.3,0.3
0.3,3,1242.0,0,0,,0,0,0.3,0.3
0.3,3,1243.0,0,0,,0,0,0.3,0.3
0.3,3,1244.0,0,0,,0,0,0.3,0.3
0.3,3,1245.0,0,0,,0,0,0.3,0.3
0.3,3,1246.0,0,0,,0,0,0.3,0.3
0.3,3,1247.0,0,1,,1,0,0.4,0.3
0.3,3,1248.0,0,1,,0,0,0.3,0.2
0.3,3,1249.0,0,1,,0,0,0.2,0.2
0.3,3,1250.0,0,1,,0,0,0.1,0.2
0.3,3,1251.0,0,0,0.0,0,1,0.1,0.1
0.3,3,1252.0,0,0,,0,0,0.1,0.1
0.3,3,1253.0,0,0,,0,0,0.1,0.1
0.3,3,1254.0,0,0,0.0,1,1,0.2,0.2
0.3,3,1255.0,0,1,,1,0,0.3,0.2
0.3,3,1256.0,0,1,,0,0,0.3,0.2
0.3,3,1257.0,1,2,,1,0,0.3,0.2
0.3,3,1258.0,2,3,,1,0,0.4,0.2
0.3,3,1259.0,1,2,0.0,0,1,0.4,0.3
0.3,3,1260.0,0,1,1.9232757579036388,0,1,0.4,0.4
0.3,3,1261.0,0,1,1.4579683362828746,1,1,0.5,0.4
0.3,3,1262.0,0,0,0.0,0,1,0.5,0.5
0.3,3,1263.0,0,0,0.0,1,1,0.6,0.6
0.3,3,1264.0,0,0,,0,0,0.5,0.5
0.3,3,1265.0,0,0,,0,0,0.4,0.5
0.3,3,1266.0,0,0,,0,0,0.4,0.5
0.3,3,1267.0,0,0,,0,0,0.3,0.5
0.3,3,1268.0,0,0,,0,0,0.2,0.5
0.3,3,1269.0,0,0,,0,0,0.2,0.4
0.3,3,1270.0,0,0,,0,0,0.2,0.3
0.3,3,1271.0,0,1,,1,0,0.2,0.2
0.3,3,1272.0,0,1,,0,0,0.2,0.1
0.3,3,1273.0,0,1,,0,0,0.1,0.0
0.3,3,1274.0,0,0,0.0,1,2,0.2,0.2
0.3,3,1275.0,0,0,,0,0,0.2,0.2
0.3,3,1276.0,0,0,,0,0,0.2,0.2
0.3,3,1277.0,0,0,,0,0,0.2,0.2
0.3,3,1278.0,0,1,,1,0,0.3,0.2
0.3,3,1279.0,0,1,,0,0,0.3,0.2
0.3,3,1280.0,0,0,0.0,0,1,0.3,0.3
0.3,3,1281.0,0,1,0.0,2,1,0.4,0.4
0.3,3,1282.0,1,2,0.5540759354994407,2,1,0.6,0.5
0.3,3,1283.0,0,0,0.28140349023738054,0,2,0.6,0.7
0.3,3,1284.0,0,0,,0,0,0.5,0.5
0.3,3,1285.0,0,1,,1,0,0.6,0.5
0.3,3,1286.0,0,1,,0,0,0.6,0.5
0.3,3,1287.0,1,2,,1,0,0.7,0.5
0.3,3,1288.0,0,1,0.0,0,1,0.6,0.6
0.3,3,1289.0,0,0,1.395846359466077,0,1,0.6,0.7
0.3,3,1290.0,0,0,,0,0,0.6,0.6
0.3,3,1291.0,0,0,0.0,1,1,0.5,0.6
0.3,3,1292.0,0,0,,0,0,0.3,0.5
0.3,3,1293.0,0,0,0.0,1,1,0.4,0.4
0.3,3,1294.0,0,0,,0,0,0.4,0.4
0.3,3,1295.0,0,0,,0,0,0.3,0.4
0.3,3,1296.0,0,0,,0,0,0.3,0.4
0.3,3,1297.0,0,0,,0,0,0.2,0.4
0.3,3,1298.0,0,0,,0,0,0.2,0.3
0.3,3,1299.0,1,2,,2,0,0.4,0.2
0.3,3,1300.0,1,2,,0,0,0.4,0.2
0.3,3,1301.0,0,0,0.9476208469936864,0,2,0.3,0.3
0.3,3,1302.0,0,0,,0,0,0.3,0.3
0.3,3,1303.0,0,1,,1,0,0.3,0.2
0.3,3,1304.0,0,0,0.0,0,1,0.3,0.3
0.3,3,1305.0,0,0,,0,0,0.3,0.3
0.3,3,1306.0,0,0,,0,0,0.3,0.3
0.3,3,1307.0,0,0,,0,0,0.3,0.3
0.3,3,1308.0,0,0,,0,0,0.3,0.3
0.3,3,1309.0,0,0,,0,0,0.1,0.3
0.3,3,1310.0,0,0,,0,0,0.1,0.3
0.3,3,1311.0,0,0,,0,0,0.1,0.1
0.3,3,1312.0,0,0,,0,0,0.1,0.1
0.3,3,1313.0,0,0,,0,0,0.0,0.1
0.3,3,1314.0,0,0,,0,0,0.0,0.0
0.3,3,1315.0,0,0,,0,0,0.0,0.0
0.3,3,1316.0,1,2,,2,0,0.2,0.0
0.3,3,1317.0,2,3,,1,0,0.3,0.0
0.3,3,1318.0,2,3,,0,0,0.3,0.0
0.3,3,1319.0,2,3,,0,0,0.3,0.0
0.3,3,1320.0,2,3,,0,0,0.3,0.0
0.3,3,1321.0,2,3,0.0,1,1,0.4,0.1
0.3,3,1322.0,2,3,,0,0,0.4,0.1
0.3,3,1323.0,2,3,4.5113477647214495,1,1,0.5,0.2
0.3,3,1324.0,0,1,3.2612126121959335,1,3,0.6,0.5
0.3,3,1325.0,0,0,0.2165102406936512,0,1,0.6,0.6
0.3,3,1326.0,0,0,,0,0,0.4,0.6
0.3,3,1327.0,0,0,,0,0,0.3,0.6
0.3,3,1328.0,0,0,,0,0,0.3,0.6
0.3,3,1329.0,0,0,,0,0,0.3,0.6
0.3,3,1330.0,0,0,0.0,1,1,0.4,0.7
0.3,3,1331.0,0,0,,0,0,0.3,0.6
0.3,3,1332.0,0,0,,0,0,0.3,0.6
0.3,3,1333.0,0,0,,0,0,0.2,0.5
0.3,3,1334.0,0,0,,0,0,0.1,0.2
0.3,3,1335.0,0,0,,0,0,0.1,0.1
0.3,3,1336.0,0,0,,0,0,0.1,0.1
0.3,3,1337.0,0,0,,0,0,0.1,0.1
0.3,3,1338.0,0,0,0.0,1,1,0.2,0.2
0.3,3,1339.0,0,0,0.0,1,1,0.3,0.3
0.3,3,1340.0,0,0,,0,0,0.2,0.2
0.3,3,1341.0,0,0,,0,0,0.2,0.2
0.3,3,1342.0,0,0,,0,0,0.2,0.2
0.3,3,1343.0,0,0,,0,0,0.2,0.2
0.3,3,1344.0,0,1,,1,0,0.3,0.2
0.3,3,1345.0,0,0,0.0,0,1,0.3,0.3
0.3,3,1346.0,0,1,,1,0,0.4,0.3
0.3,3,1347.0,0,0,0.0,0,1,0.4,0.4
0.3,3,1348.0,0,0,,0,0,0.3,0.3
0.3,3,1349.0,0,0,,0,0,0.2,0.2
0.3,3,1350.0,0,0,,0,0,0.2,0.2
0.3,3,1351.0,0,0,,0,0,0.2,0.2
0.3,3,1352.0,0,0,0.0,1,1,0.3,0.3
0.3,3,1353.0,0,0,,0,0,0.3,0.3
0.3,3,1354.0,0,0,,0,0,0.2,0.3
0.3,3,1355.0,0,0,,0,0,0.2,0.2
0.3,3,1356.0,0,0,,0,0,0.1,0.2
0.3,3,1357.0,0,0,,0,0,0.1,0.1
0.3,3,1358.0,0,0,,0,0,0.1,0.1
0.3,3,1359.0,0,1,,1,0,0.2,0.1
0.3,3,1360.0,0,0,0.0,0,1,0.2,0.2
0.3,3,1361.0,0,0,,0,0,0.2,0.2
0.3,3,1362.0,0,0,,0,0,0.1,0.1
0.3,3,1363.0,0,0,,0,0,0.1,0.1
0.3,3,1364.0,0,1,,1,0,0.2,0.1
0.3,3,1365.0,0,0,0.0,0,1,0.2,0.2
0.3,3,1366.0,0,1,,1,0,0.3,0.2
0.3,3,1367.0,0,1,,0,0,0.3,0.2
0.3,3,1368.0,1,2,,1,0,0.4,0.2
0.3,3,1369.0,0,0,0.3867378357211919,0,2,0.3,0.4
0.3,3,1370.0,0,0,,0,0,0.3,0.3
0.3,3,1371.0,0,0,,0,0,0.3,0.3
0.3,3,1372.0,0,0,,0,0,0.3,0.3
0.3,3,1373.0,0,0,0.0,1,1,0.4,0.4
0.3,3,1374.0,0,0,,0,0,0.3,0.4
0.3,3,1375.0,0,0,,0,0,0.3,0.3
0.3,3,1376.0,0,0,,0,0,0.2,0.3
0.3,3,1377.0,0,0,,0,0,0.2,0.3
0.3,3,1378.0,0,0,,0,0,0.1,0.3
0.3,3,1379.0,0,0,,0,0,0.1,0.1
0.3,3,1380.0,0,0,,0,0,0.1,0.1
0.3,3,1381.0,0,0,,0,0,0.1,0.1
0.3,3,1382.0,0,0,,0,0,0.1,0.1
0.3,3,1383.0,0,0,,0,0,0.0,0.0
0.3,3,1384.0,0,0,0.0,1,1,0.1,0.1
0.3,3,1385.0,0,1,,1,0,0.2,0.1
0.3,3,1386.0,1,2,,1,0,0.3,0.1
0.3,3,1387.0,1,2,,0,0,0.3,0.1
0.3,3,1388.0,0,1,0.0,0,1,0.3,0.2
0.3,3,1389.0,0,0,1.954276540820274,0,1,0.3,0.3
0.3,3,1390.0,0,0,,0,0,0.3,0.3
0.3,3,1391.0,0,0,,0,0,0.3,0.3
0.3,3,1392.0,0,0,,0,0,0.3,0.3
0.3,3,1393.0,0,0,0.0,1,1,0.4,0.4
0.3,3,1394.0,0,0,,0,0,0.3,0.3
0.3,3,1395.0,0,0,,0,0,0.2,0.3
0.3,3,1396.0,0,0,,0,0,0.1,0.3
0.3,3,1397.0,0,1,,1,0,0.2,0.3
0.3,3,1398.0,0,1,,0,0,0.2,0.2
0.3,3,1399.0,0,1,0.0,1,1,0.3,0.2
0.3,3,1400.0,0,0,0.031512722589923214,0,1,0.3,0.3
0.3,3,1401.0,0,0,,0,0,0.3,0.3
0.3,3,1402.0,0,0,,0,0,0.3,0.3
0.3,3,1403.0,0,0,,0,0,0.2,0.2
0.3,3,1404.0,0,1,,1,0,0.3,0.2
0.3,3,1405.0,0,1,,0,0,0.3,0.2
0.3,3,1406.0,0,0,0.0,0,1,0.3,0.3
0.3,3,1407.0,0,0,,0,0,0.2,0.3
0.3,3,1408.0,0,0,0.0,1,1,0.3,0.4
0.3,3,1409.0,1,2,,2,0,0.4,0.3
0.3,3,1410.0,0,1,0.0,0,1,0.4,0.3
0.3,3,1411.0,0,0,0.2915001227390803,0,1,0.4,0.4
0.3,3,1412.0,0,0,,0,0,0.4,0.4
0.3,3,1413.0,0,0,,0,0,0.4,0.4
0.3,3,1414.0,0,0,,0,0,0.3,0.4
0.3,3,1415.0,0,0,,0,0,0.3,0.4
0.3,3,1416.0,0,0,,0,0,0.3,0.3
0.3,3,1417.0,0,1,,1,0,0.4,0.3
0.3,3,1418.0,0,0,0.0,0,1,0.3,0.3
0.3,3,1419.0,0,0,,0,0,0.1,0.3
0.3,3,1420.0,0,0,,0,0,0.1,0.2
0.3,3,1421.0,0,1,0.0,2,1,0.3,0.2
0.3,3,1422.0,0,0,0.0,0,1,0.3,0.3
0.3,3,1423.0,0,0,,0,0,0.3,0.3
0.3,3,1424.0,0,0,,0,0,0.3,0.3
0.3,3,1425.0,0,0,0.0,1,1,0.4,0.4
0.3,3,1426.0,0,0,,0,0,0.4,0.4
0.3,3,1427.0,0,0,0.0,1,1,0.4,0.5
0.3,3,1428.0,0,0,,0,0,0.4,0.4
0.3,3,1429.0,0,0,,0,0,0.4,0.4
0.3,3,1430.0,0,0,,0,0,0.4,0.4
0.3,3,1431.0,0,1,0.0,2,1,0.4,0.4
0.3,3,1432.0,0,0,0.0,0,1,0.4,0.4
0.3,3,1433.0,0,0,,0,0,0.4,0.4
0.3,3,1434.0,0,0,,0,0,0.4,0.4
0.3,3,1435.0,0,0,0.0,1,1,0.4,0.4
0.3,3,1436.0,0,1,,1,0,0.5,0.4
0.3,3,1437.0,0,0,0.0,0,1,0.4,0.4
0.3,3,1438.0,0,0,,0,0,0.4,0.4
0.3,3,1439.0,0,0,,0,0,0.4,0.4
0.3,3,1440.0,0,0,,0,0,0.4,0.4
0.3,3,1441.0,0,0,,0,0,0.2,0.3
0.3,3,1442.0,0,0,0.0,1,1,0.3,0.3
0.3,3,1443.0,0,0,,0,0,0.3,0.3
0.3,3,1444.0,0,0,,0,0,0.3,0.3
0.3,3,1445.0,0,1,0.0,2,1,0.4,0.3
0.3,3,1446.0,0,1,0.0,1,1,0.4,0.4
0.3,3,1447.0,0,1,0.2847213358152203,1,1,0.5,0.4
0.3,3,1448.0,0,1,,0,0,0.5,0.4
0.3,3,1449.0,0,1,,0,0,0.5,0.4
0.3,3,1450.0,0,0,0.0,0,1,0.5,0.5
0.3,3,1451.0,0,0,,0,0,0.5,0.5
0.3,3,1452.0,0,0,,0,0,0.4,0.4
0.3,3,1453.0,0,1,,1,0,0.5,0.4
0.3,3,1454.0,0,1,,0,0,0.5,0.4
0.3,3,1455.0,0,0,0.0,0,1,0.3,0.4
0.3,3,1456.0,0,0,,0,0,0.2,0.3
0.3,3,1457.0,0,0,,0,0,0.1,0.2
0.3,3,1458.0,0,0,,0,0,0.1,0.2
0.3,3,1459.0,0,0,,0,0,0.1,0.2
0.3,3,1460.0,0,0,,0,0,0.1,0.1
0.3,3,1461.0,0,0,,0,0,0.1,0.1
0.3,3,1462.0,0,1,,1,0,0.2,0.1
0.3,3,1463.0,0,0,0.0,0,1,0.1,0.2
0.3,3,1464.0,0,0,,0,0,0.1,0.2
0.3,3,1465.0,0,1,,1,0,0.2,0.1
0.3,3,1466.0,0,0,0.0,0,1,0.2,0.2
0.3,3,1467.0,0,1,,1,0,0.3,0.2
0.3,3,1468.0,0,0,0.0,0,1,0.3,0.3
0.3,3,1469.0,0,0,,0,0,0.3,0.3
0.3,3,1470.0,0,1,,1,0,0.4,0.3
0.3,3,1471.0,0,0,0.0,0,1,0.4,0.4
0.3,3,1472.0,0,0,,0,0,0.3,0.4
0.3,3,1473.0,1,2,,2,0,0.5,0.3
0.3,3,1474.0,1,2,0.0,1,1,0.6,0.4
0.3,3,1475.0,1,2,,0,0,0.5,0.4
0.3,3,1476.0,0,0,1.1290298366653815,0,2,0.5,0.5
0.3,3,1477.0,0,0,,0,0,0.4,0.5
0.3,3,1478.0,0,0,0.0,1,1,0.5,0.5
0.3,3,1479.0,0,0,,0,0,0.5,0.5
0.3,3,1480.0,0,0,,0,0,0.4,0.5
0.3,3,1481.0,0,0,,0,0,0.4,0.4
0.3,3,1482.0,0,0,,0,0,0.4,0.4
0.3,3,1483.0,0,0,,0,0,0.2,0.4
0.3,3,1484.0,0,0,,0,0,0.1,0.3
0.3,3,1485.0,0,1,,1,0,0.2,0.3
0.3,3,1486.0,0,0,0.0,0,1,0.2,0.2
0.3,3,1487.0,0,0,,0,0,0.2,0.2
0.3,3,1488.0,0,0,0.0,1,1,0.2,0.2
0.3,3,1489.0,0,0,,0,0,0.2,0.2
0.3,3,1490.0,0,0,,0,0,0.2,0.2
0.3,3,1491.0,0,0,,0,0,0.2,0.2
0.3,3,1492.0,0,0,,0,0,0.2,0.2
0.3,3,1493.0,0,0,,0,0,0.2,0.2
0.3,3,1494.0,0,0,,0,0,0.2,0.2
0.3,3,1495.0,0,0,0.0,1,1,0.2,0.3
0.3,3,1496.0,0,0,,0,0,0.2,0.2
0.3,3,1497.0,0,0,0.0,1,1,0.3,0.3
0.3,3,1498.0,0,0,,0,0,0.2,0.2
0.3,3,1499.0,0,0,,0,0,0.2,0.2
0.3,3,1500.0,0,0,,0,0,0.2,0.2
0.3,3,1501.0,0,0,,0,0,0.2,0.2
0.3,3,1502.0,0,0,,0,0,0.2,0.2
0.3,3,1503.0,0,0,,0,0,0.2,0.2
0.3,3,1504.0,0,0,,0,0,0.2,0.2
0.3,3,1505.0,0,0,,0,0,0.1,0.1
0.3,3,1506.0,0,0,,0,0,0.1,0.1
0.3,3,1507.0,0,0,,0,0,0.0,0.0
0.3,3,1508.0,0,0,0.0,1,1,0.1,0.1
0.3,3,1509.0,0,0,,0,0,0.1,0.1
0.3,3,1510.0,0,0,,0,0,0.1,0.1
0.3,3,1511.0,0,0,,0,0,0.1,0.1
0.3,3,1512.0,0,0,,0,0,0.1,0.1
0.3,3,1513.0,0,0,,0,0,0.1,0.1
0.3,3,1514.0,0,0,,0,0,0.1,0.1
0.3,3,1515.0,0,1,,1,0,0.2,0.1
0.3,3,1516.0,1,2,,1,0,0.3,0.1
0.3,3,1517.0,0,0,0.622875214119972,0,2,0.3,0.3
0.3,3,1518.0,0,0,,0,0,0.2,0.2
0.3,3,1519.0,0,0,,0,0,0.2,0.2
0.3,3,1520.0,0,0,,0,0,0.2,0.2
0.3,3,1521.0,0,0,,0,0,0.2,0.2
0.3,3,1522.0,0,0,,0,0,0.2,0.2
0.3,3,1523.0,0,0,,0,0,0.2,0.2
0.3,3,1524.0,0,0,,0,0,0.2,0.2
0.3,3,1525.0,0,0,,0,0,0.1,0.2
0.3,3,1526.0,0,0,,0,0,0.0,0.2
0.3,3,1527.0,0,0,,0,0,0.0,0.0
0.3,3,1528.0,0,0,0.0,1,1,0.1,0.1
0.3,3,1529.0,0,0,,0,0,0.1,0.1
0.3,3,1530.0,0,0,,0,0,0.1,0.1
0.3,3,1531.0,1,2,,2,0,0.3,0.1
0.3,3,1532.0,1,2,,0,0,0.3,0.1
0.3,3,1533.0,2,3,,1,0,0.4,0.1
0.3,3,1534.0,0,0,1.3448104249087767,0,3,0.4,0.4
0.3,3,1535.0,0,0,,0,0,0.4,0.4
0.3,3,1536.0,0,1,,1,0,0.5,0.4
0.3,3,1537.0,0,0,0.0,0,1,0.5,0.5
0.3,3,1538.0,0,1,,1,0,0.5,0.4
0.3,3,1539.0,1,2,,1,0,0.6,0.4
0.3,3,1540.0,0,0,0.2835702806327163,0,2,0.6,0.6
0.3,3,1541.0,0,1,,1,0,0.5,0.6
0.3,3,1542.0,1,2,,1,0,0.6,0.6
0.3,3,1543.0,1,2,,0,0,0.5,0.6
0.3,3,1544.0,0,1,1.0345228782421145,1,2,0.6,0.5
0.3,3,1545.0,0,1,,0,0,0.6,0.5
0.3,3,1546.0,0,0,0.0,0,1,0.5,0.6
0.3,3,1547.0,0,0,,0,0,0.5,0.5
0.3,3,1548.0,0,0,,0,0,0.4,0.5
0.3,3,1549.0,0,1,,1,0,0.4,0.5
0.3,3,1550.0,1,2,0.0,2,1,0.6,0.4
0.3,3,1551.0,0,1,0.14683760414709468,0,1,0.5,0.5
0.3,3,1552.0,0,0,1.07477202816699,0,1,0.4,0.6
0.3,3,1553.0,0,0,,0,0,0.4,0.6
0.3,3,1554.0,0,0,,0,0,0.3,0.4
0.3,3,1555.0,0,0,,0,0,0.3,0.4
0.3,3,1556.0,0,0,,0,0,0.3,0.3
0.3,3,1557.0,0,1,,1,0,0.4,0.3
0.3,3,1558.0,0,0,0.0,0,1,0.4,0.4
0.3,3,1559.0,0,0,,0,0,0.3,0.4
0.3,3,1560.0,0,0,,0,0,0.1,0.3
0.3,3,1561.0,0,0,,0,0,0.1,0.2
0.3,3,1562.0,0,0,,0,0,0.1,0.1
0.3,3,1563.0,0,0,0.0,1,1,0.2,0.2
0.3,3,1564.0,0,0,,0,0,0.2,0.2
0.3,3,1565.0,0,0,,0,0,0.2,0.2
0.3,3,1566.0,0,0,0.0,1,1,0.3,0.3
0.3,3,1567.0,0,0,0.0,2,2,0.4,0.5
0.3,3,1568.0,0,0,0.0,1,1,0.5,0.5
0.3,3,1569.0,0,0,,0,0,0.5,0.5
0.3,3,1570.0,0,0,,0,0,0.5,0.5
0.3,3,1571.0,0,0,,0,0,0.5,0.5
0.3,3,1572.0,0,0,,0,0,0.5,0.5
0.3,3,1573.0,0,0,,0,0,0.4,0.4
0.3,3,1574.0,0,1,,1,0,0.5,0.4
0.3,3,1575.0,0,1,0.0,1,1,0.6,0.5
0.3,3,1576.0,0,0,0.595833300181539,0,1,0.5,0.5
0.3,3,1577.0,0,1,,1,0,0.4,0.3
0.3,3,1578.0,0,1,,0,0,0.3,0.2
0.3,3,1579.0,0,1,,0,0,0.3,0.2
0.3,3,1580.0,0,0,0.0,0,1,0.3,0.3
0.3,3,1581.0,0,0,,0,0,0.3,0.3
0.3,3,1582.0,0,0,,0,0,0.3,0.3
0.3,3,1583.0,0,0,,0,0,0.3,0.3
0.3,3,1584.0,0,0,,0,0,0.2,0.3
0.3,3,1585.0,0,0,0.0,1,1,0.2,0.3
0.3,3,1586.0,0,0,0.04787951877460728,2,2,0.4,0.4
0.3,3,1587.0,0,0,,0,0,0.3,0.4
0.3,3,1588.0,0,0,,0,0,0.3,0.4
0.3,3,1589.0,0,0,,0,0,0.3,0.4
0.3,3,1590.0,0,0,,0,0,0.3,0.3
0.3,3,1591.0,0,0,,0,0,0.3,0.3
0.3,3,1592.0,0,0,,0,0,0.3,0.3
0.3,3,1593.0,0,0,,0,0,0.3,0.3
0.3,3,1594.0,0,0,,0,0,0.3,0.3
0.3,3,1595.0,0,0,,0,0,0.2,0.2
0.3,3,1596.0,0,0,,0,0,0.0,0.0
0.3,3,1597.0,0,0,,0,0,0.0,0.0
0.3,3,1598.0,0,0,,0,0,0.0,0.0
0.3,3,1599.0,0,0,,0,0,0.0,0.0
0.3,3,1600.0,0,0,,0,0,0.0,0.0
0.3,3,1601.0,0,0,0.0,1,1,0.1,0.1
0.3,3,1602.0,0,0,,0,0,0.1,0.1
0.3,3,1603.0,0,0,,0,0,0.1,0.1
0.3,3,1604.0,0,0,,0,0,0.1,0.1
0.3,3,1605.0,0,0,,0,0,0.1,0.1
0.3,3,1606.0,0,0,0.0,1,1,0.2,0.2
0.3,3,1607.0,0,0,,0,0,0.2,0.2
0.3,3,1608.0,0,0,,0,0,0.2,0.2
0.3,3,1609.0,0,0,0.0,1,1,0.3,0.3
0.3,3,1610.0,0,0,0.0,2,2,0.5,0.5
0.3,3,1611.0,0,0,,0,0,0.4,0.4
0.3,3,1612.0,0,0,,0,0,0.4,0.4
0.3,3,1613.0,0,0,,0,0,0.4,0.4
0.3,3,1614.0,0,0,,0,0,0.4,0.4
0.3,3,1615.0,0,0,,0,0,0.4,0.4
0.3,3,1616.0,0,1,,1,0,0.4,0.3
0.3,3,1617.0,0,1,,0,0,0.4,0.3
0.3,3,1618.0,0,0,0.0,0,1,0.4,0.4
0.3,3,1619.0,0,0,,0,0,0.3,0.3
0.3,3,1620.0,0,0,,0,0,0.1,0.1
0.3,3,1621.0,0,0,,0,0,0.1,0.1
0.3,3,1622.0,0,0,,0,0,0.1,0.1
0.3,3,1623.0,0,0,,0,0,0.1,0.1
0.3,3,1624.0,0,0,,0,0,0.1,0.1
0.3,3,1625.0,0,0,,0,0,0.1,0.1
0.3,3,1626.0,0,0,,0,0,0.0,0.1
0.3,3,1627.0,0,0,,0,0,0.0,0.1
0.3,3,1628.0,0,0,,0,0,0.0,0.0
0.3,3,1629.0,0,1,,1,0,0.1,0.0
0.3,3,1630.0,0,1,,0,0,0.1,0.0
0.3,3,1631.0,0,0,0.0,0,1,0.1,0.1
0.3,3,1632.0,0,0,,0,0,0.1,0.1
0.3,3,1633.0,0,0,,0,0,0.1,0.1
0.3,3,1634.0,0,1,0.0,2,1,0.3,0.2
0.3,3,1635.0,0,0,0.010901615472903359,0,1,0.3,0.3
0.3,3,1636.0,1,2,,2,0,0.5,0.3
0.3,3,1637.0,0,1,0.0,0,1,0.5,0.4
0.3,3,1638.0,0,0,1.0830775552699379,0,1,0.5,0.5
0.3,3,1639.0,0,0,,0,0,0.4,0.5
0.3,3,1640.0,0,0,0.0,1,1,0.5,0.6
0.3,3,1641.0,0,1,,1,0,0.6,0.5
0.3,3,1642.0,0,0,0.0,0,1,0.6,0.6
0.3,3,1643.0,0,0,,0,0,0.6,0.6
0.3,3,1644.0,0,1,0.0,2,1,0.6,0.6
0.3,3,1645.0,0,0,0.0,0,1,0.6,0.6
0.3,3,1646.0,0,0,,0,0,0.4,0.6
0.3,3,1647.0,1,2,,2,0,0.6,0.5
0.3,3,1648.0,0,1,0.0,0,1,0.6,0.5
0.3,3,1649.0,0,0,0.340853238621321,0,1,0.6,0.6
0.3,3,1650.0,0,0,,0,0,0.5,0.5
0.3,3,1651.0,0,0,,0,0,0.4,0.5
0.3,3,1652.0,0,0,,0,0,0.4,0.4
0.3,3,1653.0,0,0,,0,0,0.4,0.4
0.3,3,1654.0,0,0,,0,0,0.2,0.3
0.3,3,1655.0,0,0,,0,0,0.2,0.2
0.3,3,1656.0,0,0,0.0,1,1,0.3,0.3
0.3,3,1657.0,0,1,,1,0,0.2,0.3
0.3,3,1658.0,0,1,,0,0,0.2,0.2
0.3,3,1659.0,0,0,0.0,0,1,0.2,0.2
0.3,3,1660.0,0,0,,0,0,0.2,0.2
0.3,3,1661.0,0,0,,0,0,0.2,0.2
0.3,3,1662.0,0,0,0.0,1,1,0.3,0.3
0.3,3,1663.0,0,0,,0,0,0.3,0.3
0.3,3,1664.0,0,0,,0,0,0.3,0.3
0.3,3,1665.0,0,0,,0,0,0.3,0.3
0.3,3,1666.0,0,0,,0,0,0.2,0.2
0.3,3,1667.0,0,0,,0,0,0.1,0.2
0.3,3,1668.0,1,2,,2,0,0.3,0.2
0.3,3,1669.0,0,1,0.0,0,1,0.3,0.2
0.3,3,1670.0,0,1,,0,0,0.3,0.2
0.3,3,1671.0,0,0,1.4963790162394162,0,1,0.3,0.3
0.3,3,1672.0,0,0,,0,0,0.2,0.2
0.3,3,1673.0,0,0,,0,0,0.2,0.2
0.3,3,1674.0,0,0,,0,0,0.2,0.2
0.3,3,1675.0,0,0,0.0,1,1,0.3,0.3
0.3,3,1676.0,0,0,,0,0,0.3,0.3
0.3,3,1677.0,0,0,,0,0,0.3,0.3
0.3,3,1678.0,0,0,0.0,1,1,0.2,0.4
0.3,3,1679.0,0,0,,0,0,0.2,0.3
0.3,3,1680.0,0,0,,0,0,0.2,0.3
0.3,3,1681.0,0,0,0.0,1,1,0.3,0.3
0.3,3,1682.0,0,0,,0,0,0.3,0.3
0.3,3,1683.0,0,0,,0,0,0.3,0.3
0.3,3,1684.0,0,0,0.0,1,1,0.4,0.4
0.3,3,1685.0,0,0,,0,0,0.3,0.3
0.3,3,1686.0,0,0,0.0,1,1,0.4,0.4
0.3,3,1687.0,0,0,,0,0,0.4,0.4
0.3,3,1688.0,0,0,,0,0,0.3,0.3
0.3,3,1689.0,0,0,,0,0,0.3,0.3
0.3,3,1690.0,0,0,,0,0,0.3,0.3
0.3,3,1691.0,0,0,,0,0,0.2,0.2
0.3,3,1692.0,0,1,0.0,2,1,0.4,0.3
0.3,3,1693.0,0,1,,0,0,0.4,0.3
0.3,3,1694.0,0,0,0.26062083539682135,0,1,0.3,0.3
0.3,3,1695.0,0,0,,0,0,0.3,0.3
0.3,3,1696.0,0,1,,1,0,0.3,0.2
0.3,3,1697.0,0,0,0.0,0,1,0.3,0.3
0.3,3,1698.0,0,0,,0,0,0.3,0.3
0.3,3,1699.0,0,0,,0,0,0.3,0.3
0.3,3,1700.0,0,0,,0,0,0.3,0.3
0.3,3,1701.0,0,0,,0,0,0.3,0.3
0.3,3,1702.0,0,0,,0,0,0.1,0.2
0.3,3,1703.0,0,0,,0,0,0.1,0.2
0.3,3,1704.0,0,0,,0,0,0.1,0.1
0.3,3,1705.0,0,0,,0,0,0.1,0.1
0.3,3,1706.0,0,0,,0,0,0.0,0.1
0.3,3,1707.0,0,1,,1,0,0.1,0.0
0.3,3,1708.0,0,1,,0,0,0.1,0.0
0.3,3,1709.0,0,0,0.0,0,1,0.1,0.1
0.3,3,1710.0,0,0,,0,0,0.1,0.1
0.3,3,1711.0,1,2,,2,0,0.3,0.1
0.3,3,1712.0,1,2,,0,0,0.3,0.1
0.3,3,1713.0,0,1,0.0,0,1,0.3,0.2
0.3,3,1714.0,0,1,,0,0,0.3,0.2
0.3,3,1715.0,0,0,2.0861976045705433,0,1,0.3,0.3
0.3,3,1716.0,0,0,,0,0,0.3,0.3
0.3,3,1717.0,0,0,,0,0,0.2,0.3
0.3,3,1718.0,0,0,0.0,1,1,0.3,0.4
0.3,3,1719.0,0,0,,0,0,0.3,0.3
0.3,3,1720.0,0,0,,0,0,0.3,0.3
0.3,3,1721.0,0,0,,0,0,0.1,0.3
0.3,3,1722.0,0,0,,0,0,0.1,0.3
0.3,3,1723.0,0,0,0.0,1,1,0.2,0.3
0.3,3,1724.0,0,0,,0,0,0.2,0.3
0.3,3,1725.0,0,0,,0,0,0.2,0.2
0.3,3,1726.0,0,0,,0,0,0.2,0.2
0.3,3,1727.0,1,2,,2,0,0.4,0.2
0.3,3,1728.0,0,1,0.0,0,1,0.3,0.2
0.3,3,1729.0,0,0,1.2159902746743683,0,1,0.3,0.3
0.3,3,1730.0,0,0,,0,0,0.3,0.3
0.3,3,1731.0,0,0,0.0,1,1,0.4,0.4
0.3,3,1732.0,0,1,,1,0,0.5,0.4
0.3,3,1733.0,0,1,,0,0,0.4,0.3
0.3,3,1734.0,0,0,0.0,0,1,0.4,0.4
0.3,3,1735.0,0,0,,0,0,0.4,0.4
0.3,3,1736.0,0,0,,0,0,0.4,0.4
0.3,3,1737.0,0,0,,0,0,0.2,0.4
0.3,3,1738.0,0,0,,0,0,0.2,0.3
0.3,3,1739.0,0,0,,0,0,0.2,0.2
0.3,3,1740.0,1,2,,2,0,0.4,0.2
0.3,3,1741.0,1,2,0.0,1,1,0.4,0.2
0.3,3,1742.0,1,2,,0,0,0.3,0.2
0.3,3,1743.0,0,0,1.0925269552493546,0,2,0.3,0.4
0.3,3,1744.0,0,0,,0,0,0.3,0.3
0.3,3,1745.0,0,0,,0,0,0.3,0.3
0.3,3,1746.0,0,0,,0,0,0.3,0.3
0.3,3,1747.0,0,0,,0,0,0.3,0.3
0.3,3,1748.0,0,0,,0,0,0.3,0.3
0.3,3,1749.0,0,0,,0,0,0.3,0.3
0.3,3,1750.0,0,0,,0,0,0.1,0.3
0.3,3,1751.0,0,0,0.0,1,1,0.1,0.3
0.3,3,1752.0,0,1,,1,0,0.2,0.3
0.3,3,1753.0,0,1,,0,0,0.2,0.1
0.3,3,1754.0,0,0,0.0,0,1,0.2,0.2
0.3,3,1755.0,0,0,,0,0,0.2,0.2
0.3,3,1756.0,0,0,,0,0,0.2,0.2
0.3,3,1757.0,0,0,,0,0,0.2,0.2
0.3,3,1758.0,0,0,,0,0,0.2,0.2
0.3,3,1759.0,0,0,,0,0,0.2,0.2
0.3,3,1760.0,0,0,,0,0,0.2,0.2
0.3,3,1761.0,0,0,,0,0,0.1,0.1
0.3,3,1762.0,0,0,0.0,1,1,0.1,0.2
0.3,3,1763.0,0,0,,0,0,0.1,0.2
0.3,3,1764.0,0,0,,0,0,0.1,0.1
0.3,3,1765.0,0,0,,0,0,0.1,0.1
0.3,3,1766.0,0,1,,1,0,0.2,0.1
0.3,3,1767.0,0,0,0.0,0,1,0.2,0.2
0.3,3,1768.0,0,1,,1,0,0.3,0.2
0.3,3,1769.0,0,0,0.0,0,1,0.3,0.3
0.3,3,1770.0,0,0,,0,0,0.3,0.3
0.3,3,1771.0,0,0,,0,0,0.3,0.3
0.3,3,1772.0,0,0,0.0,1,1,0.3,0.3
0.3,3,1773.0,0,0,,0,0,0.3,0.3
0.3,3,1774.0,0,0,0.0,1,1,0.4,0.4
0.3,3,1775.0,0,0,,0,0,0.4,0.4
0.3,3,1776.0,0,0,,0,0,0.3,0.4
0.3,3,1777.0,0,1,,1,0,0.4,0.3
0.3,3,1778.0,0,1,,0,0,0.3,0.3
0.3,3,1779.0,0,1,,0,0,0.3,0.2
0.3,3,1780.0,0,0,0.0,0,1,0.3,0.3
0.3,3,1781.0,0,1,,1,0,0.4,0.3
0.3,3,1782.0,0,0,0.0,0,1,0.3,0.3
0.3,3,1783.0,0,0,0.0,1,1,0.4,0.4
0.3,3,1784.0,0,0,,0,0,0.3,0.3
0.3,3,1785.0,0,1,,1,0,0.4,0.3
0.3,3,1786.0,0,1,,0,0,0.4,0.3
0.3,3,1787.0,1,2,,1,0,0.4,0.3
0.3,3,1788.0,1,2,,0,0,0.4,0.3
0.3,3,1789.0,0,0,0.9459977738213183,0,2,0.4,0.5
0.3,3,1790.0,0,1,,1,0,0.5,0.4
0.3,3,1791.0,0,0,0.0,0,1,0.4,0.5
0.3,3,1792.0,0,0,,0,0,0.4,0.4
0.3,3,1793.0,0,0,,0,0,0.3,0.3
0.3,3,1794.0,0,0,,0,0,0.3,0.3
0.3,3,1795.0,0,0,,0,0,0.2,0.3
0.3,3,1796.0,0,0,0.0,1,1,0.3,0.4
0.3,3,1797.0,0,0,,0,0,0.2,0.4
0.3,3,1798.0,0,0,,0,0,0.2,0.4
0.3,3,1799.0,0,0,,0,0,0.2,0.2
0.3,3,1800.0,0,1,,1,0,0.2,0.2
0.3,3,1801.0,0,1,,0,0,0.2,0.1
0.3,3,1802.0,0,1,,0,0,0.2,0.1
0.3,3,1803.0,0,1,,0,0,0.2,0.1
0.3,3,1804.0,3,4,,3,0,0.5,0.1
0.3,3,1805.0,3,4,0.0,1,1,0.6,0.2
0.3,3,1806.0,4,5,,1,0,0.6,0.1
0.3,3,1807.0,4,5,,0,0,0.6,0.1
0.3,3,1808.0,5,6,1.781997292643382,2,1,0.8,0.2
0.3,3,1809.0,3,4,4.241532989528537,0,2,0.8,0.4
0.3,3,1810.0,2,3,3.7216751773476062,0,1,0.7,0.5
0.3,3,1811.0,1,2,4.65854308489611,0,1,0.7,0.6
0.3,3,1812.0,0,0,3.263992531846725,0,2,0.7,0.8
0.3,3,1813.0,0,0,,0,0,0.7,0.8
0.3,3,1814.0,0,1,,1,0,0.5,0.8
0.3,3,1815.0,0,1,,0,0,0.4,0.7
0.3,3,1816.0,0,1,,0,0,0.3,0.7
0.3,3,1817.0,0,0,0.0,0,1,0.3,0.8
0.3,3,1818.0,0,0,,0,0,0.1,0.7
0.3,3,1819.0,1,2,,2,0,0.3,0.5
0.3,3,1820.0,1,2,0.2580173905804486,2,2,0.5,0.6
0.3,3,1821.0,3,4,,2,0,0.7,0.5
0.3,3,1822.0,1,2,0.7235937100653018,0,2,0.7,0.5
0.3,3,1823.0,1,2,,0,0,0.7,0.5
0.3,3,1824.0,0,0,2.0612913403382436,0,2,0.6,0.7
0.3,3,1825.0,0,0,,0,0,0.6,0.7
0.3,3,1826.0,0,0,,0,0,0.6,0.7
0.3,3,1827.0,0,0,,0,0,0.6,0.6
0.3,3,1828.0,0,1,,1,0,0.7,0.6
0.3,3,1829.0,1,2,,1,0,0.6,0.6
0.3,3,1830.0,1,2,,0,0,0.4,0.4
0.3,3,1831.0,1,2,,0,0,0.2,0.4
0.3,3,1832.0,0,0,1.2875961075483247,0,2,0.2,0.4
0.3,3,1833.0,0,0,,0,0,0.2,0.4
0.3,3,1834.0,0,0,,0,0,0.2,0.2
0.3,3,1835.0,0,0,0.0,1,1,0.3,0.3
0.3,3,1836.0,0,1,,1,0,0.4,0.3
0.3,3,1837.0,0,1,,0,0,0.4,0.3
0.3,3,1838.0,0,0,0.0,0,1,0.3,0.4
0.3,3,1839.0,0,0,,0,0,0.2,0.4
0.3,3,1840.0,0,0,,0,0,0.2,0.4
0.3,3,1841.0,0,0,,0,0,0.2,0.4
0.3,3,1842.0,0,0,,0,0,0.2,0.2
0.3,3,1843.0,0,0,,0,0,0.2,0.2
0.3,3,1844.0,0,1,,1,0,0.3,0.2
0.3,3,1845.0,0,0,0.19630944969185293,1,2,0.3,0.3
0.3,3,1846.0,0,0,,0,0,0.2,0.3
0.3,3,1847.0,0,0,,0,0,0.2,0.3
0.3,3,1848.0,0,0,,0,0,0.2,0.2
0.3,3,1849.0,0,0,,0,0,0.2,0.2
0.3,3,1850.0,0,1,,1,0,0.3,0.2
0.3,3,1851.0,0,0,0.0,0,1,0.3,0.3
0.3,3,1852.0,0,0,,0,0,0.3,0.3
0.3,3,1853.0,0,0,,0,0,0.3,0.3
0.3,3,1854.0,0,1,,1,0,0.3,0.3
0.3,3,1855.0,0,0,0.0,0,1,0.2,0.2
0.3,3,1856.0,0,0,,0,0,0.2,0.2
0.3,3,1857.0,0,1,,1,0,0.3,0.2
0.3,3,1858.0,0,0,0.0,0,1,0.3,0.3
0.3,3,1859.0,0,1,,1,0,0.4,0.3
0.3,3,1860.0,0,1,0.0,1,1,0.4,0.4
0.3,3,1861.0,0,0,0.068183397591838,1,2,0.5,0.5
0.3,3,1862.0,0,0,0.0,1,1,0.6,0.6
0.3,3,1863.0,0,1,,1,0,0.7,0.6
0.3,3,1864.0,0,0,0.0,0,1,0.6,0.7
0.3,3,1865.0,0,0,,0,0,0.6,0.6
0.3,3,1866.0,0,0,,0,0,0.6,0.6
0.3,3,1867.0,0,0,,0,0,0.5,0.6
0.3,3,1868.0,0,0,,0,0,0.5,0.5
0.3,3,1869.0,0,0,,0,0,0.4,0.5
0.3,3,1870.0,0,0,,0,0,0.3,0.4
0.3,3,1871.0,0,0,0.0,1,1,0.3,0.3
0.3,3,1872.0,0,0,,0,0,0.2,0.2
0.3,3,1873.0,0,0,,0,0,0.1,0.2
0.3,3,1874.0,0,0,,0,0,0.1,0.1
0.3,3,1875.0,0,0,0.0,1,1,0.2,0.2
0.3,3,1876.0,0,0,,0,0,0.2,0.2
0.3,3,1877.0,0,0,,0,0,0.2,0.2
0.3,3,1878.0,0,0,,0,0,0.2,0.2
0.3,3,1879.0,0,0,,0,0,0.2,0.2
0.3,3,1880.0,0,0,,0,0,0.2,0.2
0.3,3,1881.0,0,1,,1,0,0.2,0.1
0.3,3,1882.0,0,1,,0,0,0.2,0.1
0.3,3,1883.0,0,1,,0,0,0.2,0.1
0.3,3,1884.0,1,2,,1,0,0.3,0.1
0.3,3,1885.0,0,0,0.39787158009661044,1,3,0.3,0.3
0.3,3,1886.0,0,0,,0,0,0.3,0.3
0.3,3,1887.0,0,0,,0,0,0.3,0.3
0.3,3,1888.0,0,0,,0,0,0.3,0.3
0.3,3,1889.0,0,0,,0,0,0.3,0.3
0.3,3,1890.0,0,0,,0,0,0.3,0.3
0.3,3,1891.0,0,0,,0,0,0.2,0.3
0.3,3,1892.0,0,0,,0,0,0.2,0.3
0.3,3,1893.0,0,1,,1,0,0.3,0.3
0.3,3,1894.0,0,0,0.0,0,1,0.2,0.4
0.3,3,1895.0,0,0,,0,0,0.1,0.1
0.3,3,1896.0,0,0,,0,0,0.1,0.1
0.3,3,1897.0,0,0,,0,0,0.1,0.1
0.3,3,1898.0,0,1,,1,0,0.2,0.1
0.3,3,1899.0,0,0,0.0,0,1,0.2,0.2
0.3,3,1900.0,0,0,,0,0,0.2,0.2
0.3,3,1901.0,0,0,,0,0,0.2,0.2
0.3,3,1902.0,0,0,,0,0,0.2,0.2
0.3,3,1903.0,0,0,,0,0,0.1,0.2
0.3,3,1904.0,0,0,,0,0,0.1,0.1
0.3,3,1905.0,0,0,,0,0,0.1,0.1
0.3,3,1906.0,0,0,,0,0,0.1,0.1
0.3,3,1907.0,0,0,0.0,1,1,0.2,0.2
0.3,3,1908.0,0,0,,0,0,0.1,0.2
0.3,3,1909.0,0,0,,0,0,0.1,0.1
0.3,3,1910.0,0,0,,0,0,0.1,0.1
0.3,3,1911.0,0,0,,0,0,0.1,0.1
0.3,3,1912.0,0,0,0.2875972230970092,2,2,0.3,0.3
0.3,3,1913.0,0,0,,0,0,0.3,0.3
0.3,3,1914.0,0,0,0.0,1,1,0.4,0.4
0.3,3,1915.0,0,0,,0,0,0.4,0.4
0.3,3,1916.0,1,2,,2,0,0.6,0.4
0.3,3,1917.0,0,0,0.26720100536681457,0,2,0.5,0.5
0.3,3,1918.0,0,0,,0,0,0.5,0.5
0.3,3,1919.0,0,1,,1,0,0.6,0.5
0.3,3,1920.0,0,0,0.0,0,1,0.6,0.6
0.3,3,1921.0,0,1,,1,0,0.7,0.6
0.3,3,1922.0,0,1,,0,0,0.5,0.4
0.3,3,1923.0,0,1,,0,0,0.5,0.4
0.3,3,1924.0,0,0,0.0,0,1,0.4,0.4
0.3,3,1925.0,0,0,,0,0,0.4,0.4
0.3,3,1926.0,0,0,,0,0,0.2,0.4
0.3,3,1927.0,0,0,,0,0,0.2,0.2
0.3,3,1928.0,0,0,,0,0,0.2,0.2
0.3,3,1929.0,0,0,,0,0,0.1,0.2
0.3,3,1930.0,0,0,,0,0,0.1,0.1
0.3,3,1931.0,0,0,,0,0,0.0,0.1
0.3,3,1932.0,0,0,,0,0,0.0,0.1
0.3,3,1933.0,0,0,,0,0,0.0,0.1
0.3,3,1934.0,0,0,,0,0,0.0,0.0
0.3,3,1935.0,0,0,,0,0,0.0,0.0
0.3,3,1936.0,0,1,,1,0,0.1,0.0
0.3,3,1937.0,0,0,0.0,0,1,0.1,0.1
0.3,3,1938.0,0,1,,1,0,0.2,0.1
0.3,3,1939.0,0,1,,0,0,0.2,0.1
0.3,3,1940.0,0,1,,0,0,0.2,0.1
0.3,3,1941.0,1,2,,1,0,0.3,0.1
0.3,3,1942.0,2,3,,1,0,0.4,0.1
0.3,3,1943.0,1,2,0.0,0,1,0.4,0.2
0.3,3,1944.0,0,1,1.7587028915463634,0,1,0.4,0.3
0.3,3,1945.0,0,0,2.0658605429293857,0,1,0.4,0.4
0.3,3,1946.0,0,1,,1,0,0.4,0.4
0.3,3,1947.0,0,0,0.0,0,1,0.4,0.4
0.3,3,1948.0,0,1,,1,0,0.4,0.4
0.3,3,1949.0,0,1,,0,0,0.4,0.4
0.3,3,1950.0,0,1,0.0,1,1,0.5,0.5
0.3,3,1951.0,0,0,0.0,0,1,0.4,0.6
0.3,3,1952.0,0,0,,0,0,0.3,0.6
0.3,3,1953.0,0,0,,0,0,0.3,0.5
0.3,3,1954.0,0,0,,0,0,0.3,0.4
0.3,3,1955.0,0,1,,1,0,0.4,0.3
0.3,3,1956.0,0,0,0.0,0,1,0.3,0.4
0.3,3,1957.0,0,0,,0,0,0.3,0.3
0.3,3,1958.0,0,0,,0,0,0.2,0.3
0.3,3,1959.0,0,0,,0,0,0.2,0.3
0.3,3,1960.0,0,0,,0,0,0.1,0.2
0.3,3,1961.0,0,0,,0,0,0.1,0.1
0.3,3,1962.0,0,0,,0,0,0.1,0.1
0.3,3,1963.0,0,0,,0,0,0.1,0.1
0.3,3,1964.0,0,0,,0,0,0.1,0.1
0.3,3,1965.0,0,0,,0,0,0.0,0.1
0.3,3,1966.0,0,0,,0,0,0.0,0.0
0.3,3,1967.0,0,0,,0,0,0.0,0.0
0.3,3,1968.0,0,0,,0,0,0.0,0.0
0.3,3,1969.0,0,1,0.0,2,1,0.2,0.1
0.3,3,1970.0,0,1,,0,0,0.2,0.1
0.3,3,1971.0,0,0,0.4203854826710085,0,1,0.2,0.2
0.3,3,1972.0,0,0,,0,0,0.2,0.2
0.3,3,1973.0,0,0,,0,0,0.2,0.2
0.3,3,1974.0,0,0,0.0,1,1,0.3,0.3
0.3,3,1975.0,0,0,,0,0,0.3,0.3
0.3,3,1976.0,0,0,,0,0,0.3,0.3
0.3,3,1977.0,0,0,,0,0,0.3,0.3
0.3,3,1978.0,0,0,,0,0,0.3,0.3
0.3,3,1979.0,0,0,0.0,1,1,0.2,0.3
0.3,3,1980.0,0,0,,0,0,0.2,0.3
0.3,3,1981.0,0,0,,0,0,0.2,0.2
0.3,3,1982.0,0,0,,0,0,0.2,0.2
0.3,3,1983.0,0,1,,1,0,0.3,0.2
0.3,3,1984.0,0,1,,0,0,0.2,0.1
0.3,3,1985.0,0,1,,0,0,0.2,0.1
0.3,3,1986.0,1,2,,1,0,0.3,0.1
0.3,3,1987.0,0,0,0.5233850603594874,0,2,0.3,0.3
0.3,3,1988.0,0,0,,0,0,0.3,0.3
0.3,3,1989.0,0,0,,0,0,0.2,0.2
0.3,3,1990.0,0,0,,0,0,0.2,0.2
0.3,3,1991.0,0,1,,1,0,0.3,0.2
0.3,3,1992.0,0,1,,0,0,0.3,0.2
0.3,3,1993.0,0,1,0.0,1,1,0.3,0.3
0.3,3,1994.0,0,0,0.0,0,1,0.3,0.4
0.3,3,1995.0,0,0,,0,0,0.3,0.4
0.3,3,1996.0,0,0,,0,0,0.2,0.4
0.3,3,1997.0,0,0,,0,0,0.2,0.2
0.3,3,1998.0,0,0,,0,0,0.2,0.2
0.3,3,1999.0,0,0,,0,0,0.2,0.2
0.3,3,2000.0,0,0,,0,0,0.2,0.2
0.3,3,2001.0,0,1,,1,0,0.2,0.2
0.3,3,2002.0,0,1,,0,0,0.2,0.2
0.3,3,2003.0,0,1,,0,0,0.1,0.1
0.3,3,2004.0,0,0,0.0,0,1,0.1,0.1
0.3,3,2005.0,0,0,,0,0,0.1,0.1
0.3,3,2006.0,0,0,,0,0,0.1,0.1
0.3,3,2007.0,0,0,,0,0,0.1,0.1
0.3,3,2008.0,0,0,,0,0,0.1,0.1
0.3,3,2009.0,0,0,,0,0,0.1,0.1
0.3,3,2010.0,0,0,,0,0,0.1,0.1
0.3,3,2011.0,0,1,,1,0,0.1,0.1
0.3,3,2012.0,0,1,,0,0,0.1,0.1
0.3,3,2013.0,1,2,,1,0,0.2,0.1
0.3,3,2014.0,0,1,0.0,0,1,0.2,0.1
0.3,3,2015.0,0,0,1.0233869767780561,0,1,0.2,0.2
0.3,3,2016.0,0,0,,0,0,0.2,0.2
0.3,3,2017.0,0,1,,1,0,0.3,0.2
0.3,3,2018.0,0,1,0.0,1,1,0.4,0.3
0.3,3,2019.0,0,0,0.03290485452316716,0,1,0.4,0.4
0.3,3,2020.0,0,0,,0,0,0.4,0.4
0.3,3,2021.0,0,0,,0,0,0.3,0.4
0.3,3,2022.0,0,0,0.0,1,1,0.4,0.5
0.3,3,2023.0,0,0,,0,0,0.3,0.5
0.3,3,2024.0,0,0,,0,0,0.3,0.4
0.3,3,2025.0,0,0,,0,0,0.3,0.3
0.3,3,2026.0,0,0,,0,0,0.3,0.3
0.3,3,2027.0,0,1,,1,0,0.3,0.3
0.3,3,2028.0,0,0,0.0,0,1,0.2,0.3
0.3,3,2029.0,0,0,,0,0,0.2,0.2
0.3,3,2030.0,0,1,,1,0,0.3,0.2
0.3,3,2031.0,0,0,0.0,0,1,0.3,0.3
0.3,3,2032.0,0,0,,0,0,0.2,0.2
0.3,3,2033.0,0,0,,0,0,0.2,0.2
0.3,3,2034.0,0,0,,0,0,0.2,0.2
0.3,3,2035.0,0,0,,0,0,0.2,0.2
0.3,3,2036.0,0,0,,0,0,0.2,0.2
0.3,3,2037.0,0,0,,0,0,0.1,0.2
0.3,3,2038.0,0,1,,1,0,0.2,0.1
0.3,3,2039.0,1,2,0.0,2,1,0.4,0.2
0.3,3,2040.0,1,2,0.0,1,1,0.4,0.3
0.3,3,2041.0,0,1,0.7474081082332305,0,1,0.4,0.3
0.3,3,2042.0,0,1,1.0591768442877765,1,1,0.5,0.4
0.3,3,2043.0,0,1,,0,0,0.5,0.4
0.3,3,2044.0,0,1,0.0,1,1,0.6,0.5
0.3,3,2045.0,0,1,,0,0,0.6,0.5
0.3,3,2046.0,0,0,0.057448659373221744,1,2,0.7,0.7
0.3,3,2047.0,0,0,,0,0,0.7,0.7
0.3,3,2048.0,0,0,,0,0,0.6,0.7
0.3,3,2049.0,0,0,0.0,1,1,0.5,0.7
0.3,3,2050.0,0,0,,0,0,0.4,0.6
0.3,3,2051.0,0,0,,0,0,0.4,0.5
0.3,3,2052.0,0,0,,0,0,0.3,0.4
0.3,3,2053.0,0,0,,0,0,0.3,0.4
0.3,3,2054.0,0,0,,0,0,0.2,0.3
0.3,3,2055.0,0,0,,0,0,0.2,0.3
0.3,3,2056.0,0,0,,0,0,0.1,0.1
0.3,3,2057.0,0,0,,0,0,0.1,0.1
0.3,3,2058.0,0,1,,1,0,0.2,0.1
0.3,3,2059.0,0,0,0.0,0,1,0.1,0.1
0.3,3,2060.0,0,1,,1,0,0.2,0.1
0.3,3,2061.0,0,1,0.0,1,1,0.3,0.2
0.3,3,2062.0,0,1,,0,0,0.3,0.2
0.3,3,2063.0,0,0,0.0,0,1,0.3,0.3
0.3,3,2064.0,0,0,,0,0,0.3,0.3
0.3,3,2065.0,0,1,,1,0,0.4,0.3
0.3,3,2066.0,0,1,,0,0,0.4,0.3
0.3,3,2067.0,1,2,,1,0,0.5,0.3
0.3,3,2068.0,0,1,0.5327743126376845,1,2,0.5,0.5
0.3,3,2069.0,0,1,,0,0,0.5,0.4
0.3,3,2070.0,0,1,,0,0,0.4,0.4
0.3,3,2071.0,0,1,,0,0,0.3,0.3
0.3,3,2072.0,0,1,,0,0,0.3,0.3
0.3,3,2073.0,0,0,0.0,0,1,0.3,0.3
0.3,3,2074.0,0,0,,0,0,0.3,0.3
0.3,3,2075.0,0,0,,0,0,0.2,0.3
0.3,3,2076.0,0,0,,0,0,0.2,0.3
0.3,3,2077.0,0,0,0.0,1,1,0.2,0.4
0.3,3,2078.0,0,0,,0,0,0.1,0.2
0.3,3,2079.0,0,0,,0,0,0.1,0.2
0.3,3,2080.0,0,0,,0,0,0.1,0.2
0.3,3,2081.0,0,0,,0,0,0.1,0.2
0.3,3,2082.0,0,0,0.0,1,1,0.2,0.3
0.3,3,2083.0,0,1,,1,0,0.3,0.2
0.3,3,2084.0,0,1,,0,0,0.3,0.2
0.3,3,2085.0,0,0,0.0,0,1,0.3,0.3
0.3,3,2086.0,0,0,,0,0,0.3,0.3
0.3,3,2087.0,0,1,,1,0,0.3,0.2
0.3,3,2088.0,0,1,,0,0,0.3,0.2
0.3,3,2089.0,0,0,0.0,0,1,0.3,0.3
0.3,3,2090.0,0,0,,0,0,0.3,0.3
0.3,3,2091.0,0,0,,0,0,0.3,0.3
0.3,3,2092.0,0,0,,0,0,0.2,0.2
0.3,3,2093.0,0,0,,0,0,0.1,0.2
0.3,3,2094.0,1,2,,2,0,0.3,0.2
0.3,3,2095.0,1,2,,0,0,0.3,0.1
0.3,3,2096.0,0,1,0.7842483974700372,1,2,0.4,0.3
0.3,3,2097.0,0,0,0.0,0,1,0.3,0.4
0.3,3,2098.0,0,0,,0,0,0.3,0.4
0.3,3,2099.0,0,0,,0,0,0.3,0.3
0.3,3,2100.0,0,1,,1,0,0.4,0.3
0.3,3,2101.0,0,1,,0,0,0.4,0.3
0.3,3,2102.0,0,0,0.0,0,1,0.4,0.4
0.3,3,2103.0,0,0,,0,0,0.4,0.4
0.3,3,2104.0,0,0,,0,0,0.2,0.4
0.3,3,2105.0,0,0,,0,0,0.2,0.4
0.3,3,2106.0,0,0,,0,0,0.1,0.2
0.3,3,2107.0,0,0,,0,0,0.1,0.1
0.3,3,2108.0,0,0,,0,0,0.1,0.1
0.3,3,2109.0,0,0,,0,0,0.1,0.1
0.3,3,2110.0,0,0,,0,0,0.0,0.1
0.3,3,2111.0,0,0,,0,0,0.0,0.1
0.3,3,2112.0,0,0,,0,0,0.0,0.0
0.3,3,2113.0,0,0,,0,0,0.0,0.0
0.3,3,2114.0,0,0,,0,0,0.0,0.0
0.3,3,2115.0,0,0,,0,0,0.0,0.0
0.3,3,2116.0,0,0,,0,0,0.0,0.0
0.3,3,2117.0,0,0,,0,0,0.0,0.0
0.3,3,2118.0,0,0,,0,0,0.0,0.0
0.3,3,2119.0,0,0,,0,0,0.0,0.0
0.3,3,2120.0,0,0,,0,0,0.0,0.0
0.3,3,2121.0,0,0,,0,0,0.0,0.0
0.3,3,2122.0,0,0,,0,0,0.0,0.0
0.3,3,2123.0,0,0,,0,0,0.0,0.0
0.3,3,2124.0,0,0,,0,0,0.0,0.0
0.3,3,2125.0,0,0,,0,0,0.0,0.0
0.3,3,2126.0,0,0,,0,0,0.0,0.0
0.3,3,2127.0,0,0,,0,0,0.0,0.0
0.3,3,2128.0,0,0,,0,0,0.0,0.0
0.3,3,2129.0,0,0,,0,0,0.0,0.0
0.3,3,2130.0,0,0,,0,0,0.0,0.0
0.3,3,2131.0,0,0,,0,0,0.0,0.0
0.3,3,2132.0,0,1,,1,0,0.1,0.0
0.3,3,2133.0,0,0,0.0,0,1,0.1,0.1
0.3,3,2134.0,0,0,,0,0,0.1,0.1
0.3,3,2135.0,1,2,,2,0,0.3,0.1
0.3,3,2136.0,0,1,0.0,0,1,0.3,0.2
0.3,3,2137.0,0,0,0.15964631192446177,0,1,0.3,0.3
0.3,3,2138.0,0,0,0.0,1,1,0.4,0.4
0.3,3,2139.0,0,0,,0,0,0.4,0.4
0.3,3,2140.0,0,0,,0,0,0.4,0.4
0.3,3,2141.0,0,0,,0,0,0.4,0.4
0.3,3,2142.0,0,0,0.0,1,1,0.4,0.5
0.3,3,2143.0,0,0,,0,0,0.4,0.4
0.3,3,2144.0,0,0,0.0,1,1,0.5,0.5
0.3,3,2145.0,0,1,,1,0,0.4,0.5
0.3,3,2146.0,1,2,,1,0,0.5,0.4
0.3,3,2147.0,0,0,0.14066402694629687,0,2,0.5,0.5
0.3,3,2148.0,0,0,,0,0,0.4,0.4
0.3,3,2149.0,0,0,,0,0,0.4,0.4
0.3,3,2150.0,0,0,,0,0,0.4,0.4
0.3,3,2151.0,0,0,0.0,1,1,0.5,0.5
0.3,3,2152.0,0,0,,0,0,0.4,0.4
0.3,3,2153.0,0,0,,0,0,0.4,0.4
0.3,3,2154.0,0,0,,0,0,0.3,0.3
0.3,3,2155.0,0,0,,0,0,0.2,0.3
0.3,3,2156.0,0,0,,0,0,0.1,0.3
0.3,3,2157.0,0,0,0.0,1,1,0.2,0.2
0.3,3,2158.0,0,0,,0,0,0.2,0.2
0.3,3,2159.0,0,0,,0,0,0.2,0.2
0.3,3,2160.0,0,0,,0,0,0.2,0.2
0.3,3,2161.0,0,0,,0,0,0.1,0.1
0.3,3,2162.0,0,0,,0,0,0.1,0.1
0.3,3,2163.0,0,0,,0,0,0.1,0.1
0.3,3,2164.0,0,0,,0,0,0.1,0.1
0.3,3,2165.0,0,0,,0,0,0.1,0.1
0.3,3,2166.0,0,0,,0,0,0.1,0.1
0.3,3,2167.0,0,0,,0,0,0.0,0.0
0.3,3,2168.0,0,0,,0,0,0.0,0.0
0.3,3,2169.0,0,0,,0,0,0.0,0.0
0.3,3,2170.0,0,0,,0,0,0.0,0.0
0.3,3,2171.0,0,0,,0,0,0.0,0.0
0.3,3,2172.0,0,0,,0,0,0.0,0.0
0.3,3,2173.0,0,1,,1,0,0.1,0.0
0.3,3,2174.0,0,0,0.0,0,1,0.1,0.1
0.3,3,2175.0,0,1,,1,0,0.2,0.1
0.3,3,2176.0,0,0,0.0,0,1,0.2,0.2
0.3,3,2177.0,0,0,,0,0,0.2,0.2
0.3,3,2178.0,0,0,,0,0,0.2,0.2
0.3,3,2179.0,0,0,,0,0,0.2,0.2
0.3,3,2180.0,1,2,,2,0,0.4,0.2
0.3,3,2181.0,1,2,,0,0,0.4,0.2
0.3,3,2182.0,1,2,,0,0,0.4,0.2
0.3,3,2183.0,3,4,,2,0,0.5,0.2
0.3,3,2184.0,0,1,1.7955297951334614,0,3,0.5,0.4
0.3,3,2185.0,0,0,1.180510736091037,0,1,0.4,0.5
0.3,3,2186.0,0,0,,0,0,0.4,0.4
0.3,3,2187.0,0,0,,0,0,0.4,0.4
0.3,3,2188.0,0,0,,0,0,0.4,0.4
0.3,3,2189.0,0,0,,0,0,0.4,0.4
0.3,3,2190.0,0,0,,0,0,0.2,0.4
0.3,3,2191.0,0,0,0.0,1,1,0.3,0.5
0.3,3,2192.0,0,0,,0,0,0.3,0.5
0.3,3,2193.0,0,0,,0,0,0.1,0.5
0.3,3,2194.0,0,0,,0,0,0.1,0.2
0.3,3,2195.0,0,0,0.0,1,1,0.2,0.2
0.3,3,2196.0,0,0,,0,0,0.2,0.2
0.3,3,2197.0,0,0,,0,0,0.2,0.2
0.3,3,2198.0,0,0,,0,0,0.2,0.2
0.3,3,2199.0,0,1,,1,0,0.3,0.2
0.3,3,2200.0,0,1,,0,0,0.3,0.2
0.3,3,2201.0,0,1,0.0,1,1,0.3,0.2
0.3,3,2202.0,0,1,,0,0,0.3,0.2
0.3,3,2203.0,0,0,0.0,0,1,0.3,0.3
0.3,3,2204.0,0,0,,0,0,0.3,0.3
0.3,3,2205.0,0,0,,0,0,0.2,0.2
0.3,3,2206.0,0,0,,0,0,0.2,0.2
0.3,3,2207.0,0,1,,1,0,0.3,0.2
0.3,3,2208.0,2,3,,2,0,0.5,0.2
0.3,3,2209.0,2,3,,0,0,0.4,0.2
0.3,3,2210.0,1,2,0.0,0,1,0.4,0.3
0.3,3,2211.0,0,0,2.4107278029177905,0,2,0.3,0.4
0.3,3,2212.0,0,0,,0,0,0.3,0.4
0.3,3,2213.0,0,0,,0,0,0.3,0.3
0.3,3,2214.0,0,0,,0,0,0.3,0.3
0.3,3,2215.0,0,0,,0,0,0.3,0.3
0.3,3,2216.0,0,0,0.0,1,1,0.4,0.4
0.3,3,2217.0,0,0,0.0,1,1,0.4,0.5
0.3,3,2218.0,0,0,,0,0,0.2,0.5
0.3,3,2219.0,0,0,,0,0,0.2,0.5
0.3,3,2220.0,0,0,0.0,1,1,0.3,0.5
0.3,3,2221.0,0,1,0.0,2,1,0.5,0.4
0.3,3,2222.0,0,0,0.0,0,1,0.5,0.5
0.3,3,2223.0,0,0,,0,0,0.5,0.5
0.3,3,2224.0,0,0,,0,0,0.5,0.5
0.3,3,2225.0,0,0,,0,0,0.5,0.5
0.3,3,2226.0,0,0,,0,0,0.4,0.4
0.3,3,2227.0,0,0,,0,0,0.3,0.3
0.3,3,2228.0,0,0,,0,0,0.3,0.3
0.3,3,2229.0,0,0,,0,0,0.3,0.3
0.3,3,2230.0,0,0,,0,0,0.2,0.2
0.3,3,2231.0,0,0,,0,0,0.0,0.1
0.3,3,2232.0,0,0,,0,0,0.0,0.0
0.3,3,2233.0,0,0,,0,0,0.0,0.0
0.3,3,2234.0,0,0,,0,0,0.0,0.0
0.3,3,2235.0,0,0,,0,0,0.0,0.0
0.3,3,2236.0,0,0,0.0,1,1,0.1,0.1
0.3,3,2237.0,0,1,,1,0,0.2,0.1
0.3,3,2238.0,0,0,0.0,0,1,0.2,0.2
0.3,3,2239.0,0,0,,0,0,0.2,0.2
0.3,3,2240.0,0,0,,0,0,0.2,0.2
0.3,3,2241.0,0,0,,0,0,0.2,0.2
0.3,3,2242.0,0,0,,0,0,0.2,0.2
0.3,3,2243.0,0,0,,0,0,0.2,0.2
0.3,3,2244.0,0,1,,1,0,0.3,0.2
0.3,3,2245.0,1,2,,1,0,0.4,0.2
0.3,3,2246.0,0,1,0.0,0,1,0.3,0.2
0.3,3,2247.0,0,0,0.5637958808697476,0,1,0.2,0.3
0.3,3,2248.0,0,0,,0,0,0.2,0.2
0.3,3,2249.0,0,0,,0,0,0.2,0.2
0.3,3,2250.0,0,1,,1,0,0.3,0.2
0.3,3,2251.0,0,0,0.0,0,1,0.3,0.3
0.3,3,2252.0,0,0,,0,0,0.3,0.3
0.3,3,2253.0,0,1,0.0,2,1,0.5,0.4
0.3,3,2254.0,2,3,,2,0,0.6,0.4
0.3,3,2255.0,2,3,0.1176258085374684,1,1,0.6,0.5
0.3,3,2256.0,3,4,,1,0,0.7,0.4
0.3,3,2257.0,1,2,1.8633889815873772,0,2,0.7,0.5
0.3,3,2258.0,1,2,,0,0,0.7,0.5
0.3,3,2259.0,0,1,1.8307287800989798,0,1,0.7,0.6
0.3,3,2260.0,0,0,2.532923202008078,0,1,0.6,0.7
0.3,3,2261.0,0,0,,0,0,0.6,0.6
0.3,3,2262.0,0,0,,0,0,0.6,0.6
0.3,3,2263.0,0,0,,0,0,0.4,0.5
0.3,3,2264.0,0,0,,0,0,0.2,0.5
0.3,3,2265.0,0,1,,1,0,0.2,0.4
0.3,3,2266.0,0,0,0.0,0,1,0.1,0.5
0.3,3,2267.0,0,0,0.0,1,1,0.2,0.4
0.3,3,2268.0,0,0,,0,0,0.2,0.4
0.3,3,2269.0,0,0,,0,0,0.2,0.3
0.3,3,2270.0,0,1,,1,0,0.3,0.2
0.3,3,2271.0,0,0,0.0,0,1,0.3,0.3
0.3,3,2272.0,0,0,,0,0,0.3,0.3
0.3,3,2273.0,0,1,,1,0,0.4,0.3
0.3,3,2274.0,0,0,0.0,0,1,0.4,0.4
0.3,3,2275.0,0,0,,0,0,0.3,0.4
0.3,3,2276.0,1,2,,2,0,0.5,0.3
0.3,3,2277.0,0,1,0.0,0,1,0.4,0.3
0.3,3,2278.0,0,1,0.8114240026748121,1,1,0.5,0.4
0.3,3,2279.0,0,0,0.18455994129226383,1,2,0.6,0.6
0.3,3,2280.0,0,0,,0,0,0.5,0.6
0.3,3,2281.0,0,0,,0,0,0.5,0.5
0.3,3,2282.0,0,0,,0,0,0.5,0.5
0.3,3,2283.0,0,0,,0,0,0.4,0.5
0.3,3,2284.0,0,1,,1,0,0.5,0.4
0.3,3,2285.0,0,0,0.0,0,1,0.5,0.5
0.3,3,2286.0,0,0,,0,0,0.3,0.5
0.3,3,2287.0,0,1,,1,0,0.4,0.4
0.3,3,2288.0,0,1,,0,0,0.3,0.3
0.3,3,2289.0,0,0,0.0,0,1,0.2,0.2
0.3,3,2290.0,0,1,,1,0,0.3,0.2
0.3,3,2291.0,0,0,0.0,1,2,0.4,0.4
0.3,3,2292.0,0,1,,1,0,0.5,0.4
0.3,3,2293.0,0,0,0.0,0,1,0.5,0.5
0.3,3,2294.0,0,0,,0,0,0.4,0.5
0.3,3,2295.0,0,0,,0,0,0.4,0.4
0.3,3,2296.0,0,0,,0,0,0.4,0.4
0.3,3,2297.0,0,0,,0,0,0.3,0.4
0.3,3,2298.0,0,0,0.0,1,1,0.4,0.5
0.3,3,2299.0,0,0,,0,0,0.4,0.4
0.3,3,2300.0,0,0,0.0,1,1,0.4,0.5
0.3,3,2301.0,0,0,0.0,1,1,0.4,0.4
0.3,3,2302.0,0,0,0.0,1,1,0.4,0.5
0.3,3,2303.0,0,0,,0,0,0.4,0.4
0.3,3,2304.0,0,0,,0,0,0.4,0.4
0.3,3,2305.0,0,0,,0,0,0.4,0.4
0.3,3,2306.0,0,1,,1,0,0.5,0.4
0.3,3,2307.0,0,1,,0,0,0.5,0.4
0.3,3,2308.0,0,0,0.0,0,1,0.4,0.4
0.3,3,2309.0,0,0,,0,0,0.4,0.4
0.3,3,2310.0,0,0,,0,0,0.3,0.3
0.3,3,2311.0,0,1,,1,0,0.3,0.2
0.3,3,2312.0,0,1,,0,0,0.2,0.1
0.3,3,2313.0,0,0,0.0,0,1,0.2,0.2
0.3,3,2314.0,0,0,,0,0,0.2,0.2
0.3,3,2315.0,0,0,,0,0,0.2,0.2
0.3,3,2316.0,0,0,,0,0,0.1,0.2
0.3,3,2317.0,0,0,0.0,1,1,0.2,0.3
0.3,3,2318.0,0,0,,0,0,0.2,0.2
0.3,3,2319.0,0,0,,0,0,0.2,0.2
0.3,3,2320.0,0,0,,0,0,0.2,0.2
0.3,3,2321.0,0,0,,0,0,0.1,0.2
0.3,3,2322.0,0,0,,0,0,0.1,0.2
0.3,3,2323.0,0,1,,1,0,0.2,0.1
0.3,3,2324.0,0,0,0.0,0,1,0.2,0.2
0.3,3,2325.0,0,0,,0,0,0.2,0.2
0.3,3,2326.0,0,0,,0,0,0.2,0.2
0.3,3,2327.0,0,0,,0,0,0.1,0.1
0.3,3,2328.0,0,0,0.0,1,1,0.2,0.2
0.3,3,2329.0,0,0,,0,0,0.2,0.2
0.3,3,2330.0,0,0,0.0,1,1,0.3,0.3
0.3,3,2331.0,0,0,,0,0,0.3,0.3
0.3,3,2332.0,0,0,,0,0,0.3,0.3
0.3,3,2333.0,0,0,,0,0,0.2,0.3
0.3,3,2334.0,0,0,,0,0,0.2,0.2
0.3,3,2335.0,0,0,,0,0,0.2,0.2
0.3,3,2336.0,0,1,0.0,2,1,0.4,0.3
0.3,3,2337.0,0,1,,0,0,0.4,0.3
0.3,3,2338.0,0,1,,0,0,0.3,0.2
0.3,3,2339.0,0,0,0.0,0,1,0.3,0.3
0.3,3,2340.0,0,0,,0,0,0.2,0.2
0.3,3,2341.0,0,0,,0,0,0.2,0.2
0.3,3,2342.0,0,1,,1,0,0.3,0.2
0.3,3,2343.0,0,1,,0,0,0.3,0.2
0.3,3,2344.0,0,0,0.0,0,1,0.3,0.3
0.3,3,2345.0,0,1,,1,0,0.4,0.3
0.3,3,2346.0,0,0,0.0,0,1,0.2,0.3
0.3,3,2347.0,0,0,,0,0,0.2,0.3
0.3,3,2348.0,0,0,,0,0,0.2,0.3
0.3,3,2349.0,0,0,0.0,1,1,0.3,0.3
0.3,3,2350.0,0,0,,0,0,0.3,0.3
0.3,3,2351.0,0,0,,0,0,0.3,0.3
0.3,3,2352.0,0,0,,0,0,0.2,0.3
0.3,3,2353.0,0,0,,0,0,0.2,0.3
0.3,3,2354.0,0,1,,1,0,0.3,0.2
0.3,3,2355.0,0,0,0.0,0,1,0.2,0.3
0.3,3,2356.0,0,0,,0,0,0.2,0.2
0.3,3,2357.0,0,0,0.0,1,1,0.3,0.3
0.3,3,2358.0,0,0,,0,0,0.3,0.3
0.3,3,2359.0,0,0,,0,0,0.2,0.2
0.3,3,2360.0,0,0,,0,0,0.2,0.2
0.3,3,2361.0,0,0,,0,0,0.2,0.2
0.3,3,2362.0,0,0,,0,0,0.2,0.2
0.3,3,2363.0,0,0,,0,0,0.2,0.2
0.3,3,2364.0,0,0,,0,0,0.1,0.2
0.3,3,2365.0,0,0,,0,0,0.1,0.1
0.3,3,2366.0,0,0,,0,0,0.1,0.1
0.3,3,2367.0,0,0,,0,0,0.0,0.0
0.3,3,2368.0,0,0,,0,0,0.0,0.0
0.3,3,2369.0,0,1,,1,0,0.1,0.0
0.3,3,2370.0,0,1,0.0,1,1,0.2,0.1
0.3,3,2371.0,2,3,0.0,3,1,0.5,0.2
0.3,3,2372.0,2,3,,0,0,0.5,0.2
0.3,3,2373.0,0,1,0.8794856764843644,0,2,0.5,0.4
0.3,3,2374.0,1,2,,1,0,0.6,0.4
0.3,3,2375.0,1,2,,0,0,0.6,0.4
0.3,3,2376.0,0,1,2.312011665261025,1,2,0.7,0.6
0.3,3,2377.0,1,2,,1,0,0.8,0.6
0.3,3,2378.0,0,0,0.7171955996991528,0,2,0.8,0.8
0.3,3,2379.0,0,0,,0,0,0.7,0.8
0.3,3,2380.0,0,1,,1,0,0.7,0.7
0.3,3,2381.0,1,2,0.0,2,1,0.6,0.7
0.3,3,2382.0,4,5,,3,0,0.9,0.7
0.3,3,2383.0,3,4,0.7966766093841215,0,1,0.9,0.6
0.3,3,2384.0,2,3,1.945781476259981,0,1,0.8,0.7
0.3,3,2385.0,2,3,,0,0,0.8,0.7
0.3,3,2386.0,1,2,2.2154644224983713,0,1,0.7,0.6
0.3,3,2387.0,0,0,4.409280935005199,0,2,0.6,0.8
0.3,3,2388.0,0,0,,0,0,0.6,0.6
0.3,3,2389.0,0,0,,0,0,0.6,0.6
0.3,3,2390.0,0,0,,0,0,0.5,0.6
0.3,3,2391.0,0,0,,0,0,0.3,0.5
0.3,3,2392.0,0,0,,0,0,0.0,0.5
0.3,3,2393.0,0,0,,0,0,0.0,0.4
0.3,3,2394.0,0,0,,0,0,0.0,0.3
0.3,3,2395.0,0,0,,0,0,0.0,0.3
0.3,3,2396.0,0,0,,0,0,0.0,0.2
0.3,3,2397.0,0,0,0.0,1,1,0.1,0.1
0.3,3,2398.0,0,0,,0,0,0.1,0.1
0.3,3,2399.0,0,0,,0,0,0.1,0.1
0.3,3,2400.0,0,0,,0,0,0.1,0.1
0.3,3,2401.0,0,0,,0,0,0.1,0.1
0.3,3,2402.0,0,0,0.0,1,1,0.2,0.2
0.3,3,2403.0,0,1,,1,0,0.3,0.2
0.3,3,2404.0,0,1,,0,0,0.3,0.2
0.3,3,2405.0,0,1,,0,0,0.3,0.2
0.3,3,2406.0,0,1,,0,0,0.3,0.2
0.3,3,2407.0,0,0,0.0,0,1,0.2,0.2
0.3,3,2408.0,0,1,,1,0,0.3,0.2
0.3,3,2409.0,0,0,0.0,0,1,0.3,0.3
0.3,3,2410.0,0,0,,0,0,0.3,0.3
0.3,3,2411.0,0,1,,1,0,0.4,0.3
0.3,3,2412.0,1,2,,1,0,0.4,0.2
0.3,3,2413.0,0,1,0.0,0,1,0.3,0.3
0.3,3,2414.0,1,2,0.9914735385773383,2,1,0.5,0.4
0.3,3,2415.0,1,2,,0,0,0.5,0.4
0.3,3,2416.0,0,0,0.77357163742181,0,2,0.5,0.6
0.3,3,2417.0,0,1,,1,0,0.6,0.5
0.3,3,2418.0,0,0,0.0,0,1,0.5,0.6
0.3,3,2419.0,0,0,0.0,1,1,0.6,0.6
0.3,3,2420.0,0,0,0.0,1,1,0.7,0.7
0.3,3,2421.0,0,0,,0,0,0.6,0.7
0.3,3,2422.0,0,0,,0,0,0.5,0.7
0.3,3,2423.0,0,0,,0,0,0.5,0.6
0.3,3,2424.0,0,1,,1,0,0.4,0.5
0.3,3,2425.0,0,1,0.0,1,1,0.5,0.6
0.3,3,2426.0,0,1,0.3796517870864591,1,1,0.6,0.5
0.3,3,2427.0,0,1,,0,0,0.5,0.5
0.3,3,2428.0,0,0,0.0,0,1,0.5,0.5
0.3,3,2429.0,0,0,,0,0,0.4,0.4
0.3,3,2430.0,0,1,,1,0,0.4,0.3
0.3,3,2431.0,0,0,0.0,0,1,0.4,0.4
0.3,3,2432.0,0,0,,0,0,0.4,0.4
0.3,3,2433.0,0,0,,0,0,0.4,0.4
0.3,3,2434.0,0,0,,0,0,0.3,0.4
0.3,3,2435.0,0,0,,0,0,0.2,0.3
0.3,3,2436.0,0,0,,0,0,0.1,0.2
0.3,3,2437.0,0,0,,0,0,0.1,0.2
0.3,3,2438.0,0,0,,0,0,0.1,0.1
0.3,3,2439.0,0,0,,0,0,0.1,0.1
0.3,3,2440.0,1,2,,2,0,0.2,0.1
0.3,3,2441.0,0,0,0.31036922715315995,0,2,0.2,0.2
0.3,3,2442.0,0,0,,0,0,0.2,0.2
0.3,3,2443.0,0,0,,0,0,0.2,0.2
0.3,3,2444.0,0,0,,0,0,0.2,0.2
0.3,3,2445.0,0,1,,1,0,0.3,0.2
0.3,3,2446.0,0,1,0.0,1,1,0.4,0.3
0.3,3,2447.0,0,0,0.0,0,1,0.4,0.4
0.3,3,2448.0,0,0,,0,0,0.4,0.4
0.3,3,2449.0,0,1,,1,0,0.5,0.4
0.3,3,2450.0,1,2,0.0,2,1,0.5,0.5
0.3,3,2451.0,0,1,0.17420908462054285,0,1,0.5,0.4
0.3,3,2452.0,0,0,0.7418153825901754,0,1,0.5,0.5
0.3,3,2453.0,0,1,0.0,2,1,0.7,0.6
0.3,3,2454.0,0,1,,0,0,0.7,0.6
0.3,3,2455.0,1,2,0.552681980619127,2,1,0.8,0.7
0.3,3,2456.0,0,1,0.5956573481698797,0,1,0.7,0.7
0.3,3,2457.0,0,1,,0,0,0.7,0.6
0.3,3,2458.0,0,1,,0,0,0.7,0.6
0.3,3,2459.0,0,0,1.0896308199698979,0,1,0.6,0.7
0.3,3,2460.0,0,0,,0,0,0.4,0.6
0.3,3,2461.0,0,0,,0,0,0.4,0.5
0.3,3,2462.0,0,0,0.0,1,1,0.5,0.5
0.3,3,2463.0,0,0,,0,0,0.3,0.4
0.3,3,2464.0,0,0,,0,0,0.3,0.4
0.3,3,2465.0,0,0,,0,0,0.1,0.3
0.3,3,2466.0,0,1,,1,0,0.2,0.2
0.3,3,2467.0,0,0,0.0,0,1,0.2,0.3
0.3,3,2468.0,0,0,,0,0,0.2,0.3
0.3,3,2469.0,0,1,,1,0,0.3,0.2
0.3,3,2470.0,0,0,0.0,0,1,0.3,0.3
0.3,3,2471.0,0,0,,0,0,0.3,0.3
0.3,3,2472.0,0,0,,0,0,0.2,0.2
0.3,3,2473.0,0,1,,1,0,0.3,0.2
0.3,3,2474.0,0,1,,0,0,0.3,0.2
0.3,3,2475.0,0,0,0.0,0,1,0.3,0.3
0.3,3,2476.0,0,0,,0,0,0.2,0.3
0.3,3,2477.0,0,1,,1,0,0.3,0.2
0.3,3,2478.0,0,1,,0,0,0.3,0.2
0.3,3,2479.0,0,0,0.0,1,2,0.3,0.4
0.3,3,2480.0,0,1,,1,0,0.4,0.3
0.3,3,2481.0,0,1,,0,0,0.4,0.3
0.3,3,2482.0,0,1,,0,0,0.4,0.3
0.3,3,2483.0,0,0,0.0,0,1,0.3,0.4
0.3,3,2484.0,0,0,,0,0,0.3,0.4
0.3,3,2485.0,0,0,,0,0,0.3,0.3
0.3,3,2486.0,0,0,,0,0,0.3,0.3
0.3,3,2487.0,0,0,,0,0,0.2,0.3
0.3,3,2488.0,0,0,,0,0,0.2,0.3
0.3,3,2489.0,0,0,,0,0,0.1,0.1
0.3,3,2490.0,0,0,,0,0,0.0,0.1
0.3,3,2491.0,0,0,,0,0,0.0,0.1
0.3,3,2492.0,1,2,,2,0,0.2,0.1
0.3,3,2493.0,1,2,,0,0,0.2,0.0
0.3,3,2494.0,2,3,,1,0,0.3,0.0
0.3,3,2495.0,0,1,1.3902441390023341,0,2,0.3,0.2
0.3,3,2496.0,0,1,,0,0,0.3,0.2
0.3,3,2497.0,1,2,,1,0,0.4,0.2
0.3,3,2498.0,1,2,,0,0,0.4,0.2
0.3,3,2499.0,0,0,1.344515370566569,0,2,0.4,0.4
0.3,3,2500.0,0,0,,0,0,0.4,0.4
0.3,3,2501.0,0,0,,0,0,0.4,0.4
0.3,3,2502.0,0,0,,0,0,0.2,0.4
0.3,3,2503.0,0,0,,0,0,0.2,0.4
0.3,3,2504.0,0,0,0.0,1,1,0.2,0.5
0.3,3,2505.0,0,0,,0,0,0.2,0.3
0.3,3,2506.0,0,0,,0,0,0.2,0.3
0.3,3,2507.0,0,0,,0,0,0.1,0.3
0.3,3,2508.0,0,1,0.0,2,1,0.3,0.4
0.3,3,2509.0,0,1,0.0,1,1,0.4,0.3
0.3,3,2510.0,0,1,,0,0,0.4,0.3
0.3,3,2511.0,1,2,0.17608074766758364,2,1,0.6,0.4
0.3,3,2512.0,0,1,0.6256918870180925,0,1,0.6,0.5
0.3,3,2513.0,0,1,0.45507635008516445,1,1,0.7,0.6
0.3,3,2514.0,0,1,0.7513423218297248,1,1,0.7,0.6
0.3,3,2515.0,0,1,,0,0,0.7,0.6
0.3,3,2516.0,0,0,0.0,0,1,0.7,0.7
0.3,3,2517.0,0,0,,0,0,0.7,0.7
0.3,3,2518.0,0,0,,0,0,0.5,0.6
0.3,3,2519.0,0,0,,0,0,0.4,0.5
0.3,3,2520.0,0,0,,0,0,0.4,0.5
0.3,3,2521.0,0,0,,0,0,0.2,0.4
0.3,3,2522.0,0,0,,0,0,0.2,0.3
0.3,3,2523.0,0,0,,0,0,0.1,0.2
0.3,3,2524.0,0,0,,0,0,0.0,0.1
0.3,3,2525.0,0,1,,1,0,0.1,0.1
0.3,3,2526.0,0,1,,0,0,0.1,0.0
0.3,3,2527.0,0,0,0.0,0,1,0.1,0.1
0.3,3,2528.0,0,0,,0,0,0.1,0.1
0.3,3,2529.0,0,0,,0,0,0.1,0.1
0.3,3,2530.0,0,0,,0,0,0.1,0.1
0.3,3,2531.0,0,0,,0,0,0.1,0.1
0.3,3,2532.0,0,0,,0,0,0.1,0.1
0.3,3,2533.0,0,0,,0,0,0.1,0.1
0.3,3,2534.0,0,0,,0,0,0.1,0.1
0.3,3,2535.0,0,0,,0,0,0.0,0.1
0.3,3,2536.0,0,0,,0,0,0.0,0.1
0.3,3,2537.0,0,1,,1,0,0.1,0.0
0.3,3,2538.0,2,3,,2,0,0.3,0.0
0.3,3,2539.0,0,0,0.47679631759941304,0,3,0.3,0.3
0.3,3,2540.0,0,0,,0,0,0.3,0.3
0.3,3,2541.0,0,0,,0,0,0.3,0.3
0.3,3,2542.0,0,0,,0,0,0.3,0.3
0.3,3,2543.0,0,1,,1,0,0.4,0.3
0.3,3,2544.0,0,0,0.11896396573797574,1,2,0.5,0.5
0.3,3,2545.0,0,0,,0,0,0.5,0.5
0.3,3,2546.0,0,0,,0,0,0.5,0.5
0.3,3,2547.0,0,1,0.0,2,1,0.6,0.6
0.3,3,2548.0,0,0,0.0,0,1,0.4,0.7
0.3,3,2549.0,0,0,,0,0,0.4,0.4
0.3,3,2550.0,0,0,,0,0,0.4,0.4
0.3,3,2551.0,0,0,,0,0,0.4,0.4
0.3,3,2552.0,0,0,,0,0,0.4,0.4
0.3,3,2553.0,0,0,,0,0,0.3,0.4
0.3,3,2554.0,0,0,,0,0,0.2,0.2
0.3,3,2555.0,0,0,,0,0,0.2,0.2
0.3,3,2556.0,0,0,,0,0,0.2,0.2
0.3,3,2557.0,0,0,0.0,1,1,0.1,0.2
0.3,3,2558.0,0,0,,0,0,0.1,0.1
0.3,3,2559.0,0,0,,0,0,0.1,0.1
0.3,3,2560.0,0,0,,0,0,0.1,0.1
0.3,3,2561.0,0,0,,0,0,0.1,0.1
0.3,3,2562.0,0,0,,0,0,0.1,0.1
0.3,3,2563.0,0,1,,1,0,0.2,0.1
0.3,3,2564.0,0,1,,0,0,0.2,0.1
0.3,3,2565.0,0,0,0.0,0,1,0.2,0.2
0.3,3,2566.0,0,0,,0,0,0.2,0.2
0.3,3,2567.0,0,0,,0,0,0.1,0.1
0.3,3,2568.0,0,0,,0,0,0.1,0.1
0.3,3,2569.0,0,0,,0,0,0.1,0.1
0.3,3,2570.0,0,0,,0,0,0.1,0.1
0.3,3,2571.0,0,0,0.0,1,1,0.2,0.2
0.3,3,2572.0,0,0,0.0,1,1,0.3,0.3
0.3,3,2573.0,0,0,,0,0,0.2,0.3
0.3,3,2574.0,0,0,,0,0,0.2,0.3
0.3,3,2575.0,0,0,,0,0,0.2,0.2
0.3,3,2576.0,0,0,,0,0,0.2,0.2
0.3,3,2577.0,0,0,,0,0,0.2,0.2
0.3,3,2578.0,0,0,,0,0,0.2,0.2
0.3,3,2579.0,0,0,,0,0,0.2,0.2
0.3,3,2580.0,0,0,,0,0,0.2,0.2
0.3,3,2581.0,0,0,,0,0,0.1,0.1
0.3,3,2582.0,0,0,,0,0,0.0,0.0
0.3,3,2583.0,0,0,0.0,1,1,0.1,0.1
0.3,3,2584.0,0,0,,0,0,0.1,0.1
0.3,3,2585.0,0,0,,0,0,0.1,0.1
0.3,3,2586.0,0,0,,0,0,0.1,0.1
0.3,3,2587.0,0,0,,0,0,0.1,0.1
0.3,3,2588.0,0,0,,0,0,0.1,0.1
0.3,3,2589.0,0,1,,1,0,0.2,0.1
0.3,3,2590.0,0,1,,0,0,0.2,0.1
0.3,3,2591.0,1,2,,1,0,0.3,0.1
0.3,3,2592.0,1,2,,0,0,0.3,0.1
0.3,3,2593.0,0,1,0.0,0,1,0.2,0.1
0.3,3,2594.0,0,0,2.784488164718823,0,1,0.2,0.2
0.3,3,2595.0,0,0,,0,0,0.2,0.2
0.3,3,2596.0,0,0,,0,0,0.2,0.2
0.3,3,2597.0,1,2,,2,0,0.4,0.2
0.3,3,2598.0,2,3,,1,0,0.5,0.2
0.3,3,2599.0,2,3,,0,0,0.4,0.2
0.3,3,2600.0,0,1,1.5569968277729913,0,2,0.4,0.4
0.3,3,2601.0,0,0,1.7806826337009625,0,1,0.3,0.5
0.3,3,2602.0,0,0,,0,0,0.3,0.5
0.3,3,2603.0,0,0,,0,0,0.3,0.4
0.3,3,2604.0,0,0,,0,0,0.3,0.3
0.3,3,2605.0,0,0,,0,0,0.3,0.3
0.3,3,2606.0,0,0,,0,0,0.3,0.3
0.3,3,2607.0,0,0,,0,0,0.1,0.3
0.3,3,2608.0,0,0,,0,0,0.0,0.3
0.3,3,2609.0,0,0,,0,0,0.0,0.3
0.3,3,2610.0,0,0,,0,0,0.0,0.1
0.3,3,2611.0,0,0,,0,0,0.0,0.0
0.3,3,2612.0,0,0,,0,0,0.0,0.0
0.3,3,2613.0,0,1,,1,0,0.1,0.0
0.3,3,2614.0,0,0,0.0,0,1,0.1,0.1
0.3,3,2615.0,0,0,,0,0,0.1,0.1
0.3,3,2616.0,0,0,,0,0,0.1,0.1
0.3,3,2617.0,0,0,,0,0,0.1,0.1
0.3,3,2618.0,0,1,,1,0,0.2,0.1
0.3,3,2619.0,0,0,0.0,0,1,0.2,0.2
0.3,3,2620.0,0,0,,0,0,0.2,0.2
0.3,3,2621.0,0,0,,0,0,0.2,0.2
0.3,3,2622.0,0,1,,1,0,0.3,0.2
0.3,3,2623.0,0,0,0.0,0,1,0.2,0.3
0.3,3,2624.0,0,0,,0,0,0.2,0.2
0.3,3,2625.0,0,0,,0,0,0.2,0.2
0.3,3,2626.0,0,0,0.0,1,1,0.3,0.3
0.3,3,2627.0,0,0,,0,0,0.3,0.3
0.3,3,2628.0,0,0,,0,0,0.2,0.3
0.3,3,2629.0,0,0,,0,0,0.2,0.2
0.3,3,2630.0,0,1,,1,0,0.3,0.2
0.3,3,2631.0,0,0,0.0,0,1,0.3,0.3
0.3,3,2632.0,0,1,,1,0,0.3,0.3
0.3,3,2633.0,0,1,0.0,1,1,0.4,0.3
0.3,3,2634.0,0,0,0.0,0,1,0.4,0.4
0.3,3,2635.0,0,0,,0,0,0.4,0.4
0.3,3,2636.0,0,0,,0,0,0.3,0.3
0.3,3,2637.0,0,0,,0,0,0.3,0.3
0.3,3,2638.0,0,0,,0,0,0.3,0.3
0.3,3,2639.0,0,1,,1,0,0.4,0.3
0.3,3,2640.0,1,2,,1,0,0.4,0.3
0.3,3,2641.0,2,3,,1,0,0.5,0.2
0.3,3,2642.0,1,2,0.0,0,1,0.4,0.3
0.3,3,2643.0,2,3,,1,0,0.4,0.2
0.3,3,2644.0,2,3,,0,0,0.4,0.1
0.3,3,2645.0,0,1,2.824785400244309,0,2,0.4,0.3
0.3,3,2646.0,0,1,2.1111368397350816,1,1,0.5,0.4
0.3,3,2647.0,0,1,0.0,1,1,0.6,0.5
0.3,3,2648.0,1,2,,1,0,0.7,0.5
0.3,3,2649.0,1,2,0.09810666794237477,1,1,0.7,0.6
0.3,3,2650.0,2,3,,1,0,0.7,0.6
0.3,3,2651.0,3,4,,1,0,0.7,0.6
0.3,3,2652.0,2,3,0.7355364889631346,0,1,0.7,0.6
0.3,3,2653.0,1,2,3.733211694563124,0,1,0.6,0.7
0.3,3,2654.0,2,3,,1,0,0.7,0.7
0.3,3,2655.0,1,2,3.6516847288394274,1,2,0.8,0.7
0.3,3,2656.0,0,0,0.8162469454211987,0,2,0.7,0.8
0.3,3,2657.0,0,0,,0,0,0.6,0.7
0.3,3,2658.0,0,0,,0,0,0.5,0.7
0.3,3,2659.0,0,1,,1,0,0.5,0.6
0.3,3,2660.0,0,0,0.0,0,1,0.4,0.7
0.3,3,2661.0,0,1,,1,0,0.4,0.7
0.3,3,2662.0,0,1,0.0,1,1,0.5,0.7
0.3,3,2663.0,0,1,0.0,1,1,0.6,0.7
0.3,3,2664.0,0,1,,0,0,0.5,0.7
0.3,3,2665.0,0,1,,0,0,0.4,0.5
0.3,3,2666.0,0,1,,0,0,0.4,0.3
0.3,3,2667.0,0,0,0.0,0,1,0.4,0.4
0.3,3,2668.0,0,1,,1,0,0.5,0.4
0.3,3,2669.0,0,1,,0,0,0.4,0.4
0.3,3,2670.0,0,1,0.0,1,1,0.5,0.4
0.3,3,2671.0,0,0,0.0,0,1,0.4,0.5
0.3,3,2672.0,0,1,,1,0,0.4,0.4
0.3,3,2673.0,1,2,0.0,2,1,0.5,0.4
0.3,3,2674.0,0,1,0.5013943002636552,0,1,0.5,0.5
0.3,3,2675.0,0,0,1.1114552933718187,0,1,0.5,0.6
0.3,3,2676.0,0,0,,0,0,0.5,0.6
0.3,3,2677.0,0,0,,0,0,0.5,0.5
0.3,3,2678.0,0,0,,0,0,0.4,0.5
0.3,3,2679.0,0,0,,0,0,0.4,0.5
0.3,3,2680.0,0,0,,0,0,0.3,0.4
0.3,3,2681.0,0,0,,0,0,0.3,0.3
0.3,3,2682.0,0,0,,0,0,0.2,0.3
0.3,3,2683.0,0,1,0.0,2,1,0.2,0.3
0.3,3,2684.0,2,3,,2,0,0.4,0.2
0.3,3,2685.0,1,2,0.3632836084352675,0,1,0.4,0.2
0.3,3,2686.0,0,1,2.0045183276279204,1,2,0.5,0.4
0.3,3,2687.0,0,0,0.0,1,2,0.6,0.6
0.3,3,2688.0,0,0,,0,0,0.6,0.6
0.3,3,2689.0,0,1,,1,0,0.7,0.6
0.3,3,2690.0,0,1,0.0,1,1,0.8,0.7
0.3,3,2691.0,0,1,,0,0,0.8,0.7
0.3,3,2692.0,0,0,0.05485455590633137,0,1,0.8,0.8
0.3,3,2693.0,0,0,,0,0,0.6,0.7
0.3,3,2694.0,0,0,,0,0,0.4,0.7
0.3,3,2695.0,0,0,,0,0,0.4,0.6
0.3,3,2696.0,0,0,,0,0,0.3,0.4
0.3,3,2697.0,1,2,,2,0,0.4,0.2
0.3,3,2698.0,1,2,,0,0,0.4,0.2
0.3,3,2699.0,0,0,1.005847434948464,0,2,0.3,0.4
0.3,3,2700.0,0,0,,0,0,0.2,0.3
0.3,3,2701.0,0,1,,1,0,0.3,0.3
0.3,3,2702.0,0,0,0.0,0,1,0.3,0.3
0.3,3,2703.0,0,0,,0,0,0.3,0.3
0.3,3,2704.0,0,1,,1,0,0.4,0.3
0.3,3,2705.0,0,1,,0,0,0.4,0.3
0.3,3,2706.0,0,1,,0,0,0.4,0.3
0.3,3,2707.0,0,0,0.0,0,1,0.2,0.4
0.3,3,2708.0,0,0,,0,0,0.2,0.4
0.3,3,2709.0,0,0,,0,0,0.2,0.2
0.3,3,2710.0,0,0,,0,0,0.2,0.2
0.3,3,2711.0,0,0,0.0,1,1,0.2,0.3
0.3,3,2712.0,0,0,,0,0,0.2,0.2
0.3,3,2713.0,0,0,,0,0,0.2,0.2
0.3,3,2714.0,0,0,,0,0,0.1,0.2
0.3,3,2715.0,0,0,0.0,1,1,0.2,0.3
0.3,3,2716.0,0,0,0.0,1,1,0.3,0.4
0.3,3,2717.0,0,0,,0,0,0.3,0.3
0.3,3,2718.0,0,0,,0,0,0.3,0.3
0.3,3,2719.0,0,0,,0,0,0.3,0.3
0.3,3,2720.0,0,0,,0,0,0.3,0.3
0.3,3,2721.0,0,0,,0,0,0.2,0.2
0.3,3,2722.0,0,1,0.0,2,1,0.4,0.3
0.3,3,2723.0,0,1,,0,0,0.4,0.3
0.3,3,2724.0,0,1,,0,0,0.4,0.3
0.3,3,2725.0,0,1,,0,0,0.3,0.2
0.3,3,2726.0,0,0,0.0,0,1,0.2,0.2
0.3,3,2727.0,0,0,,0,0,0.2,0.2
0.3,3,2728.0,0,1,,1,0,0.3,0.2
0.3,3,2729.0,0,0,0.0,0,1,0.3,0.3
0.3,3,2730.0,0,1,,1,0,0.4,0.3
0.3,3,2731.0,0,0,0.0,0,1,0.4,0.4
0.3,3,2732.0,0,0,,0,0,0.2,0.3
0.3,3,2733.0,0,0,,0,0,0.2,0.3
0.3,3,2734.0,0,1,,1,0,0.3,0.3
0.3,3,2735.0,0,0,0.0,0,1,0.3,0.4
0.3,3,2736.0,0,1,,1,0,0.4,0.3
0.3,3,2737.0,0,0,0.0,0,1,0.4,0.4
0.3,3,2738.0,0,0,0.0,1,1,0.4,0.5
0.3,3,2739.0,0,0,,0,0,0.4,0.4
0.3,3,2740.0,0,0,,0,0,0.3,0.4
0.3,3,2741.0,0,0,0.0,1,1,0.4,0.4
0.3,3,2742.0,0,0,,0,0,0.4,0.4
0.3,3,2743.0,0,1,,1,0,0.5,0.4
0.3,3,2744.0,0,1,0.0,1,1,0.5,0.5
0.3,3,2745.0,0,0,0.0,0,1,0.5,0.5
0.3,3,2746.0,0,0,,0,0,0.4,0.5
0.3,3,2747.0,0,1,,1,0,0.5,0.4
0.3,3,2748.0,1,2,,1,0,0.5,0.3
0.3,3,2749.0,1,2,,0,0,0.5,0.3
0.3,3,2750.0,0,0,0.5468443211987809,1,3,0.6,0.6
0.3,3,2751.0,0,1,,1,0,0.6,0.5
0.3,3,2752.0,2,3,,2,0,0.8,0.5
0.3,3,2753.0,1,2,0.5100895167133785,1,2,0.8,0.7
0.3,3,2754.0,1,2,0.9508392129323511,1,1,0.8,0.7
0.3,3,2755.0,1,2,,0,0,0.8,0.6
0.3,3,2756.0,0,1,1.3401251586126364,1,2,0.9,0.8
0.3,3,2757.0,0,0,0.8237842319540505,0,1,0.8,0.9
0.3,3,2758.0,0,0,,0,0,0.7,0.9
0.3,3,2759.0,0,0,,0,0,0.7,0.9
0.3,3,2760.0,0,1,,1,0,0.7,0.6
0.3,3,2761.0,0,1,,0,0,0.6,0.6
0.3,3,2762.0,0,0,0.0,0,1,0.4,0.7
0.3,3,2763.0,0,1,,1,0,0.4,0.5
0.3,3,2764.0,0,1,,0,0,0.3,0.4
0.3,3,2765.0,0,0,0.0,0,1,0.3,0.5
0.3,3,2766.0,0,0,,0,0,0.2,0.3
0.3,3,2767.0,0,0,,0,0,0.2,0.2
0.3,3,2768.0,0,0,,0,0,0.2,0.2
0.3,3,2769.0,0,0,,0,0,0.2,0.2
0.3,3,2770.0,0,0,,0,0,0.1,0.2
0.3,3,2771.0,0,0,,0,0,0.1,0.2
0.3,3,2772.0,0,1,,1,0,0.2,0.1
0.3,3,2773.0,0,1,0.0,1,1,0.2,0.2
0.3,3,2774.0,0,1,,0,0,0.2,0.2
0.3,3,2775.0,1,2,,1,0,0.3,0.1
0.3,3,2776.0,0,1,0.0,0,1,0.3,0.2
0.3,3,2777.0,0,0,0.45691202850230184,0,1,0.3,0.3
0.3,3,2778.0,0,0,,0,0,0.3,0.3
0.3,3,2779.0,0,0,,0,0,0.3,0.3
0.3,3,2780.0,0,0,,0,0,0.3,0.3
0.3,3,2781.0,0,0,,0,0,0.3,0.3
0.3,3,2782.0,0,0,,0,0,0.2,0.3
0.3,3,2783.0,0,0,,0,0,0.1,0.2
0.3,3,2784.0,0,0,0.0,1,1,0.2,0.3
0.3,3,2785.0,0,0,,0,0,0.1,0.3
0.3,3,2786.0,0,0,,0,0,0.1,0.2
0.3,3,2787.0,0,1,,1,0,0.2,0.1
0.3,3,2788.0,2,3,,2,0,0.4,0.1
0.3,3,2789.0,1,2,0.0,0,1,0.4,0.2
0.3,3,2790.0,1,2,,0,0,0.4,0.2
0.3,3,2791.0,0,1,1.820085336313241,1,2,0.5,0.4
0.3,3,2792.0,0,0,0.0,0,1,0.5,0.5
0.3,3,2793.0,0,0,,0,0,0.5,0.5
0.3,3,2794.0,0,0,,0,0,0.4,0.4
0.3,3,2795.0,0,0,,0,0,0.4,0.4
0.3,3,2796.0,0,0,,0,0,0.4,0.4
0.3,3,2797.0,0,0,,0,0,0.3,0.4
0.3,3,2798.0,0,0,,0,0,0.1,0.4
0.3,3,2799.0,0,0,,0,0,0.1,0.3
0.3,3,2800.0,0,0,,0,0,0.1,0.3
0.3,3,2801.0,0,0,,0,0,0.0,0.1
0.3,3,2802.0,0,1,,1,0,0.1,0.0
0.3,3,2803.0,0,0,0.0,0,1,0.1,0.1
0.3,3,2804.0,0,0,,0,0,0.1,0.1
0.3,3,2805.0,0,0,,0,0,0.1,0.1
0.3,3,2806.0,0,1,,1,0,0.2,0.1
0.3,3,2807.0,0,0,0.0,0,1,0.2,0.2
0.3,3,2808.0,0,0,,0,0,0.2,0.2
0.3,3,2809.0,0,0,,0,0,0.2,0.2
0.3,3,2810.0,0,0,,0,0,0.2,0.2
0.3,3,2811.0,0,0,,0,0,0.2,0.2
0.3,3,2812.0,0,0,,0,0,0.1,0.2
0.3,3,2813.0,0,0,,0,0,0.1,0.1
0.3,3,2814.0,0,0,,0,0,0.1,0.1
0.3,3,2815.0,0,1,0.0,2,1,0.3,0.2
0.3,3,2816.0,0,1,,0,0,0.2,0.2
0.3,3,2817.0,0,1,,0,0,0.2,0.1
0.3,3,2818.0,0,0,0.24837142963451697,0,1,0.2,0.2
0.3,3,2819.0,0,0,0.0,1,1,0.3,0.3
0.3,3,2820.0,0,0,,0,0,0.3,0.3
0.3,3,2821.0,0,0,,0,0,0.3,0.3
0.3,3,2822.0,0,0,,0,0,0.3,0.3
0.3,3,2823.0,0,0,,0,0,0.3,0.3
0.3,3,2824.0,0,1,,1,0,0.4,0.3
0.3,3,2825.0,0,1,0.0,1,1,0.3,0.3
0.3,3,2826.0,0,0,0.0925157149952156,1,2,0.4,0.5
0.3,3,2827.0,0,0,,0,0,0.4,0.5
0.3,3,2828.0,0,0,,0,0,0.4,0.4
0.3,3,2829.0,0,0,,0,0,0.3,0.3
0.3,3,2830.0,0,0,,0,0,0.3,0.3
0.3,3,2831.0,0,0,,0,0,0.3,0.3
0.3,3,2832.0,0,0,,0,0,0.3,0.3
0.3,3,2833.0,0,0,,0,0,0.3,0.3
0.3,3,2834.0,0,0,,0,0,0.2,0.3
0.3,3,2835.0,0,0,,0,0,0.1,0.2
0.3,3,2836.0,0,0,0.0,1,1,0.1,0.1
0.3,3,2837.0,0,0,,0,0,0.1,0.1
0.3,3,2838.0,0,0,,0,0,0.1,0.1
0.3,3,2839.0,0,0,,0,0,0.1,0.1
0.3,3,2840.0,0,0,,0,0,0.1,0.1
0.3,3,2841.0,0,0,,0,0,0.1,0.1
0.3,3,2842.0,0,1,,1,0,0.2,0.1
0.3,3,2843.0,0,0,0.0,0,1,0.2,0.2
0.3,3,2844.0,0,0,,0,0,0.2,0.2
0.3,3,2845.0,0,0,,0,0,0.2,0.2
0.3,3,2846.0,0,0,0.0,1,1,0.2,0.2
0.3,3,2847.0,0,0,,0,0,0.2,0.2
0.3,3,2848.0,0,0,,0,0,0.2,0.2
0.3,3,2849.0,0,0,,0,0,0.2,0.2
0.3,3,2850.0,0,0,,0,0,0.2,0.2
0.3,3,2851.0,0,1,,1,0,0.3,0.2
0.3,3,2852.0,0,1,,0,0,0.2,0.2
0.3,3,2853.0,0,1,0.0,1,1,0.3,0.2
0.3,3,2854.0,0,1,0.0,1,1,0.4,0.3
0.3,3,2855.0,1,2,0.0,2,1,0.6,0.4
0.3,3,2856.0,0,1,0.03321143137418403,0,1,0.5,0.4
0.3,3,2857.0,0,0,0.7538975387269602,0,1,0.5,0.5
0.3,3,2858.0,0,0,,0,0,0.5,0.5
0.3,3,2859.0,0,0,,0,0,0.5,0.5
0.3,3,2860.0,0,0,,0,0,0.5,0.5
0.3,3,2861.0,0,1,,1,0,0.5,0.5
0.3,3,2862.0,0,0,0.0,0,1,0.5,0.6
0.3,3,2863.0,0,0,,0,0,0.4,0.5
0.3,3,2864.0,0,1,,1,0,0.4,0.4
0.3,3,2865.0,0,1,0.0,1,1,0.3,0.4
0.3,3,2866.0,0,1,,0,0,0.3,0.3
0.3,3,2867.0,0,0,0.0,0,1,0.3,0.3
0.3,3,2868.0,0,0,,0,0,0.3,0.3
0.3,3,2869.0,0,0,,0,0,0.3,0.3
0.3,3,2870.0,0,1,,1,0,0.4,0.3
0.3,3,2871.0,0,0,0.0,0,1,0.3,0.4
0.3,3,2872.0,0,1,,1,0,0.4,0.3
0.3,3,2873.0,0,0,0.0,0,1,0.4,0.4
0.3,3,2874.0,0,0,,0,0,0.3,0.4
0.3,3,2875.0,0,0,,0,0,0.2,0.3
0.3,3,2876.0,0,1,0.0,2,1,0.4,0.4
0.3,3,2877.0,0,0,0.31578548135939855,0,1,0.4,0.4
0.3,3,2878.0,0,0,,0,0,0.4,0.4
0.3,3,2879.0,0,1,,1,0,0.5,0.4
0.3,3,2880.0,0,0,0.0,0,1,0.4,0.5
0.3,3,2881.0,0,0,,0,0,0.4,0.4
0.3,3,2882.0,0,0,0.0,1,1,0.4,0.5
0.3,3,2883.0,0,0,,0,0,0.4,0.4
0.3,3,2884.0,0,0,,0,0,0.4,0.4
0.3,3,2885.0,0,0,,0,0,0.4,0.4
0.3,3,2886.0,0,0,,0,0,0.2,0.3
0.3,3,2887.0,0,0,,0,0,0.2,0.2
0.3,3,2888.0,0,0,0.0,1,1,0.3,0.3
0.3,3,2889.0,0,0,0.0,1,1,0.3,0.4
0.3,3,2890.0,0,1,,1,0,0.4,0.3
0.3,3,2891.0,0,0,0.0,1,2,0.5,0.5
0.3,3,2892.0,0,1,,1,0,0.5,0.4
0.3,3,2893.0,0,1,,0,0,0.5,0.4
0.3,3,2894.0,0,0,0.0,0,1,0.5,0.5
0.3,3,2895.0,0,1,,1,0,0.6,0.5
0.3,3,2896.0,0,0,0.0,0,1,0.6,0.6
0.3,3,2897.0,0,0,0.0,1,1,0.7,0.7
0.3,3,2898.0,0,0,,0,0,0.6,0.6
0.3,3,2899.0,0,0,,0,0,0.5,0.5
0.3,3,2900.0,0,0,0.0,1,1,0.5,0.6
0.3,3,2901.0,0,0,,0,0,0.4,0.4
0.3,3,2902.0,0,0,,0,0,0.3,0.4
0.3,3,2903.0,0,0,,0,0,0.3,0.4
0.3,3,2904.0,0,0,,0,0,0.3,0.3
0.3,3,2905.0,0,0,,0,0,0.2,0.3
0.3,3,2906.0,0,0,,0,0,0.2,0.2
0.3,3,2907.0,0,1,,1,0,0.2,0.1
0.3,3,2908.0,0,1,,0,0,0.2,0.1
0.3,3,2909.0,0,0,0.0,0,1,0.2,0.2
0.3,3,2910.0,0,0,,0,0,0.1,0.1
0.3,3,2911.0,0,0,,0,0,0.1,0.1
0.3,3,2912.0,0,0,,0,0,0.1,0.1
0.3,3,2913.0,0,0,,0,0,0.1,0.1
0.3,3,2914.0,0,0,,0,0,0.1,0.1
0.3,3,2915.0,0,0,,0,0,0.1,0.1
0.3,3,2916.0,0,0,,0,0,0.1,0.1
0.3,3,2917.0,0,0,,0,0,0.0,0.1
0.3,3,2918.0,0,0,,0,0,0.0,0.1
0.3,3,2919.0,0,0,,0,0,0.0,0.0
0.3,3,2920.0,0,1,,1,0,0.1,0.0
0.3,3,2921.0,2,3,0.0,3,1,0.4,0.1
0.3,3,2922.0,1,2,0.0,0,1,0.4,0.2
0.3,3,2923.0,1,2,,0,0,0.4,0.2
0.3,3,2924.0,1,2,1.365773349110441,1,1,0.5,0.3
0.3,3,2925.0,1,2,,0,0,0.5,0.3
0.3,3,2926.0,1,2,,0,0,0.5,0.3
0.3,3,2927.0,2,3,,1,0,0.6,0.3
0.3,3,2928.0,3,4,,1,0,0.7,0.3
0.3,3,2929.0,1,2,3.3517175443336478,1,3,0.8,0.6
0.3,3,2930.0,2,3,,1,0,0.8,0.6
0.3,3,2931.0,0,1,1.8168997050181588,0,2,0.5,0.7
0.3,3,2932.0,0,0,1.1914444193139389,0,1,0.5,0.7
0.3,3,2933.0,0,0,0.0,1,1,0.6,0.8
0.3,3,2934.0,0,1,,1,0,0.6,0.7
0.3,3,2935.0,0,0,0.0,0,1,0.6,0.8
0.3,3,2936.0,0,0,,0,0,0.6,0.8
0.3,3,2937.0,0,0,0.0,1,1,0.6,0.9
0.3,3,2938.0,0,0,,0,0,0.5,0.9
0.3,3,2939.0,0,0,0.0,1,1,0.5,0.7
0.3,3,2940.0,0,0,,0,0,0.4,0.7
0.3,3,2941.0,0,0,,0,0,0.4,0.5
0.3,3,2942.0,0,0,,0,0,0.4,0.4
0.3,3,2943.0,0,1,,1,0,0.4,0.3
0.3,3,2944.0,0,0,0.0,1,2,0.4,0.5
0.3,3,2945.0,0,0,,0,0,0.4,0.4
0.3,3,2946.0,0,0,,0,0,0.4,0.4
0.3,3,2947.0,0,0,,0,0,0.3,0.3
0.3,3,2948.0,0,0,,0,0,0.3,0.3
0.3,3,2949.0,0,0,,0,0,0.2,0.2
0.3,3,2950.0,0,0,,0,0,0.2,0.2
0.3,3,2951.0,0,1,,1,0,0.3,0.2
0.3,3,2952.0,1,2,,1,0,0.4,0.2
0.3,3,2953.0,1,2,,0,0,0.3,0.2
0.3,3,2954.0,0,1,0.0,0,1,0.2,0.1
0.3,3,2955.0,0,1,,0,0,0.2,0.1
0.3,3,2956.0,0,0,1.9170850904606596,0,1,0.2,0.2
0.3,3,2957.0,0,0,,0,0,0.2,0.2
0.3,3,2958.0,0,0,0.0,1,1,0.3,0.3
0.3,3,2959.0,0,0,,0,0,0.3,0.3
0.3,3,2960.0,0,0,,0,0,0.3,0.3
0.3,3,2961.0,0,0,,0,0,0.2,0.3
0.3,3,2962.0,0,0,,0,0,0.1,0.3
0.3,3,2963.0,0,1,,1,0,0.2,0.3
0.3,3,2964.0,0,0,0.0,0,1,0.2,0.3
0.3,3,2965.0,0,0,,0,0,0.2,0.3
0.3,3,2966.0,0,0,,0,0,0.2,0.2
0.3,3,2967.0,0,0,,0,0,0.2,0.2
0.3,3,2968.0,0,0,,0,0,0.1,0.1
0.3,3,2969.0,0,0,,0,0,0.1,0.1
0.3,3,2970.0,0,0,,0,0,0.1,0.1
0.3,3,2971.0,0,0,,0,0,0.1,0.1
0.3,3,2972.0,0,0,,0,0,0.1,0.1
0.3,3,2973.0,0,0,,0,0,0.0,0.1
0.3,3,2974.0,0,0,,0,0,0.0,0.0
0.3,3,2975.0,0,0,,0,0,0.0,0.0
0.3,3,2976.0,0,0,,0,0,0.0,0.0
0.3,3,2977.0,0,1,,1,0,0.1,0.0
0.3,3,2978.0,0,0,0.0,0,1,0.1,0.1
0.3,3,2979.0,0,0,,0,0,0.1,0.1
0.3,3,2980.0,0,1,,1,0,0.2,0.1
0.3,3,2981.0,0,0,0.0,0,1,0.2,0.2
0.3,3,2982.0,0,0,,0,0,0.2,0.2
0.3,3,2983.0,0,0,,0,0,0.2,0.2
0.3,3,2984.0,0,0,,0,0,0.2,0.2
0.3,3,2985.0,0,0,,0,0,0.2,0.2
0.3,3,2986.0,0,0,,0,0,0.2,0.2
0.3,3,2987.0,0,0,,0,0,0.1,0.2
0.3,3,2988.0,0,0,,0,0,0.1,0.1
0.3,3,2989.0,0,0,,0,0,0.1,0.1
0.3,3,2990.0,0,0,,0,0,0.0,0.1
0.3,3,2991.0,0,0,,0,0,0.0,0.0
0.3,3,2992.0,0,0,,0,0,0.0,0.0
0.3,3,2993.0,0,0,,0,0,0.0,0.0
0.3,3,2994.0,0,1,0.0,2,1,0.2,0.1
0.3,3,2995.0,0,1,,0,0,0.2,0.1
0.3,3,2996.0,0,0,0.0,1,2,0.3,0.3
0.3,3,2997.0,0,0,,0,0,0.3,0.3
0.3,3,2998.0,0,0,,0,0,0.3,0.3
0.3,3,2999.0,0,0,,0,0,0.3,0.3
0.3,3,3000.0,0,1,,1,0,0.4,0.3
0.3,4,1.0,0,1,,1,0,0.4,0.4
0.3,4,2.0,0,0,0.02282793678574535,1,2,0.5,0.5
0.3,4,3.0,0,0,,0,0,0.5,0.5
0.3,4,4.0,0,0,,0,0,0.5,0.5
0.3,4,5.0,0,0,,0,0,0.2,0.5
0.3,4,6.0,0,0,,0,0,0.2,0.2
0.3,4,7.0,0,0,,0,0,0.2,0.2
0.3,4,8.0,0,0,,0,0,0.2,0.2
0.3,4,9.0,0,0,0.0,1,1,0.3,0.3
0.3,4,10.0,0,0,,0,0,0.3,0.3
0.3,4,11.0,0,0,,0,0,0.2,0.3
0.3,4,12.0,0,0,,0,0,0.1,0.1
0.3,4,13.0,0,0,,0,0,0.1,0.1
0.3,4,14.0,0,0,,0,0,0.1,0.1
0.3,4,15.0,0,0,,0,0,0.1,0.1
0.3,4,16.0,0,0,,0,0,0.1,0.1
0.3,4,17.0,0,0,,0,0,0.1,0.1
0.3,4,18.0,0,0,,0,0,0.1,0.1
0.3,4,19.0,0,0,,0,0,0.0,0.0
0.3,4,20.0,0,1,,1,0,0.1,0.0
0.3,4,21.0,0,1,,0,0,0.1,0.0
0.3,4,22.0,1,2,0.0,2,1,0.3,0.1
0.3,4,23.0,0,1,0.0,0,1,0.3,0.2
0.3,4,24.0,2,3,,2,0,0.5,0.2
0.3,4,25.0,1,2,0.5473998402024733,0,1,0.5,0.3
0.3,4,26.0,1,2,,0,0,0.5,0.3
0.3,4,27.0,1,2,,0,0,0.5,0.3
0.3,4,28.0,0,0,2.2320673975619485,0,2,0.5,0.5
0.3,4,29.0,0,0,,0,0,0.5,0.5
0.3,4,30.0,0,0,0.0,1,1,0.5,0.6
0.3,4,31.0,0,0,,0,0,0.5,0.6
0.3,4,32.0,0,0,,0,0,0.3,0.5
0.3,4,33.0,0,0,,0,0,0.3,0.4
0.3,4,34.0,0,0,,0,0,0.1,0.4
0.3,4,35.0,0,0,,0,0,0.1,0.3
0.3,4,36.0,0,0,,0,0,0.1,0.3
0.3,4,37.0,0,0,,0,0,0.1,0.3
0.3,4,38.0,0,0,,0,0,0.1,0.1
0.3,4,39.0,0,0,,0,0,0.1,0.1
0.3,4,40.0,0,0,0.0,1,1,0.1,0.1
0.3,4,41.0,0,0,,0,0,0.1,0.1
0.3,4,42.0,0,0,,0,0,0.1,0.1
0.3,4,43.0,0,0,,0,0,0.1,0.1
0.3,4,44.0,0,0,,0,0,0.1,0.1
0.3,4,45.0,0,0,0.0,1,1,0.2,0.2
0.3,4,46.0,0,0,,0,0,0.2,0.2
0.3,4,47.0,0,0,,0,0,0.2,0.2
0.3,4,48.0,0,0,,0,0,0.2,0.2
0.3,4,49.0,0,0,,0,0,0.2,0.2
0.3,4,50.0,0,1,,1,0,0.2,0.1
0.3,4,51.0,1,2,,1,0,0.3,0.1
0.3,4,52.0,0,0,0.16976550862590045,0,2,0.3,0.3
0.3,4,53.0,0,0,,0,0,0.3,0.3
0.3,4,54.0,0,0,,0,0,0.3,0.3
0.3,4,55.0,0,0,,0,0,0.2,0.2
0.3,4,56.0,0,0,,0,0,0.2,0.2
0.3,4,57.0,0,0,,0,0,0.2,0.2
0.3,4,58.0,0,0,0.0015529755925456357,2,2,0.4,0.4
0.3,4,59.0,0,0,,0,0,0.4,0.4
0.3,4,60.0,0,0,,0,0,0.3,0.4
0.3,4,61.0,0,0,,0,0,0.2,0.4
0.3,4,62.0,0,0,,0,0,0.2,0.2
0.3,4,63.0,0,0,,0,0,0.2,0.2
0.3,4,64.0,0,1,,1,0,0.3,0.2
0.3,4,65.0,0,0,0.0,0,1,0.3,0.3
0.3,4,66.0,0,0,,0,0,0.3,0.3
0.3,4,67.0,0,0,,0,0,0.3,0.3
0.3,4,68.0,0,0,,0,0,0.1,0.1
0.3,4,69.0,0,0,,0,0,0.1,0.1
0.3,4,70.0,0,0,,0,0,0.1,0.1
0.3,4,71.0,0,0,,0,0,0.1,0.1
0.3,4,72.0,0,0,,0,0,0.1,0.1
0.3,4,73.0,0,1,,1,0,0.2,0.1
0.3,4,74.0,0,1,,0,0,0.1,0.1
0.3,4,75.0,0,1,,0,0,0.1,0.0
0.3,4,76.0,0,1,,0,0,0.1,0.0
0.3,4,77.0,0,0,0.0,0,1,0.1,0.1
0.3,4,78.0,0,0,0.0,1,1,0.2,0.2
0.3,4,79.0,0,0,,0,0,0.2,0.2
0.3,4,80.0,0,0,,0,0,0.2,0.2
0.3,4,81.0,0,0,,0,0,0.2,0.2
0.3,4,82.0,0,0,,0,0,0.2,0.2
0.3,4,83.0,0,0,,0,0,0.1,0.2
0.3,4,84.0,0,1,,1,0,0.2,0.2
0.3,4,85.0,0,0,0.0,0,1,0.2,0.3
0.3,4,86.0,0,0,,0,0,0.2,0.3
0.3,4,87.0,0,0,,0,0,0.2,0.2
0.3,4,88.0,0,0,0.0,1,1,0.2,0.2
0.3,4,89.0,0,0,,0,0,0.2,0.2
0.3,4,90.0,0,0,,0,0,0.2,0.2
0.3,4,91.0,0,0,,0,0,0.2,0.2
0.3,4,92.0,0,0,,0,0,0.2,0.2
0.3,4,93.0,0,0,,0,0,0.2,0.2
0.3,4,94.0,0,0,,0,0,0.1,0.2
0.3,4,95.0,0,0,,0,0,0.1,0.1
0.3,4,96.0,0,0,,0,0,0.1,0.1
0.3,4,97.0,0,0,,0,0,0.1,0.1
0.3,4,98.0,0,0,,0,0,0.0,0.0
0.3,4,99.0,0,0,,0,0,0.0,0.0
0.3,4,100.0,0,1,,1,0,0.1,0.0
0.3,4,101.0,0,0,0.0,0,1,0.1,0.1
0.3,4,102.0,0,0,,0,0,0.1,0.1
0.3,4,103.0,0,0,,0,0,0.1,0.1
0.3,4,104.0,0,0,,0,0,0.1,0.1
0.3,4,105.0,0,0,,0,0,0.1,0.1
0.3,4,106.0,0,0,,0,0,0.1,0.1
0.3,4,107.0,0,0,,0,0,0.1,0.1
0.3,4,108.0,0,0,,0,0,0.1,0.1
0.3,4,109.0,0,0,,0,0,0.1,0.1
0.3,4,110.0,0,0,,0,0,0.0,0.1
0.3,4,111.0,0,0,,0,0,0.0,0.0
0.3,4,112.0,0,0,,0,0,0.0,0.0
0.3,4,113.0,0,1,0.0,2,1,0.2,0.1
0.3,4,114.0,0,1,,0,0,0.2,0.1
0.3,4,115.0,0,1,,0,0,0.2,0.1
0.3,4,116.0,0,0,0.0,0,1,0.2,0.2
0.3,4,117.0,0,1,,1,0,0.3,0.2
0.3,4,118.0,0,1,,0,0,0.3,0.2
0.3,4,119.0,0,1,,0,0,0.3,0.2
0.3,4,120.0,0,0,0.0,0,1,0.3,0.3
0.3,4,121.0,0,0,,0,0,0.3,0.3
0.3,4,122.0,0,0,0.0,1,1,0.4,0.4
0.3,4,123.0,0,0,,0,0,0.2,0.3
0.3,4,124.0,0,0,,0,0,0.2,0.3
0.3,4,125.0,0,0,,0,0,0.2,0.3
0.3,4,126.0,0,0,,0,0,0.2,0.2
0.3,4,127.0,0,0,,0,0,0.1,0.2
0.3,4,128.0,0,0,,0,0,0.1,0.2
0.3,4,129.0,0,0,,0,0,0.1,0.2
0.3,4,130.0,0,0,,0,0,0.1,0.1
0.3,4,131.0,0,0,,0,0,0.1,0.1
0.3,4,132.0,1,2,,2,0,0.2,0.0
0.3,4,133.0,1,2,0.0,1,1,0.3,0.1
0.3,4,134.0,0,1,0.6034688850409964,1,2,0.4,0.3
0.3,4,135.0,0,0,0.4956495941628418,0,1,0.4,0.4
0.3,4,136.0,0,0,,0,0,0.4,0.4
0.3,4,137.0,0,0,,0,0,0.4,0.4
0.3,4,138.0,0,0,,0,0,0.4,0.4
0.3,4,139.0,0,0,,0,0,0.4,0.4
0.3,4,140.0,0,0,,0,0,0.4,0.4
0.3,4,141.0,0,0,,0,0,0.4,0.4
0.3,4,142.0,0,0,,0,0,0.2,0.4
0.3,4,143.0,0,0,,0,0,0.1,0.3
0.3,4,144.0,0,0,,0,0,0.0,0.1
0.3,4,145.0,0,0,,0,0,0.0,0.0
0.3,4,146.0,0,0,,0,0,0.0,0.0
0.3,4,147.0,0,0,0.0,1,1,0.1,0.1
0.3,4,148.0,0,0,,0,0,0.1,0.1
0.3,4,149.0,0,0,,0,0,0.1,0.1
0.3,4,150.0,0,1,,1,0,0.2,0.1
0.3,4,151.0,0,0,0.0,0,1,0.2,0.2
0.3,4,152.0,0,0,0.0,1,1,0.3,0.3
0.3,4,153.0,0,1,,1,0,0.4,0.3
0.3,4,154.0,0,1,0.0,1,1,0.5,0.4
0.3,4,155.0,0,1,,0,0,0.5,0.4
0.3,4,156.0,0,0,0.0,0,1,0.5,0.5
0.3,4,157.0,0,0,0.0,1,1,0.5,0.5
0.3,4,158.0,0,0,,0,0,0.5,0.5
0.3,4,159.0,0,0,,0,0,0.5,0.5
0.3,4,160.0,0,0,,0,0,0.4,0.5
0.3,4,161.0,0,0,,0,0,0.4,0.4
0.3,4,162.0,0,0,,0,0,0.3,0.3
0.3,4,163.0,0,0,,0,0,0.2,0.3
0.3,4,164.0,0,0,,0,0,0.1,0.2
0.3,4,165.0,0,0,,0,0,0.1,0.2
0.3,4,166.0,0,0,,0,0,0.1,0.1
0.3,4,167.0,0,0,,0,0,0.0,0.0
0.3,4,168.0,0,0,,0,0,0.0,0.0
0.3,4,169.0,0,0,,0,0,0.0,0.0
0.3,4,170.0,0,0,,0,0,0.0,0.0
0.3,4,171.0,1,2,,2,0,0.2,0.0
0.3,4,172.0,0,1,0.0,0,1,0.2,0.1
0.3,4,173.0,0,0,0.5210852819757292,0,1,0.2,0.2
0.3,4,174.0,0,0,,0,0,0.2,0.2
0.3,4,175.0,0,0,0.0,1,1,0.3,0.3
0.3,4,176.0,0,0,,0,0,0.3,0.3
0.3,4,177.0,0,1,,1,0,0.4,0.3
0.3,4,178.0,0,1,,0,0,0.4,0.3
0.3,4,179.0,0,0,0.0,0,1,0.4,0.4
0.3,4,180.0,0,0,,0,0,0.4,0.4
0.3,4,181.0,0,0,,0,0,0.2,0.4
0.3,4,182.0,1,2,,2,0,0.4,0.3
0.3,4,183.0,0,1,0.0,0,1,0.4,0.3
0.3,4,184.0,0,1,,0,0,0.4,0.3
0.3,4,185.0,0,1,,0,0,0.3,0.2
0.3,4,186.0,0,0,0.4307075207024127,0,1,0.3,0.3
0.3,4,187.0,0,0,,0,0,0.2,0.3
0.3,4,188.0,0,0,,0,0,0.2,0.3
0.3,4,189.0,0,0,,0,0,0.2,0.2
0.3,4,190.0,0,0,,0,0,0.2,0.2
0.3,4,191.0,0,0,,0,0,0.2,0.2
0.3,4,192.0,0,0,,0,0,0.0,0.2
0.3,4,193.0,0,0,,0,0,0.0,0.1
0.3,4,194.0,0,0,,0,0,0.0,0.1
0.3,4,195.0,0,0,,0,0,0.0,0.1
0.3,4,196.0,0,0,,0,0,0.0,0.0
0.3,4,197.0,0,0,,0,0,0.0,0.0
0.3,4,198.0,0,0,,0,0,0.0,0.0
0.3,4,199.0,0,1,0.0,2,1,0.2,0.1
0.3,4,200.0,0,1,0.3489636359499855,1,1,0.3,0.2
0.3,4,201.0,0,1,,0,0,0.3,0.2
0.3,4,202.0,0,0,0.3987526618934112,0,1,0.3,0.3
0.3,4,203.0,0,0,0.07684611647204065,2,2,0.5,0.5
0.3,4,204.0,0,0,,0,0,0.5,0.5
0.3,4,205.0,0,1,,1,0,0.6,0.5
0.3,4,206.0,1,2,,1,0,0.7,0.5
0.3,4,207.0,0,1,0.4281266250359674,2,3,0.9,0.8
0.3,4,208.0,0,0,0.48155445141793507,0,1,0.9,0.9
0.3,4,209.0,0,0,,0,0,0.7,0.8
0.3,4,210.0,0,0,,0,0,0.6,0.7
0.3,4,211.0,0,1,,1,0,0.7,0.7
0.3,4,212.0,0,1,,0,0,0.7,0.6
0.3,4,213.0,0,1,0.0,1,1,0.6,0.5
0.3,4,214.0,0,1,0.16486731118760645,1,1,0.7,0.6
0.3,4,215.0,0,1,,0,0,0.6,0.6
0.3,4,216.0,0,1,0.0,1,1,0.6,0.7
0.3,4,217.0,0,0,0.7254881325260953,0,1,0.4,0.5
0.3,4,218.0,0,0,,0,0,0.4,0.4
0.3,4,219.0,0,1,,1,0,0.5,0.4
0.3,4,220.0,0,1,,0,0,0.5,0.4
0.3,4,221.0,0,1,0.0,1,1,0.5,0.5
0.3,4,222.0,0,1,0.0,1,1,0.6,0.6
0.3,4,223.0,0,0,0.0,0,1,0.5,0.6
0.3,4,224.0,1,2,,2,0,0.6,0.5
0.3,4,225.0,0,1,0.0,0,1,0.6,0.6
0.3,4,226.0,0,0,0.18500122319625234,0,1,0.5,0.6
0.3,4,227.0,0,0,,0,0,0.5,0.5
0.3,4,228.0,0,1,,1,0,0.6,0.5
0.3,4,229.0,0,0,0.0,0,1,0.5,0.6
0.3,4,230.0,0,0,,0,0,0.5,0.6
0.3,4,231.0,0,0,,0,0,0.4,0.5
0.3,4,232.0,0,0,,0,0,0.3,0.4
0.3,4,233.0,0,0,,0,0,0.3,0.3
0.3,4,234.0,0,1,,1,0,0.2,0.3
0.3,4,235.0,0,1,,0,0,0.2,0.2
0.3,4,236.0,1,2,,1,0,0.3,0.1
0.3,4,237.0,0,0,0.7323790081820505,0,2,0.3,0.3
0.3,4,238.0,0,0,,0,0,0.2,0.3
0.3,4,239.0,0,1,,1,0,0.3,0.2
0.3,4,240.0,0,1,,0,0,0.3,0.2
0.3,4,241.0,0,0,0.0,1,2,0.4,0.4
0.3,4,242.0,0,0,,0,0,0.4,0.4
0.3,4,243.0,0,1,,1,0,0.5,0.4
0.3,4,244.0,0,1,,0,0,0.4,0.4
0.3,4,245.0,0,1,,0,0,0.4,0.4
0.3,4,246.0,0,1,,0,0,0.3,0.4
0.3,4,247.0,0,0,0.0,0,1,0.3,0.3
0.3,4,248.0,0,0,,0,0,0.3,0.3
0.3,4,249.0,0,0,,0,0,0.2,0.3
0.3,4,250.0,0,0,,0,0,0.2,0.3
0.3,4,251.0,0,0,,0,0,0.1,0.1
0.3,4,252.0,0,0,,0,0,0.1,0.1
0.3,4,253.0,1,2,,2,0,0.2,0.1
0.3,4,254.0,0,0,0.6040387344911551,0,2,0.2,0.3
0.3,4,255.0,0,0,,0,0,0.2,0.3
0.3,4,256.0,0,0,,0,0,0.2,0.3
0.3,4,257.0,0,0,,0,0,0.2,0.2
0.3,4,258.0,0,0,0.0,1,1,0.3,0.3
0.3,4,259.0,0,0,,0,0,0.3,0.3
0.3,4,260.0,0,0,,0,0,0.3,0.3
0.3,4,261.0,0,1,0.0,2,1,0.5,0.4
0.3,4,262.0,0,0,0.0,0,1,0.5,0.5
0.3,4,263.0,0,0,,0,0,0.3,0.5
0.3,4,264.0,0,0,,0,0,0.3,0.3
0.3,4,265.0,0,0,,0,0,0.3,0.3
0.3,4,266.0,0,1,,1,0,0.4,0.3
0.3,4,267.0,0,1,,0,0,0.4,0.3
0.3,4,268.0,0,1,0.0,1,1,0.4,0.3
0.3,4,269.0,0,0,0.0,0,1,0.4,0.4
0.3,4,270.0,0,0,,0,0,0.4,0.4
0.3,4,271.0,0,1,,1,0,0.3,0.3
0.3,4,272.0,0,0,0.0,0,1,0.3,0.3
0.3,4,273.0,0,0,0.0,1,1,0.4,0.4
0.3,4,274.0,0,0,,0,0,0.4,0.4
0.3,4,275.0,0,0,,0,0,0.4,0.4
0.3,4,276.0,0,0,,0,0,0.3,0.4
0.3,4,277.0,0,0,,0,0,0.3,0.4
0.3,4,278.0,0,0,,0,0,0.2,0.3
0.3,4,279.0,0,0,,0,0,0.2,0.2
0.3,4,280.0,0,0,0.0,1,1,0.3,0.3
0.3,4,281.0,0,0,,0,0,0.2,0.3
0.3,4,282.0,0,0,,0,0,0.2,0.2
0.3,4,283.0,0,0,,0,0,0.1,0.1
0.3,4,284.0,1,2,,2,0,0.3,0.1
0.3,4,285.0,1,2,,0,0,0.3,0.1
0.3,4,286.0,2,3,,1,0,0.4,0.1
0.3,4,287.0,1,2,0.0,0,1,0.4,0.2
0.3,4,288.0,2,3,,1,0,0.5,0.2
0.3,4,289.0,0,1,2.8710277753513083,0,2,0.5,0.4
0.3,4,290.0,0,0,1.2295854044523349,1,2,0.5,0.5
0.3,4,291.0,0,1,,1,0,0.6,0.5
0.3,4,292.0,0,0,0.0,0,1,0.6,0.6
0.3,4,293.0,0,0,,0,0,0.6,0.6
0.3,4,294.0,0,0,,0,0,0.4,0.6
0.3,4,295.0,0,0,,0,0,0.4,0.6
0.3,4,296.0,0,1,,1,0,0.4,0.6
0.3,4,297.0,0,1,,0,0,0.4,0.5
0.3,4,298.0,0,0,0.0,0,1,0.3,0.6
0.3,4,299.0,0,0,,0,0,0.3,0.4
0.3,4,300.0,0,0,,0,0,0.2,0.2
0.3,4,301.0,0,0,,0,0,0.1,0.2
0.3,4,302.0,0,0,,0,0,0.1,0.1
0.3,4,303.0,0,0,,0,0,0.1,0.1
0.3,4,304.0,0,0,,0,0,0.1,0.1
0.3,4,305.0,0,1,,1,0,0.2,0.1
0.3,4,306.0,0,1,0.0,1,1,0.2,0.2
0.3,4,307.0,1,2,,1,0,0.3,0.2
0.3,4,308.0,1,2,0.0,1,1,0.4,0.2
0.3,4,309.0,1,2,,0,0,0.4,0.2
0.3,4,310.0,1,2,1.1503738068532812,1,1,0.5,0.3
0.3,4,311.0,2,3,,1,0,0.6,0.3
0.3,4,312.0,2,3,1.7093467679338232,2,2,0.8,0.5
0.3,4,313.0,1,2,0.7265027032200351,0,1,0.8,0.6
0.3,4,314.0,1,2,,0,0,0.8,0.6
0.3,4,315.0,1,2,,0,0,0.7,0.6
0.3,4,316.0,0,1,1.6351569422839702,0,1,0.6,0.6
0.3,4,317.0,0,0,4.104154940899832,0,1,0.5,0.7
0.3,4,318.0,0,0,,0,0,0.4,0.6
0.3,4,319.0,0,0,,0,0,0.4,0.6
0.3,4,320.0,0,0,0.0,1,1,0.4,0.6
0.3,4,321.0,0,0,,0,0,0.3,0.6
0.3,4,322.0,0,0,,0,0,0.1,0.4
0.3,4,323.0,0,0,,0,0,0.1,0.3
0.3,4,324.0,1,2,,2,0,0.3,0.3
0.3,4,325.0,1,2,,0,0,0.3,0.3
0.3,4,326.0,1,2,0.0,1,1,0.4,0.3
0.3,4,327.0,1,2,,0,0,0.4,0.2
0.3,4,328.0,1,2,,0,0,0.4,0.2
0.3,4,329.0,1,2,,0,0,0.4,0.2
0.3,4,330.0,0,0,2.9035886017629764,0,2,0.3,0.3
0.3,4,331.0,0,0,,0,0,0.3,0.3
0.3,4,332.0,0,0,,0,0,0.3,0.3
0.3,4,333.0,0,0,,0,0,0.3,0.3
0.3,4,334.0,0,1,,1,0,0.2,0.3
0.3,4,335.0,0,1,,0,0,0.2,0.3
0.3,4,336.0,0,0,0.0,0,1,0.1,0.3
0.3,4,337.0,0,0,,0,0,0.1,0.3
0.3,4,338.0,0,1,,1,0,0.2,0.3
0.3,4,339.0,0,0,0.0,0,1,0.2,0.4
0.3,4,340.0,0,0,0.0,1,1,0.3,0.3
0.3,4,341.0,0,0,,0,0,0.3,0.3
0.3,4,342.0,0,0,,0,0,0.3,0.3
0.3,4,343.0,0,0,,0,0,0.3,0.3
0.3,4,344.0,0,0,,0,0,0.2,0.3
0.3,4,345.0,0,0,,0,0,0.2,0.3
0.3,4,346.0,0,0,,0,0,0.2,0.2
0.3,4,347.0,0,1,,1,0,0.3,0.2
0.3,4,348.0,0,0,0.0,0,1,0.2,0.3
0.3,4,349.0,0,0,,0,0,0.2,0.2
0.3,4,350.0,0,1,,1,0,0.2,0.1
0.3,4,351.0,0,0,0.0,0,1,0.2,0.2
0.3,4,352.0,0,1,,1,0,0.3,0.2
0.3,4,353.0,0,1,,0,0,0.3,0.2
0.3,4,354.0,0,0,0.0,0,1,0.3,0.3
0.3,4,355.0,0,1,,1,0,0.4,0.3
0.3,4,356.0,0,1,,0,0,0.4,0.3
0.3,4,357.0,0,1,0.0,1,1,0.4,0.4
0.3,4,358.0,0,1,,0,0,0.4,0.3
0.3,4,359.0,0,1,,0,0,0.4,0.3
0.3,4,360.0,0,0,0.0,0,1,0.3,0.4
0.3,4,361.0,0,0,,0,0,0.3,0.3
0.3,4,362.0,0,0,,0,0,0.2,0.3
0.3,4,363.0,0,0,,0,0,0.2,0.3
0.3,4,364.0,0,1,,1,0,0.3,0.2
0.3,4,365.0,0,1,,0,0,0.2,0.2
0.3,4,366.0,0,1,,0,0,0.2,0.2
0.3,4,367.0,0,0,0.0,0,1,0.1,0.2
0.3,4,368.0,0,0,,0,0,0.1,0.2
0.3,4,369.0,0,1,,1,0,0.2,0.2
0.3,4,370.0,0,0,0.0,0,1,0.2,0.2
0.3,4,371.0,0,0,,0,0,0.2,0.2
0.3,4,372.0,0,0,0.0,1,1,0.3,0.3
0.3,4,373.0,0,0,,0,0,0.3,0.3
0.3,4,374.0,0,1,,1,0,0.3,0.3
0.3,4,375.0,0,1,,0,0,0.3,0.3
0.3,4,376.0,0,0,0.0,0,1,0.3,0.4
0.3,4,377.0,0,0,,0,0,0.3,0.3
0.3,4,378.0,0,0,,0,0,0.3,0.3
0.3,4,379.0,0,1,,1,0,0.3,0.3
0.3,4,380.0,0,1,,0,0,0.3,0.2
0.3,4,381.0,0,1,0.0,1,1,0.4,0.3
0.3,4,382.0,0,1,,0,0,0.3,0.2
0.3,4,383.0,0,0,0.25726728424660905,0,1,0.3,0.3
0.3,4,384.0,0,0,,0,0,0.2,0.3
0.3,4,385.0,0,0,,0,0,0.2,0.3
0.3,4,386.0,0,0,,0,0,0.2,0.2
0.3,4,387.0,0,1,,1,0,0.3,0.2
0.3,4,388.0,0,1,,0,0,0.3,0.2
0.3,4,389.0,0,0,0.0,0,1,0.2,0.3
0.3,4,390.0,0,0,,0,0,0.2,0.3
0.3,4,391.0,0,0,0.0,1,1,0.2,0.3
0.3,4,392.0,0,0,,0,0,0.2,0.3
0.3,4,393.0,0,1,,1,0,0.3,0.2
0.3,4,394.0,0,1,,0,0,0.3,0.2
0.3,4,395.0,0,1,,0,0,0.3,0.2
0.3,4,396.0,0,1,,0,0,0.3,0.2
0.3,4,397.0,0,0,0.0,0,1,0.2,0.3
0.3,4,398.0,0,0,,0,0,0.2,0.3
0.3,4,399.0,0,0,,0,0,0.2,0.2
0.3,4,400.0,0,0,,0,0,0.2,0.2
0.3,4,401.0,0,0,,0,0,0.1,0.1
0.3,4,402.0,0,0,,0,0,0.1,0.1
0.3,4,403.0,0,0,,0,0,0.0,0.1
0.3,4,404.0,0,0,,0,0,0.0,0.1
0.3,4,405.0,0,0,,0,0,0.0,0.1
0.3,4,406.0,0,0,,0,0,0.0,0.1
0.3,4,407.0,0,1,,1,0,0.1,0.0
0.3,4,408.0,0,0,0.0,0,1,0.1,0.1
0.3,4,409.0,0,0,0.0,1,1,0.2,0.2
0.3,4,410.0,0,0,,0,0,0.2,0.2
0.3,4,411.0,0,0,,0,0,0.2,0.2
0.3,4,412.0,0,0,,0,0,0.2,0.2
0.3,4,413.0,0,0,,0,0,0.2,0.2
0.3,4,414.0,0,0,,0,0,0.2,0.2
0.3,4,415.0,0,0,,0,0,0.2,0.2
0.3,4,416.0,0,1,,1,0,0.3,0.2
0.3,4,417.0,0,1,,0,0,0.2,0.2
0.3,4,418.0,0,1,,0,0,0.2,0.1
0.3,4,419.0,0,1,,0,0,0.1,0.0
0.3,4,420.0,0,1,,0,0,0.1,0.0
0.3,4,421.0,1,2,,1,0,0.2,0.0
0.3,4,422.0,0,1,0.0,0,1,0.2,0.1
0.3,4,423.0,0,0,0.7977427799165753,0,1,0.2,0.2
0.3,4,424.0,0,0,,0,0,0.2,0.2
0.3,4,425.0,0,0,0.0,1,1,0.3,0.3
0.3,4,426.0,0,0,,0,0,0.2,0.3
0.3,4,427.0,0,0,0.0,1,1,0.3,0.4
0.3,4,428.0,0,1,,1,0,0.4,0.4
0.3,4,429.0,0,0,0.0,0,1,0.4,0.5
0.3,4,430.0,0,0,,0,0,0.4,0.5
0.3,4,431.0,0,0,,0,0,0.3,0.5
0.3,4,432.0,0,0,,0,0,0.3,0.4
0.3,4,433.0,0,0,,0,0,0.3,0.3
0.3,4,434.0,1,2,,2,0,0.5,0.3
0.3,4,435.0,1,2,,0,0,0.4,0.2
0.3,4,436.0,1,2,,0,0,0.4,0.2
0.3,4,437.0,1,2,,0,0,0.3,0.1
0.3,4,438.0,1,2,0.0,1,1,0.3,0.2
0.3,4,439.0,0,1,3.786827784381785,0,1,0.3,0.2
0.3,4,440.0,0,0,0.9547819358534753,0,1,0.3,0.3
0.3,4,441.0,0,0,,0,0,0.3,0.3
0.3,4,442.0,0,1,,1,0,0.4,0.3
0.3,4,443.0,0,0,0.0,0,1,0.4,0.4
0.3,4,444.0,0,0,,0,0,0.2,0.4
0.3,4,445.0,0,0,,0,0,0.2,0.4
0.3,4,446.0,0,0,,0,0,0.2,0.4
0.3,4,447.0,0,0,,0,0,0.2,0.4
0.3,4,448.0,0,0,,0,0,0.1,0.3
0.3,4,449.0,0,0,,0,0,0.1,0.2
0.3,4,450.0,0,0,,0,0,0.1,0.1
0.3,4,451.0,0,0,,0,0,0.1,0.1
0.3,4,452.0,0,1,,1,0,0.1,0.1
0.3,4,453.0,1,2,,1,0,0.2,0.0
0.3,4,454.0,1,2,0.1621423795317014,2,2,0.4,0.2
0.3,4,455.0,0,0,0.2801546421920307,0,2,0.4,0.4
0.3,4,456.0,0,0,,0,0,0.4,0.4
0.3,4,457.0,0,0,,0,0,0.4,0.4
0.3,4,458.0,0,0,,0,0,0.4,0.4
0.3,4,459.0,0,0,,0,0,0.4,0.4
0.3,4,460.0,0,0,,0,0,0.4,0.4
0.3,4,461.0,0,0,,0,0,0.4,0.4
0.3,4,462.0,0,0,,0,0,0.3,0.4
0.3,4,463.0,0,1,,1,0,0.3,0.4
0.3,4,464.0,0,0,0.0,0,1,0.1,0.3
0.3,4,465.0,0,1,,1,0,0.2,0.1
0.3,4,466.0,0,1,,0,0,0.2,0.1
0.3,4,467.0,0,1,,0,0,0.2,0.1
0.3,4,468.0,0,0,0.0,0,1,0.2,0.2
0.3,4,469.0,0,0,,0,0,0.2,0.2
0.3,4,470.0,0,0,,0,0,0.2,0.2
0.3,4,471.0,0,0,,0,0,0.2,0.2
0.3,4,472.0,0,0,,0,0,0.2,0.2
0.3,4,473.0,0,1,,1,0,0.2,0.2
0.3,4,474.0,0,1,0.0,1,1,0.3,0.2
0.3,4,475.0,0,0,0.02323025881310059,0,1,0.2,0.3
0.3,4,476.0,0,0,0.0,1,1,0.3,0.4
0.3,4,477.0,0,1,,1,0,0.4,0.4
0.3,4,478.0,0,1,,0,0,0.4,0.3
0.3,4,479.0,0,1,0.0,1,1,0.5,0.4
0.3,4,480.0,1,2,,1,0,0.6,0.4
0.3,4,481.0,2,3,,1,0,0.7,0.4
0.3,4,482.0,1,2,0.4137407573347218,0,1,0.7,0.5
0.3,4,483.0,0,1,1.9046600108475786,0,1,0.6,0.6
0.3,4,484.0,0,0,1.7787480106721887,0,1,0.5,0.6
0.3,4,485.0,0,0,,0,0,0.5,0.5
0.3,4,486.0,0,0,,0,0,0.4,0.4
0.3,4,487.0,0,0,,0,0,0.3,0.4
0.3,4,488.0,0,0,,0,0,0.3,0.4
0.3,4,489.0,0,0,,0,0,0.2,0.3
0.3,4,490.0,0,0,,0,0,0.1,0.3
0.3,4,491.0,0,0,,0,0,0.0,0.3
0.3,4,492.0,0,0,,0,0,0.0,0.2
0.3,4,493.0,0,0,,0,0,0.0,0.1
0.3,4,494.0,0,0,0.0,1,1,0.1,0.1
0.3,4,495.0,0,1,,1,0,0.2,0.1
0.3,4,496.0,0,1,0.0,1,1,0.3,0.2
0.3,4,497.0,0,0,0.0,0,1,0.3,0.3
0.3,4,498.0,0,1,,1,0,0.4,0.3
0.3,4,499.0,0,0,0.0,1,2,0.5,0.5
0.3,4,500.0,0,0,,0,0,0.5,0.5
0.3,4,501.0,0,0,,0,0,0.5,0.5
0.3,4,502.0,0,1,0.0,2,1,0.7,0.6
0.3,4,503.0,0,0,0.1746582650154096,0,1,0.7,0.7
0.3,4,504.0,0,0,,0,0,0.6,0.6
0.3,4,505.0,0,0,,0,0,0.5,0.6
0.3,4,506.0,0,0,,0,0,0.4,0.5
0.3,4,507.0,0,0,,0,0,0.4,0.4
0.3,4,508.0,0,0,,0,0,0.3,0.4
0.3,4,509.0,0,0,,0,0,0.2,0.2
0.3,4,510.0,0,1,,1,0,0.3,0.2
0.3,4,511.0,0,0,0.0,1,2,0.4,0.4
0.3,4,512.0,0,0,,0,0,0.2,0.3
0.3,4,513.0,0,0,,0,0,0.2,0.2
0.3,4,514.0,0,0,,0,0,0.2,0.2
0.3,4,515.0,0,0,,0,0,0.2,0.2
0.3,4,516.0,0,0,,0,0,0.2,0.2
0.3,4,517.0,0,1,,1,0,0.3,0.2
0.3,4,518.0,0,1,,0,0,0.3,0.2
0.3,4,519.0,0,0,0.07478829984950153,1,2,0.4,0.4
0.3,4,520.0,0,0,,0,0,0.3,0.4
0.3,4,521.0,0,0,,0,0,0.2,0.2
0.3,4,522.0,0,0,,0,0,0.2,0.2
0.3,4,523.0,0,0,0.0,1,1,0.3,0.3
0.3,4,524.0,0,0,,0,0,0.3,0.3
0.3,4,525.0,0,0,,0,0,0.3,0.3
0.3,4,526.0,0,1,,1,0,0.4,0.3
0.3,4,527.0,0,0,0.0,0,1,0.3,0.4
0.3,4,528.0,0,0,,0,0,0.3,0.4
0.3,4,529.0,0,0,,0,0,0.2,0.2
0.3,4,530.0,0,0,,0,0,0.2,0.2
0.3,4,531.0,0,0,0.0,1,1,0.3,0.3
0.3,4,532.0,0,0,,0,0,0.3,0.3
0.3,4,533.0,0,0,,0,0,0.2,0.2
0.3,4,534.0,0,0,,0,0,0.2,0.2
0.3,4,535.0,0,0,,0,0,0.2,0.2
0.3,4,536.0,0,0,,0,0,0.1,0.2
0.3,4,537.0,1,2,,2,0,0.3,0.1
0.3,4,538.0,0,1,0.16689389854815317,1,2,0.4,0.3
0.3,4,539.0,0,0,0.2554424660158361,1,2,0.5,0.5
0.3,4,540.0,0,0,,0,0,0.5,0.5
0.3,4,541.0,0,0,,0,0,0.4,0.4
0.3,4,542.0,0,0,,0,0,0.4,0.4
0.3,4,543.0,0,0,,0,0,0.4,0.4
0.3,4,544.0,0,0,,0,0,0.4,0.4
0.3,4,545.0,0,0,,0,0,0.4,0.4
0.3,4,546.0,0,0,,0,0,0.4,0.4
0.3,4,547.0,0,1,,1,0,0.3,0.4
0.3,4,548.0,0,0,0.0,0,1,0.2,0.3
0.3,4,549.0,0,0,,0,0,0.1,0.1
0.3,4,550.0,0,1,,1,0,0.2,0.1
0.3,4,551.0,0,1,,0,0,0.2,0.1
0.3,4,552.0,0,0,0.0,0,1,0.2,0.2
0.3,4,553.0,1,2,,2,0,0.4,0.2
0.3,4,554.0,0,1,0.0,0,1,0.4,0.3
0.3,4,555.0,0,1,,0,0,0.4,0.3
0.3,4,556.0,0,0,1.1057236416861542,0,1,0.4,0.4
0.3,4,557.0,0,0,,0,0,0.3,0.4
0.3,4,558.0,0,0,,0,0,0.3,0.3
0.3,4,559.0,0,0,,0,0,0.3,0.3
0.3,4,560.0,0,0,0.0,1,1,0.3,0.4
0.3,4,561.0,0,0,,0,0,0.3,0.4
0.3,4,562.0,0,0,,0,0,0.3,0.3
0.3,4,563.0,0,0,,0,0,0.1,0.3
0.3,4,564.0,0,0,,0,0,0.1,0.2
0.3,4,565.0,0,0,,0,0,0.1,0.2
0.3,4,566.0,0,0,,0,0,0.1,0.1
0.3,4,567.0,0,0,,0,0,0.1,0.1
0.3,4,568.0,0,0,0.0,1,1,0.2,0.2
0.3,4,569.0,0,0,,0,0,0.2,0.2
0.3,4,570.0,0,0,,0,0,0.1,0.1
0.3,4,571.0,0,0,,0,0,0.1,0.1
0.3,4,572.0,0,1,,1,0,0.2,0.1
0.3,4,573.0,0,0,0.0,0,1,0.2,0.2
0.3,4,574.0,0,1,,1,0,0.3,0.2
0.3,4,575.0,0,0,0.0,0,1,0.3,0.3
0.3,4,576.0,0,0,,0,0,0.3,0.3
0.3,4,577.0,0,0,,0,0,0.3,0.3
0.3,4,578.0,0,0,,0,0,0.2,0.2
0.3,4,579.0,0,0,,0,0,0.2,0.2
0.3,4,580.0,0,0,0.0,1,1,0.3,0.3
0.3,4,581.0,0,0,0.0,1,1,0.4,0.4
0.3,4,582.0,0,0,,0,0,0.3,0.4
0.3,4,583.0,0,0,,0,0,0.3,0.3
0.3,4,584.0,0,0,,0,0,0.2,0.3
0.3,4,585.0,0,0,,0,0,0.2,0.2
0.3,4,586.0,1,2,,2,0,0.4,0.2
0.3,4,587.0,2,3,0.0,2,1,0.6,0.3
0.3,4,588.0,1,2,0.6875677353575611,0,1,0.6,0.4
0.3,4,589.0,1,2,,0,0,0.6,0.4
0.3,4,590.0,0,1,1.0089523085758856,0,1,0.5,0.4
0.3,4,591.0,0,1,,0,0,0.4,0.3
0.3,4,592.0,0,0,3.519501786879914,0,1,0.4,0.4
0.3,4,593.0,0,1,,1,0,0.5,0.4
0.3,4,594.0,0,0,0.0,0,1,0.5,0.5
0.3,4,595.0,0,0,0.0,1,1,0.6,0.6
0.3,4,596.0,0,1,,1,0,0.5,0.6
0.3,4,597.0,0,0,0.0,0,1,0.3,0.6
0.3,4,598.0,0,0,,0,0,0.3,0.5
0.3,4,599.0,1,2,0.0,3,1,0.6,0.6
0.3,4,600.0,1,2,,0,0,0.6,0.5
0.3,4,601.0,1,2,,0,0,0.6,0.5
0.3,4,602.0,1,2,,0,0,0.6,0.4
0.3,4,603.0,0,0,1.8569734803662072,0,2,0.5,0.6
0.3,4,604.0,0,0,,0,0,0.5,0.5
0.3,4,605.0,0,0,,0,0,0.4,0.4
0.3,4,606.0,0,1,,1,0,0.4,0.4
0.3,4,607.0,0,0,0.0,0,1,0.4,0.4
0.3,4,608.0,0,0,,0,0,0.4,0.4
0.3,4,609.0,0,0,,0,0,0.1,0.3
0.3,4,610.0,0,0,0.0,1,1,0.2,0.4
0.3,4,611.0,1,2,,2,0,0.4,0.4
0.3,4,612.0,1,2,,0,0,0.4,0.4
0.3,4,613.0,2,3,0.0,2,1,0.6,0.3
0.3,4,614.0,3,4,,1,0,0.7,0.3
0.3,4,615.0,2,3,1.8304466964040103,1,2,0.8,0.5
0.3,4,616.0,1,2,1.5297352491444371,0,1,0.7,0.6
0.3,4,617.0,0,1,1.3558905157874506,0,1,0.7,0.6
0.3,4,618.0,0,1,,0,0,0.7,0.6
0.3,4,619.0,0,1,,0,0,0.7,0.6
0.3,4,620.0,0,0,1.3240353759339314,0,1,0.6,0.6
0.3,4,621.0,0,1,,1,0,0.5,0.6
0.3,4,622.0,0,0,0.0,0,1,0.5,0.7
0.3,4,623.0,0,0,,0,0,0.3,0.6
0.3,4,624.0,0,0,,0,0,0.2,0.6
0.3,4,625.0,0,0,,0,0,0.1,0.4
0.3,4,626.0,0,0,0.0,1,1,0.2,0.4
0.3,4,627.0,1,2,,2,0,0.4,0.3
0.3,4,628.0,1,2,0.0,1,1,0.5,0.4
0.3,4,629.0,0,1,0.2612177968561582,0,1,0.5,0.5
0.3,4,630.0,1,2,,1,0,0.6,0.4
0.3,4,631.0,1,2,,0,0,0.5,0.4
0.3,4,632.0,0,1,1.1282210588661314,1,2,0.6,0.5
0.3,4,633.0,0,1,,0,0,0.6,0.5
0.3,4,634.0,0,0,0.0,0,1,0.6,0.6
0.3,4,635.0,0,0,,0,0,0.6,0.6
0.3,4,636.0,0,0,,0,0,0.5,0.5
0.3,4,637.0,0,0,,0,0,0.3,0.5
0.3,4,638.0,0,0,,0,0,0.2,0.4
0.3,4,639.0,0,0,0.0,1,1,0.3,0.4
0.3,4,640.0,0,0,,0,0,0.2,0.4
0.3,4,641.0,0,1,,1,0,0.3,0.4
0.3,4,642.0,0,0,0.0,0,1,0.2,0.3
0.3,4,643.0,0,0,,0,0,0.2,0.3
0.3,4,644.0,0,0,,0,0,0.2,0.2
0.3,4,645.0,0,0,,0,0,0.2,0.2
0.3,4,646.0,0,0,,0,0,0.2,0.2
0.3,4,647.0,0,0,,0,0,0.2,0.2
0.3,4,648.0,0,0,,0,0,0.2,0.2
0.3,4,649.0,0,0,0.0,1,1,0.2,0.2
0.3,4,650.0,0,0,,0,0,0.2,0.2
0.3,4,651.0,0,0,,0,0,0.1,0.2
0.3,4,652.0,0,0,,0,0,0.1,0.1
0.3,4,653.0,0,0,,0,0,0.1,0.1
0.3,4,654.0,0,0,,0,0,0.1,0.1
0.3,4,655.0,0,0,,0,0,0.1,0.1
0.3,4,656.0,0,0,,0,0,0.1,0.1
0.3,4,657.0,1,2,,2,0,0.3,0.1
0.3,4,658.0,1,2,,0,0,0.3,0.1
0.3,4,659.0,2,3,,1,0,0.3,0.0
0.3,4,660.0,3,4,,1,0,0.4,0.0
0.3,4,661.0,2,3,1.7787466895082957,1,2,0.5,0.2
0.3,4,662.0,1,2,1.4797242674994777,0,1,0.5,0.3
0.3,4,663.0,0,0,1.568381663279638,0,2,0.5,0.5
0.3,4,664.0,0,1,,1,0,0.6,0.5
0.3,4,665.0,1,2,,1,0,0.7,0.5
0.3,4,666.0,1,2,0.0,1,1,0.8,0.6
0.3,4,667.0,0,1,0.44418590369343747,0,1,0.6,0.7
0.3,4,668.0,0,1,1.180242520422894,1,1,0.7,0.8
0.3,4,669.0,0,0,0.19921686750910794,0,1,0.6,0.9
0.3,4,670.0,0,0,,0,0,0.5,0.9
0.3,4,671.0,0,0,,0,0,0.4,0.7
0.3,4,672.0,0,1,,1,0,0.5,0.6
0.3,4,673.0,0,1,,0,0,0.5,0.4
0.3,4,674.0,0,1,,0,0,0.4,0.4
0.3,4,675.0,0,1,,0,0,0.3,0.4
0.3,4,676.0,0,0,0.0,1,2,0.3,0.5
0.3,4,677.0,0,0,,0,0,0.3,0.4
0.3,4,678.0,0,0,,0,0,0.2,0.3
0.3,4,679.0,0,0,,0,0,0.2,0.2
0.3,4,680.0,0,0,,0,0,0.2,0.2
0.3,4,681.0,0,0,,0,0,0.2,0.2
0.3,4,682.0,0,0,,0,0,0.1,0.2
0.3,4,683.0,0,0,,0,0,0.1,0.2
0.3,4,684.0,0,0,0.0,1,1,0.2,0.3
0.3,4,685.0,0,0,,0,0,0.2,0.3
0.3,4,686.0,0,0,,0,0,0.1,0.1
0.3,4,687.0,0,0,,0,0,0.1,0.1
0.3,4,688.0,0,0,,0,0,0.1,0.1
0.3,4,689.0,0,0,,0,0,0.1,0.1
0.3,4,690.0,0,0,,0,0,0.1,0.1
0.3,4,691.0,2,3,,3,0,0.4,0.1
0.3,4,692.0,1,2,0.0,0,1,0.4,0.2
0.3,4,693.0,0,1,1.1156427653361334,0,1,0.4,0.3
0.3,4,694.0,0,0,1.9789123756179379,0,1,0.3,0.3
0.3,4,695.0,0,0,,0,0,0.3,0.3
0.3,4,696.0,0,1,,1,0,0.4,0.3
0.3,4,697.0,0,1,,0,0,0.4,0.3
0.3,4,698.0,0,0,0.0,0,1,0.4,0.4
0.3,4,699.0,0,0,,0,0,0.4,0.4
0.3,4,700.0,0,0,,0,0,0.4,0.4
0.3,4,701.0,0,0,,0,0,0.1,0.4
0.3,4,702.0,1,2,,2,0,0.3,0.3
0.3,4,703.0,0,1,0.09441321352602472,1,2,0.4,0.4
0.3,4,704.0,0,1,0.26653009610458867,1,1,0.5,0.4
0.3,4,705.0,0,0,0.0,0,1,0.5,0.5
0.3,4,706.0,0,0,,0,0,0.4,0.5
0.3,4,707.0,0,1,,1,0,0.5,0.5
0.3,4,708.0,0,0,0.0,0,1,0.5,0.5
0.3,4,709.0,0,0,,0,0,0.5,0.5
0.3,4,710.0,0,1,,1,0,0.6,0.5
0.3,4,711.0,0,1,0.0,1,1,0.7,0.6
0.3,4,712.0,0,1,,0,0,0.5,0.6
0.3,4,713.0,0,0,0.2811768457333983,0,1,0.4,0.5
0.3,4,714.0,0,0,,0,0,0.3,0.4
0.3,4,715.0,0,0,,0,0,0.3,0.3
0.3,4,716.0,0,0,,0,0,0.3,0.3
0.3,4,717.0,0,1,,1,0,0.3,0.3
0.3,4,718.0,0,1,,0,0,0.3,0.2
0.3,4,719.0,0,0,0.0,1,2,0.4,0.4
0.3,4,720.0,0,0,0.0,1,1,0.4,0.5
0.3,4,721.0,0,0,,0,0,0.3,0.4
0.3,4,722.0,0,0,,0,0,0.3,0.4
0.3,4,723.0,0,0,,0,0,0.3,0.3
0.3,4,724.0,0,0,,0,0,0.3,0.3
0.3,4,725.0,0,0,,0,0,0.3,0.3
0.3,4,726.0,0,0,,0,0,0.3,0.3
0.3,4,727.0,0,0,,0,0,0.2,0.3
0.3,4,728.0,0,1,,1,0,0.3,0.3
0.3,4,729.0,0,0,0.0,0,1,0.2,0.2
0.3,4,730.0,0,0,,0,0,0.1,0.1
0.3,4,731.0,0,0,,0,0,0.1,0.1
0.3,4,732.0,0,0,,0,0,0.1,0.1
0.3,4,733.0,0,0,,0,0,0.1,0.1
0.3,4,734.0,0,0,,0,0,0.1,0.1
0.3,4,735.0,0,1,,1,0,0.2,0.1
0.3,4,736.0,0,1,,0,0,0.2,0.1
0.3,4,737.0,0,0,0.0,0,1,0.2,0.2
0.3,4,738.0,0,0,,0,0,0.1,0.2
0.3,4,739.0,0,0,0.0,1,1,0.2,0.2
0.3,4,740.0,0,0,,0,0,0.2,0.2
0.3,4,741.0,0,0,,0,0,0.2,0.2
0.3,4,742.0,0,0,,0,0,0.2,0.2
0.3,4,743.0,0,0,,0,0,0.2,0.2
0.3,4,744.0,0,1,,1,0,0.3,0.2
0.3,4,745.0,0,0,0.44796791929570645,2,3,0.4,0.5
0.3,4,746.0,0,0,,0,0,0.4,0.5
0.3,4,747.0,0,0,0.0,1,1,0.5,0.5
0.3,4,748.0,0,1,,1,0,0.6,0.5
0.3,4,749.0,1,2,,1,0,0.6,0.4
0.3,4,750.0,1,2,,0,0,0.6,0.4
0.3,4,751.0,0,0,0.9671627150898985,0,2,0.6,0.6
0.3,4,752.0,0,1,,1,0,0.7,0.6
0.3,4,753.0,0,1,0.0,1,1,0.8,0.7
0.3,4,754.0,0,0,0.7417130161135219,0,1,0.7,0.8
0.3,4,755.0,0,1,,1,0,0.6,0.5
0.3,4,756.0,0,0,0.0,0,1,0.6,0.6
0.3,4,757.0,0,0,,0,0,0.5,0.5
0.3,4,758.0,0,1,,1,0,0.5,0.5
0.3,4,759.0,0,1,,0,0,0.4,0.5
0.3,4,760.0,0,0,0.0,0,1,0.4,0.6
0.3,4,761.0,0,0,,0,0,0.4,0.4
0.3,4,762.0,0,0,,0,0,0.3,0.4
0.3,4,763.0,0,0,,0,0,0.2,0.3
0.3,4,764.0,0,0,,0,0,0.2,0.2
0.3,4,765.0,0,0,0.0,1,1,0.2,0.3
0.3,4,766.0,0,1,,1,0,0.3,0.2
0.3,4,767.0,0,0,0.0,0,1,0.3,0.3
0.3,4,768.0,0,0,,0,0,0.2,0.3
0.3,4,769.0,0,0,,0,0,0.2,0.3
0.3,4,770.0,0,0,,0,0,0.2,0.2
0.3,4,771.0,0,0,,0,0,0.2,0.2
0.3,4,772.0,0,0,0.0,1,1,0.3,0.3
0.3,4,773.0,0,0,,0,0,0.3,0.3
0.3,4,774.0,0,1,,1,0,0.4,0.3
0.3,4,775.0,0,1,,0,0,0.3,0.2
0.3,4,776.0,0,1,,0,0,0.2,0.2
0.3,4,777.0,0,1,,0,0,0.2,0.1
0.3,4,778.0,0,0,0.0,0,1,0.2,0.2
0.3,4,779.0,0,0,,0,0,0.2,0.2
0.3,4,780.0,0,1,,1,0,0.3,0.2
0.3,4,781.0,0,1,,0,0,0.3,0.2
0.3,4,782.0,0,1,0.0,1,1,0.3,0.2
0.3,4,783.0,0,1,,0,0,0.3,0.2
0.3,4,784.0,0,0,0.0,0,1,0.2,0.3
0.3,4,785.0,0,0,,0,0,0.2,0.3
0.3,4,786.0,0,0,,0,0,0.2,0.3
0.3,4,787.0,0,1,,1,0,0.3,0.3
0.3,4,788.0,0,0,0.0,1,2,0.4,0.4
0.3,4,789.0,0,0,0.0,1,1,0.5,0.5
0.3,4,790.0,0,0,,0,0,0.4,0.5
0.3,4,791.0,0,0,,0,0,0.4,0.5
0.3,4,792.0,0,0,,0,0,0.3,0.4
0.3,4,793.0,0,0,,0,0,0.3,0.4
0.3,4,794.0,0,1,,1,0,0.4,0.3
0.3,4,795.0,0,0,0.0,0,1,0.4,0.4
0.3,4,796.0,0,0,,0,0,0.4,0.4
0.3,4,797.0,0,0,,0,0,0.3,0.4
0.3,4,798.0,0,0,,0,0,0.2,0.2
0.3,4,799.0,0,0,,0,0,0.1,0.1
0.3,4,800.0,0,0,,0,0,0.1,0.1
0.3,4,801.0,0,0,,0,0,0.1,0.1
0.3,4,802.0,0,0,,0,0,0.1,0.1
0.3,4,803.0,0,0,,0,0,0.1,0.1
0.3,4,804.0,0,1,,1,0,0.1,0.1
0.3,4,805.0,0,0,0.0,1,2,0.2,0.2
0.3,4,806.0,0,0,,0,0,0.2,0.2
0.3,4,807.0,0,0,,0,0,0.2,0.2
0.3,4,808.0,0,0,,0,0,0.2,0.2
0.3,4,809.0,0,0,,0,0,0.2,0.2
0.3,4,810.0,0,0,,0,0,0.2,0.2
0.3,4,811.0,0,0,,0,0,0.2,0.2
0.3,4,812.0,0,0,,0,0,0.2,0.2
0.3,4,813.0,0,0,,0,0,0.2,0.2
0.3,4,814.0,0,0,,0,0,0.1,0.2
0.3,4,815.0,0,0,,0,0,0.0,0.0
0.3,4,816.0,0,0,,0,0,0.0,0.0
0.3,4,817.0,0,0,,0,0,0.0,0.0
0.3,4,818.0,0,0,,0,0,0.0,0.0
0.3,4,819.0,0,0,0.0,1,1,0.1,0.1
0.3,4,820.0,0,1,,1,0,0.2,0.1
0.3,4,821.0,0,0,0.0,0,1,0.2,0.2
0.3,4,822.0,1,2,,2,0,0.4,0.2
0.3,4,823.0,1,2,,0,0,0.4,0.2
0.3,4,824.0,0,1,0.6319905264572867,1,2,0.5,0.4
0.3,4,825.0,0,1,,0,0,0.5,0.4
0.3,4,826.0,0,1,,0,0,0.5,0.4
0.3,4,827.0,0,1,,0,0,0.5,0.4
0.3,4,828.0,0,0,0.5193482794909414,0,1,0.5,0.5
0.3,4,829.0,0,1,0.0,2,1,0.6,0.5
0.3,4,830.0,0,1,0.0,1,1,0.6,0.6
0.3,4,831.0,1,2,,1,0,0.7,0.5
0.3,4,832.0,1,2,0.0,1,1,0.6,0.6
0.3,4,833.0,0,1,0.9998139940242936,1,2,0.7,0.8
0.3,4,834.0,0,0,0.4075354472458912,0,1,0.6,0.7
0.3,4,835.0,0,1,,1,0,0.7,0.7
0.3,4,836.0,0,0,0.0,0,1,0.7,0.8
0.3,4,837.0,0,0,,0,0,0.7,0.8
0.3,4,838.0,0,0,0.0,1,1,0.8,0.8
0.3,4,839.0,0,0,0.0,1,1,0.7,0.8
0.3,4,840.0,0,0,,0,0,0.6,0.7
0.3,4,841.0,0,0,0.0,1,1,0.6,0.8
0.3,4,842.0,0,0,,0,0,0.5,0.7
0.3,4,843.0,0,0,,0,0,0.4,0.5
0.3,4,844.0,0,0,,0,0,0.4,0.4
0.3,4,845.0,0,0,,0,0,0.3,0.4
0.3,4,846.0,0,0,,0,0,0.3,0.3
0.3,4,847.0,0,0,,0,0,0.3,0.3
0.3,4,848.0,0,0,,0,0,0.2,0.2
0.3,4,849.0,0,0,,0,0,0.1,0.1
0.3,4,850.0,0,0,,0,0,0.1,0.1
0.3,4,851.0,0,0,,0,0,0.0,0.0
0.3,4,852.0,0,0,0.0,1,1,0.1,0.1
0.3,4,853.0,0,0,0.0,1,1,0.2,0.2
0.3,4,854.0,0,0,0.0,1,1,0.3,0.3
0.3,4,855.0,0,0,,0,0,0.3,0.3
0.3,4,856.0,0,0,,0,0,0.3,0.3
0.3,4,857.0,0,0,,0,0,0.3,0.3
0.3,4,858.0,0,0,,0,0,0.3,0.3
0.3,4,859.0,0,0,,0,0,0.3,0.3
0.3,4,860.0,0,0,,0,0,0.3,0.3
0.3,4,861.0,0,0,0.0,1,1,0.4,0.4
0.3,4,862.0,1,2,,2,0,0.5,0.3
0.3,4,863.0,1,2,,0,0,0.4,0.2
0.3,4,864.0,1,2,,0,0,0.3,0.1
0.3,4,865.0,1,2,,0,0,0.3,0.1
0.3,4,866.0,1,2,,0,0,0.3,0.1
0.3,4,867.0,0,0,2.0487098619753397,0,2,0.3,0.3
0.3,4,868.0,0,0,,0,0,0.3,0.3
0.3,4,869.0,0,0,,0,0,0.3,0.3
0.3,4,870.0,0,0,,0,0,0.3,0.3
0.3,4,871.0,0,0,,0,0,0.2,0.2
0.3,4,872.0,0,0,,0,0,0.0,0.2
0.3,4,873.0,0,1,,1,0,0.1,0.2
0.3,4,874.0,1,2,,1,0,0.2,0.2
0.3,4,875.0,0,1,0.0,0,1,0.2,0.3
0.3,4,876.0,0,0,1.2948836451162151,0,1,0.2,0.4
0.3,4,877.0,0,0,,0,0,0.2,0.2
0.3,4,878.0,0,1,,1,0,0.3,0.2
0.3,4,879.0,0,1,,0,0,0.3,0.2
0.3,4,880.0,0,0,0.0,0,1,0.3,0.3
0.3,4,881.0,0,0,,0,0,0.3,0.3
0.3,4,882.0,0,0,0.0,1,1,0.4,0.4
0.3,4,883.0,0,0,,0,0,0.3,0.4
0.3,4,884.0,0,0,,0,0,0.2,0.4
0.3,4,885.0,0,1,0.0,2,1,0.4,0.4
0.3,4,886.0,0,0,0.06341867173159699,0,1,0.4,0.4
0.3,4,887.0,0,0,,0,0,0.4,0.4
0.3,4,888.0,0,0,,0,0,0.3,0.4
0.3,4,889.0,1,2,,2,0,0.5,0.4
0.3,4,890.0,1,2,0.0,1,1,0.6,0.4
0.3,4,891.0,0,0,0.5712936118666221,0,2,0.6,0.6
0.3,4,892.0,0,0,,0,0,0.5,0.5
0.3,4,893.0,0,0,,0,0,0.5,0.5
0.3,4,894.0,0,0,,0,0,0.5,0.5
0.3,4,895.0,0,0,,0,0,0.3,0.4
0.3,4,896.0,0,0,,0,0,0.3,0.3
0.3,4,897.0,0,0,,0,0,0.3,0.3
0.3,4,898.0,0,0,,0,0,0.3,0.3
0.3,4,899.0,0,1,,1,0,0.2,0.3
0.3,4,900.0,0,0,0.0,0,1,0.1,0.3
0.3,4,901.0,0,0,,0,0,0.1,0.1
0.3,4,902.0,1,2,,2,0,0.3,0.1
0.3,4,903.0,1,2,0.0,1,1,0.4,0.2
0.3,4,904.0,0,1,1.4359298571498584,0,1,0.4,0.3
0.3,4,905.0,0,0,0.3638775196463939,0,1,0.4,0.4
0.3,4,906.0,0,0,,0,0,0.4,0.4
0.3,4,907.0,0,0,,0,0,0.4,0.4
0.3,4,908.0,0,0,,0,0,0.4,0.4
0.3,4,909.0,0,0,,0,0,0.3,0.4
0.3,4,910.0,0,0,,0,0,0.3,0.3
0.3,4,911.0,0,0,0.0,1,1,0.4,0.4
0.3,4,912.0,0,0,,0,0,0.2,0.4
0.3,4,913.0,0,0,,0,0,0.1,0.3
0.3,4,914.0,0,0,,0,0,0.1,0.2
0.3,4,915.0,0,0,,0,0,0.1,0.1
0.3,4,916.0,0,0,,0,0,0.1,0.1
0.3,4,917.0,0,0,,0,0,0.1,0.1
0.3,4,918.0,0,0,,0,0,0.1,0.1
0.3,4,919.0,0,1,,1,0,0.2,0.1
0.3,4,920.0,0,0,0.0,0,1,0.2,0.2
0.3,4,921.0,0,0,,0,0,0.1,0.1
0.3,4,922.0,0,0,,0,0,0.1,0.1
0.3,4,923.0,0,0,,0,0,0.1,0.1
0.3,4,924.0,0,1,,1,0,0.2,0.1
0.3,4,925.0,1,2,,1,0,0.3,0.1
0.3,4,926.0,0,1,0.5459652465045792,1,2,0.4,0.3
0.3,4,927.0,0,0,0.0,0,1,0.4,0.4
0.3,4,928.0,0,0,,0,0,0.4,0.4
0.3,4,929.0,0,0,,0,0,0.3,0.4
0.3,4,930.0,0,1,,1,0,0.4,0.3
0.3,4,931.0,0,1,,0,0,0.4,0.3
0.3,4,932.0,0,0,0.0,0,1,0.4,0.4
0.3,4,933.0,0,0,,0,0,0.4,0.4
0.3,4,934.0,0,1,,1,0,0.4,0.4
0.3,4,935.0,0,1,,0,0,0.3,0.4
0.3,4,936.0,0,0,0.0,0,1,0.2,0.3
0.3,4,937.0,0,0,,0,0,0.2,0.2
0.3,4,938.0,0,0,,0,0,0.2,0.2
0.3,4,939.0,0,0,,0,0,0.2,0.2
0.3,4,940.0,0,0,,0,0,0.1,0.2
0.3,4,941.0,0,1,0.0,2,1,0.3,0.3
0.3,4,942.0,0,0,0.0,0,1,0.3,0.3
0.3,4,943.0,0,0,,0,0,0.3,0.3
0.3,4,944.0,0,0,,0,0,0.2,0.3
0.3,4,945.0,0,0,,0,0,0.2,0.3
0.3,4,946.0,0,1,,1,0,0.3,0.2
0.3,4,947.0,0,1,,0,0,0.3,0.2
0.3,4,948.0,0,1,0.0,1,1,0.4,0.3
0.3,4,949.0,0,1,,0,0,0.4,0.3
0.3,4,950.0,0,0,0.0,0,1,0.4,0.4
0.3,4,951.0,0,0,,0,0,0.2,0.3
0.3,4,952.0,0,0,,0,0,0.2,0.2
0.3,4,953.0,1,2,,2,0,0.4,0.2
0.3,4,954.0,1,2,,0,0,0.4,0.2
0.3,4,955.0,0,1,0.0,0,1,0.4,0.3
0.3,4,956.0,0,0,2.0063468828327586,0,1,0.3,0.4
0.3,4,957.0,0,0,,0,0,0.3,0.4
0.3,4,958.0,0,1,,1,0,0.3,0.3
0.3,4,959.0,1,2,,1,0,0.4,0.3
0.3,4,960.0,2,3,,1,0,0.5,0.2
0.3,4,961.0,3,4,,1,0,0.6,0.2
0.3,4,962.0,2,3,0.0,0,1,0.6,0.3
0.3,4,963.0,2,3,,0,0,0.4,0.3
0.3,4,964.0,1,2,2.821672667034136,0,1,0.4,0.4
0.3,4,965.0,0,1,3.9463305941312683,0,1,0.4,0.4
0.3,4,966.0,0,1,,0,0,0.4,0.3
0.3,4,967.0,1,2,3.6738283780669008,2,1,0.6,0.4
0.3,4,968.0,0,1,0.23088241137088517,0,1,0.5,0.5
0.3,4,969.0,0,1,,0,0,0.4,0.5
0.3,4,970.0,0,0,0.45200540957944213,0,1,0.3,0.6
0.3,4,971.0,0,1,,1,0,0.3,0.6
0.3,4,972.0,0,1,,0,0,0.3,0.5
0.3,4,973.0,0,0,0.0,0,1,0.3,0.6
0.3,4,974.0,0,0,,0,0,0.3,0.5
0.3,4,975.0,0,0,,0,0,0.3,0.4
0.3,4,976.0,0,1,,1,0,0.4,0.4
0.3,4,977.0,0,0,0.0,0,1,0.2,0.4
0.3,4,978.0,0,0,,0,0,0.2,0.3
0.3,4,979.0,0,0,,0,0,0.2,0.3
0.3,4,980.0,0,0,,0,0,0.2,0.2
0.3,4,981.0,0,0,,0,0,0.1,0.2
0.3,4,982.0,0,0,,0,0,0.1,0.2
0.3,4,983.0,0,0,,0,0,0.1,0.1
0.3,4,984.0,0,0,,0,0,0.1,0.1
0.3,4,985.0,0,0,,0,0,0.1,0.1
0.3,4,986.0,0,0,,0,0,0.0,0.1
0.3,4,987.0,0,1,,1,0,0.1,0.0
0.3,4,988.0,0,1,,0,0,0.1,0.0
0.3,4,989.0,0,1,,0,0,0.1,0.0
0.3,4,990.0,0,0,0.0,0,1,0.1,0.1
0.3,4,991.0,0,1,,1,0,0.2,0.1
0.3,4,992.0,1,2,,1,0,0.3,0.1
0.3,4,993.0,1,2,,0,0,0.3,0.1
0.3,4,994.0,0,1,0.0,0,1,0.3,0.2
0.3,4,995.0,0,1,,0,0,0.3,0.2
0.3,4,996.0,0,1,,0,0,0.3,0.2
0.3,4,997.0,0,0,1.5789521389403802,0,1,0.2,0.3
0.3,4,998.0,0,0,,0,0,0.2,0.3
0.3,4,999.0,0,0,,0,0,0.2,0.3
0.3,4,1000.0,0,0,,0,0,0.2,0.2
0.3,4,1001.0,0,0,,0,0,0.1,0.2
0.3,4,1002.0,0,0,,0,0,0.0,0.2
0.3,4,1003.0,0,0,,0,0,0.0,0.2
0.3,4,1004.0,0,0,0.0,1,1,0.1,0.2
0.3,4,1005.0,0,0,,0,0,0.1,0.2
0.3,4,1006.0,0,0,0.0,1,1,0.2,0.3
0.3,4,1007.0,0,0,,0,0,0.2,0.2
0.3,4,1008.0,0,0,0.0,1,1,0.3,0.3
0.3,4,1009.0,0,0,,0,0,0.3,0.3
0.3,4,1010.0,0,1,,1,0,0.4,0.3
0.3,4,1011.0,0,1,,0,0,0.4,0.3
0.3,4,1012.0,0,0,0.0,0,1,0.4,0.4
0.3,4,1013.0,0,0,,0,0,0.4,0.4
0.3,4,1014.0,0,1,,1,0,0.4,0.3
0.3,4,1015.0,0,0,0.0,0,1,0.4,0.4
0.3,4,1016.0,0,0,,0,0,0.3,0.3
0.3,4,1017.0,0,0,,0,0,0.3,0.3
0.3,4,1018.0,0,0,,0,0,0.2,0.2
0.3,4,1019.0,0,0,0.0,1,1,0.3,0.3
0.3,4,1020.0,0,0,,0,0,0.2,0.3
0.3,4,1021.0,0,0,,0,0,0.2,0.3
0.3,4,1022.0,0,0,,0,0,0.2,0.2
0.3,4,1023.0,0,0,,0,0,0.2,0.2
0.3,4,1024.0,0,0,,0,0,0.1,0.2
0.3,4,1025.0,0,1,,1,0,0.2,0.1
0.3,4,1026.0,0,1,,0,0,0.2,0.1
0.3,4,1027.0,0,0,0.0,0,1,0.2,0.2
0.3,4,1028.0,0,0,,0,0,0.2,0.2
0.3,4,1029.0,0,0,,0,0,0.1,0.1
0.3,4,1030.0,0,1,,1,0,0.2,0.1
0.3,4,1031.0,0,1,,0,0,0.2,0.1
0.3,4,1032.0,0,1,,0,0,0.2,0.1
0.3,4,1033.0,0,1,,0,0,0.2,0.1
0.3,4,1034.0,0,1,,0,0,0.2,0.1
0.3,4,1035.0,0,1,,0,0,0.1,0.1
0.3,4,1036.0,0,0,0.0,0,1,0.1,0.2
0.3,4,1037.0,0,0,,0,0,0.1,0.1
0.3,4,1038.0,0,1,,1,0,0.2,0.1
0.3,4,1039.0,0,1,,0,0,0.2,0.1
0.3,4,1040.0,0,0,0.0,0,1,0.1,0.2
0.3,4,1041.0,0,0,,0,0,0.1,0.2
0.3,4,1042.0,0,0,,0,0,0.1,0.2
0.3,4,1043.0,0,0,,0,0,0.1,0.2
0.3,4,1044.0,0,1,,1,0,0.2,0.2
0.3,4,1045.0,0,1,0.0,1,1,0.3,0.3
0.3,4,1046.0,0,1,,0,0,0.3,0.2
0.3,4,1047.0,0,1,0.9176377810958911,1,1,0.4,0.3
0.3,4,1048.0,0,1,,0,0,0.3,0.3
0.3,4,1049.0,0,1,,0,0,0.3,0.3
0.3,4,1050.0,0,1,0.0,1,1,0.4,0.3
0.3,4,1051.0,1,2,,1,0,0.5,0.3
0.3,4,1052.0,0,1,0.24507664833890885,0,1,0.5,0.4
0.3,4,1053.0,0,0,0.9264845856673674,0,1,0.5,0.5
0.3,4,1054.0,0,0,,0,0,0.4,0.5
0.3,4,1055.0,0,0,0.0,1,1,0.4,0.5
0.3,4,1056.0,0,0,,0,0,0.4,0.5
0.3,4,1057.0,0,0,,0,0,0.3,0.4
0.3,4,1058.0,0,0,,0,0,0.3,0.4
0.3,4,1059.0,0,0,,0,0,0.3,0.4
0.3,4,1060.0,0,0,,0,0,0.2,0.3
0.3,4,1061.0,0,0,,0,0,0.1,0.3
0.3,4,1062.0,0,0,,0,0,0.1,0.2
0.3,4,1063.0,0,1,,1,0,0.2,0.1
0.3,4,1064.0,0,1,,0,0,0.2,0.1
0.3,4,1065.0,1,2,,1,0,0.2,0.0
0.3,4,1066.0,0,1,0.0,0,1,0.2,0.1
0.3,4,1067.0,0,0,1.0066460553969137,0,1,0.2,0.2
0.3,4,1068.0,0,1,,1,0,0.3,0.2
0.3,4,1069.0,0,0,0.0,0,1,0.3,0.3
0.3,4,1070.0,0,1,0.0,2,1,0.5,0.4
0.3,4,1071.0,0,1,0.14779335470734623,1,1,0.6,0.5
0.3,4,1072.0,0,1,,0,0,0.6,0.5
0.3,4,1073.0,1,2,,1,0,0.6,0.5
0.3,4,1074.0,0,1,0.30558568398078023,1,2,0.7,0.7
0.3,4,1075.0,0,1,,0,0,0.6,0.7
0.3,4,1076.0,0,1,,0,0,0.6,0.6
0.3,4,1077.0,0,1,0.0,1,1,0.7,0.6
0.3,4,1078.0,0,1,,0,0,0.6,0.6
0.3,4,1079.0,0,0,0.3983553268162723,0,1,0.6,0.6
0.3,4,1080.0,0,0,,0,0,0.4,0.5
0.3,4,1081.0,0,0,,0,0,0.3,0.4
0.3,4,1082.0,0,0,,0,0,0.3,0.4
0.3,4,1083.0,0,0,,0,0,0.2,0.4
0.3,4,1084.0,0,0,,0,0,0.1,0.2
0.3,4,1085.0,0,1,,1,0,0.2,0.2
0.3,4,1086.0,0,0,0.0,0,1,0.2,0.3
0.3,4,1087.0,0,0,,0,0,0.1,0.2
0.3,4,1088.0,0,0,,0,0,0.1,0.2
0.3,4,1089.0,0,0,,0,0,0.1,0.1
0.3,4,1090.0,0,0,,0,0,0.1,0.1
0.3,4,1091.0,0,0,,0,0,0.1,0.1
0.3,4,1092.0,0,1,,1,0,0.2,0.1
0.3,4,1093.0,0,1,,0,0,0.2,0.1
0.3,4,1094.0,0,0,0.0,0,1,0.2,0.2
0.3,4,1095.0,0,0,,0,0,0.1,0.2
0.3,4,1096.0,0,0,,0,0,0.1,0.1
0.3,4,1097.0,0,0,,0,0,0.1,0.1
0.3,4,1098.0,0,0,,0,0,0.1,0.1
0.3,4,1099.0,0,0,0.0,1,1,0.2,0.2
0.3,4,1100.0,0,1,,1,0,0.3,0.2
0.3,4,1101.0,0,0,0.0,0,1,0.3,0.3
0.3,4,1102.0,0,0,,0,0,0.2,0.3
0.3,4,1103.0,0,0,,0,0,0.2,0.3
0.3,4,1104.0,0,0,,0,0,0.2,0.2
0.3,4,1105.0,0,0,0.0,1,1,0.3,0.3
0.3,4,1106.0,0,0,,0,0,0.3,0.3
0.3,4,1107.0,0,0,,0,0,0.3,0.3
0.3,4,1108.0,0,0,,0,0,0.3,0.3
0.3,4,1109.0,0,0,,0,0,0.2,0.2
0.3,4,1110.0,0,0,,0,0,0.1,0.2
0.3,4,1111.0,0,1,,1,0,0.2,0.1
0.3,4,1112.0,0,1,,0,0,0.2,0.1
0.3,4,1113.0,0,0,0.0,0,1,0.2,0.2
0.3,4,1114.0,0,0,,0,0,0.2,0.2
0.3,4,1115.0,0,0,,0,0,0.1,0.1
0.3,4,1116.0,0,0,,0,0,0.1,0.1
0.3,4,1117.0,0,1,,1,0,0.2,0.1
0.3,4,1118.0,0,1,,0,0,0.2,0.1
0.3,4,1119.0,0,0,0.0,1,2,0.3,0.3
0.3,4,1120.0,0,1,,1,0,0.4,0.3
0.3,4,1121.0,0,0,0.0,0,1,0.3,0.4
0.3,4,1122.0,0,0,,0,0,0.3,0.4
0.3,4,1123.0,0,0,,0,0,0.3,0.3
0.3,4,1124.0,0,0,,0,0,0.3,0.3
0.3,4,1125.0,0,0,,0,0,0.3,0.3
0.3,4,1126.0,0,0,,0,0,0.3,0.3
0.3,4,1127.0,0,0,,0,0,0.2,0.3
0.3,4,1128.0,0,0,,0,0,0.2,0.3
0.3,4,1129.0,0,1,,1,0,0.2,0.1
0.3,4,1130.0,0,0,0.0,0,1,0.1,0.2
0.3,4,1131.0,0,0,,0,0,0.1,0.1
0.3,4,1132.0,0,0,,0,0,0.1,0.1
0.3,4,1133.0,0,0,,0,0,0.1,0.1
0.3,4,1134.0,0,1,,1,0,0.2,0.1
0.3,4,1135.0,0,1,,0,0,0.2,0.1
0.3,4,1136.0,0,1,0.0,1,1,0.3,0.2
0.3,4,1137.0,0,1,,0,0,0.3,0.2
0.3,4,1138.0,0,0,0.49601283720721767,0,1,0.3,0.3
0.3,4,1139.0,0,1,,1,0,0.3,0.3
0.3,4,1140.0,0,0,0.0,0,1,0.3,0.3
0.3,4,1141.0,0,1,,1,0,0.4,0.3
0.3,4,1142.0,0,0,0.0,0,1,0.4,0.4
0.3,4,1143.0,0,0,,0,0,0.4,0.4
0.3,4,1144.0,0,0,,0,0,0.3,0.4
0.3,4,1145.0,0,0,,0,0,0.3,0.4
0.3,4,1146.0,0,0,,0,0,0.2,0.3
0.3,4,1147.0,0,0,,0,0,0.2,0.3
0.3,4,1148.0,0,0,,0,0,0.2,0.2
0.3,4,1149.0,0,0,,0,0,0.1,0.2
0.3,4,1150.0,0,1,,1,0,0.2,0.1
0.3,4,1151.0,0,0,0.0,0,1,0.1,0.2
0.3,4,1152.0,0,0,,0,0,0.1,0.1
0.3,4,1153.0,0,1,,1,0,0.2,0.1
0.3,4,1154.0,0,0,0.0,0,1,0.2,0.2
0.3,4,1155.0,0,0,,0,0,0.2,0.2
0.3,4,1156.0,0,0,,0,0,0.2,0.2
0.3,4,1157.0,0,0,,0,0,0.2,0.2
0.3,4,1158.0,0,0,,0,0,0.2,0.2
0.3,4,1159.0,0,0,,0,0,0.2,0.2
0.3,4,1160.0,0,0,,0,0,0.1,0.2
0.3,4,1161.0,0,0,,0,0,0.1,0.1
0.3,4,1162.0,0,0,,0,0,0.1,0.1
0.3,4,1163.0,0,0,0.0,1,1,0.1,0.2
0.3,4,1164.0,0,0,,0,0,0.1,0.1
0.3,4,1165.0,0,0,,0,0,0.1,0.1
0.3,4,1166.0,0,0,,0,0,0.1,0.1
0.3,4,1167.0,0,0,,0,0,0.1,0.1
0.3,4,1168.0,0,0,,0,0,0.1,0.1
0.3,4,1169.0,0,0,0.0,1,1,0.2,0.2
0.3,4,1170.0,0,0,,0,0,0.2,0.2
0.3,4,1171.0,0,0,,0,0,0.2,0.2
0.3,4,1172.0,0,0,,0,0,0.2,0.2
0.3,4,1173.0,0,0,,0,0,0.1,0.1
0.3,4,1174.0,0,0,,0,0,0.1,0.1
0.3,4,1175.0,0,0,,0,0,0.1,0.1
0.3,4,1176.0,0,1,,1,0,0.2,0.1
0.3,4,1177.0,0,0,0.0,0,1,0.2,0.2
0.3,4,1178.0,0,0,,0,0,0.2,0.2
0.3,4,1179.0,0,0,,0,0,0.1,0.1
0.3,4,1180.0,1,2,,2,0,0.3,0.1
0.3,4,1181.0,2,3,,1,0,0.4,0.1
0.3,4,1182.0,1,2,0.863303225029199,1,2,0.5,0.3
0.3,4,1183.0,1,2,,0,0,0.5,0.3
0.3,4,1184.0,0,0,1.2961473870031266,1,3,0.6,0.6
0.3,4,1185.0,0,0,0.0,1,1,0.7,0.7
0.3,4,1186.0,0,0,,0,0,0.6,0.7
0.3,4,1187.0,0,0,,0,0,0.6,0.6
0.3,4,1188.0,0,0,,0,0,0.6,0.6
0.3,4,1189.0,0,0,,0,0,0.6,0.6
0.3,4,1190.0,0,0,,0,0,0.4,0.6
0.3,4,1191.0,0,0,,0,0,0.3,0.6
0.3,4,1192.0,0,0,,0,0,0.2,0.4
0.3,4,1193.0,0,0,,0,0,0.2,0.4
0.3,4,1194.0,0,1,,1,0,0.2,0.1
0.3,4,1195.0,0,0,0.0,0,1,0.1,0.1
0.3,4,1196.0,0,0,,0,0,0.1,0.1
0.3,4,1197.0,0,0,,0,0,0.1,0.1
0.3,4,1198.0,0,0,,0,0,0.1,0.1
0.3,4,1199.0,0,0,,0,0,0.1,0.1
0.3,4,1200.0,0,0,,0,0,0.1,0.1
0.3,4,1201.0,0,0,,0,0,0.1,0.1
0.3,4,1202.0,0,0,0.0,1,1,0.2,0.2
0.3,4,1203.0,0,0,,0,0,0.2,0.2
0.3,4,1204.0,0,1,,1,0,0.2,0.2
0.3,4,1205.0,0,0,0.0,0,1,0.2,0.2
0.3,4,1206.0,0,0,,0,0,0.2,0.2
0.3,4,1207.0,0,0,,0,0,0.2,0.2
0.3,4,1208.0,0,0,,0,0,0.2,0.2
0.3,4,1209.0,0,0,,0,0,0.2,0.2
0.3,4,1210.0,1,2,,2,0,0.4,0.2
0.3,4,1211.0,1,2,,0,0,0.4,0.2
0.3,4,1212.0,0,0,0.7409040073411006,0,2,0.3,0.3
0.3,4,1213.0,0,1,,1,0,0.4,0.3
0.3,4,1214.0,0,0,0.0,0,1,0.3,0.4
0.3,4,1215.0,0,0,,0,0,0.3,0.3
0.3,4,1216.0,0,0,,0,0,0.3,0.3
0.3,4,1217.0,1,2,,2,0,0.5,0.3
0.3,4,1218.0,1,2,,0,0,0.5,0.3
0.3,4,1219.0,1,2,,0,0,0.5,0.3
0.3,4,1220.0,3,4,,2,0,0.5,0.3
0.3,4,1221.0,2,3,0.0,0,1,0.5,0.4
0.3,4,1222.0,1,2,3.9266896860360703,0,1,0.5,0.3
0.3,4,1223.0,0,1,2.3523740998456333,1,2,0.5,0.5
0.3,4,1224.0,0,1,,0,0,0.5,0.4
0.3,4,1225.0,0,0,0.0,0,1,0.5,0.5
0.3,4,1226.0,0,0,,0,0,0.5,0.5
0.3,4,1227.0,0,0,,0,0,0.3,0.5
0.3,4,1228.0,0,0,,0,0,0.3,0.5
0.3,4,1229.0,0,0,,0,0,0.3,0.5
0.3,4,1230.0,0,0,0.0,1,1,0.2,0.6
0.3,4,1231.0,0,0,,0,0,0.2,0.5
0.3,4,1232.0,0,0,,0,0,0.2,0.4
0.3,4,1233.0,0,0,,0,0,0.1,0.2
0.3,4,1234.0,0,0,,0,0,0.1,0.2
0.3,4,1235.0,0,1,,1,0,0.2,0.1
0.3,4,1236.0,0,0,0.0,0,1,0.2,0.2
0.3,4,1237.0,0,0,,0,0,0.2,0.2
0.3,4,1238.0,0,0,,0,0,0.2,0.2
0.3,4,1239.0,1,2,,2,0,0.4,0.2
0.3,4,1240.0,0,0,0.09567466088242327,0,2,0.3,0.3
0.3,4,1241.0,1,2,,2,0,0.5,0.3
0.3,4,1242.0,0,1,0.0,0,1,0.5,0.4
0.3,4,1243.0,0,0,0.9274362620442389,0,1,0.5,0.5
0.3,4,1244.0,0,0,,0,0,0.5,0.5
0.3,4,1245.0,0,0,,0,0,0.4,0.5
0.3,4,1246.0,0,1,,1,0,0.5,0.4
0.3,4,1247.0,0,0,0.0,0,1,0.5,0.5
0.3,4,1248.0,0,0,,0,0,0.5,0.5
0.3,4,1249.0,0,0,0.0,1,1,0.4,0.6
0.3,4,1250.0,0,0,,0,0,0.4,0.4
0.3,4,1251.0,0,0,,0,0,0.2,0.4
0.3,4,1252.0,0,0,,0,0,0.2,0.3
0.3,4,1253.0,0,0,0.0,1,1,0.3,0.3
0.3,4,1254.0,0,0,,0,0,0.3,0.3
0.3,4,1255.0,0,0,,0,0,0.3,0.3
0.3,4,1256.0,0,0,,0,0,0.2,0.3
0.3,4,1257.0,0,0,,0,0,0.2,0.2
0.3,4,1258.0,0,0,,0,0,0.2,0.2
0.3,4,1259.0,0,0,,0,0,0.1,0.1
0.3,4,1260.0,0,0,,0,0,0.1,0.1
0.3,4,1261.0,0,0,,0,0,0.1,0.1
0.3,4,1262.0,0,0,,0,0,0.1,0.1
0.3,4,1263.0,0,0,,0,0,0.0,0.0
0.3,4,1264.0,0,0,0.0,1,1,0.1,0.1
0.3,4,1265.0,0,0,,0,0,0.1,0.1
0.3,4,1266.0,0,0,,0,0,0.1,0.1
0.3,4,1267.0,0,0,,0,0,0.1,0.1
0.3,4,1268.0,0,0,,0,0,0.1,0.1
0.3,4,1269.0,0,0,0.0,1,1,0.2,0.2
0.3,4,1270.0,0,0,,0,0,0.2,0.2
0.3,4,1271.0,0,0,,0,0,0.2,0.2
0.3,4,1272.0,0,0,,0,0,0.2,0.2
0.3,4,1273.0,0,0,,0,0,0.2,0.2
0.3,4,1274.0,0,0,,0,0,0.1,0.1
0.3,4,1275.0,0,0,,0,0,0.1,0.1
0.3,4,1276.0,0,0,,0,0,0.1,0.1
0.3,4,1277.0,0,0,,0,0,0.1,0.1
0.3,4,1278.0,0,0,,0,0,0.1,0.1
0.3,4,1279.0,0,0,,0,0,0.0,0.0
0.3,4,1280.0,0,0,0.0,1,1,0.1,0.1
0.3,4,1281.0,0,0,,0,0,0.1,0.1
0.3,4,1282.0,0,0,,0,0,0.1,0.1
0.3,4,1283.0,0,0,,0,0,0.1,0.1
0.3,4,1284.0,1,2,,2,0,0.3,0.1
0.3,4,1285.0,0,1,0.0,0,1,0.3,0.2
0.3,4,1286.0,0,1,,0,0,0.3,0.2
0.3,4,1287.0,0,1,,0,0,0.3,0.2
0.3,4,1288.0,0,1,0.537454717116816,1,1,0.4,0.3
0.3,4,1289.0,0,1,,0,0,0.4,0.3
0.3,4,1290.0,0,1,0.0,1,1,0.4,0.3
0.3,4,1291.0,0,0,0.43486142646133885,0,1,0.4,0.4
0.3,4,1292.0,0,0,,0,0,0.4,0.4
0.3,4,1293.0,0,0,,0,0,0.4,0.4
0.3,4,1294.0,0,0,,0,0,0.2,0.4
0.3,4,1295.0,0,0,,0,0,0.2,0.3
0.3,4,1296.0,0,0,,0,0,0.2,0.3
0.3,4,1297.0,0,1,,1,0,0.3,0.3
0.3,4,1298.0,0,1,0.0,1,1,0.3,0.3
0.3,4,1299.0,0,0,0.0,0,1,0.3,0.4
0.3,4,1300.0,0,0,,0,0,0.2,0.3
0.3,4,1301.0,0,0,,0,0,0.2,0.2
0.3,4,1302.0,0,1,,1,0,0.3,0.2
0.3,4,1303.0,0,1,,0,0,0.3,0.2
0.3,4,1304.0,0,0,0.0,0,1,0.3,0.3
0.3,4,1305.0,0,0,,0,0,0.3,0.3
0.3,4,1306.0,0,0,,0,0,0.3,0.3
0.3,4,1307.0,0,0,,0,0,0.2,0.3
0.3,4,1308.0,0,0,,0,0,0.1,0.2
0.3,4,1309.0,0,1,,1,0,0.2,0.1
0.3,4,1310.0,1,2,,1,0,0.3,0.1
0.3,4,1311.0,0,0,0.21376134024581006,0,2,0.3,0.3
0.3,4,1312.0,0,1,,1,0,0.3,0.3
0.3,4,1313.0,0,1,0.0,1,1,0.4,0.4
0.3,4,1314.0,2,3,,2,0,0.6,0.3
0.3,4,1315.0,2,3,,0,0,0.6,0.3
0.3,4,1316.0,2,3,,0,0,0.6,0.3
0.3,4,1317.0,1,2,0.9154376292608504,0,1,0.6,0.4
0.3,4,1318.0,1,2,,0,0,0.6,0.4
0.3,4,1319.0,2,3,3.406618086510889,2,1,0.7,0.5
0.3,4,1320.0,1,2,5.490763395117256,0,1,0.6,0.6
0.3,4,1321.0,1,2,,0,0,0.6,0.4
0.3,4,1322.0,1,2,,0,0,0.5,0.4
0.3,4,1323.0,0,0,2.2200883671221163,0,2,0.4,0.5
0.3,4,1324.0,0,0,,0,0,0.2,0.5
0.3,4,1325.0,0,0,,0,0,0.2,0.5
0.3,4,1326.0,0,0,,0,0,0.2,0.5
0.3,4,1327.0,0,0,,0,0,0.2,0.4
0.3,4,1328.0,0,0,,0,0,0.2,0.4
0.3,4,1329.0,0,0,,0,0,0.0,0.3
0.3,4,1330.0,0,0,,0,0,0.0,0.2
0.3,4,1331.0,0,0,,0,0,0.0,0.2
0.3,4,1332.0,0,0,,0,0,0.0,0.2
0.3,4,1333.0,0,0,,0,0,0.0,0.0
0.3,4,1334.0,0,0,,0,0,0.0,0.0
0.3,4,1335.0,0,1,,1,0,0.1,0.0
0.3,4,1336.0,0,1,,0,0,0.1,0.0
0.3,4,1337.0,0,1,,0,0,0.1,0.0
0.3,4,1338.0,0,1,0.0,1,1,0.2,0.1
0.3,4,1339.0,0,1,0.0,1,1,0.3,0.2
0.3,4,1340.0,0,0,0.0,0,1,0.3,0.3
0.3,4,1341.0,0,0,0.0,1,1,0.4,0.4
0.3,4,1342.0,0,1,,1,0,0.5,0.4
0.3,4,1343.0,0,1,,0,0,0.5,0.4
0.3,4,1344.0,0,0,0.0,0,1,0.5,0.5
0.3,4,1345.0,0,0,0.0,1,1,0.5,0.6
0.3,4,1346.0,0,0,,0,0,0.5,0.6
0.3,4,1347.0,0,0,,0,0,0.5,0.6
0.3,4,1348.0,0,0,,0,0,0.4,0.5
0.3,4,1349.0,0,0,,0,0,0.3,0.4
0.3,4,1350.0,0,1,,1,0,0.4,0.3
0.3,4,1351.0,0,0,0.0,0,1,0.3,0.3
0.3,4,1352.0,0,0,,0,0,0.2,0.3
0.3,4,1353.0,0,0,,0,0,0.2,0.3
0.3,4,1354.0,0,0,,0,0,0.2,0.2
0.3,4,1355.0,1,2,,2,0,0.3,0.1
0.3,4,1356.0,0,1,0.0,0,1,0.3,0.2
0.3,4,1357.0,0,0,0.47894544574614883,0,1,0.3,0.3
0.3,4,1358.0,0,1,,1,0,0.4,0.3
0.3,4,1359.0,0,0,0.0,0,1,0.4,0.4
0.3,4,1360.0,0,0,,0,0,0.3,0.4
0.3,4,1361.0,0,0,,0,0,0.3,0.3
0.3,4,1362.0,0,0,,0,0,0.3,0.3
0.3,4,1363.0,0,0,,0,0,0.3,0.3
0.3,4,1364.0,0,0,,0,0,0.3,0.3
0.3,4,1365.0,0,0,,0,0,0.1,0.3
0.3,4,1366.0,0,0,,0,0,0.1,0.2
0.3,4,1367.0,0,0,,0,0,0.1,0.1
0.3,4,1368.0,0,0,,0,0,0.0,0.1
0.3,4,1369.0,0,0,,0,0,0.0,0.0
0.3,4,1370.0,0,0,0.0,1,1,0.1,0.1
0.3,4,1371.0,0,0,,0,0,0.1,0.1
0.3,4,1372.0,0,0,,0,0,0.1,0.1
0.3,4,1373.0,0,0,,0,0,0.1,0.1
0.3,4,1374.0,0,0,,0,0,0.1,0.1
0.3,4,1375.0,0,0,,0,0,0.1,0.1
0.3,4,1376.0,0,0,,0,0,0.1,0.1
0.3,4,1377.0,0,0,,0,0,0.1,0.1
0.3,4,1378.0,0,0,,0,0,0.1,0.1
0.3,4,1379.0,0,1,,1,0,0.2,0.1
0.3,4,1380.0,0,1,,0,0,0.1,0.0
0.3,4,1381.0,0,1,,0,0,0.1,0.0
0.3,4,1382.0,0,1,,0,0,0.1,0.0
0.3,4,1383.0,0,1,,0,0,0.1,0.0
0.3,4,1384.0,0,1,,0,0,0.1,0.0
0.3,4,1385.0,0,0,0.0,0,1,0.1,0.1
0.3,4,1386.0,0,1,,1,0,0.2,0.1
0.3,4,1387.0,1,2,,1,0,0.3,0.1
0.3,4,1388.0,0,1,0.0,0,1,0.3,0.2
0.3,4,1389.0,0,1,0.8512620906215034,1,1,0.3,0.3
0.3,4,1390.0,0,0,0.0,0,1,0.3,0.4
0.3,4,1391.0,0,0,,0,0,0.3,0.4
0.3,4,1392.0,0,0,,0,0,0.3,0.4
0.3,4,1393.0,0,0,,0,0,0.3,0.4
0.3,4,1394.0,0,0,,0,0,0.3,0.4
0.3,4,1395.0,0,0,,0,0,0.3,0.3
0.3,4,1396.0,0,1,,1,0,0.3,0.3
0.3,4,1397.0,0,0,0.0,0,1,0.2,0.4
0.3,4,1398.0,0,0,,0,0,0.2,0.3
0.3,4,1399.0,0,0,,0,0,0.1,0.2
0.3,4,1400.0,0,0,,0,0,0.1,0.1
0.3,4,1401.0,0,0,,0,0,0.1,0.1
0.3,4,1402.0,0,1,,1,0,0.2,0.1
0.3,4,1403.0,0,0,0.0,0,1,0.2,0.2
0.3,4,1404.0,0,0,,0,0,0.2,0.2
0.3,4,1405.0,0,0,,0,0,0.2,0.2
0.3,4,1406.0,0,0,0.0,1,1,0.2,0.3
0.3,4,1407.0,0,0,,0,0,0.2,0.2
0.3,4,1408.0,0,0,,0,0,0.2,0.2
0.3,4,1409.0,0,1,,1,0,0.3,0.2
0.3,4,1410.0,0,1,,0,0,0.3,0.2
0.3,4,1411.0,0,1,0.0,1,1,0.4,0.3
0.3,4,1412.0,1,2,,1,0,0.4,0.3
0.3,4,1413.0,0,1,0.33379389140077365,0,1,0.4,0.3
0.3,4,1414.0,0,0,1.289079574689822,0,1,0.4,0.4
0.3,4,1415.0,0,0,0.0,1,1,0.5,0.5
0.3,4,1416.0,0,0,,0,0,0.4,0.4
0.3,4,1417.0,0,0,,0,0,0.4,0.4
0.3,4,1418.0,0,0,,0,0,0.4,0.4
0.3,4,1419.0,0,0,,0,0,0.3,0.4
0.3,4,1420.0,0,0,,0,0,0.3,0.4
0.3,4,1421.0,0,0,,0,0,0.2,0.3
0.3,4,1422.0,0,0,,0,0,0.1,0.3
0.3,4,1423.0,0,0,,0,0,0.1,0.2
0.3,4,1424.0,0,0,,0,0,0.1,0.1
0.3,4,1425.0,0,0,,0,0,0.0,0.0
0.3,4,1426.0,0,0,,0,0,0.0,0.0
0.3,4,1427.0,0,0,,0,0,0.0,0.0
0.3,4,1428.0,0,0,,0,0,0.0,0.0
0.3,4,1429.0,0,0,,0,0,0.0,0.0
0.3,4,1430.0,0,0,,0,0,0.0,0.0
0.3,4,1431.0,0,0,,0,0,0.0,0.0
0.3,4,1432.0,0,0,,0,0,0.0,0.0
0.3,4,1433.0,0,0,,0,0,0.0,0.0
0.3,4,1434.0,0,0,,0,0,0.0,0.0
0.3,4,1435.0,0,0,,0,0,0.0,0.0
0.3,4,1436.0,0,0,,0,0,0.0,0.0
0.3,4,1437.0,0,0,,0,0,0.0,0.0
0.3,4,1438.0,0,0,,0,0,0.0,0.0
0.3,4,1439.0,0,0,0.0,1,1,0.1,0.1
0.3,4,1440.0,0,0,,0,0,0.1,0.1
0.3,4,1441.0,0,1,,1,0,0.2,0.1
0.3,4,1442.0,0,0,0.0,0,1,0.2,0.2
0.3,4,1443.0,0,0,,0,0,0.2,0.2
0.3,4,1444.0,0,0,,0,0,0.2,0.2
0.3,4,1445.0,0,0,0.0,1,1,0.3,0.3
0.3,4,1446.0,0,0,,0,0,0.3,0.3
0.3,4,1447.0,0,0,,0,0,0.3,0.3
0.3,4,1448.0,0,0,,0,0,0.3,0.3
0.3,4,1449.0,0,0,,0,0,0.2,0.2
0.3,4,1450.0,0,0,0.0,1,1,0.3,0.3
0.3,4,1451.0,0,1,,1,0,0.3,0.3
0.3,4,1452.0,2,3,,2,0,0.5,0.2
0.3,4,1453.0,2,3,0.0,1,1,0.6,0.3
0.3,4,1454.0,1,2,1.1686514180646554,0,1,0.6,0.4
0.3,4,1455.0,0,1,2.166720126778273,0,1,0.5,0.4
0.3,4,1456.0,0,1,,0,0,0.5,0.4
0.3,4,1457.0,0,1,,0,0,0.5,0.4
0.3,4,1458.0,0,0,2.2185499000934215,0,1,0.5,0.5
0.3,4,1459.0,0,1,,1,0,0.6,0.5
0.3,4,1460.0,0,1,0.0,1,1,0.6,0.5
0.3,4,1461.0,0,1,,0,0,0.5,0.5
0.3,4,1462.0,0,1,,0,0,0.3,0.5
0.3,4,1463.0,0,0,0.9286878030659409,0,1,0.2,0.5
0.3,4,1464.0,0,0,,0,0,0.2,0.4
0.3,4,1465.0,0,0,,0,0,0.2,0.3
0.3,4,1466.0,0,0,,0,0,0.2,0.3
0.3,4,1467.0,0,0,,0,0,0.2,0.3
0.3,4,1468.0,0,0,,0,0,0.2,0.2
0.3,4,1469.0,0,0,,0,0,0.1,0.2
0.3,4,1470.0,0,0,,0,0,0.0,0.1
0.3,4,1471.0,0,1,,1,0,0.1,0.1
0.3,4,1472.0,0,0,0.0,0,1,0.1,0.2
0.3,4,1473.0,0,0,,0,0,0.1,0.1
0.3,4,1474.0,0,1,,1,0,0.2,0.1
0.3,4,1475.0,0,0,0.0,0,1,0.2,0.2
0.3,4,1476.0,0,0,,0,0,0.2,0.2
0.3,4,1477.0,0,0,0.0,1,1,0.3,0.3
0.3,4,1478.0,1,2,,2,0,0.5,0.3
0.3,4,1479.0,0,1,0.0,0,1,0.5,0.4
0.3,4,1480.0,0,0,0.037442894005152993,0,1,0.5,0.5
0.3,4,1481.0,0,0,,0,0,0.4,0.5
0.3,4,1482.0,0,0,,0,0,0.4,0.4
0.3,4,1483.0,0,0,,0,0,0.4,0.4
0.3,4,1484.0,0,0,,0,0,0.3,0.4
0.3,4,1485.0,0,0,,0,0,0.3,0.3
0.3,4,1486.0,0,0,,0,0,0.3,0.3
0.3,4,1487.0,0,0,,0,0,0.2,0.2
0.3,4,1488.0,0,0,,0,0,0.0,0.2
0.3,4,1489.0,0,0,,0,0,0.0,0.1
0.3,4,1490.0,0,0,,0,0,0.0,0.0
0.3,4,1491.0,0,0,,0,0,0.0,0.0
0.3,4,1492.0,0,0,,0,0,0.0,0.0
0.3,4,1493.0,0,0,,0,0,0.0,0.0
0.3,4,1494.0,0,0,0.0,1,1,0.1,0.1
0.3,4,1495.0,0,0,,0,0,0.1,0.1
0.3,4,1496.0,0,0,,0,0,0.1,0.1
0.3,4,1497.0,0,0,0.0,1,1,0.2,0.2
0.3,4,1498.0,0,0,,0,0,0.2,0.2
0.3,4,1499.0,0,0,,0,0,0.2,0.2
0.3,4,1500.0,0,0,,0,0,0.2,0.2
0.3,4,1501.0,0,1,0.0,2,1,0.4,0.3
0.3,4,1502.0,0,0,0.0,0,1,0.4,0.4
0.3,4,1503.0,0,1,,1,0,0.5,0.4
0.3,4,1504.0,0,1,0.0,1,1,0.5,0.4
0.3,4,1505.0,2,3,,2,0,0.7,0.4
0.3,4,1506.0,2,3,,0,0,0.7,0.4
0.3,4,1507.0,1,2,0.351854586240961,0,1,0.6,0.4
0.3,4,1508.0,0,1,1.6904740256666173,0,1,0.6,0.5
0.3,4,1509.0,1,2,,1,0,0.7,0.5
0.3,4,1510.0,0,1,1.7493326749121252,1,2,0.8,0.7
0.3,4,1511.0,0,0,0.0,0,1,0.6,0.7
0.3,4,1512.0,0,0,,0,0,0.6,0.6
0.3,4,1513.0,0,0,,0,0,0.5,0.6
0.3,4,1514.0,0,0,,0,0,0.4,0.5
0.3,4,1515.0,0,1,,1,0,0.3,0.5
0.3,4,1516.0,0,0,0.0,0,1,0.3,0.6
0.3,4,1517.0,0,0,,0,0,0.3,0.5
0.3,4,1518.0,0,0,,0,0,0.3,0.4
0.3,4,1519.0,0,0,,0,0,0.2,0.4
0.3,4,1520.0,0,0,,0,0,0.1,0.2
0.3,4,1521.0,0,0,,0,0,0.1,0.1
0.3,4,1522.0,0,1,,1,0,0.2,0.1
0.3,4,1523.0,0,1,0.0,1,1,0.3,0.2
0.3,4,1524.0,0,1,,0,0,0.3,0.2
0.3,4,1525.0,0,1,,0,0,0.2,0.2
0.3,4,1526.0,0,1,0.11588938398676873,1,1,0.3,0.2
0.3,4,1527.0,0,1,,0,0,0.3,0.2
0.3,4,1528.0,0,0,0.0,0,1,0.3,0.3
0.3,4,1529.0,0,1,,1,0,0.4,0.3
0.3,4,1530.0,0,1,0.0,1,1,0.5,0.4
0.3,4,1531.0,0,1,0.0,1,1,0.6,0.5
0.3,4,1532.0,0,1,,0,0,0.5,0.5
0.3,4,1533.0,0,1,0.025937257588566354,1,1,0.5,0.5
0.3,4,1534.0,0,0,0.0,0,1,0.5,0.6
0.3,4,1535.0,0,0,,0,0,0.5,0.6
0.3,4,1536.0,0,0,,0,0,0.4,0.5
0.3,4,1537.0,0,1,,1,0,0.5,0.5
0.3,4,1538.0,0,0,0.0,0,1,0.5,0.5
0.3,4,1539.0,0,0,,0,0,0.4,0.5
0.3,4,1540.0,0,0,,0,0,0.3,0.4
0.3,4,1541.0,0,0,,0,0,0.2,0.3
0.3,4,1542.0,0,0,,0,0,0.2,0.3
0.3,4,1543.0,0,0,,0,0,0.1,0.2
0.3,4,1544.0,0,1,,1,0,0.2,0.1
0.3,4,1545.0,0,0,0.0,0,1,0.2,0.2
0.3,4,1546.0,0,0,,0,0,0.2,0.2
0.3,4,1547.0,0,1,,1,0,0.2,0.2
0.3,4,1548.0,1,2,,1,0,0.3,0.1
0.3,4,1549.0,2,3,,1,0,0.4,0.1
0.3,4,1550.0,2,3,,0,0,0.4,0.1
0.3,4,1551.0,0,1,1.6583705621723084,0,2,0.4,0.3
0.3,4,1552.0,0,0,2.3941015895384226,0,1,0.4,0.4
0.3,4,1553.0,0,0,0.0,1,1,0.5,0.5
0.3,4,1554.0,0,0,,0,0,0.4,0.5
0.3,4,1555.0,0,0,,0,0,0.4,0.4
0.3,4,1556.0,0,1,0.0,2,1,0.6,0.5
0.3,4,1557.0,0,0,0.09161373091137648,0,1,0.5,0.6
0.3,4,1558.0,0,0,,0,0,0.4,0.6
0.3,4,1559.0,0,1,,1,0,0.4,0.6
0.3,4,1560.0,0,0,0.0,0,1,0.4,0.7
0.3,4,1561.0,0,0,,0,0,0.4,0.5
0.3,4,1562.0,0,1,,1,0,0.5,0.4
0.3,4,1563.0,0,1,0.0,1,1,0.5,0.4
0.3,4,1564.0,0,0,0.0,0,1,0.5,0.5
0.3,4,1565.0,0,0,,0,0,0.5,0.5
0.3,4,1566.0,0,0,,0,0,0.3,0.4
0.3,4,1567.0,0,0,,0,0,0.3,0.3
0.3,4,1568.0,0,0,,0,0,0.3,0.3
0.3,4,1569.0,0,0,,0,0,0.2,0.3
0.3,4,1570.0,0,0,,0,0,0.2,0.2
0.3,4,1571.0,0,0,,0,0,0.2,0.2
0.3,4,1572.0,0,0,,0,0,0.1,0.2
0.3,4,1573.0,0,0,,0,0,0.0,0.1
0.3,4,1574.0,0,0,,0,0,0.0,0.0
0.3,4,1575.0,0,0,,0,0,0.0,0.0
0.3,4,1576.0,0,1,,1,0,0.1,0.0
0.3,4,1577.0,0,0,0.0,0,1,0.1,0.1
0.3,4,1578.0,0,0,,0,0,0.1,0.1
0.3,4,1579.0,0,0,,0,0,0.1,0.1
0.3,4,1580.0,0,0,,0,0,0.1,0.1
0.3,4,1581.0,0,1,,1,0,0.2,0.1
0.3,4,1582.0,0,1,,0,0,0.2,0.1
0.3,4,1583.0,0,0,0.0,0,1,0.2,0.2
0.3,4,1584.0,0,0,,0,0,0.2,0.2
0.3,4,1585.0,0,0,,0,0,0.2,0.2
0.3,4,1586.0,0,0,,0,0,0.1,0.2
0.3,4,1587.0,0,0,,0,0,0.1,0.1
0.3,4,1588.0,0,1,,1,0,0.2,0.1
0.3,4,1589.0,0,1,0.0,1,1,0.3,0.2
0.3,4,1590.0,0,1,0.0,1,1,0.4,0.3
0.3,4,1591.0,0,1,,0,0,0.3,0.3
0.3,4,1592.0,0,0,0.0,0,1,0.3,0.4
0.3,4,1593.0,0,1,,1,0,0.4,0.3
0.3,4,1594.0,1,2,0.0,2,1,0.6,0.4
0.3,4,1595.0,1,2,,0,0,0.6,0.4
0.3,4,1596.0,0,0,0.7347011391715341,0,2,0.6,0.6
0.3,4,1597.0,0,1,0.0,2,1,0.8,0.7
0.3,4,1598.0,0,1,0.03014085729182625,1,1,0.8,0.8
0.3,4,1599.0,0,0,0.01172095544734475,0,1,0.7,0.8
0.3,4,1600.0,0,0,,0,0,0.6,0.7
0.3,4,1601.0,0,0,,0,0,0.6,0.7
0.3,4,1602.0,0,0,,0,0,0.6,0.6
0.3,4,1603.0,0,0,0.0,1,1,0.6,0.7
0.3,4,1604.0,0,0,,0,0,0.4,0.6
0.3,4,1605.0,0,0,,0,0,0.4,0.6
0.3,4,1606.0,0,0,,0,0,0.4,0.4
0.3,4,1607.0,0,0,,0,0,0.2,0.3
0.3,4,1608.0,0,0,,0,0,0.1,0.2
0.3,4,1609.0,0,0,0.0,1,1,0.2,0.2
0.3,4,1610.0,0,0,0.0,1,1,0.3,0.3
0.3,4,1611.0,0,0,,0,0,0.3,0.3
0.3,4,1612.0,0,0,,0,0,0.3,0.3
0.3,4,1613.0,0,0,,0,0,0.2,0.2
0.3,4,1614.0,0,0,0.0,1,1,0.3,0.3
0.3,4,1615.0,0,0,,0,0,0.3,0.3
0.3,4,1616.0,0,1,,1,0,0.4,0.3
0.3,4,1617.0,0,1,,0,0,0.4,0.3
0.3,4,1618.0,0,0,0.0,0,1,0.4,0.4
0.3,4,1619.0,0,0,,0,0,0.3,0.3
0.3,4,1620.0,0,0,0.0,1,1,0.3,0.3
0.3,4,1621.0,0,0,,0,0,0.3,0.3
0.3,4,1622.0,0,0,0.0,1,1,0.4,0.4
0.3,4,1623.0,0,0,,0,0,0.4,0.4
0.3,4,1624.0,0,0,,0,0,0.3,0.3
0.3,4,1625.0,0,0,,0,0,0.3,0.3
0.3,4,1626.0,0,0,,0,0,0.2,0.3
0.3,4,1627.0,0,0,,0,0,0.2,0.3
0.3,4,1628.0,0,1,,1,0,0.3,0.2
0.3,4,1629.0,1,2,,1,0,0.4,0.2
0.3,4,1630.0,0,1,0.0,0,1,0.3,0.2
0.3,4,1631.0,0,0,1.3349468429814806,0,1,0.3,0.3
0.3,4,1632.0,0,0,,0,0,0.2,0.2
0.3,4,1633.0,0,0,,0,0,0.2,0.2
0.3,4,1634.0,0,0,,0,0,0.2,0.2
0.3,4,1635.0,0,0,,0,0,0.2,0.2
0.3,4,1636.0,0,0,,0,0,0.2,0.2
0.3,4,1637.0,0,0,,0,0,0.2,0.2
0.3,4,1638.0,0,1,,1,0,0.2,0.2
0.3,4,1639.0,0,0,0.0,0,1,0.1,0.3
0.3,4,1640.0,0,0,,0,0,0.1,0.2
0.3,4,1641.0,0,1,0.0,2,1,0.3,0.2
0.3,4,1642.0,0,0,0.4703341308791096,0,1,0.3,0.3
0.3,4,1643.0,0,0,,0,0,0.3,0.3
0.3,4,1644.0,0,1,,1,0,0.4,0.3
0.3,4,1645.0,0,0,0.0,0,1,0.4,0.4
0.3,4,1646.0,0,0,,0,0,0.4,0.4
0.3,4,1647.0,0,1,,1,0,0.5,0.4
0.3,4,1648.0,0,1,,0,0,0.4,0.4
0.3,4,1649.0,0,0,0.0,0,1,0.4,0.4
0.3,4,1650.0,0,0,,0,0,0.4,0.4
0.3,4,1651.0,0,0,,0,0,0.2,0.3
0.3,4,1652.0,0,0,,0,0,0.2,0.2
0.3,4,1653.0,0,0,,0,0,0.2,0.2
0.3,4,1654.0,0,0,,0,0,0.1,0.2
0.3,4,1655.0,0,0,,0,0,0.1,0.1
0.3,4,1656.0,0,0,,0,0,0.1,0.1
0.3,4,1657.0,0,0,,0,0,0.0,0.1
0.3,4,1658.0,0,0,,0,0,0.0,0.1
0.3,4,1659.0,0,0,,0,0,0.0,0.0
0.3,4,1660.0,0,0,,0,0,0.0,0.0
0.3,4,1661.0,0,0,,0,0,0.0,0.0
0.3,4,1662.0,0,0,,0,0,0.0,0.0
0.3,4,1663.0,0,0,,0,0,0.0,0.0
0.3,4,1664.0,0,0,,0,0,0.0,0.0
0.3,4,1665.0,0,0,,0,0,0.0,0.0
0.3,4,1666.0,0,0,0.0,1,1,0.1,0.1
0.3,4,1667.0,0,0,,0,0,0.1,0.1
0.3,4,1668.0,0,0,0.0,1,1,0.2,0.2
0.3,4,1669.0,0,0,,0,0,0.2,0.2
0.3,4,1670.0,0,0,,0,0,0.2,0.2
0.3,4,1671.0,0,0,,0,0,0.2,0.2
0.3,4,1672.0,0,1,,1,0,0.3,0.2
0.3,4,1673.0,0,0,0.0,0,1,0.3,0.3
0.3,4,1674.0,0,0,,0,0,0.3,0.3
0.3,4,1675.0,0,0,,0,0,0.3,0.3
0.3,4,1676.0,0,0,,0,0,0.2,0.2
0.3,4,1677.0,0,0,,0,0,0.2,0.2
0.3,4,1678.0,0,0,0.0,1,1,0.2,0.2
0.3,4,1679.0,0,0,,0,0,0.2,0.2
0.3,4,1680.0,0,0,,0,0,0.2,0.2
0.3,4,1681.0,0,0,,0,0,0.2,0.2
0.3,4,1682.0,0,0,,0,0,0.1,0.2
0.3,4,1683.0,0,0,,0,0,0.1,0.1
0.3,4,1684.0,0,1,,1,0,0.2,0.1
0.3,4,1685.0,0,0,0.0,0,1,0.2,0.2
0.3,4,1686.0,0,0,,0,0,0.2,0.2
0.3,4,1687.0,0,0,,0,0,0.2,0.2
0.3,4,1688.0,0,0,,0,0,0.1,0.1
0.3,4,1689.0,0,0,,0,0,0.1,0.1
0.3,4,1690.0,0,0,,0,0,0.1,0.1
0.3,4,1691.0,0,0,,0,0,0.1,0.1
0.3,4,1692.0,0,0,,0,0,0.1,0.1
0.3,4,1693.0,0,0,,0,0,0.1,0.1
0.3,4,1694.0,0,0,,0,0,0.0,0.1
0.3,4,1695.0,0,0,,0,0,0.0,0.0
0.3,4,1696.0,0,0,,0,0,0.0,0.0
0.3,4,1697.0,0,0,,0,0,0.0,0.0
0.3,4,1698.0,0,0,,0,0,0.0,0.0
0.3,4,1699.0,0,0,,0,0,0.0,0.0
0.3,4,1700.0,0,0,,0,0,0.0,0.0
0.3,4,1701.0,0,1,,1,0,0.1,0.0
0.3,4,1702.0,0,0,0.0,0,1,0.1,0.1
0.3,4,1703.0,0,0,,0,0,0.1,0.1
0.3,4,1704.0,0,0,0.0,1,1,0.2,0.2
0.3,4,1705.0,0,1,,1,0,0.3,0.2
0.3,4,1706.0,0,0,0.0,0,1,0.3,0.3
0.3,4,1707.0,0,0,,0,0,0.3,0.3
0.3,4,1708.0,0,0,,0,0,0.3,0.3
0.3,4,1709.0,0,0,,0,0,0.3,0.3
0.3,4,1710.0,0,1,,1,0,0.4,0.3
0.3,4,1711.0,0,0,0.0,0,1,0.3,0.4
0.3,4,1712.0,0,0,,0,0,0.3,0.3
0.3,4,1713.0,0,1,,1,0,0.4,0.3
0.3,4,1714.0,0,0,0.0,0,1,0.3,0.3
0.3,4,1715.0,0,0,,0,0,0.2,0.3
0.3,4,1716.0,0,0,,0,0,0.2,0.2
0.3,4,1717.0,0,1,,1,0,0.3,0.2
0.3,4,1718.0,0,0,0.0,0,1,0.3,0.3
0.3,4,1719.0,0,0,,0,0,0.3,0.3
0.3,4,1720.0,0,0,,0,0,0.2,0.3
0.3,4,1721.0,0,0,,0,0,0.2,0.2
0.3,4,1722.0,0,0,,0,0,0.2,0.2
0.3,4,1723.0,0,1,,1,0,0.2,0.2
0.3,4,1724.0,0,1,,0,0,0.2,0.1
0.3,4,1725.0,0,1,,0,0,0.2,0.1
0.3,4,1726.0,0,1,,0,0,0.2,0.1
0.3,4,1727.0,0,0,0.0,0,1,0.1,0.2
0.3,4,1728.0,0,0,0.0,1,1,0.2,0.2
0.3,4,1729.0,0,0,,0,0,0.2,0.2
0.3,4,1730.0,0,0,,0,0,0.2,0.2
0.3,4,1731.0,0,0,,0,0,0.2,0.2
0.3,4,1732.0,0,0,,0,0,0.2,0.2
0.3,4,1733.0,0,0,,0,0,0.1,0.2
0.3,4,1734.0,0,0,,0,0,0.1,0.2
0.3,4,1735.0,0,0,,0,0,0.1,0.2
0.3,4,1736.0,0,0,,0,0,0.1,0.2
0.3,4,1737.0,0,0,,0,0,0.1,0.1
0.3,4,1738.0,0,0,,0,0,0.0,0.0
0.3,4,1739.0,0,0,,0,0,0.0,0.0
0.3,4,1740.0,0,0,,0,0,0.0,0.0
0.3,4,1741.0,0,0,,0,0,0.0,0.0
0.3,4,1742.0,0,1,,1,0,0.1,0.0
0.3,4,1743.0,0,0,0.0,0,1,0.1,0.1
0.3,4,1744.0,0,0,,0,0,0.1,0.1
0.3,4,1745.0,0,0,,0,0,0.1,0.1
0.3,4,1746.0,0,0,,0,0,0.1,0.1
0.3,4,1747.0,0,0,,0,0,0.1,0.1
0.3,4,1748.0,0,0,,0,0,0.1,0.1
0.3,4,1749.0,0,0,,0,0,0.1,0.1
0.3,4,1750.0,0,0,,0,0,0.1,0.1
0.3,4,1751.0,0,1,0.0,2,1,0.3,0.2
0.3,4,1752.0,0,0,0.0,0,1,0.2,0.3
0.3,4,1753.0,0,0,,0,0,0.2,0.2
0.3,4,1754.0,0,1,,1,0,0.3,0.2
0.3,4,1755.0,0,0,0.0,0,1,0.3,0.3
0.3,4,1756.0,0,0,,0,0,0.3,0.3
0.3,4,1757.0,0,0,,0,0,0.3,0.3
0.3,4,1758.0,0,0,,0,0,0.3,0.3
0.3,4,1759.0,0,0,,0,0,0.3,0.3
0.3,4,1760.0,0,0,,0,0,0.3,0.3
0.3,4,1761.0,0,0,,0,0,0.1,0.2
0.3,4,1762.0,0,0,,0,0,0.1,0.1
0.3,4,1763.0,0,0,,0,0,0.1,0.1
0.3,4,1764.0,0,0,,0,0,0.0,0.1
0.3,4,1765.0,0,1,,1,0,0.1,0.0
0.3,4,1766.0,0,1,,0,0,0.1,0.0
0.3,4,1767.0,0,1,0.0,1,1,0.2,0.1
0.3,4,1768.0,0,0,0.20143070630047077,0,1,0.2,0.2
0.3,4,1769.0,0,0,,0,0,0.2,0.2
0.3,4,1770.0,0,0,,0,0,0.2,0.2
0.3,4,1771.0,0,0,,0,0,0.2,0.2
0.3,4,1772.0,0,0,,0,0,0.2,0.2
0.3,4,1773.0,0,0,,0,0,0.2,0.2
0.3,4,1774.0,0,0,,0,0,0.2,0.2
0.3,4,1775.0,0,0,,0,0,0.1,0.2
0.3,4,1776.0,0,0,,0,0,0.1,0.2
0.3,4,1777.0,0,0,,0,0,0.0,0.1
0.3,4,1778.0,0,0,,0,0,0.0,0.0
0.3,4,1779.0,0,0,,0,0,0.0,0.0
0.3,4,1780.0,0,1,,1,0,0.1,0.0
0.3,4,1781.0,0,0,0.0,0,1,0.1,0.1
0.3,4,1782.0,0,0,,0,0,0.1,0.1
0.3,4,1783.0,0,0,,0,0,0.1,0.1
0.3,4,1784.0,0,0,,0,0,0.1,0.1
0.3,4,1785.0,0,1,,1,0,0.2,0.1
0.3,4,1786.0,0,1,0.0,1,1,0.3,0.2
0.3,4,1787.0,1,2,,1,0,0.4,0.2
0.3,4,1788.0,1,2,0.0,1,1,0.5,0.3
0.3,4,1789.0,0,0,1.325744490424995,0,2,0.5,0.5
0.3,4,1790.0,0,0,,0,0,0.4,0.5
0.3,4,1791.0,0,0,,0,0,0.4,0.4
0.3,4,1792.0,0,0,,0,0,0.4,0.4
0.3,4,1793.0,0,1,,1,0,0.5,0.4
0.3,4,1794.0,0,0,0.0,0,1,0.5,0.5
0.3,4,1795.0,0,0,,0,0,0.4,0.5
0.3,4,1796.0,0,0,,0,0,0.3,0.4
0.3,4,1797.0,0,0,,0,0,0.2,0.4
0.3,4,1798.0,0,0,,0,0,0.1,0.3
0.3,4,1799.0,0,0,,0,0,0.1,0.1
0.3,4,1800.0,0,0,0.0,1,1,0.2,0.2
0.3,4,1801.0,0,0,,0,0,0.2,0.2
0.3,4,1802.0,0,0,,0,0,0.2,0.2
0.3,4,1803.0,0,0,,0,0,0.1,0.2
0.3,4,1804.0,0,0,,0,0,0.1,0.1
0.3,4,1805.0,0,0,,0,0,0.1,0.1
0.3,4,1806.0,0,0,,0,0,0.1,0.1
0.3,4,1807.0,0,0,,0,0,0.1,0.1
0.3,4,1808.0,0,0,,0,0,0.1,0.1
0.3,4,1809.0,0,0,,0,0,0.1,0.1
0.3,4,1810.0,0,0,,0,0,0.0,0.0
0.3,4,1811.0,0,0,,0,0,0.0,0.0
0.3,4,1812.0,0,0,,0,0,0.0,0.0
0.3,4,1813.0,0,0,,0,0,0.0,0.0
0.3,4,1814.0,0,0,0.0,1,1,0.1,0.1
0.3,4,1815.0,0,0,,0,0,0.1,0.1
0.3,4,1816.0,0,0,,0,0,0.1,0.1
0.3,4,1817.0,0,0,,0,0,0.1,0.1
0.3,4,1818.0,0,0,,0,0,0.1,0.1
0.3,4,1819.0,0,0,,0,0,0.1,0.1
0.3,4,1820.0,0,1,,1,0,0.2,0.1
0.3,4,1821.0,1,2,0.0,2,1,0.4,0.2
0.3,4,1822.0,0,1,0.15933988621259232,0,1,0.4,0.3
0.3,4,1823.0,0,1,0.5509166793381155,1,1,0.5,0.4
0.3,4,1824.0,0,0,0.3944943664150742,0,1,0.4,0.4
0.3,4,1825.0,0,0,,0,0,0.4,0.4
0.3,4,1826.0,0,1,,1,0,0.5,0.4
0.3,4,1827.0,0,0,0.0,0,1,0.5,0.5
0.3,4,1828.0,0,0,,0,0,0.5,0.5
0.3,4,1829.0,0,0,,0,0,0.5,0.5
0.3,4,1830.0,0,0,,0,0,0.4,0.5
0.3,4,1831.0,0,0,,0,0,0.2,0.4
0.3,4,1832.0,0,0,,0,0,0.2,0.3
0.3,4,1833.0,0,0,,0,0,0.1,0.2
0.3,4,1834.0,0,0,,0,0,0.1,0.1
0.3,4,1835.0,0,1,0.0,2,1,0.3,0.2
0.3,4,1836.0,2,3,,2,0,0.4,0.2
0.3,4,1837.0,1,2,0.0,0,1,0.4,0.2
0.3,4,1838.0,1,2,,0,0,0.4,0.2
0.3,4,1839.0,1,2,1.8669737514526332,1,1,0.5,0.3
0.3,4,1840.0,1,2,,0,0,0.5,0.3
0.3,4,1841.0,0,1,2.864336232268897,0,1,0.5,0.4
0.3,4,1842.0,0,0,2.8875130458807234,0,1,0.5,0.5
0.3,4,1843.0,0,0,0.0,1,1,0.6,0.6
0.3,4,1844.0,0,0,0.0,1,1,0.7,0.7
0.3,4,1845.0,0,1,,1,0,0.6,0.6
0.3,4,1846.0,0,0,0.0,0,1,0.4,0.7
0.3,4,1847.0,0,0,,0,0,0.4,0.6
0.3,4,1848.0,0,0,,0,0,0.4,0.6
0.3,4,1849.0,0,1,,1,0,0.4,0.5
0.3,4,1850.0,0,1,,0,0,0.4,0.5
0.3,4,1851.0,0,1,,0,0,0.4,0.4
0.3,4,1852.0,0,0,0.0,0,1,0.4,0.4
0.3,4,1853.0,0,1,,1,0,0.4,0.3
0.3,4,1854.0,0,0,0.0,0,1,0.3,0.3
0.3,4,1855.0,0,1,,1,0,0.3,0.3
0.3,4,1856.0,0,0,0.0,0,1,0.3,0.3
0.3,4,1857.0,0,0,,0,0,0.3,0.3
0.3,4,1858.0,0,0,,0,0,0.3,0.3
0.3,4,1859.0,0,0,,0,0,0.2,0.3
0.3,4,1860.0,0,0,,0,0,0.2,0.3
0.3,4,1861.0,0,0,,0,0,0.2,0.3
0.3,4,1862.0,0,1,,1,0,0.3,0.2
0.3,4,1863.0,1,2,,1,0,0.3,0.2
0.3,4,1864.0,1,2,0.0,1,1,0.4,0.2
0.3,4,1865.0,0,1,1.2693274704940904,1,2,0.4,0.4
0.3,4,1866.0,0,1,,0,0,0.4,0.3
0.3,4,1867.0,0,0,0.8950965104259012,0,1,0.4,0.4
0.3,4,1868.0,0,0,,0,0,0.4,0.4
0.3,4,1869.0,0,0,,0,0,0.4,0.4
0.3,4,1870.0,0,0,,0,0,0.4,0.4
0.3,4,1871.0,0,0,,0,0,0.4,0.4
0.3,4,1872.0,0,1,,1,0,0.4,0.4
0.3,4,1873.0,0,1,,0,0,0.3,0.4
0.3,4,1874.0,0,1,,0,0,0.2,0.3
0.3,4,1875.0,0,1,,0,0,0.1,0.1
0.3,4,1876.0,0,0,0.0,0,1,0.1,0.2
0.3,4,1877.0,0,0,,0,0,0.1,0.1
0.3,4,1878.0,0,0,,0,0,0.1,0.1
0.3,4,1879.0,0,0,,0,0,0.1,0.1
0.3,4,1880.0,1,2,,2,0,0.3,0.1
0.3,4,1881.0,0,0,0.1728420145345808,1,3,0.4,0.4
0.3,4,1882.0,0,0,,0,0,0.3,0.4
0.3,4,1883.0,0,1,,1,0,0.4,0.4
0.3,4,1884.0,1,2,,1,0,0.5,0.4
0.3,4,1885.0,1,2,0.0,1,1,0.6,0.5
0.3,4,1886.0,2,3,1.3122192151531635,2,1,0.8,0.5
0.3,4,1887.0,2,3,,0,0,0.8,0.5
0.3,4,1888.0,2,3,,0,0,0.8,0.5
0.3,4,1889.0,1,2,0.7097598763521091,0,1,0.8,0.6
0.3,4,1890.0,0,0,3.741442060994359,0,2,0.6,0.8
0.3,4,1891.0,0,0,0.0,1,1,0.6,0.6
0.3,4,1892.0,0,0,,0,0,0.6,0.6
0.3,4,1893.0,0,0,,0,0,0.5,0.6
0.3,4,1894.0,0,0,,0,0,0.4,0.6
0.3,4,1895.0,0,0,0.0,1,1,0.4,0.6
0.3,4,1896.0,0,0,0.0,1,1,0.3,0.6
0.3,4,1897.0,1,2,,2,0,0.5,0.6
0.3,4,1898.0,1,2,0.0,1,1,0.6,0.7
0.3,4,1899.0,3,4,,2,0,0.8,0.6
0.3,4,1900.0,3,4,,0,0,0.8,0.4
0.3,4,1901.0,1,2,2.119816197821592,0,2,0.7,0.5
0.3,4,1902.0,1,2,,0,0,0.7,0.5
0.3,4,1903.0,1,2,,0,0,0.7,0.5
0.3,4,1904.0,1,2,,0,0,0.7,0.5
0.3,4,1905.0,1,2,,0,0,0.6,0.4
0.3,4,1906.0,2,3,,1,0,0.6,0.3
0.3,4,1907.0,0,0,3.848066600904682,0,3,0.4,0.6
0.3,4,1908.0,0,0,,0,0,0.3,0.5
0.3,4,1909.0,0,0,,0,0,0.1,0.5
0.3,4,1910.0,0,0,,0,0,0.1,0.5
0.3,4,1911.0,0,0,0.0,1,1,0.2,0.4
0.3,4,1912.0,0,0,0.0,1,1,0.3,0.5
0.3,4,1913.0,0,1,,1,0,0.4,0.5
0.3,4,1914.0,0,1,,0,0,0.4,0.5
0.3,4,1915.0,0,0,0.0,0,1,0.4,0.6
0.3,4,1916.0,0,1,,1,0,0.4,0.6
0.3,4,1917.0,0,1,,0,0,0.4,0.3
0.3,4,1918.0,0,0,0.0,0,1,0.4,0.4
0.3,4,1919.0,0,0,,0,0,0.4,0.4
0.3,4,1920.0,0,0,,0,0,0.4,0.4
0.3,4,1921.0,0,0,,0,0,0.3,0.3
0.3,4,1922.0,0,1,,1,0,0.3,0.2
0.3,4,1923.0,0,1,,0,0,0.2,0.2
0.3,4,1924.0,0,1,,0,0,0.2,0.2
0.3,4,1925.0,0,1,,0,0,0.2,0.1
0.3,4,1926.0,0,1,,0,0,0.1,0.1
0.3,4,1927.0,0,0,0.0,0,1,0.1,0.2
0.3,4,1928.0,0,0,0.0,1,1,0.2,0.2
0.3,4,1929.0,0,0,,0,0,0.2,0.2
0.3,4,1930.0,0,0,,0,0,0.2,0.2
0.3,4,1931.0,0,0,,0,0,0.2,0.2
0.3,4,1932.0,0,0,,0,0,0.1,0.2
0.3,4,1933.0,0,0,,0,0,0.1,0.2
0.3,4,1934.0,0,1,,1,0,0.2,0.2
0.3,4,1935.0,0,0,0.0,1,2,0.3,0.4
0.3,4,1936.0,0,0,0.0,1,1,0.4,0.5
0.3,4,1937.0,0,0,,0,0,0.4,0.4
0.3,4,1938.0,0,0,,0,0,0.3,0.3
0.3,4,1939.0,0,0,,0,0,0.3,0.3
0.3,4,1940.0,0,0,,0,0,0.3,0.3
0.3,4,1941.0,0,0,,0,0,0.3,0.3
0.3,4,1942.0,0,0,0.0,1,1,0.4,0.4
0.3,4,1943.0,0,0,,0,0,0.4,0.4
0.3,4,1944.0,0,1,,1,0,0.4,0.4
0.3,4,1945.0,0,0,0.0,0,1,0.3,0.3
0.3,4,1946.0,0,0,,0,0,0.2,0.2
0.3,4,1947.0,0,0,,0,0,0.2,0.2
0.3,4,1948.0,0,0,0.0,1,1,0.3,0.3
0.3,4,1949.0,0,1,,1,0,0.4,0.3
0.3,4,1950.0,0,0,0.0,0,1,0.4,0.4
0.3,4,1951.0,0,0,,0,0,0.4,0.4
0.3,4,1952.0,0,0,0.0,1,1,0.4,0.4
0.3,4,1953.0,0,0,,0,0,0.4,0.4
0.3,4,1954.0,0,0,,0,0,0.3,0.4
0.3,4,1955.0,0,0,,0,0,0.3,0.3
0.3,4,1956.0,0,0,,0,0,0.3,0.3
0.3,4,1957.0,0,0,,0,0,0.3,0.3
0.3,4,1958.0,0,0,,0,0,0.2,0.2
0.3,4,1959.0,0,1,,1,0,0.2,0.2
0.3,4,1960.0,0,0,0.0,0,1,0.2,0.2
0.3,4,1961.0,0,0,,0,0,0.2,0.2
0.3,4,1962.0,0,0,,0,0,0.1,0.1
0.3,4,1963.0,0,1,,1,0,0.2,0.1
0.3,4,1964.0,0,0,0.0,0,1,0.2,0.2
0.3,4,1965.0,0,0,0.0,1,1,0.3,0.3
0.3,4,1966.0,0,0,,0,0,0.3,0.3
0.3,4,1967.0,0,0,,0,0,0.3,0.3
0.3,4,1968.0,0,0,,0,0,0.3,0.3
0.3,4,1969.0,0,0,,0,0,0.2,0.3
0.3,4,1970.0,0,0,,0,0,0.2,0.2
0.3,4,1971.0,0,0,,0,0,0.2,0.2
0.3,4,1972.0,0,0,,0,0,0.2,0.2
0.3,4,1973.0,0,0,0.0,1,1,0.2,0.3
0.3,4,1974.0,0,0,,0,0,0.2,0.2
0.3,4,1975.0,0,1,0.0,2,1,0.3,0.2
0.3,4,1976.0,0,1,,0,0,0.3,0.2
0.3,4,1977.0,0,0,0.14393504337613194,0,1,0.3,0.3
0.3,4,1978.0,0,0,0.0,1,1,0.4,0.4
0.3,4,1979.0,0,0,,0,0,0.4,0.4
0.3,4,1980.0,0,1,,1,0,0.5,0.4
0.3,4,1981.0,0,0,0.0,0,1,0.5,0.5
0.3,4,1982.0,0,0,,0,0,0.5,0.5
0.3,4,1983.0,0,0,,0,0,0.4,0.4
0.3,4,1984.0,0,1,0.0,2,1,0.6,0.5
0.3,4,1985.0,0,1,,0,0,0.4,0.4
0.3,4,1986.0,0,0,0.0,0,1,0.4,0.5
0.3,4,1987.0,0,0,,0,0,0.4,0.4
0.3,4,1988.0,0,0,,0,0,0.3,0.3
0.3,4,1989.0,0,0,,0,0,0.3,0.3
0.3,4,1990.0,0,0,,0,0,0.2,0.3
0.3,4,1991.0,0,0,,0,0,0.2,0.2
0.3,4,1992.0,0,1,,1,0,0.3,0.2
0.3,4,1993.0,0,1,,0,0,0.3,0.2
0.3,4,1994.0,0,0,0.0,0,1,0.1,0.2
0.3,4,1995.0,0,0,,0,0,0.1,0.2
0.3,4,1996.0,0,1,,1,0,0.2,0.1
0.3,4,1997.0,0,0,0.0,0,1,0.2,0.2
0.3,4,1998.0,0,0,,0,0,0.2,0.2
0.3,4,1999.0,0,0,,0,0,0.2,0.2
0.3,4,2000.0,0,0,0.0,1,1,0.3,0.3
0.3,4,2001.0,0,0,,0,0,0.3,0.3
0.3,4,2002.0,0,0,,0,0,0.2,0.3
0.3,4,2003.0,0,0,,0,0,0.2,0.3
0.3,4,2004.0,0,0,,0,0,0.2,0.2
0.3,4,2005.0,0,0,,0,0,0.2,0.2
0.3,4,2006.0,0,1,,1,0,0.2,0.2
0.3,4,2007.0,0,1,,0,0,0.2,0.1
0.3,4,2008.0,0,1,0.0,1,1,0.3,0.2
0.3,4,2009.0,0,1,,0,0,0.3,0.2
0.3,4,2010.0,1,2,0.4293339641453713,2,1,0.4,0.2
0.3,4,2011.0,0,1,0.0,0,1,0.4,0.3
0.3,4,2012.0,0,0,0.49066228633819264,0,1,0.4,0.4
0.3,4,2013.0,0,0,,0,0,0.4,0.4
0.3,4,2014.0,0,0,,0,0,0.4,0.4
0.3,4,2015.0,0,0,,0,0,0.4,0.4
0.3,4,2016.0,0,0,,0,0,0.3,0.4
0.3,4,2017.0,0,0,,0,0,0.3,0.4
0.3,4,2018.0,0,0,,0,0,0.2,0.3
0.3,4,2019.0,0,0,,0,0,0.2,0.3
0.3,4,2020.0,0,0,,0,0,0.0,0.2
0.3,4,2021.0,0,0,,0,0,0.0,0.1
0.3,4,2022.0,0,0,,0,0,0.0,0.0
0.3,4,2023.0,0,0,,0,0,0.0,0.0
0.3,4,2024.0,0,0,0.0,1,1,0.1,0.1
0.3,4,2025.0,0,1,,1,0,0.2,0.1
0.3,4,2026.0,1,2,,1,0,0.3,0.1
0.3,4,2027.0,1,2,,0,0,0.3,0.1
0.3,4,2028.0,0,0,0.6804828775259466,0,2,0.3,0.3
0.3,4,2029.0,0,0,,0,0,0.3,0.3
0.3,4,2030.0,0,0,,0,0,0.3,0.3
0.3,4,2031.0,0,0,,0,0,0.3,0.3
0.3,4,2032.0,0,1,,1,0,0.4,0.3
0.3,4,2033.0,0,1,,0,0,0.4,0.3
0.3,4,2034.0,1,2,,1,0,0.4,0.2
0.3,4,2035.0,3,4,,2,0,0.5,0.2
0.3,4,2036.0,3,4,,0,0,0.4,0.2
0.3,4,2037.0,3,4,,0,0,0.4,0.2
0.3,4,2038.0,2,3,0.0,0,1,0.4,0.1
0.3,4,2039.0,1,2,4.263751078392488,1,2,0.5,0.3
0.3,4,2040.0,0,1,4.196218730586224,0,1,0.5,0.4
0.3,4,2041.0,0,1,,0,0,0.5,0.4
0.3,4,2042.0,0,0,0.41051017480504015,0,1,0.4,0.5
0.3,4,2043.0,0,0,,0,0,0.4,0.5
0.3,4,2044.0,0,0,,0,0,0.3,0.5
0.3,4,2045.0,0,0,,0,0,0.1,0.5
0.3,4,2046.0,0,1,,1,0,0.2,0.5
0.3,4,2047.0,0,0,0.0,0,1,0.2,0.6
0.3,4,2048.0,0,0,,0,0,0.2,0.5
0.3,4,2049.0,0,0,,0,0,0.1,0.3
0.3,4,2050.0,0,1,,1,0,0.2,0.2
0.3,4,2051.0,0,0,0.0,0,1,0.2,0.3
0.3,4,2052.0,0,0,,0,0,0.2,0.2
0.3,4,2053.0,0,1,,1,0,0.3,0.2
0.3,4,2054.0,1,2,,1,0,0.4,0.2
0.3,4,2055.0,2,3,,1,0,0.5,0.2
0.3,4,2056.0,3,4,,1,0,0.5,0.2
0.3,4,2057.0,0,1,1.7569663056531983,0,3,0.5,0.4
0.3,4,2058.0,0,0,1.2159559777264803,0,1,0.5,0.5
0.3,4,2059.0,0,1,,1,0,0.6,0.5
0.3,4,2060.0,0,1,,0,0,0.5,0.5
0.3,4,2061.0,0,1,0.0,1,1,0.6,0.5
0.3,4,2062.0,0,1,0.13222962971303787,1,1,0.7,0.6
0.3,4,2063.0,1,2,,1,0,0.7,0.6
0.3,4,2064.0,1,2,,0,0,0.6,0.6
0.3,4,2065.0,1,2,,0,0,0.5,0.6
0.3,4,2066.0,0,0,1.5196955275291657,0,2,0.4,0.8
0.3,4,2067.0,0,0,,0,0,0.4,0.5
0.3,4,2068.0,0,0,,0,0,0.4,0.4
0.3,4,2069.0,0,0,,0,0,0.3,0.4
0.3,4,2070.0,0,0,,0,0,0.3,0.4
0.3,4,2071.0,0,0,0.0,1,1,0.3,0.4
0.3,4,2072.0,0,1,,1,0,0.3,0.3
0.3,4,2073.0,1,2,,1,0,0.3,0.3
0.3,4,2074.0,0,1,0.0,0,1,0.3,0.4
0.3,4,2075.0,1,2,,1,0,0.4,0.4
0.3,4,2076.0,0,0,1.3062010277103582,0,2,0.4,0.4
0.3,4,2077.0,0,0,,0,0,0.4,0.4
0.3,4,2078.0,0,1,,1,0,0.5,0.4
0.3,4,2079.0,0,1,0.0,1,1,0.6,0.5
0.3,4,2080.0,1,2,,1,0,0.7,0.5
0.3,4,2081.0,1,2,,0,0,0.6,0.4
0.3,4,2082.0,0,0,0.7480676785837659,0,2,0.5,0.6
0.3,4,2083.0,0,0,,0,0,0.4,0.6
0.3,4,2084.0,0,0,,0,0,0.4,0.5
0.3,4,2085.0,0,0,,0,0,0.3,0.5
0.3,4,2086.0,0,0,,0,0,0.3,0.3
0.3,4,2087.0,0,0,,0,0,0.3,0.3
0.3,4,2088.0,0,0,,0,0,0.2,0.3
0.3,4,2089.0,0,0,0.0,1,1,0.2,0.3
0.3,4,2090.0,0,0,,0,0,0.1,0.3
0.3,4,2091.0,0,0,,0,0,0.1,0.3
0.3,4,2092.0,0,0,,0,0,0.1,0.1
0.3,4,2093.0,0,0,,0,0,0.1,0.1
0.3,4,2094.0,0,0,,0,0,0.1,0.1
0.3,4,2095.0,0,0,,0,0,0.1,0.1
0.3,4,2096.0,0,0,,0,0,0.1,0.1
0.3,4,2097.0,0,0,,0,0,0.1,0.1
0.3,4,2098.0,0,0,0.0,1,1,0.2,0.2
0.3,4,2099.0,0,0,,0,0,0.1,0.1
0.3,4,2100.0,0,0,,0,0,0.1,0.1
0.3,4,2101.0,0,0,0.0,1,1,0.2,0.2
0.3,4,2102.0,0,0,,0,0,0.2,0.2
0.3,4,2103.0,0,0,,0,0,0.2,0.2
0.3,4,2104.0,0,0,,0,0,0.2,0.2
0.3,4,2105.0,0,0,,0,0,0.2,0.2
0.3,4,2106.0,0,0,,0,0,0.2,0.2
0.3,4,2107.0,0,0,,0,0,0.2,0.2
0.3,4,2108.0,0,0,,0,0,0.1,0.1
0.3,4,2109.0,0,0,,0,0,0.1,0.1
0.3,4,2110.0,0,0,0.0,1,1,0.2,0.2
0.3,4,2111.0,0,0,,0,0,0.1,0.1
0.3,4,2112.0,0,0,,0,0,0.1,0.1
0.3,4,2113.0,0,1,,1,0,0.2,0.1
0.3,4,2114.0,1,2,,1,0,0.3,0.1
0.3,4,2115.0,0,1,0.0,0,1,0.3,0.2
0.3,4,2116.0,0,1,,0,0,0.3,0.2
0.3,4,2117.0,0,0,1.3566681282291029,0,1,0.3,0.3
0.3,4,2118.0,0,0,,0,0,0.3,0.3
0.3,4,2119.0,0,0,,0,0,0.3,0.3
0.3,4,2120.0,0,1,,1,0,0.3,0.2
0.3,4,2121.0,0,0,0.0,0,1,0.3,0.3
0.3,4,2122.0,0,0,,0,0,0.3,0.3
0.3,4,2123.0,0,0,,0,0,0.2,0.3
0.3,4,2124.0,0,0,,0,0,0.1,0.3
0.3,4,2125.0,0,0,,0,0,0.1,0.2
0.3,4,2126.0,0,0,,0,0,0.1,0.2
0.3,4,2127.0,0,0,,0,0,0.1,0.1
0.3,4,2128.0,0,0,,0,0,0.1,0.1
0.3,4,2129.0,0,0,,0,0,0.1,0.1
0.3,4,2130.0,0,0,,0,0,0.0,0.1
0.3,4,2131.0,0,1,,1,0,0.1,0.0
0.3,4,2132.0,0,0,0.0,0,1,0.1,0.1
0.3,4,2133.0,0,0,,0,0,0.1,0.1
0.3,4,2134.0,0,0,,0,0,0.1,0.1
0.3,4,2135.0,0,0,,0,0,0.1,0.1
0.3,4,2136.0,0,0,,0,0,0.1,0.1
0.3,4,2137.0,0,0,,0,0,0.1,0.1
0.3,4,2138.0,0,0,,0,0,0.1,0.1
0.3,4,2139.0,0,1,,1,0,0.2,0.1
0.3,4,2140.0,0,0,0.0,0,1,0.2,0.2
0.3,4,2141.0,0,0,,0,0,0.1,0.2
0.3,4,2142.0,0,0,,0,0,0.1,0.1
0.3,4,2143.0,0,0,,0,0,0.1,0.1
0.3,4,2144.0,0,0,,0,0,0.1,0.1
0.3,4,2145.0,0,0,,0,0,0.1,0.1
0.3,4,2146.0,0,0,,0,0,0.1,0.1
0.3,4,2147.0,0,1,,1,0,0.2,0.1
0.3,4,2148.0,0,1,0.0,1,1,0.3,0.2
0.3,4,2149.0,0,0,0.06566245646035895,0,1,0.2,0.3
0.3,4,2150.0,0,0,,0,0,0.2,0.2
0.3,4,2151.0,0,0,0.0,1,1,0.3,0.3
0.3,4,2152.0,0,0,,0,0,0.3,0.3
0.3,4,2153.0,0,0,,0,0,0.3,0.3
0.3,4,2154.0,1,2,,2,0,0.5,0.3
0.3,4,2155.0,0,0,0.10734638612598246,0,2,0.5,0.5
0.3,4,2156.0,0,0,0.0,1,1,0.6,0.6
0.3,4,2157.0,0,0,,0,0,0.5,0.6
0.3,4,2158.0,0,0,,0,0,0.4,0.5
0.3,4,2159.0,0,1,,1,0,0.5,0.4
0.3,4,2160.0,0,0,0.0,0,1,0.5,0.5
0.3,4,2161.0,0,0,,0,0,0.4,0.4
0.3,4,2162.0,0,0,,0,0,0.4,0.4
0.3,4,2163.0,0,0,,0,0,0.4,0.4
0.3,4,2164.0,0,0,,0,0,0.2,0.4
0.3,4,2165.0,0,1,,1,0,0.3,0.2
0.3,4,2166.0,0,0,0.0,0,1,0.2,0.2
0.3,4,2167.0,0,0,,0,0,0.2,0.2
0.3,4,2168.0,0,0,,0,0,0.2,0.2
0.3,4,2169.0,0,0,,0,0,0.1,0.2
0.3,4,2170.0,0,0,,0,0,0.1,0.1
0.3,4,2171.0,0,0,,0,0,0.1,0.1
0.3,4,2172.0,0,1,,1,0,0.2,0.1
0.3,4,2173.0,0,0,0.0,0,1,0.2,0.2
0.3,4,2174.0,0,0,,0,0,0.2,0.2
0.3,4,2175.0,1,2,0.0,3,1,0.4,0.3
0.3,4,2176.0,2,3,,1,0,0.5,0.2
0.3,4,2177.0,2,3,0.0,1,1,0.6,0.3
0.3,4,2178.0,1,2,1.5359194364241375,0,1,0.6,0.4
0.3,4,2179.0,0,1,2.227359702441845,0,1,0.6,0.5
0.3,4,2180.0,0,1,,0,0,0.6,0.5
0.3,4,2181.0,0,1,,0,0,0.6,0.5
0.3,4,2182.0,0,1,,0,0,0.5,0.5
0.3,4,2183.0,0,0,2.5323835105687067,0,1,0.5,0.5
0.3,4,2184.0,0,0,0.0,1,1,0.6,0.6
0.3,4,2185.0,0,0,,0,0,0.3,0.5
0.3,4,2186.0,0,0,,0,0,0.2,0.5
0.3,4,2187.0,0,0,,0,0,0.1,0.4
0.3,4,2188.0,0,1,,1,0,0.2,0.3
0.3,4,2189.0,0,0,0.0,0,1,0.2,0.3
0.3,4,2190.0,0,0,,0,0,0.2,0.3
0.3,4,2191.0,0,0,,0,0,0.2,0.3
0.3,4,2192.0,0,0,,0,0,0.2,0.3
0.3,4,2193.0,0,1,,1,0,0.3,0.2
0.3,4,2194.0,0,0,0.0,0,1,0.2,0.2
0.3,4,2195.0,0,0,,0,0,0.2,0.2
0.3,4,2196.0,0,0,,0,0,0.2,0.2
0.3,4,2197.0,0,0,,0,0,0.2,0.2
0.3,4,2198.0,0,0,,0,0,0.1,0.2
0.3,4,2199.0,0,0,0.0,1,1,0.2,0.2
0.3,4,2200.0,0,0,,0,0,0.2,0.2
0.3,4,2201.0,0,0,,0,0,0.2,0.2
0.3,4,2202.0,0,0,,0,0,0.2,0.2
0.3,4,2203.0,0,0,0.0,1,1,0.2,0.3
0.3,4,2204.0,0,0,,0,0,0.2,0.2
0.3,4,2205.0,0,0,0.0,1,1,0.3,0.3
0.3,4,2206.0,0,0,,0,0,0.3,0.3
0.3,4,2207.0,0,0,,0,0,0.3,0.3
0.3,4,2208.0,0,1,,1,0,0.4,0.3
0.3,4,2209.0,0,1,,0,0,0.3,0.2
0.3,4,2210.0,1,2,,1,0,0.4,0.2
0.3,4,2211.0,0,1,0.0,0,1,0.4,0.3
0.3,4,2212.0,0,1,1.4147318163836644,1,1,0.5,0.4
0.3,4,2213.0,0,1,,0,0,0.4,0.3
0.3,4,2214.0,0,1,,0,0,0.4,0.3
0.3,4,2215.0,0,1,,0,0,0.3,0.2
0.3,4,2216.0,0,0,0.01671604847638264,1,2,0.4,0.4
0.3,4,2217.0,0,0,,0,0,0.4,0.4
0.3,4,2218.0,0,0,,0,0,0.3,0.4
0.3,4,2219.0,0,0,,0,0,0.3,0.4
0.3,4,2220.0,0,0,,0,0,0.2,0.4
0.3,4,2221.0,0,0,,0,0,0.2,0.3
0.3,4,2222.0,0,0,,0,0,0.1,0.2
0.3,4,2223.0,0,1,,1,0,0.2,0.2
0.3,4,2224.0,0,1,0.0,1,1,0.3,0.3
0.3,4,2225.0,0,0,0.0,0,1,0.3,0.4
0.3,4,2226.0,0,1,,1,0,0.3,0.2
0.3,4,2227.0,1,2,,1,0,0.4,0.2
0.3,4,2228.0,0,0,0.3526430975814492,0,2,0.4,0.4
0.3,4,2229.0,0,0,,0,0,0.4,0.4
0.3,4,2230.0,0,0,,0,0,0.4,0.4
0.3,4,2231.0,0,0,0.0,1,1,0.5,0.5
0.3,4,2232.0,0,0,,0,0,0.5,0.5
0.3,4,2233.0,0,0,,0,0,0.4,0.5
0.3,4,2234.0,0,0,,0,0,0.3,0.4
0.3,4,2235.0,0,1,,1,0,0.4,0.3
0.3,4,2236.0,0,1,,0,0,0.3,0.3
0.3,4,2237.0,0,1,,0,0,0.2,0.3
0.3,4,2238.0,0,0,0.0,0,1,0.2,0.2
0.3,4,2239.0,0,0,,0,0,0.2,0.2
0.3,4,2240.0,0,0,0.0,2,2,0.4,0.4
0.3,4,2241.0,0,0,,0,0,0.3,0.3
0.3,4,2242.0,0,1,,1,0,0.4,0.3
0.3,4,2243.0,0,1,0.0,1,1,0.5,0.4
0.3,4,2244.0,0,0,0.07144966085616034,0,1,0.5,0.5
0.3,4,2245.0,0,0,,0,0,0.4,0.5
0.3,4,2246.0,0,0,,0,0,0.4,0.5
0.3,4,2247.0,0,0,,0,0,0.4,0.5
0.3,4,2248.0,0,0,,0,0,0.4,0.4
0.3,4,2249.0,0,0,,0,0,0.4,0.4
0.3,4,2250.0,1,2,,2,0,0.4,0.2
0.3,4,2251.0,2,3,,1,0,0.5,0.2
0.3,4,2252.0,2,3,,0,0,0.4,0.2
0.3,4,2253.0,0,1,1.3919855489866677,0,2,0.3,0.3
0.3,4,2254.0,1,2,,1,0,0.4,0.2
0.3,4,2255.0,2,3,,1,0,0.5,0.2
0.3,4,2256.0,1,2,2.3035437207963696,0,1,0.5,0.3
0.3,4,2257.0,3,4,,2,0,0.7,0.3
0.3,4,2258.0,3,4,,0,0,0.7,0.3
0.3,4,2259.0,2,3,2.043378173496876,0,1,0.7,0.4
0.3,4,2260.0,2,3,,0,0,0.5,0.4
0.3,4,2261.0,3,4,,1,0,0.5,0.4
0.3,4,2262.0,2,3,3.8074473207634583,0,1,0.5,0.5
0.3,4,2263.0,2,3,,0,0,0.5,0.3
0.3,4,2264.0,0,0,4.929449417980777,0,3,0.4,0.6
0.3,4,2265.0,0,0,,0,0,0.3,0.6
0.3,4,2266.0,0,0,,0,0,0.3,0.5
0.3,4,2267.0,0,0,,0,0,0.1,0.5
0.3,4,2268.0,0,0,,0,0,0.1,0.5
0.3,4,2269.0,0,0,,0,0,0.1,0.4
0.3,4,2270.0,0,0,,0,0,0.1,0.4
0.3,4,2271.0,0,0,,0,0,0.0,0.4
0.3,4,2272.0,0,1,,1,0,0.1,0.3
0.3,4,2273.0,0,1,0.0,1,1,0.2,0.4
0.3,4,2274.0,0,0,0.0,0,1,0.2,0.2
0.3,4,2275.0,0,1,,1,0,0.3,0.2
0.3,4,2276.0,0,1,,0,0,0.3,0.2
0.3,4,2277.0,0,0,0.0,0,1,0.3,0.3
0.3,4,2278.0,0,0,,0,0,0.3,0.3
0.3,4,2279.0,0,1,,1,0,0.4,0.3
0.3,4,2280.0,0,0,0.0,0,1,0.4,0.4
0.3,4,2281.0,0,0,,0,0,0.4,0.4
0.3,4,2282.0,0,0,,0,0,0.3,0.4
0.3,4,2283.0,0,0,,0,0,0.2,0.3
0.3,4,2284.0,0,1,,1,0,0.3,0.2
0.3,4,2285.0,0,0,0.2684239105101369,1,2,0.3,0.4
0.3,4,2286.0,0,1,,1,0,0.4,0.4
0.3,4,2287.0,0,1,,0,0,0.4,0.3
0.3,4,2288.0,1,2,,1,0,0.5,0.3
0.3,4,2289.0,0,0,0.33846405350800524,0,2,0.4,0.5
0.3,4,2290.0,0,0,,0,0,0.4,0.4
0.3,4,2291.0,0,0,,0,0,0.4,0.4
0.3,4,2292.0,0,0,,0,0,0.4,0.4
0.3,4,2293.0,0,0,,0,0,0.4,0.4
0.3,4,2294.0,0,1,,1,0,0.4,0.4
0.3,4,2295.0,0,0,0.0,0,1,0.3,0.3
0.3,4,2296.0,0,1,,1,0,0.3,0.3
0.3,4,2297.0,0,1,0.0,1,1,0.4,0.4
0.3,4,2298.0,0,0,0.0,0,1,0.3,0.5
0.3,4,2299.0,0,1,0.0,2,1,0.5,0.4
0.3,4,2300.0,1,2,,1,0,0.6,0.4
0.3,4,2301.0,0,1,0.1008077195383521,0,1,0.6,0.5
0.3,4,2302.0,0,0,0.39355890135357185,1,2,0.7,0.7
0.3,4,2303.0,0,0,0.0,1,1,0.8,0.8
0.3,4,2304.0,0,0,,0,0,0.7,0.8
0.3,4,2305.0,0,0,,0,0,0.7,0.7
0.3,4,2306.0,0,0,,0,0,0.6,0.7
0.3,4,2307.0,0,0,,0,0,0.5,0.6
0.3,4,2308.0,0,0,,0,0,0.5,0.5
0.3,4,2309.0,0,1,,1,0,0.4,0.4
0.3,4,2310.0,0,1,,0,0,0.3,0.4
0.3,4,2311.0,0,0,0.0,0,1,0.3,0.4
0.3,4,2312.0,0,0,,0,0,0.2,0.2
0.3,4,2313.0,0,0,,0,0,0.1,0.1
0.3,4,2314.0,0,0,,0,0,0.1,0.1
0.3,4,2315.0,0,0,,0,0,0.1,0.1
0.3,4,2316.0,0,0,0.0,1,1,0.2,0.2
0.3,4,2317.0,0,1,,1,0,0.3,0.2
0.3,4,2318.0,0,0,0.0,0,1,0.3,0.3
0.3,4,2319.0,0,1,,1,0,0.3,0.3
0.3,4,2320.0,0,1,,0,0,0.3,0.3
0.3,4,2321.0,0,1,,0,0,0.3,0.2
0.3,4,2322.0,0,1,,0,0,0.3,0.2
0.3,4,2323.0,0,1,,0,0,0.3,0.2
0.3,4,2324.0,0,0,0.0,0,1,0.3,0.3
0.3,4,2325.0,0,0,,0,0,0.3,0.3
0.3,4,2326.0,0,0,,0,0,0.2,0.2
0.3,4,2327.0,0,0,,0,0,0.1,0.2
0.3,4,2328.0,0,0,,0,0,0.1,0.1
0.3,4,2329.0,0,0,,0,0,0.0,0.1
0.3,4,2330.0,0,0,0.0,1,1,0.1,0.2
0.3,4,2331.0,0,1,,1,0,0.2,0.2
0.3,4,2332.0,0,1,0.0,1,1,0.3,0.3
0.3,4,2333.0,0,0,0.0,0,1,0.3,0.4
0.3,4,2334.0,0,0,,0,0,0.3,0.3
0.3,4,2335.0,0,0,,0,0,0.3,0.3
0.3,4,2336.0,0,0,,0,0,0.3,0.3
0.3,4,2337.0,0,0,,0,0,0.3,0.3
0.3,4,2338.0,0,0,,0,0,0.3,0.3
0.3,4,2339.0,0,0,,0,0,0.3,0.3
0.3,4,2340.0,0,0,,0,0,0.2,0.2
0.3,4,2341.0,0,0,,0,0,0.1,0.2
0.3,4,2342.0,1,2,,2,0,0.2,0.1
0.3,4,2343.0,1,2,,0,0,0.2,0.0
0.3,4,2344.0,0,1,0.0,0,1,0.2,0.1
0.3,4,2345.0,0,0,1.9636158477719619,0,1,0.2,0.2
0.3,4,2346.0,0,0,,0,0,0.2,0.2
0.3,4,2347.0,0,1,,1,0,0.3,0.2
0.3,4,2348.0,0,0,0.0,0,1,0.3,0.3
0.3,4,2349.0,0,0,,0,0,0.3,0.3
0.3,4,2350.0,0,0,,0,0,0.3,0.3
0.3,4,2351.0,0,0,,0,0,0.3,0.3
0.3,4,2352.0,0,0,,0,0,0.1,0.3
0.3,4,2353.0,0,0,,0,0,0.1,0.3
0.3,4,2354.0,0,0,,0,0,0.1,0.2
0.3,4,2355.0,0,1,,1,0,0.2,0.1
0.3,4,2356.0,0,1,,0,0,0.2,0.1
0.3,4,2357.0,0,0,0.0,0,1,0.1,0.2
0.3,4,2358.0,0,0,,0,0,0.1,0.1
0.3,4,2359.0,0,0,,0,0,0.1,0.1
0.3,4,2360.0,0,0,,0,0,0.1,0.1
0.3,4,2361.0,0,0,,0,0,0.1,0.1
0.3,4,2362.0,0,0,,0,0,0.1,0.1
0.3,4,2363.0,0,0,,0,0,0.1,0.1
0.3,4,2364.0,0,1,,1,0,0.2,0.1
0.3,4,2365.0,0,0,0.0,0,1,0.1,0.2
0.3,4,2366.0,0,0,,0,0,0.1,0.2
0.3,4,2367.0,0,0,,0,0,0.1,0.1
0.3,4,2368.0,0,0,,0,0,0.1,0.1
0.3,4,2369.0,0,0,,0,0,0.1,0.1
0.3,4,2370.0,0,0,,0,0,0.1,0.1
0.3,4,2371.0,0,0,,0,0,0.1,0.1
0.3,4,2372.0,0,0,,0,0,0.1,0.1
0.3,4,2373.0,0,0,,0,0,0.1,0.1
0.3,4,2374.0,0,0,,0,0,0.0,0.1
0.3,4,2375.0,0,0,,0,0,0.0,0.0
0.3,4,2376.0,0,0,,0,0,0.0,0.0
0.3,4,2377.0,0,1,,1,0,0.1,0.0
0.3,4,2378.0,0,0,0.0,1,2,0.2,0.2
0.3,4,2379.0,0,1,,1,0,0.3,0.2
0.3,4,2380.0,1,2,,1,0,0.4,0.2
0.3,4,2381.0,0,0,0.4738679044744458,0,2,0.4,0.4
0.3,4,2382.0,0,0,,0,0,0.4,0.4
0.3,4,2383.0,0,0,,0,0,0.4,0.4
0.3,4,2384.0,0,0,,0,0,0.4,0.4
0.3,4,2385.0,0,0,,0,0,0.4,0.4
0.3,4,2386.0,0,1,,1,0,0.5,0.4
0.3,4,2387.0,0,1,,0,0,0.4,0.4
0.3,4,2388.0,0,0,0.0,0,1,0.3,0.3
0.3,4,2389.0,0,0,,0,0,0.2,0.3
0.3,4,2390.0,0,0,,0,0,0.1,0.3
0.3,4,2391.0,0,0,,0,0,0.1,0.1
0.3,4,2392.0,0,0,,0,0,0.1,0.1
0.3,4,2393.0,0,0,,0,0,0.1,0.1
0.3,4,2394.0,0,0,,0,0,0.1,0.1
0.3,4,2395.0,0,0,,0,0,0.1,0.1
0.3,4,2396.0,0,0,,0,0,0.0,0.1
0.3,4,2397.0,0,1,,1,0,0.1,0.1
0.3,4,2398.0,0,1,,0,0,0.1,0.0
0.3,4,2399.0,0,1,,0,0,0.1,0.0
0.3,4,2400.0,0,0,0.0,0,1,0.1,0.1
0.3,4,2401.0,0,0,0.0,2,2,0.3,0.3
0.3,4,2402.0,0,0,,0,0,0.3,0.3
0.3,4,2403.0,0,1,,1,0,0.4,0.3
0.3,4,2404.0,1,2,,1,0,0.5,0.3
0.3,4,2405.0,0,0,0.40804121491532896,0,2,0.5,0.5
0.3,4,2406.0,0,1,0.0,2,1,0.7,0.6
0.3,4,2407.0,0,0,0.013130170692420506,0,1,0.6,0.7
0.3,4,2408.0,0,0,,0,0,0.6,0.7
0.3,4,2409.0,0,0,,0,0,0.6,0.7
0.3,4,2410.0,0,1,,1,0,0.7,0.6
0.3,4,2411.0,0,0,0.0,0,1,0.5,0.5
0.3,4,2412.0,0,0,,0,0,0.5,0.5
0.3,4,2413.0,0,0,,0,0,0.4,0.5
0.3,4,2414.0,0,0,,0,0,0.3,0.5
0.3,4,2415.0,0,0,,0,0,0.3,0.3
0.3,4,2416.0,0,0,,0,0,0.1,0.2
0.3,4,2417.0,0,0,,0,0,0.1,0.1
0.3,4,2418.0,0,0,,0,0,0.1,0.1
0.3,4,2419.0,0,0,,0,0,0.1,0.1
0.3,4,2420.0,0,0,,0,0,0.0,0.1
0.3,4,2421.0,0,0,,0,0,0.0,0.0
0.3,4,2422.0,0,0,,0,0,0.0,0.0
0.3,4,2423.0,0,0,,0,0,0.0,0.0
0.3,4,2424.0,0,1,0.0,2,1,0.2,0.1
0.3,4,2425.0,0,0,0.0,0,1,0.2,0.2
0.3,4,2426.0,0,1,,1,0,0.3,0.2
0.3,4,2427.0,0,0,0.0,0,1,0.3,0.3
0.3,4,2428.0,0,0,,0,0,0.3,0.3
0.3,4,2429.0,0,0,,0,0,0.3,0.3
0.3,4,2430.0,0,0,,0,0,0.3,0.3
0.3,4,2431.0,0,0,,0,0,0.3,0.3
0.3,4,2432.0,0,0,,0,0,0.3,0.3
0.3,4,2433.0,0,0,,0,0,0.3,0.3
0.3,4,2434.0,0,0,,0,0,0.1,0.2
0.3,4,2435.0,0,0,,0,0,0.1,0.1
0.3,4,2436.0,0,0,,0,0,0.0,0.1
0.3,4,2437.0,0,0,,0,0,0.0,0.0
0.3,4,2438.0,0,0,,0,0,0.0,0.0
0.3,4,2439.0,0,0,,0,0,0.0,0.0
0.3,4,2440.0,0,0,0.0,1,1,0.1,0.1
0.3,4,2441.0,0,0,,0,0,0.1,0.1
0.3,4,2442.0,0,0,,0,0,0.1,0.1
0.3,4,2443.0,0,1,0.0,2,1,0.3,0.2
0.3,4,2444.0,0,0,0.08362601339922549,0,1,0.3,0.3
0.3,4,2445.0,0,0,,0,0,0.3,0.3
0.3,4,2446.0,0,0,,0,0,0.3,0.3
0.3,4,2447.0,0,0,,0,0,0.3,0.3
0.3,4,2448.0,0,0,,0,0,0.3,0.3
0.3,4,2449.0,0,0,,0,0,0.3,0.3
0.3,4,2450.0,0,0,0.0,2,2,0.4,0.4
0.3,4,2451.0,0,0,,0,0,0.4,0.4
0.3,4,2452.0,0,0,,0,0,0.4,0.4
0.3,4,2453.0,0,0,,0,0,0.2,0.3
0.3,4,2454.0,0,0,,0,0,0.2,0.2
0.3,4,2455.0,0,0,,0,0,0.2,0.2
0.3,4,2456.0,1,2,,2,0,0.4,0.2
0.3,4,2457.0,0,1,0.0,0,1,0.4,0.3
0.3,4,2458.0,0,1,,0,0,0.4,0.3
0.3,4,2459.0,0,0,0.20764850591331196,1,2,0.5,0.5
0.3,4,2460.0,0,0,,0,0,0.3,0.3
0.3,4,2461.0,0,0,,0,0,0.3,0.3
0.3,4,2462.0,0,0,,0,0,0.3,0.3
0.3,4,2463.0,0,0,,0,0,0.3,0.3
0.3,4,2464.0,0,1,0.0,2,1,0.5,0.4
0.3,4,2465.0,0,1,0.38143056213039017,1,1,0.6,0.5
0.3,4,2466.0,0,0,0.09416000478540809,0,1,0.4,0.6
0.3,4,2467.0,0,0,,0,0,0.4,0.5
0.3,4,2468.0,0,1,0.0,2,1,0.6,0.6
0.3,4,2469.0,0,0,0.13358702480081774,0,1,0.5,0.5
0.3,4,2470.0,0,1,,1,0,0.6,0.5
0.3,4,2471.0,0,1,,0,0,0.6,0.5
0.3,4,2472.0,0,1,0.0,1,1,0.7,0.6
0.3,4,2473.0,0,1,,0,0,0.7,0.6
0.3,4,2474.0,0,0,0.04246825649806851,1,2,0.6,0.7
0.3,4,2475.0,0,0,,0,0,0.5,0.6
0.3,4,2476.0,0,1,,1,0,0.6,0.5
0.3,4,2477.0,0,1,,0,0,0.6,0.5
0.3,4,2478.0,0,0,0.0,0,1,0.4,0.5
0.3,4,2479.0,0,0,,0,0,0.4,0.4
0.3,4,2480.0,0,0,0.0,1,1,0.4,0.5
0.3,4,2481.0,0,0,,0,0,0.4,0.5
0.3,4,2482.0,0,0,,0,0,0.3,0.4
0.3,4,2483.0,0,0,0.0,1,1,0.4,0.5
0.3,4,2484.0,0,0,,0,0,0.3,0.3
0.3,4,2485.0,0,0,,0,0,0.3,0.3
0.3,4,2486.0,0,0,,0,0,0.2,0.3
0.3,4,2487.0,0,0,,0,0,0.2,0.3
0.3,4,2488.0,0,0,0.0,1,1,0.3,0.3
0.3,4,2489.0,0,1,,1,0,0.4,0.3
0.3,4,2490.0,0,0,0.0,0,1,0.3,0.3
0.3,4,2491.0,0,1,,1,0,0.4,0.3
0.3,4,2492.0,0,0,0.0,0,1,0.4,0.4
0.3,4,2493.0,0,0,,0,0,0.3,0.3
0.3,4,2494.0,0,0,0.0,1,1,0.4,0.4
0.3,4,2495.0,0,0,0.0,1,1,0.5,0.5
0.3,4,2496.0,0,1,,1,0,0.6,0.5
0.3,4,2497.0,0,1,,0,0,0.6,0.5
0.3,4,2498.0,1,2,,1,0,0.6,0.4
0.3,4,2499.0,0,0,0.6577348136106593,0,2,0.5,0.6
0.3,4,2500.0,0,0,,0,0,0.5,0.5
0.3,4,2501.0,0,0,,0,0,0.4,0.5
0.3,4,2502.0,0,1,,1,0,0.5,0.4
0.3,4,2503.0,0,0,0.0,0,1,0.5,0.5
0.3,4,2504.0,0,0,,0,0,0.4,0.4
0.3,4,2505.0,0,0,,0,0,0.3,0.3
0.3,4,2506.0,0,0,,0,0,0.2,0.3
0.3,4,2507.0,0,0,,0,0,0.2,0.3
0.3,4,2508.0,0,0,,0,0,0.1,0.3
0.3,4,2509.0,0,0,,0,0,0.1,0.1
0.3,4,2510.0,0,0,,0,0,0.1,0.1
0.3,4,2511.0,0,0,,0,0,0.1,0.1
0.3,4,2512.0,0,0,0.0,1,1,0.1,0.2
0.3,4,2513.0,0,1,,1,0,0.2,0.1
0.3,4,2514.0,0,0,0.0,0,1,0.2,0.2
0.3,4,2515.0,0,0,,0,0,0.2,0.2
0.3,4,2516.0,0,0,,0,0,0.2,0.2
0.3,4,2517.0,0,0,,0,0,0.2,0.2
0.3,4,2518.0,0,0,,0,0,0.2,0.2
0.3,4,2519.0,0,0,,0,0,0.2,0.2
0.3,4,2520.0,0,0,0.0,1,1,0.3,0.3
0.3,4,2521.0,0,1,,1,0,0.4,0.3
0.3,4,2522.0,0,1,0.0,1,1,0.4,0.3
0.3,4,2523.0,1,2,,1,0,0.4,0.3
0.3,4,2524.0,1,2,,0,0,0.4,0.2
0.3,4,2525.0,1,2,,0,0,0.4,0.2
0.3,4,2526.0,1,2,,0,0,0.4,0.2
0.3,4,2527.0,1,2,0.0,1,1,0.5,0.3
0.3,4,2528.0,1,2,3.6219303430229957,1,1,0.6,0.4
0.3,4,2529.0,1,2,,0,0,0.6,0.4
0.3,4,2530.0,1,2,,0,0,0.5,0.3
0.3,4,2531.0,1,2,,0,0,0.4,0.3
0.3,4,2532.0,1,2,,0,0,0.3,0.2
0.3,4,2533.0,1,2,1.0301750668627392,1,1,0.3,0.3
0.3,4,2534.0,0,1,5.429030608529956,0,1,0.3,0.4
0.3,4,2535.0,0,0,1.527373198357509,0,1,0.3,0.5
0.3,4,2536.0,0,0,,0,0,0.3,0.5
0.3,4,2537.0,0,0,,0,0,0.2,0.4
0.3,4,2538.0,0,0,,0,0,0.1,0.3
0.3,4,2539.0,0,0,,0,0,0.1,0.3
0.3,4,2540.0,0,0,0.0,1,1,0.2,0.4
0.3,4,2541.0,0,0,,0,0,0.2,0.4
0.3,4,2542.0,0,0,,0,0,0.2,0.4
0.3,4,2543.0,0,1,0.0,2,1,0.3,0.4
0.3,4,2544.0,0,1,,0,0,0.3,0.3
0.3,4,2545.0,0,0,0.0,0,1,0.3,0.3
0.3,4,2546.0,0,0,,0,0,0.3,0.3
0.3,4,2547.0,0,0,,0,0,0.3,0.3
0.3,4,2548.0,0,0,,0,0,0.3,0.3
0.3,4,2549.0,0,0,,0,0,0.3,0.3
0.3,4,2550.0,0,0,,0,0,0.2,0.2
0.3,4,2551.0,0,0,,0,0,0.2,0.2
0.3,4,2552.0,0,0,,0,0,0.2,0.2
0.3,4,2553.0,0,0,,0,0,0.0,0.1
0.3,4,2554.0,0,0,,0,0,0.0,0.1
0.3,4,2555.0,0,0,,0,0,0.0,0.0
0.3,4,2556.0,0,0,,0,0,0.0,0.0
0.3,4,2557.0,0,0,,0,0,0.0,0.0
0.3,4,2558.0,0,0,,0,0,0.0,0.0
0.3,4,2559.0,0,0,,0,0,0.0,0.0
0.3,4,2560.0,0,0,,0,0,0.0,0.0
0.3,4,2561.0,1,2,,2,0,0.2,0.0
0.3,4,2562.0,0,1,0.0,0,1,0.2,0.1
0.3,4,2563.0,0,0,1.3833028233539153,0,1,0.2,0.2
0.3,4,2564.0,0,1,,1,0,0.3,0.2
0.3,4,2565.0,1,2,,1,0,0.4,0.2
0.3,4,2566.0,0,0,0.7305953494194455,0,2,0.4,0.4
0.3,4,2567.0,0,1,,1,0,0.5,0.4
0.3,4,2568.0,0,1,,0,0,0.5,0.4
0.3,4,2569.0,0,1,,0,0,0.5,0.4
0.3,4,2570.0,0,0,0.0,0,1,0.5,0.5
0.3,4,2571.0,0,0,,0,0,0.3,0.5
0.3,4,2572.0,0,0,,0,0,0.3,0.4
0.3,4,2573.0,0,0,,0,0,0.3,0.3
0.3,4,2574.0,0,0,,0,0,0.2,0.3
0.3,4,2575.0,0,0,,0,0,0.1,0.3
0.3,4,2576.0,0,1,,1,0,0.2,0.1
0.3,4,2577.0,0,0,0.0,0,1,0.1,0.2
0.3,4,2578.0,0,0,,0,0,0.1,0.2
0.3,4,2579.0,1,2,,2,0,0.3,0.2
0.3,4,2580.0,0,1,0.0,0,1,0.3,0.2
0.3,4,2581.0,0,1,,0,0,0.3,0.2
0.3,4,2582.0,0,0,0.33337223678881855,0,1,0.3,0.3
0.3,4,2583.0,0,0,,0,0,0.3,0.3
0.3,4,2584.0,0,0,,0,0,0.3,0.3
0.3,4,2585.0,0,0,,0,0,0.3,0.3
0.3,4,2586.0,0,1,,1,0,0.3,0.3
0.3,4,2587.0,1,2,,1,0,0.4,0.2
0.3,4,2588.0,0,1,0.0,0,1,0.4,0.3
0.3,4,2589.0,0,1,,0,0,0.2,0.3
0.3,4,2590.0,0,0,1.0823601028491794,0,1,0.2,0.3
0.3,4,2591.0,0,0,,0,0,0.2,0.3
0.3,4,2592.0,0,0,,0,0,0.2,0.2
0.3,4,2593.0,0,0,,0,0,0.2,0.2
0.3,4,2594.0,0,0,,0,0,0.2,0.2
0.3,4,2595.0,0,0,,0,0,0.2,0.2
0.3,4,2596.0,0,0,,0,0,0.1,0.2
0.3,4,2597.0,0,0,,0,0,0.0,0.2
0.3,4,2598.0,0,0,,0,0,0.0,0.1
0.3,4,2599.0,0,0,,0,0,0.0,0.1
0.3,4,2600.0,0,1,,1,0,0.1,0.0
0.3,4,2601.0,0,1,,0,0,0.1,0.0
0.3,4,2602.0,0,0,0.0,0,1,0.1,0.1
0.3,4,2603.0,0,0,,0,0,0.1,0.1
0.3,4,2604.0,0,0,,0,0,0.1,0.1
0.3,4,2605.0,0,1,,1,0,0.2,0.1
0.3,4,2606.0,0,0,0.0,0,1,0.2,0.2
0.3,4,2607.0,0,0,,0,0,0.2,0.2
0.3,4,2608.0,0,0,,0,0,0.2,0.2
0.3,4,2609.0,0,0,,0,0,0.2,0.2
0.3,4,2610.0,0,0,,0,0,0.1,0.2
0.3,4,2611.0,0,0,,0,0,0.1,0.2
0.3,4,2612.0,0,1,,1,0,0.2,0.1
0.3,4,2613.0,0,1,,0,0,0.2,0.1
0.3,4,2614.0,0,1,0.0,1,1,0.3,0.2
0.3,4,2615.0,0,1,,0,0,0.2,0.2
0.3,4,2616.0,0,1,,0,0,0.2,0.1
0.3,4,2617.0,0,1,,0,0,0.2,0.1
0.3,4,2618.0,0,1,0.0,1,1,0.3,0.2
0.3,4,2619.0,0,0,0.0,0,1,0.3,0.3
0.3,4,2620.0,0,0,,0,0,0.3,0.3
0.3,4,2621.0,0,0,,0,0,0.3,0.3
0.3,4,2622.0,0,0,,0,0,0.2,0.3
0.3,4,2623.0,0,0,,0,0,0.2,0.3
0.3,4,2624.0,0,0,,0,0,0.1,0.2
0.3,4,2625.0,0,0,0.0,1,1,0.2,0.3
0.3,4,2626.0,0,0,,0,0,0.2,0.3
0.3,4,2627.0,0,0,0.0,1,1,0.3,0.4
0.3,4,2628.0,0,1,0.0,2,1,0.4,0.4
0.3,4,2629.0,0,1,0.0,1,1,0.5,0.4
0.3,4,2630.0,0,0,0.0,0,1,0.5,0.5
0.3,4,2631.0,0,0,,0,0,0.5,0.5
0.3,4,2632.0,0,0,,0,0,0.5,0.5
0.3,4,2633.0,0,0,,0,0,0.5,0.5
0.3,4,2634.0,0,0,,0,0,0.5,0.5
0.3,4,2635.0,0,0,,0,0,0.4,0.4
0.3,4,2636.0,0,0,,0,0,0.4,0.4
0.3,4,2637.0,0,0,,0,0,0.3,0.3
0.3,4,2638.0,0,0,,0,0,0.1,0.2
0.3,4,2639.0,0,1,,1,0,0.1,0.1
0.3,4,2640.0,0,0,0.0,0,1,0.1,0.1
0.3,4,2641.0,0,0,,0,0,0.1,0.1
0.3,4,2642.0,0,0,,0,0,0.1,0.1
0.3,4,2643.0,0,0,0.0,1,1,0.2,0.2
0.3,4,2644.0,0,0,0.0,1,1,0.3,0.3
0.3,4,2645.0,0,0,,0,0,0.3,0.3
0.3,4,2646.0,0,0,,0,0,0.3,0.3
0.3,4,2647.0,0,0,,0,0,0.3,0.3
0.3,4,2648.0,0,0,,0,0,0.3,0.3
0.3,4,2649.0,0,0,,0,0,0.2,0.3
0.3,4,2650.0,0,0,0.0,1,1,0.3,0.3
0.3,4,2651.0,0,0,,0,0,0.3,0.3
0.3,4,2652.0,0,0,,0,0,0.3,0.3
0.3,4,2653.0,0,0,,0,0,0.2,0.2
0.3,4,2654.0,0,1,0.0,2,1,0.3,0.2
0.3,4,2655.0,0,0,0.0,0,1,0.3,0.3
0.3,4,2656.0,0,1,,1,0,0.4,0.3
0.3,4,2657.0,0,1,,0,0,0.4,0.3
0.3,4,2658.0,0,0,0.0,0,1,0.4,0.4
0.3,4,2659.0,0,0,,0,0,0.4,0.4
0.3,4,2660.0,0,0,,0,0,0.3,0.3
0.3,4,2661.0,0,1,,1,0,0.4,0.3
0.3,4,2662.0,0,1,,0,0,0.4,0.3
0.3,4,2663.0,0,0,0.0,0,1,0.4,0.4
0.3,4,2664.0,0,0,,0,0,0.2,0.3
0.3,4,2665.0,0,1,,1,0,0.3,0.2
0.3,4,2666.0,0,0,0.0,0,1,0.2,0.3
0.3,4,2667.0,0,0,,0,0,0.2,0.3
0.3,4,2668.0,0,0,,0,0,0.2,0.2
0.3,4,2669.0,0,0,,0,0,0.2,0.2
0.3,4,2670.0,0,0,,0,0,0.2,0.2
0.3,4,2671.0,0,1,,1,0,0.2,0.2
0.3,4,2672.0,0,0,0.0,0,1,0.2,0.3
0.3,4,2673.0,0,0,,0,0,0.2,0.2
0.3,4,2674.0,0,0,,0,0,0.2,0.2
0.3,4,2675.0,0,1,,1,0,0.2,0.2
0.3,4,2676.0,0,1,,0,0,0.2,0.1
0.3,4,2677.0,0,0,0.0,0,1,0.2,0.2
0.3,4,2678.0,0,0,,0,0,0.2,0.2
0.3,4,2679.0,0,0,,0,0,0.2,0.2
0.3,4,2680.0,2,3,,3,0,0.5,0.2
0.3,4,2681.0,1,2,0.0,0,1,0.4,0.3
0.3,4,2682.0,0,0,0.8434469234389326,0,2,0.4,0.4
0.3,4,2683.0,0,0,0.0,1,1,0.5,0.5
0.3,4,2684.0,0,1,0.0,2,1,0.7,0.6
0.3,4,2685.0,0,0,0.10034428243852744,0,1,0.6,0.7
0.3,4,2686.0,0,0,,0,0,0.6,0.7
0.3,4,2687.0,0,0,,0,0,0.6,0.6
0.3,4,2688.0,0,1,,1,0,0.7,0.6
0.3,4,2689.0,0,0,0.0,0,1,0.7,0.7
0.3,4,2690.0,0,0,,0,0,0.4,0.7
0.3,4,2691.0,0,0,,0,0,0.4,0.6
0.3,4,2692.0,0,0,,0,0,0.4,0.4
0.3,4,2693.0,0,0,,0,0,0.3,0.3
0.3,4,2694.0,0,1,,1,0,0.2,0.2
0.3,4,2695.0,0,0,0.0,0,1,0.2,0.2
0.3,4,2696.0,0,0,,0,0,0.2,0.2
0.3,4,2697.0,0,0,,0,0,0.2,0.2
0.3,4,2698.0,0,0,,0,0,0.1,0.2
0.3,4,2699.0,0,0,,0,0,0.1,0.1
0.3,4,2700.0,0,0,,0,0,0.1,0.1
0.3,4,2701.0,0,0,,0,0,0.1,0.1
0.3,4,2702.0,0,0,,0,0,0.1,0.1
0.3,4,2703.0,0,1,,1,0,0.2,0.1
0.3,4,2704.0,0,0,0.3228315378028128,1,2,0.2,0.3
0.3,4,2705.0,0,0,,0,0,0.2,0.2
0.3,4,2706.0,0,0,,0,0,0.2,0.2
0.3,4,2707.0,0,0,,0,0,0.2,0.2
0.3,4,2708.0,0,1,,1,0,0.3,0.2
0.3,4,2709.0,1,2,,1,0,0.4,0.2
0.3,4,2710.0,1,2,,0,0,0.4,0.2
0.3,4,2711.0,1,2,,0,0,0.4,0.2
0.3,4,2712.0,2,3,0.0,2,1,0.6,0.3
0.3,4,2713.0,1,2,3.4170086342182913,0,1,0.5,0.4
0.3,4,2714.0,0,1,1.3005099281822368,0,1,0.4,0.3
0.3,4,2715.0,0,0,1.8026671249181163,0,1,0.4,0.4
0.3,4,2716.0,0,0,,0,0,0.4,0.4
0.3,4,2717.0,0,1,,1,0,0.5,0.4
0.3,4,2718.0,0,1,0.0,1,1,0.5,0.5
0.3,4,2719.0,1,2,,1,0,0.5,0.5
0.3,4,2720.0,0,1,0.0,0,1,0.5,0.6
0.3,4,2721.0,0,0,1.7747587893863965,0,1,0.5,0.7
0.3,4,2722.0,0,1,,1,0,0.4,0.6
0.3,4,2723.0,0,0,0.0,0,1,0.4,0.6
0.3,4,2724.0,0,0,,0,0,0.4,0.5
0.3,4,2725.0,0,0,,0,0,0.4,0.4
0.3,4,2726.0,1,2,,2,0,0.6,0.4
0.3,4,2727.0,1,2,0.0,1,1,0.6,0.5
0.3,4,2728.0,0,1,0.8747787961610811,0,1,0.5,0.5
0.3,4,2729.0,0,1,1.7591530476724984,1,1,0.5,0.6
0.3,4,2730.0,0,0,0.0,0,1,0.5,0.6
0.3,4,2731.0,0,0,,0,0,0.5,0.5
0.3,4,2732.0,0,0,,0,0,0.4,0.5
0.3,4,2733.0,0,0,,0,0,0.4,0.4
0.3,4,2734.0,0,0,,0,0,0.4,0.4
0.3,4,2735.0,0,0,,0,0,0.4,0.4
0.3,4,2736.0,0,1,,1,0,0.3,0.4
0.3,4,2737.0,0,1,,0,0,0.2,0.3
0.3,4,2738.0,0,0,0.0,1,2,0.3,0.4
0.3,4,2739.0,0,0,,0,0,0.2,0.3
0.3,4,2740.0,0,0,,0,0,0.2,0.2
0.3,4,2741.0,0,1,,1,0,0.3,0.2
0.3,4,2742.0,0,1,,0,0,0.3,0.2
0.3,4,2743.0,0,0,0.0,0,1,0.3,0.3
0.3,4,2744.0,0,0,,0,0,0.3,0.3
0.3,4,2745.0,0,0,,0,0,0.3,0.3
0.3,4,2746.0,0,1,,1,0,0.3,0.3
0.3,4,2747.0,1,2,,1,0,0.4,0.3
0.3,4,2748.0,0,0,0.15101101894060776,0,2,0.3,0.3
0.3,4,2749.0,0,1,,1,0,0.4,0.3
0.3,4,2750.0,0,0,0.0,0,1,0.4,0.4
0.3,4,2751.0,0,1,,1,0,0.4,0.4
0.3,4,2752.0,0,0,0.0,0,1,0.4,0.5
0.3,4,2753.0,0,0,,0,0,0.4,0.4
0.3,4,2754.0,0,1,,1,0,0.5,0.4
0.3,4,2755.0,0,1,0.0,1,1,0.6,0.5
0.3,4,2756.0,0,1,,0,0,0.5,0.5
0.3,4,2757.0,1,2,,1,0,0.5,0.5
0.3,4,2758.0,1,2,,0,0,0.5,0.3
0.3,4,2759.0,2,3,0.5240240930247637,2,1,0.6,0.4
0.3,4,2760.0,0,1,1.3453272795131852,0,2,0.6,0.5
0.3,4,2761.0,0,0,1.2064636898144272,0,1,0.5,0.6
0.3,4,2762.0,0,0,,0,0,0.5,0.5
0.3,4,2763.0,0,0,,0,0,0.5,0.5
0.3,4,2764.0,0,0,,0,0,0.4,0.5
0.3,4,2765.0,0,0,,0,0,0.3,0.4
0.3,4,2766.0,0,0,,0,0,0.3,0.4
0.3,4,2767.0,0,0,,0,0,0.2,0.4
0.3,4,2768.0,0,0,,0,0,0.2,0.4
0.3,4,2769.0,0,0,0.0,1,1,0.1,0.4
0.3,4,2770.0,0,1,,1,0,0.2,0.2
0.3,4,2771.0,0,1,,0,0,0.2,0.1
0.3,4,2772.0,0,0,0.0,0,1,0.2,0.2
0.3,4,2773.0,0,1,,1,0,0.3,0.2
0.3,4,2774.0,0,1,,0,0,0.3,0.2
0.3,4,2775.0,0,0,0.0,0,1,0.3,0.3
0.3,4,2776.0,0,1,,1,0,0.4,0.3
0.3,4,2777.0,0,0,0.0,0,1,0.4,0.4
0.3,4,2778.0,0,0,,0,0,0.4,0.4
0.3,4,2779.0,0,0,0.0,1,1,0.4,0.4
0.3,4,2780.0,0,0,,0,0,0.3,0.4
0.3,4,2781.0,0,0,,0,0,0.3,0.4
0.3,4,2782.0,0,1,,1,0,0.4,0.3
0.3,4,2783.0,0,0,0.0,0,1,0.3,0.4
0.3,4,2784.0,0,0,,0,0,0.3,0.4
0.3,4,2785.0,0,0,,0,0,0.3,0.3
0.3,4,2786.0,0,0,0.0,1,1,0.3,0.4
0.3,4,2787.0,0,1,,1,0,0.4,0.3
0.3,4,2788.0,0,0,0.0,0,1,0.4,0.4
0.3,4,2789.0,0,0,,0,0,0.3,0.3
0.3,4,2790.0,0,0,,0,0,0.3,0.3
0.3,4,2791.0,0,0,,0,0,0.3,0.3
0.3,4,2792.0,0,0,,0,0,0.2,0.3
0.3,4,2793.0,0,0,,0,0,0.2,0.2
0.3,4,2794.0,0,0,,0,0,0.2,0.2
0.3,4,2795.0,0,0,,0,0,0.2,0.2
0.3,4,2796.0,0,1,,1,0,0.2,0.1
0.3,4,2797.0,0,1,0.0,1,1,0.2,0.2
0.3,4,2798.0,0,1,,0,0,0.2,0.1
0.3,4,2799.0,0,0,0.013498964156951843,0,1,0.2,0.2
0.3,4,2800.0,0,0,,0,0,0.2,0.2
0.3,4,2801.0,0,1,,1,0,0.3,0.2
0.3,4,2802.0,1,2,,1,0,0.4,0.2
0.3,4,2803.0,1,2,,0,0,0.4,0.2
0.3,4,2804.0,0,1,0.9880235385062406,1,2,0.5,0.4
0.3,4,2805.0,0,0,0.7347240202589091,0,1,0.5,0.5
0.3,4,2806.0,0,0,,0,0,0.4,0.5
0.3,4,2807.0,0,0,,0,0,0.3,0.4
0.3,4,2808.0,0,0,,0,0,0.3,0.4
0.3,4,2809.0,0,0,,0,0,0.3,0.3
0.3,4,2810.0,0,0,,0,0,0.3,0.3
0.3,4,2811.0,0,0,,0,0,0.2,0.3
0.3,4,2812.0,0,0,,0,0,0.1,0.3
0.3,4,2813.0,0,0,,0,0,0.1,0.3
0.3,4,2814.0,0,0,,0,0,0.0,0.1
0.3,4,2815.0,0,1,,1,0,0.1,0.0
0.3,4,2816.0,0,0,0.0,0,1,0.1,0.1
0.3,4,2817.0,0,1,,1,0,0.2,0.1
0.3,4,2818.0,0,0,0.0,0,1,0.2,0.2
0.3,4,2819.0,0,0,,0,0,0.2,0.2
0.3,4,2820.0,0,0,,0,0,0.2,0.2
0.3,4,2821.0,0,1,,1,0,0.3,0.2
0.3,4,2822.0,0,1,,0,0,0.3,0.2
0.3,4,2823.0,0,1,,0,0,0.3,0.2
0.3,4,2824.0,0,1,,0,0,0.3,0.2
0.3,4,2825.0,0,1,,0,0,0.2,0.2
0.3,4,2826.0,1,2,,1,0,0.3,0.1
0.3,4,2827.0,1,2,0.6588562981444284,2,2,0.4,0.3
0.3,4,2828.0,0,1,0.3486624804158964,0,1,0.4,0.3
0.3,4,2829.0,1,2,,1,0,0.5,0.3
0.3,4,2830.0,2,3,,1,0,0.6,0.3
0.3,4,2831.0,3,4,,1,0,0.6,0.3
0.3,4,2832.0,2,3,0.39972513125621845,0,1,0.6,0.4
0.3,4,2833.0,1,2,3.3552017912620613,0,1,0.6,0.5
0.3,4,2834.0,2,3,3.7836174033641328,2,1,0.8,0.6
0.3,4,2835.0,0,0,1.5493618736585024,0,3,0.8,0.9
0.3,4,2836.0,0,0,,0,0,0.7,0.9
0.3,4,2837.0,0,0,,0,0,0.5,0.7
0.3,4,2838.0,0,0,,0,0,0.5,0.6
0.3,4,2839.0,0,0,,0,0,0.4,0.6
0.3,4,2840.0,0,0,,0,0,0.3,0.6
0.3,4,2841.0,0,0,,0,0,0.2,0.6
0.3,4,2842.0,0,0,,0,0,0.2,0.5
0.3,4,2843.0,0,0,,0,0,0.2,0.4
0.3,4,2844.0,0,0,,0,0,0.0,0.3
0.3,4,2845.0,0,0,,0,0,0.0,0.0
0.3,4,2846.0,0,0,,0,0,0.0,0.0
0.3,4,2847.0,0,0,,0,0,0.0,0.0
0.3,4,2848.0,0,0,,0,0,0.0,0.0
0.3,4,2849.0,0,1,,1,0,0.1,0.0
0.3,4,2850.0,0,0,0.0,0,1,0.1,0.1
0.3,4,2851.0,0,0,,0,0,0.1,0.1
0.3,4,2852.0,0,0,,0,0,0.1,0.1
0.3,4,2853.0,0,0,,0,0,0.1,0.1
0.3,4,2854.0,0,0,,0,0,0.1,0.1
0.3,4,2855.0,0,0,,0,0,0.1,0.1
0.3,4,2856.0,0,0,,0,0,0.1,0.1
0.3,4,2857.0,0,0,,0,0,0.1,0.1
0.3,4,2858.0,0,1,,1,0,0.2,0.1
0.3,4,2859.0,0,0,0.0,0,1,0.1,0.2
0.3,4,2860.0,0,0,,0,0,0.1,0.1
0.3,4,2861.0,0,0,,0,0,0.1,0.1
0.3,4,2862.0,0,0,0.0,1,1,0.2,0.2
0.3,4,2863.0,0,0,,0,0,0.2,0.2
0.3,4,2864.0,0,0,,0,0,0.2,0.2
0.3,4,2865.0,0,0,0.0,1,1,0.3,0.3
0.3,4,2866.0,0,0,,0,0,0.3,0.3
0.3,4,2867.0,0,0,0.0,1,1,0.4,0.4
0.3,4,2868.0,1,2,,2,0,0.5,0.4
0.3,4,2869.0,0,0,0.7857010888262721,0,2,0.5,0.5
0.3,4,2870.0,0,0,0.0,1,1,0.6,0.6
0.3,4,2871.0,0,0,,0,0,0.6,0.6
0.3,4,2872.0,0,0,,0,0,0.5,0.5
0.3,4,2873.0,0,0,,0,0,0.5,0.5
0.3,4,2874.0,0,0,,0,0,0.5,0.5
0.3,4,2875.0,0,0,,0,0,0.4,0.4
0.3,4,2876.0,0,1,,1,0,0.5,0.4
0.3,4,2877.0,0,1,,0,0,0.4,0.3
0.3,4,2878.0,0,1,,0,0,0.2,0.3
0.3,4,2879.0,0,1,,0,0,0.2,0.1
0.3,4,2880.0,0,1,0.0,1,1,0.2,0.1
0.3,4,2881.0,0,1,,0,0,0.2,0.1
0.3,4,2882.0,0,1,,0,0,0.2,0.1
0.3,4,2883.0,0,0,0.5966439050503141,0,1,0.2,0.2
0.3,4,2884.0,0,0,,0,0,0.2,0.2
0.3,4,2885.0,0,0,,0,0,0.2,0.2
0.3,4,2886.0,0,0,,0,0,0.1,0.2
0.3,4,2887.0,0,0,,0,0,0.1,0.2
0.3,4,2888.0,0,1,,1,0,0.2,0.2
0.3,4,2889.0,0,1,,0,0,0.2,0.2
0.3,4,2890.0,0,0,0.0,0,1,0.1,0.2
0.3,4,2891.0,0,0,,0,0,0.1,0.2
0.3,4,2892.0,0,0,,0,0,0.1,0.2
0.3,4,2893.0,0,0,,0,0,0.1,0.1
0.3,4,2894.0,0,0,,0,0,0.1,0.1
0.3,4,2895.0,1,2,,2,0,0.3,0.1
0.3,4,2896.0,1,2,,0,0,0.3,0.1
0.3,4,2897.0,1,2,,0,0,0.3,0.1
0.3,4,2898.0,2,3,,1,0,0.3,0.1
0.3,4,2899.0,1,2,0.0,0,1,0.3,0.2
0.3,4,2900.0,1,2,,0,0,0.3,0.1
0.3,4,2901.0,0,0,3.7017867630388537,0,2,0.3,0.3
0.3,4,2902.0,0,0,,0,0,0.3,0.3
0.3,4,2903.0,0,1,0.0,2,1,0.5,0.4
0.3,4,2904.0,0,0,0.0,0,1,0.5,0.5
0.3,4,2905.0,0,0,,0,0,0.3,0.5
0.3,4,2906.0,0,0,,0,0,0.3,0.5
0.3,4,2907.0,0,0,,0,0,0.3,0.5
0.3,4,2908.0,0,0,,0,0,0.2,0.5
0.3,4,2909.0,0,0,,0,0,0.2,0.4
0.3,4,2910.0,0,0,,0,0,0.2,0.4
0.3,4,2911.0,0,0,,0,0,0.2,0.2
0.3,4,2912.0,0,1,,1,0,0.3,0.2
0.3,4,2913.0,0,0,0.12136137744573716,1,2,0.2,0.3
0.3,4,2914.0,0,0,,0,0,0.2,0.2
0.3,4,2915.0,0,0,,0,0,0.2,0.2
0.3,4,2916.0,0,0,,0,0,0.2,0.2
0.3,4,2917.0,0,0,,0,0,0.2,0.2
0.3,4,2918.0,0,0,,0,0,0.2,0.2
0.3,4,2919.0,0,0,,0,0,0.2,0.2
0.3,4,2920.0,0,0,,0,0,0.2,0.2
0.3,4,2921.0,0,0,,0,0,0.2,0.2
0.3,4,2922.0,0,1,,1,0,0.2,0.2
0.3,4,2923.0,0,1,0.0,1,1,0.2,0.1
0.3,4,2924.0,0,1,,0,0,0.2,0.1
0.3,4,2925.0,0,1,,0,0,0.2,0.1
0.3,4,2926.0,0,1,,0,0,0.2,0.1
0.3,4,2927.0,0,0,0.0,0,1,0.2,0.2
0.3,4,2928.0,0,0,,0,0,0.2,0.2
0.3,4,2929.0,0,0,,0,0,0.2,0.2
0.3,4,2930.0,0,1,,1,0,0.3,0.2
0.3,4,2931.0,0,0,0.0,0,1,0.3,0.3
0.3,4,2932.0,0,0,,0,0,0.2,0.3
0.3,4,2933.0,0,0,,0,0,0.1,0.2
0.3,4,2934.0,0,0,,0,0,0.1,0.2
0.3,4,2935.0,0,1,,1,0,0.2,0.2
0.3,4,2936.0,1,2,0.0,2,1,0.4,0.3
0.3,4,2937.0,0,0,0.5925103425101952,0,2,0.4,0.4
0.3,4,2938.0,0,0,,0,0,0.4,0.4
0.3,4,2939.0,0,0,,0,0,0.4,0.4
0.3,4,2940.0,0,0,,0,0,0.3,0.4
0.3,4,2941.0,0,0,,0,0,0.3,0.3
0.3,4,2942.0,0,0,,0,0,0.3,0.3
0.3,4,2943.0,0,0,,0,0,0.3,0.3
0.3,4,2944.0,0,0,,0,0,0.3,0.3
0.3,4,2945.0,0,0,0.0,1,1,0.3,0.4
0.3,4,2946.0,0,0,,0,0,0.1,0.3
0.3,4,2947.0,0,0,,0,0,0.1,0.1
0.3,4,2948.0,0,0,,0,0,0.1,0.1
0.3,4,2949.0,0,1,0.0,2,1,0.3,0.2
0.3,4,2950.0,0,0,0.25690075650527433,1,2,0.4,0.4
0.3,4,2951.0,0,0,,0,0,0.4,0.4
0.3,4,2952.0,1,2,,2,0,0.6,0.4
0.3,4,2953.0,0,0,0.2955971730227702,0,2,0.6,0.6
0.3,4,2954.0,0,1,,1,0,0.7,0.6
0.3,4,2955.0,0,0,0.0,0,1,0.6,0.6
0.3,4,2956.0,0,0,,0,0,0.6,0.6
0.3,4,2957.0,1,2,,2,0,0.8,0.6
0.3,4,2958.0,1,2,0.0,1,1,0.9,0.7
0.3,4,2959.0,1,2,,0,0,0.7,0.6
0.3,4,2960.0,0,1,1.0963346499479485,0,1,0.6,0.5
0.3,4,2961.0,0,1,,0,0,0.6,0.5
0.3,4,2962.0,0,1,,0,0,0.4,0.5
0.3,4,2963.0,0,1,,0,0,0.4,0.3
0.3,4,2964.0,0,0,2.2530391300133488,0,1,0.3,0.4
0.3,4,2965.0,0,0,,0,0,0.3,0.3
0.3,4,2966.0,0,1,,1,0,0.4,0.3
0.3,4,2967.0,0,0,0.0,0,1,0.2,0.4
0.3,4,2968.0,0,0,,0,0,0.1,0.3
0.3,4,2969.0,0,0,,0,0,0.1,0.3
0.3,4,2970.0,2,3,,3,0,0.4,0.2
0.3,4,2971.0,3,4,,1,0,0.5,0.2
0.3,4,2972.0,1,2,0.6400843197704944,0,2,0.5,0.4
0.3,4,2973.0,0,1,1.6380271596585771,0,1,0.5,0.5
0.3,4,2974.0,0,1,,0,0,0.5,0.4
0.3,4,2975.0,0,1,,0,0,0.5,0.4
0.3,4,2976.0,0,0,2.1871641117731997,0,1,0.4,0.5
0.3,4,2977.0,0,0,,0,0,0.4,0.4
0.3,4,2978.0,0,0,,0,0,0.4,0.4
0.3,4,2979.0,0,0,,0,0,0.4,0.4
0.3,4,2980.0,0,0,,0,0,0.1,0.4
0.3,4,2981.0,0,0,,0,0,0.0,0.4
0.3,4,2982.0,0,0,,0,0,0.0,0.2
0.3,4,2983.0,0,0,,0,0,0.0,0.1
0.3,4,2984.0,0,1,,1,0,0.1,0.1
0.3,4,2985.0,0,0,0.0,0,1,0.1,0.2
0.3,4,2986.0,0,0,,0,0,0.1,0.1
0.3,4,2987.0,0,0,,0,0,0.1,0.1
0.3,4,2988.0,0,0,0.0,1,1,0.2,0.2
0.3,4,2989.0,0,0,,0,0,0.2,0.2
0.3,4,2990.0,0,0,,0,0,0.2,0.2
0.3,4,2991.0,0,1,,1,0,0.3,0.2
0.3,4,2992.0,0,0,0.0,0,1,0.3,0.3
0.3,4,2993.0,0,0,,0,0,0.3,0.3
0.3,4,2994.0,0,0,,0,0,0.2,0.3
0.3,4,2995.0,0,0,,0,0,0.2,0.2
0.3,4,2996.0,0,0,,0,0,0.2,0.2
0.3,4,2997.0,0,1,,1,0,0.3,0.2
0.3,4,2998.0,0,1,,0,0,0.2,0.1
0.3,4,2999.0,0,0,0.0,0,1,0.2,0.2
0.3,4,3000.0,0,0,,0,0,0.2,0.2
0.3,5,1.0,0,1,,1,0,0.5,0.4
0.3,5,2.0,0,1,,0,0,0.4,0.4
0.3,5,3.0,0,1,0.0,1,1,0.4,0.4
0.3,5,4.0,0,0,0.15109614966036133,1,2,0.5,0.5
0.3,5,5.0,0,1,,1,0,0.5,0.5
0.3,5,6.0,0,0,0.0,1,2,0.5,0.7
0.3,5,7.0,0,0,0.0,1,1,0.6,0.8
0.3,5,8.0,0,0,0.0,1,1,0.7,0.7
0.3,5,9.0,0,1,,1,0,0.8,0.7
0.3,5,10.0,0,1,,0,0,0.8,0.7
0.3,5,11.0,0,0,0.0,0,1,0.7,0.8
0.3,5,12.0,0,0,,0,0,0.7,0.8
0.3,5,13.0,0,1,,1,0,0.7,0.7
0.3,5,14.0,0,0,0.0,0,1,0.6,0.6
0.3,5,15.0,0,1,,1,0,0.6,0.6
0.3,5,16.0,2,3,,2,0,0.7,0.4
0.3,5,17.0,0,0,0.8532134687079823,0,3,0.6,0.6
0.3,5,18.0,0,0,,0,0,0.5,0.5
0.3,5,19.0,0,0,,0,0,0.4,0.5
0.3,5,20.0,1,2,,2,0,0.6,0.5
0.3,5,21.0,1,2,,0,0,0.6,0.4
0.3,5,22.0,0,1,0.0,0,1,0.6,0.5
0.3,5,23.0,0,0,1.7525992358263238,0,1,0.5,0.6
0.3,5,24.0,0,0,,0,0,0.5,0.5
0.3,5,25.0,0,0,,0,0,0.4,0.5
0.3,5,26.0,0,0,,0,0,0.2,0.5
0.3,5,27.0,0,0,,0,0,0.2,0.2
0.3,5,28.0,0,0,,0,0,0.2,0.2
0.3,5,29.0,0,0,,0,0,0.2,0.2
0.3,5,30.0,0,0,,0,0,0.0,0.2
0.3,5,31.0,0,0,,0,0,0.0,0.2
0.3,5,32.0,0,0,,0,0,0.0,0.1
0.3,5,33.0,0,0,,0,0,0.0,0.0
0.3,5,34.0,0,1,,1,0,0.1,0.0
0.3,5,35.0,1,2,0.0,2,1,0.3,0.1
0.3,5,36.0,1,2,,0,0,0.3,0.1
0.3,5,37.0,0,0,1.079916963298274,0,2,0.3,0.3
0.3,5,38.0,0,0,,0,0,0.3,0.3
0.3,5,39.0,0,0,,0,0,0.3,0.3
0.3,5,40.0,0,0,,0,0,0.3,0.3
0.3,5,41.0,0,0,,0,0,0.3,0.3
0.3,5,42.0,0,0,,0,0,0.3,0.3
0.3,5,43.0,0,0,,0,0,0.3,0.3
0.3,5,44.0,0,0,,0,0,0.2,0.3
0.3,5,45.0,0,0,,0,0,0.0,0.2
0.3,5,46.0,0,0,,0,0,0.0,0.2
0.3,5,47.0,0,1,,1,0,0.1,0.0
0.3,5,48.0,0,0,0.0,0,1,0.1,0.1
0.3,5,49.0,0,0,,0,0,0.1,0.1
0.3,5,50.0,0,1,,1,0,0.2,0.1
0.3,5,51.0,0,1,,0,0,0.2,0.1
0.3,5,52.0,1,2,0.0,2,1,0.4,0.2
0.3,5,53.0,0,1,0.19995806251137083,0,1,0.4,0.3
0.3,5,54.0,0,0,0.7157652955185085,0,1,0.4,0.4
0.3,5,55.0,0,0,,0,0,0.4,0.4
0.3,5,56.0,0,0,,0,0,0.4,0.4
0.3,5,57.0,0,0,,0,0,0.3,0.4
0.3,5,58.0,0,0,0.0,1,1,0.4,0.4
0.3,5,59.0,0,0,,0,0,0.4,0.4
0.3,5,60.0,0,0,,0,0,0.3,0.4
0.3,5,61.0,0,0,0.0,1,1,0.4,0.5
0.3,5,62.0,0,0,0.0,1,1,0.3,0.5
0.3,5,63.0,0,0,,0,0,0.3,0.4
0.3,5,64.0,0,0,,0,0,0.3,0.3
0.3,5,65.0,0,0,,0,0,0.3,0.3
0.3,5,66.0,0,0,,0,0,0.3,0.3
0.3,5,67.0,0,0,,0,0,0.3,0.3
0.3,5,68.0,0,1,,1,0,0.3,0.2
0.3,5,69.0,0,1,,0,0,0.3,0.2
0.3,5,70.0,0,0,0.0,0,1,0.3,0.3
0.3,5,71.0,0,0,,0,0,0.2,0.2
0.3,5,72.0,0,0,,0,0,0.1,0.1
0.3,5,73.0,0,0,0.0,1,1,0.2,0.2
0.3,5,74.0,0,1,,1,0,0.3,0.2
0.3,5,75.0,0,1,,0,0,0.3,0.2
0.3,5,76.0,0,0,0.0,0,1,0.3,0.3
0.3,5,77.0,0,0,,0,0,0.3,0.3
0.3,5,78.0,0,1,,1,0,0.3,0.3
0.3,5,79.0,0,1,0.0,1,1,0.4,0.4
0.3,5,80.0,0,1,0.0,1,1,0.5,0.4
0.3,5,81.0,1,2,,1,0,0.6,0.4
0.3,5,82.0,0,0,0.5805347952044997,0,2,0.6,0.6
0.3,5,83.0,0,1,,1,0,0.6,0.5
0.3,5,84.0,0,0,0.0,0,1,0.5,0.6
0.3,5,85.0,0,0,0.0,1,1,0.6,0.7
0.3,5,86.0,0,0,,0,0,0.6,0.6
0.3,5,87.0,0,0,0.0,1,1,0.7,0.7
0.3,5,88.0,0,0,,0,0,0.6,0.7
0.3,5,89.0,0,0,,0,0,0.5,0.6
0.3,5,90.0,0,0,,0,0,0.4,0.5
0.3,5,91.0,0,0,,0,0,0.3,0.5
0.3,5,92.0,0,0,,0,0,0.3,0.3
0.3,5,93.0,0,0,,0,0,0.2,0.3
0.3,5,94.0,0,1,,1,0,0.3,0.2
0.3,5,95.0,0,1,,0,0,0.2,0.1
0.3,5,96.0,0,0,0.05915431278600636,1,2,0.3,0.3
0.3,5,97.0,0,0,,0,0,0.2,0.2
0.3,5,98.0,0,0,,0,0,0.2,0.2
0.3,5,99.0,0,0,,0,0,0.2,0.2
0.3,5,100.0,0,0,,0,0,0.2,0.2
0.3,5,101.0,0,0,,0,0,0.2,0.2
0.3,5,102.0,0,1,,1,0,0.3,0.2
0.3,5,103.0,0,1,0.0,1,1,0.4,0.3
0.3,5,104.0,0,0,0.0,0,1,0.3,0.4
0.3,5,105.0,0,0,,0,0,0.3,0.4
0.3,5,106.0,0,0,,0,0,0.2,0.2
0.3,5,107.0,0,0,,0,0,0.2,0.2
0.3,5,108.0,0,0,0.0,1,1,0.3,0.3
0.3,5,109.0,0,0,,0,0,0.3,0.3
0.3,5,110.0,0,0,,0,0,0.3,0.3
0.3,5,111.0,0,0,,0,0,0.3,0.3
0.3,5,112.0,0,1,,1,0,0.3,0.3
0.3,5,113.0,1,2,,1,0,0.3,0.2
0.3,5,114.0,2,3,0.0,2,1,0.5,0.2
0.3,5,115.0,1,2,1.7461538331820066,0,1,0.5,0.3
0.3,5,116.0,0,0,1.4854698466340608,0,2,0.5,0.5
0.3,5,117.0,0,0,,0,0,0.5,0.5
0.3,5,118.0,0,0,,0,0,0.4,0.4
0.3,5,119.0,0,0,,0,0,0.4,0.4
0.3,5,120.0,0,0,,0,0,0.4,0.4
0.3,5,121.0,0,0,,0,0,0.4,0.4
0.3,5,122.0,0,0,,0,0,0.3,0.4
0.3,5,123.0,0,0,0.0,1,1,0.3,0.5
0.3,5,124.0,0,0,,0,0,0.1,0.4
0.3,5,125.0,0,0,,0,0,0.1,0.3
0.3,5,126.0,0,0,,0,0,0.1,0.1
0.3,5,127.0,0,0,0.0,1,1,0.2,0.2
0.3,5,128.0,0,0,,0,0,0.2,0.2
0.3,5,129.0,0,0,,0,0,0.2,0.2
0.3,5,130.0,0,0,0.0,1,1,0.3,0.3
0.3,5,131.0,0,0,,0,0,0.3,0.3
0.3,5,132.0,0,0,,0,0,0.3,0.3
0.3,5,133.0,0,0,,0,0,0.2,0.2
0.3,5,134.0,0,0,,0,0,0.2,0.2
0.3,5,135.0,0,0,,0,0,0.2,0.2
0.3,5,136.0,0,0,,0,0,0.2,0.2
0.3,5,137.0,0,0,,0,0,0.1,0.1
0.3,5,138.0,0,0,,0,0,0.1,0.1
0.3,5,139.0,0,1,,1,0,0.2,0.1
0.3,5,140.0,0,1,0.0,1,1,0.2,0.1
0.3,5,141.0,0,0,0.0,0,1,0.2,0.2
0.3,5,142.0,0,0,,0,0,0.2,0.2
0.3,5,143.0,0,0,,0,0,0.2,0.2
0.3,5,144.0,0,0,,0,0,0.2,0.2
0.3,5,145.0,0,0,,0,0,0.2,0.2
0.3,5,146.0,1,2,,2,0,0.4,0.2
0.3,5,147.0,1,2,0.0,1,1,0.5,0.3
0.3,5,148.0,0,1,0.7642090230997951,0,1,0.5,0.4
0.3,5,149.0,0,1,,0,0,0.4,0.4
0.3,5,150.0,0,0,1.459106920689237,0,1,0.3,0.4
0.3,5,151.0,0,0,,0,0,0.3,0.3
0.3,5,152.0,0,0,,0,0,0.3,0.3
0.3,5,153.0,0,0,,0,0,0.3,0.3
0.3,5,154.0,0,0,,0,0,0.3,0.3
0.3,5,155.0,0,0,,0,0,0.3,0.3
0.3,5,156.0,0,0,,0,0,0.1,0.3
0.3,5,157.0,0,0,,0,0,0.0,0.2
0.3,5,158.0,1,2,,2,0,0.2,0.1
0.3,5,159.0,0,1,0.0,0,1,0.2,0.2
0.3,5,160.0,0,1,,0,0,0.2,0.1
0.3,5,161.0,1,2,,1,0,0.3,0.1
0.3,5,162.0,0,1,0.24468849799359305,0,1,0.3,0.2
0.3,5,163.0,0,0,0.5745170876844554,0,1,0.3,0.3
0.3,5,164.0,0,1,,1,0,0.4,0.3
0.3,5,165.0,0,0,0.0,0,1,0.4,0.4
0.3,5,166.0,0,0,,0,0,0.4,0.4
0.3,5,167.0,0,0,,0,0,0.4,0.4
0.3,5,168.0,0,1,,1,0,0.3,0.4
0.3,5,169.0,0,0,0.0,0,1,0.3,0.4
0.3,5,170.0,0,1,,1,0,0.4,0.4
0.3,5,171.0,0,1,,0,0,0.3,0.4
0.3,5,172.0,0,0,0.0,0,1,0.3,0.4
0.3,5,173.0,0,0,,0,0,0.3,0.3
0.3,5,174.0,0,0,0.0,1,1,0.3,0.4
0.3,5,175.0,0,1,,1,0,0.4,0.3
0.3,5,176.0,0,0,0.0,0,1,0.4,0.4
0.3,5,177.0,0,0,0.0,1,1,0.5,0.5
0.3,5,178.0,0,0,,0,0,0.4,0.5
0.3,5,179.0,0,0,,0,0,0.4,0.4
0.3,5,180.0,0,1,,1,0,0.4,0.4
0.3,5,181.0,0,0,0.0,0,1,0.4,0.5
0.3,5,182.0,0,1,,1,0,0.5,0.4
0.3,5,183.0,0,1,,0,0,0.5,0.4
0.3,5,184.0,0,0,0.0371668256023554,1,2,0.5,0.5
0.3,5,185.0,0,0,,0,0,0.4,0.5
0.3,5,186.0,0,0,,0,0,0.4,0.4
0.3,5,187.0,0,0,,0,0,0.3,0.3
0.3,5,188.0,0,0,,0,0,0.3,0.3
0.3,5,189.0,0,0,,0,0,0.3,0.3
0.3,5,190.0,0,0,0.0,1,1,0.3,0.4
0.3,5,191.0,0,0,,0,0,0.3,0.3
0.3,5,192.0,0,0,,0,0,0.2,0.3
0.3,5,193.0,0,0,,0,0,0.2,0.3
0.3,5,194.0,0,0,,0,0,0.1,0.1
0.3,5,195.0,0,0,,0,0,0.1,0.1
0.3,5,196.0,0,0,,0,0,0.1,0.1
0.3,5,197.0,1,2,,2,0,0.3,0.1
0.3,5,198.0,1,2,,0,0,0.3,0.1
0.3,5,199.0,0,1,0.6838082105585386,1,2,0.4,0.3
0.3,5,200.0,0,0,0.015421441233570476,0,1,0.3,0.3
0.3,5,201.0,0,0,,0,0,0.3,0.3
0.3,5,202.0,0,0,0.0,1,1,0.4,0.4
0.3,5,203.0,0,0,,0,0,0.4,0.4
0.3,5,204.0,0,0,,0,0,0.4,0.4
0.3,5,205.0,0,0,,0,0,0.4,0.4
0.3,5,206.0,0,0,,0,0,0.4,0.4
0.3,5,207.0,0,0,,0,0,0.2,0.4
0.3,5,208.0,0,0,,0,0,0.2,0.4
0.3,5,209.0,0,1,,1,0,0.2,0.2
0.3,5,210.0,0,0,0.0,0,1,0.2,0.2
0.3,5,211.0,0,0,,0,0,0.2,0.2
0.3,5,212.0,0,0,,0,0,0.1,0.1
0.3,5,213.0,0,0,,0,0,0.1,0.1
0.3,5,214.0,0,0,,0,0,0.1,0.1
0.3,5,215.0,0,0,,0,0,0.1,0.1
0.3,5,216.0,0,0,,0,0,0.1,0.1
0.3,5,217.0,0,0,,0,0,0.1,0.1
0.3,5,218.0,0,0,,0,0,0.1,0.1
0.3,5,219.0,0,0,,0,0,0.0,0.1
0.3,5,220.0,0,0,0.0,1,1,0.1,0.1
0.3,5,221.0,0,0,,0,0,0.1,0.1
0.3,5,222.0,0,0,,0,0,0.1,0.1
0.3,5,223.0,0,0,,0,0,0.1,0.1
0.3,5,224.0,0,1,,1,0,0.2,0.1
0.3,5,225.0,0,0,0.0,0,1,0.2,0.2
0.3,5,226.0,0,0,,0,0,0.2,0.2
0.3,5,227.0,0,0,,0,0,0.2,0.2
0.3,5,228.0,0,0,,0,0,0.2,0.2
0.3,5,229.0,0,0,,0,0,0.2,0.2
0.3,5,230.0,0,0,,0,0,0.1,0.1
0.3,5,231.0,0,0,,0,0,0.1,0.1
0.3,5,232.0,0,0,0.0,1,1,0.2,0.2
0.3,5,233.0,0,0,,0,0,0.2,0.2
0.3,5,234.0,0,0,,0,0,0.1,0.2
0.3,5,235.0,0,0,,0,0,0.1,0.1
0.3,5,236.0,0,0,,0,0,0.1,0.1
0.3,5,237.0,0,0,,0,0,0.1,0.1
0.3,5,238.0,0,0,,0,0,0.1,0.1
0.3,5,239.0,0,0,,0,0,0.1,0.1
0.3,5,240.0,0,0,,0,0,0.1,0.1
0.3,5,241.0,0,0,,0,0,0.1,0.1
0.3,5,242.0,0,0,,0,0,0.0,0.0
0.3,5,243.0,0,1,0.0,2,1,0.2,0.1
0.3,5,244.0,0,1,,0,0,0.2,0.1
0.3,5,245.0,0,1,,0,0,0.2,0.1
0.3,5,246.0,0,0,0.06379296345255625,1,2,0.3,0.3
0.3,5,247.0,0,0,,0,0,0.3,0.3
0.3,5,248.0,0,0,,0,0,0.3,0.3
0.3,5,249.0,0,0,,0,0,0.3,0.3
0.3,5,250.0,0,1,,1,0,0.4,0.3
0.3,5,251.0,0,1,,0,0,0.4,0.3
0.3,5,252.0,0,0,0.0,0,1,0.4,0.4
0.3,5,253.0,0,0,,0,0,0.2,0.3
0.3,5,254.0,0,0,,0,0,0.2,0.3
0.3,5,255.0,0,0,0.0,1,1,0.3,0.4
0.3,5,256.0,0,0,,0,0,0.2,0.2
0.3,5,257.0,0,0,,0,0,0.2,0.2
0.3,5,258.0,0,0,,0,0,0.2,0.2
0.3,5,259.0,0,0,,0,0,0.2,0.2
0.3,5,260.0,0,0,,0,0,0.1,0.2
0.3,5,261.0,0,0,,0,0,0.1,0.2
0.3,5,262.0,0,0,,0,0,0.1,0.1
0.3,5,263.0,0,0,,0,0,0.1,0.1
0.3,5,264.0,0,0,,0,0,0.1,0.1
0.3,5,265.0,0,1,,1,0,0.1,0.0
0.3,5,266.0,0,0,0.0,0,1,0.1,0.1
0.3,5,267.0,0,0,,0,0,0.1,0.1
0.3,5,268.0,0,0,,0,0,0.1,0.1
0.3,5,269.0,0,0,,0,0,0.1,0.1
0.3,5,270.0,0,0,,0,0,0.1,0.1
0.3,5,271.0,0,0,,0,0,0.1,0.1
0.3,5,272.0,0,0,,0,0,0.1,0.1
0.3,5,273.0,0,1,,1,0,0.2,0.1
0.3,5,274.0,0,1,,0,0,0.2,0.1
0.3,5,275.0,0,0,0.0,0,1,0.1,0.2
0.3,5,276.0,0,0,,0,0,0.1,0.1
0.3,5,277.0,0,0,,0,0,0.1,0.1
0.3,5,278.0,0,0,,0,0,0.1,0.1
0.3,5,279.0,0,0,0.0,1,1,0.2,0.2
0.3,5,280.0,0,0,,0,0,0.2,0.2
0.3,5,281.0,0,0,,0,0,0.2,0.2
0.3,5,282.0,0,0,,0,0,0.2,0.2
0.3,5,283.0,0,0,,0,0,0.1,0.2
0.3,5,284.0,0,0,,0,0,0.1,0.2
0.3,5,285.0,0,0,,0,0,0.1,0.1
0.3,5,286.0,0,0,,0,0,0.1,0.1
0.3,5,287.0,0,0,,0,0,0.1,0.1
0.3,5,288.0,0,0,,0,0,0.1,0.1
0.3,5,289.0,0,0,,0,0,0.0,0.0
0.3,5,290.0,0,0,,0,0,0.0,0.0
0.3,5,291.0,0,0,,0,0,0.0,0.0
0.3,5,292.0,0,0,0.0,1,1,0.1,0.1
0.3,5,293.0,0,0,,0,0,0.1,0.1
0.3,5,294.0,0,0,,0,0,0.1,0.1
0.3,5,295.0,0,0,,0,0,0.1,0.1
0.3,5,296.0,0,0,,0,0,0.1,0.1
0.3,5,297.0,0,0,,0,0,0.1,0.1
0.3,5,298.0,0,0,,0,0,0.1,0.1
0.3,5,299.0,0,0,,0,0,0.1,0.1
0.3,5,300.0,0,1,,1,0,0.2,0.1
0.3,5,301.0,0,0,0.0,0,1,0.2,0.2
0.3,5,302.0,1,2,,2,0,0.3,0.1
0.3,5,303.0,1,2,,0,0,0.3,0.1
0.3,5,304.0,0,1,0.6667651611641077,1,2,0.4,0.3
0.3,5,305.0,0,1,,0,0,0.4,0.3
0.3,5,306.0,0,0,0.0,0,1,0.4,0.4
0.3,5,307.0,0,0,,0,0,0.4,0.4
0.3,5,308.0,0,1,,1,0,0.5,0.4
0.3,5,309.0,0,0,0.0,0,1,0.5,0.5
0.3,5,310.0,0,0,,0,0,0.4,0.5
0.3,5,311.0,0,0,,0,0,0.4,0.4
0.3,5,312.0,0,0,,0,0,0.2,0.4
0.3,5,313.0,0,0,,0,0,0.2,0.4
0.3,5,314.0,0,0,,0,0,0.1,0.2
0.3,5,315.0,0,0,,0,0,0.1,0.2
0.3,5,316.0,0,0,0.0,1,1,0.2,0.2
0.3,5,317.0,0,0,,0,0,0.2,0.2
0.3,5,318.0,0,0,,0,0,0.1,0.2
0.3,5,319.0,0,0,,0,0,0.1,0.1
0.3,5,320.0,0,0,,0,0,0.1,0.1
0.3,5,321.0,0,1,,1,0,0.2,0.1
0.3,5,322.0,0,0,0.0,0,1,0.2,0.2
0.3,5,323.0,0,0,,0,0,0.2,0.2
0.3,5,324.0,0,0,,0,0,0.2,0.2
0.3,5,325.0,0,0,,0,0,0.2,0.2
0.3,5,326.0,0,0,,0,0,0.1,0.1
0.3,5,327.0,0,0,,0,0,0.1,0.1
0.3,5,328.0,0,0,,0,0,0.1,0.1
0.3,5,329.0,0,1,,1,0,0.2,0.1
0.3,5,330.0,0,0,0.0,0,1,0.2,0.2
0.3,5,331.0,0,0,,0,0,0.1,0.2
0.3,5,332.0,0,0,,0,0,0.1,0.1
0.3,5,333.0,0,0,,0,0,0.1,0.1
0.3,5,334.0,0,0,,0,0,0.1,0.1
0.3,5,335.0,0,0,,0,0,0.1,0.1
0.3,5,336.0,0,0,0.0,1,1,0.2,0.2
0.3,5,337.0,0,0,,0,0,0.2,0.2
0.3,5,338.0,0,0,,0,0,0.2,0.2
0.3,5,339.0,0,0,,0,0,0.1,0.2
0.3,5,340.0,0,1,,1,0,0.2,0.1
0.3,5,341.0,0,0,0.0,0,1,0.2,0.2
0.3,5,342.0,0,0,,0,0,0.2,0.2
0.3,5,343.0,0,1,0.0,2,1,0.4,0.3
0.3,5,344.0,0,1,,0,0,0.4,0.3
0.3,5,345.0,0,0,0.0,0,1,0.4,0.4
0.3,5,346.0,0,1,,1,0,0.4,0.3
0.3,5,347.0,1,2,0.0,2,1,0.6,0.4
0.3,5,348.0,0,1,0.3403756404784417,0,1,0.6,0.5
0.3,5,349.0,0,1,0.5193237082763744,1,1,0.7,0.6
0.3,5,350.0,0,0,0.0,0,1,0.6,0.7
0.3,5,351.0,0,0,,0,0,0.6,0.6
0.3,5,352.0,0,1,,1,0,0.7,0.6
0.3,5,353.0,2,3,0.0,3,1,0.8,0.6
0.3,5,354.0,2,3,0.0,1,1,0.9,0.7
0.3,5,355.0,1,2,0.956197185338624,0,1,0.9,0.7
0.3,5,356.0,1,2,,0,0,0.8,0.7
0.3,5,357.0,1,2,,0,0,0.6,0.6
0.3,5,358.0,0,1,1.9977322161876145,0,1,0.6,0.6
0.3,5,359.0,0,0,4.375971915368382,0,1,0.5,0.6
0.3,5,360.0,0,0,0.0,1,1,0.6,0.6
0.3,5,361.0,0,0,,0,0,0.6,0.6
0.3,5,362.0,0,0,,0,0,0.5,0.6
0.3,5,363.0,0,0,,0,0,0.2,0.5
0.3,5,364.0,0,0,,0,0,0.1,0.4
0.3,5,365.0,0,1,,1,0,0.2,0.3
0.3,5,366.0,0,0,0.0,0,1,0.2,0.4
0.3,5,367.0,0,0,,0,0,0.2,0.4
0.3,5,368.0,0,0,,0,0,0.2,0.3
0.3,5,369.0,0,0,0.0,1,1,0.3,0.3
0.3,5,370.0,0,0,,0,0,0.2,0.2
0.3,5,371.0,0,1,,1,0,0.3,0.2
0.3,5,372.0,0,1,,0,0,0.3,0.2
0.3,5,373.0,0,0,0.0,0,1,0.3,0.3
0.3,5,374.0,0,0,,0,0,0.3,0.3
0.3,5,375.0,0,0,,0,0,0.2,0.3
0.3,5,376.0,0,0,,0,0,0.2,0.2
0.3,5,377.0,0,0,,0,0,0.2,0.2
0.3,5,378.0,0,0,0.19682722873187686,2,2,0.4,0.4
0.3,5,379.0,0,0,,0,0,0.3,0.3
0.3,5,380.0,0,0,,0,0,0.3,0.3
0.3,5,381.0,0,0,,0,0,0.2,0.3
0.3,5,382.0,0,0,,0,0,0.2,0.3
0.3,5,383.0,0,0,,0,0,0.2,0.2
0.3,5,384.0,0,0,,0,0,0.2,0.2
0.3,5,385.0,0,0,,0,0,0.2,0.2
0.3,5,386.0,0,1,,1,0,0.3,0.2
0.3,5,387.0,1,2,,1,0,0.4,0.2
0.3,5,388.0,0,1,0.0,0,1,0.2,0.1
0.3,5,389.0,0,0,0.824419306505888,0,1,0.2,0.2
0.3,5,390.0,0,0,,0,0,0.2,0.2
0.3,5,391.0,0,0,,0,0,0.2,0.2
0.3,5,392.0,0,0,,0,0,0.2,0.2
0.3,5,393.0,0,0,,0,0,0.2,0.2
0.3,5,394.0,0,0,,0,0,0.2,0.2
0.3,5,395.0,0,1,,1,0,0.3,0.2
0.3,5,396.0,0,0,0.0,0,1,0.2,0.3
0.3,5,397.0,0,0,,0,0,0.1,0.3
0.3,5,398.0,0,0,,0,0,0.1,0.2
0.3,5,399.0,0,0,,0,0,0.1,0.1
0.3,5,400.0,0,0,,0,0,0.1,0.1
0.3,5,401.0,0,0,,0,0,0.1,0.1
0.3,5,402.0,0,0,,0,0,0.1,0.1
0.3,5,403.0,0,0,,0,0,0.1,0.1
0.3,5,404.0,0,0,,0,0,0.1,0.1
0.3,5,405.0,0,0,,0,0,0.0,0.1
0.3,5,406.0,0,1,,1,0,0.1,0.0
0.3,5,407.0,0,1,,0,0,0.1,0.0
0.3,5,408.0,2,3,,2,0,0.3,0.0
0.3,5,409.0,0,1,0.6810332487313531,0,2,0.3,0.2
0.3,5,410.0,0,1,,0,0,0.3,0.2
0.3,5,411.0,0,0,1.426732489654455,0,1,0.3,0.3
0.3,5,412.0,0,1,,1,0,0.4,0.3
0.3,5,413.0,1,2,,1,0,0.5,0.3
0.3,5,414.0,0,1,0.19299588815266588,1,2,0.6,0.5
0.3,5,415.0,2,3,,2,0,0.8,0.5
0.3,5,416.0,0,0,0.8458484172400631,0,3,0.7,0.8
0.3,5,417.0,0,0,,0,0,0.7,0.8
0.3,5,418.0,0,0,,0,0,0.5,0.8
0.3,5,419.0,0,0,,0,0,0.5,0.6
0.3,5,420.0,0,0,,0,0,0.5,0.6
0.3,5,421.0,0,0,,0,0,0.5,0.5
0.3,5,422.0,0,0,,0,0,0.4,0.5
0.3,5,423.0,0,0,,0,0,0.3,0.5
0.3,5,424.0,0,0,,0,0,0.2,0.3
0.3,5,425.0,0,0,,0,0,0.0,0.3
0.3,5,426.0,0,0,,0,0,0.0,0.0
0.3,5,427.0,0,0,,0,0,0.0,0.0
0.3,5,428.0,0,0,,0,0,0.0,0.0
0.3,5,429.0,0,0,,0,0,0.0,0.0
0.3,5,430.0,0,0,,0,0,0.0,0.0
0.3,5,431.0,0,0,,0,0,0.0,0.0
0.3,5,432.0,0,0,,0,0,0.0,0.0
0.3,5,433.0,0,1,,1,0,0.1,0.0
0.3,5,434.0,1,2,,1,0,0.2,0.0
0.3,5,435.0,0,0,0.4080594611143624,0,2,0.2,0.2
0.3,5,436.0,0,1,0.0,2,1,0.4,0.3
0.3,5,437.0,0,0,0.4284299697096685,0,1,0.4,0.4
0.3,5,438.0,0,0,,0,0,0.4,0.4
0.3,5,439.0,0,0,,0,0,0.4,0.4
0.3,5,440.0,0,0,,0,0,0.4,0.4
0.3,5,441.0,0,1,,1,0,0.5,0.4
0.3,5,442.0,1,2,,1,0,0.6,0.4
0.3,5,443.0,0,0,0.6573925962827616,0,2,0.5,0.6
0.3,5,444.0,0,0,0.0,1,1,0.5,0.7
0.3,5,445.0,0,0,,0,0,0.5,0.5
0.3,5,446.0,0,0,,0,0,0.3,0.4
0.3,5,447.0,0,1,,1,0,0.4,0.3
0.3,5,448.0,0,0,0.0,0,1,0.4,0.4
0.3,5,449.0,0,1,,1,0,0.5,0.4
0.3,5,450.0,0,1,0.0,1,1,0.6,0.5
0.3,5,451.0,0,0,0.42825963028212755,0,1,0.5,0.6
0.3,5,452.0,0,0,,0,0,0.4,0.6
0.3,5,453.0,0,0,,0,0,0.4,0.4
0.3,5,454.0,0,0,0.0,1,1,0.4,0.4
0.3,5,455.0,0,1,,1,0,0.5,0.4
0.3,5,456.0,0,0,0.0,0,1,0.5,0.5
0.3,5,457.0,0,0,,0,0,0.4,0.5
0.3,5,458.0,0,0,,0,0,0.4,0.4
0.3,5,459.0,0,0,,0,0,0.3,0.4
0.3,5,460.0,0,1,,1,0,0.3,0.3
0.3,5,461.0,0,1,,0,0,0.3,0.2
0.3,5,462.0,0,1,0.0,1,1,0.4,0.3
0.3,5,463.0,0,1,0.3671648352150214,1,1,0.5,0.4
0.3,5,464.0,0,0,0.0,0,1,0.4,0.4
0.3,5,465.0,0,1,,1,0,0.4,0.4
0.3,5,466.0,0,0,0.0,0,1,0.4,0.4
0.3,5,467.0,0,0,,0,0,0.4,0.4
0.3,5,468.0,0,0,,0,0,0.4,0.4
0.3,5,469.0,0,0,,0,0,0.4,0.4
0.3,5,470.0,0,0,,0,0,0.3,0.4
0.3,5,471.0,0,1,,1,0,0.4,0.4
0.3,5,472.0,0,0,0.0,0,1,0.3,0.4
0.3,5,473.0,0,0,,0,0,0.2,0.3
0.3,5,474.0,0,0,,0,0,0.2,0.2
0.3,5,475.0,0,0,,0,0,0.1,0.2
0.3,5,476.0,0,0,,0,0,0.1,0.1
0.3,5,477.0,0,0,,0,0,0.1,0.1
0.3,5,478.0,0,0,,0,0,0.1,0.1
0.3,5,479.0,0,0,,0,0,0.1,0.1
0.3,5,480.0,0,0,,0,0,0.1,0.1
0.3,5,481.0,0,0,,0,0,0.0,0.1
0.3,5,482.0,0,1,,1,0,0.1,0.0
0.3,5,483.0,0,1,,0,0,0.1,0.0
0.3,5,484.0,1,2,,1,0,0.2,0.0
0.3,5,485.0,0,1,0.3383494006436081,1,2,0.3,0.2
0.3,5,486.0,0,1,,0,0,0.3,0.2
0.3,5,487.0,0,0,0.507788411486672,0,1,0.3,0.3
0.3,5,488.0,0,0,,0,0,0.3,0.3
0.3,5,489.0,0,0,,0,0,0.3,0.3
0.3,5,490.0,0,0,,0,0,0.3,0.3
0.3,5,491.0,0,0,,0,0,0.3,0.3
0.3,5,492.0,0,0,,0,0,0.2,0.3
0.3,5,493.0,0,1,,1,0,0.3,0.3
0.3,5,494.0,0,1,,0,0,0.2,0.3
0.3,5,495.0,0,1,,0,0,0.1,0.1
0.3,5,496.0,0,0,0.0,0,1,0.1,0.2
0.3,5,497.0,0,0,,0,0,0.1,0.1
0.3,5,498.0,0,0,,0,0,0.1,0.1
0.3,5,499.0,0,1,,1,0,0.2,0.1
0.3,5,500.0,2,3,,2,0,0.4,0.1
0.3,5,501.0,2,3,,0,0,0.4,0.1
0.3,5,502.0,3,4,,1,0,0.5,0.1
0.3,5,503.0,3,4,,0,0,0.4,0.1
0.3,5,504.0,1,2,2.106500681223622,0,2,0.4,0.3
0.3,5,505.0,1,2,3.7158505417313563,1,1,0.5,0.4
0.3,5,506.0,1,2,,0,0,0.5,0.3
0.3,5,507.0,0,1,2.9148429869148913,0,1,0.5,0.4
0.3,5,508.0,0,0,2.2830806921311932,0,1,0.5,0.5
0.3,5,509.0,0,0,,0,0,0.4,0.5
0.3,5,510.0,0,0,,0,0,0.2,0.5
0.3,5,511.0,0,0,,0,0,0.2,0.5
0.3,5,512.0,0,1,,1,0,0.2,0.5
0.3,5,513.0,0,0,0.0,0,1,0.2,0.6
0.3,5,514.0,0,0,,0,0,0.2,0.4
0.3,5,515.0,0,1,,1,0,0.2,0.3
0.3,5,516.0,0,1,0.2095066073723615,2,2,0.4,0.5
0.3,5,517.0,0,1,,0,0,0.4,0.4
0.3,5,518.0,1,2,,1,0,0.5,0.3
0.3,5,519.0,1,2,0.180974730430421,1,1,0.6,0.4
0.3,5,520.0,1,2,0.5688461163293823,1,1,0.7,0.5
0.3,5,521.0,1,2,,0,0,0.7,0.5
0.3,5,522.0,1,2,,0,0,0.6,0.5
0.3,5,523.0,0,0,1.5272641944070529,0,2,0.6,0.6
0.3,5,524.0,0,0,,0,0,0.6,0.6
0.3,5,525.0,0,1,,1,0,0.6,0.6
0.3,5,526.0,0,0,0.0,0,1,0.4,0.5
0.3,5,527.0,0,0,,0,0,0.4,0.5
0.3,5,528.0,0,0,,0,0,0.3,0.5
0.3,5,529.0,0,0,,0,0,0.2,0.4
0.3,5,530.0,0,0,,0,0,0.1,0.3
0.3,5,531.0,0,0,,0,0,0.1,0.3
0.3,5,532.0,0,0,,0,0,0.1,0.3
0.3,5,533.0,0,0,,0,0,0.1,0.1
0.3,5,534.0,0,0,,0,0,0.1,0.1
0.3,5,535.0,0,0,,0,0,0.0,0.1
0.3,5,536.0,0,0,,0,0,0.0,0.0
0.3,5,537.0,0,0,0.0,1,1,0.1,0.1
0.3,5,538.0,0,0,,0,0,0.1,0.1
0.3,5,539.0,0,0,,0,0,0.1,0.1
0.3,5,540.0,0,1,,1,0,0.2,0.1
0.3,5,541.0,0,0,0.0,0,1,0.2,0.2
0.3,5,542.0,0,1,,1,0,0.3,0.2
0.3,5,543.0,2,3,,2,0,0.5,0.2
0.3,5,544.0,1,2,0.5401201972222793,1,2,0.6,0.4
0.3,5,545.0,0,1,0.6329473244059045,0,1,0.6,0.5
0.3,5,546.0,1,2,1.0674553630952914,2,1,0.8,0.6
0.3,5,547.0,0,0,0.6087070711334377,0,2,0.7,0.7
0.3,5,548.0,0,0,,0,0,0.7,0.7
0.3,5,549.0,0,0,,0,0,0.7,0.7
0.3,5,550.0,0,0,0.0,1,1,0.7,0.8
0.3,5,551.0,0,0,,0,0,0.7,0.7
0.3,5,552.0,0,0,,0,0,0.6,0.7
0.3,5,553.0,0,0,,0,0,0.4,0.7
0.3,5,554.0,0,0,,0,0,0.3,0.5
0.3,5,555.0,0,0,,0,0,0.3,0.4
0.3,5,556.0,0,1,,1,0,0.2,0.3
0.3,5,557.0,0,1,,0,0,0.2,0.1
0.3,5,558.0,0,1,0.0,1,1,0.3,0.2
0.3,5,559.0,0,0,0.0,1,2,0.4,0.4
0.3,5,560.0,0,1,,1,0,0.4,0.3
0.3,5,561.0,0,0,0.1877145614962501,1,2,0.5,0.5
0.3,5,562.0,0,0,,0,0,0.5,0.5
0.3,5,563.0,0,0,,0,0,0.5,0.5
0.3,5,564.0,0,1,,1,0,0.6,0.5
0.3,5,565.0,0,0,0.0,0,1,0.6,0.6
0.3,5,566.0,0,0,,0,0,0.5,0.6
0.3,5,567.0,0,0,,0,0,0.5,0.6
0.3,5,568.0,0,0,,0,0,0.4,0.5
0.3,5,569.0,0,0,,0,0,0.3,0.3
0.3,5,570.0,0,0,,0,0,0.2,0.3
0.3,5,571.0,0,0,,0,0,0.1,0.1
0.3,5,572.0,0,0,,0,0,0.1,0.1
0.3,5,573.0,0,0,0.0,1,1,0.2,0.2
0.3,5,574.0,0,0,,0,0,0.1,0.2
0.3,5,575.0,0,0,,0,0,0.1,0.1
0.3,5,576.0,0,0,,0,0,0.1,0.1
0.3,5,577.0,0,1,,1,0,0.2,0.1
0.3,5,578.0,2,3,,2,0,0.4,0.1
0.3,5,579.0,2,3,,0,0,0.4,0.1
0.3,5,580.0,1,2,0.0,0,1,0.4,0.2
0.3,5,581.0,0,0,1.5973641143133932,0,2,0.4,0.4
0.3,5,582.0,0,0,,0,0,0.4,0.4
0.3,5,583.0,0,0,,0,0,0.3,0.3
0.3,5,584.0,0,0,,0,0,0.3,0.3
0.3,5,585.0,0,0,,0,0,0.3,0.3
0.3,5,586.0,0,0,,0,0,0.3,0.3
0.3,5,587.0,0,0,,0,0,0.2,0.3
0.3,5,588.0,0,0,,0,0,0.0,0.3
0.3,5,589.0,0,0,,0,0,0.0,0.3
0.3,5,590.0,0,0,,0,0,0.0,0.2
0.3,5,591.0,0,1,,1,0,0.1,0.0
0.3,5,592.0,0,0,0.0,0,1,0.1,0.1
0.3,5,593.0,0,1,,1,0,0.2,0.1
0.3,5,594.0,0,0,0.0,0,1,0.2,0.2
0.3,5,595.0,0,0,,0,0,0.2,0.2
0.3,5,596.0,0,0,,0,0,0.2,0.2
0.3,5,597.0,0,0,,0,0,0.2,0.2
0.3,5,598.0,0,0,,0,0,0.2,0.2
0.3,5,599.0,0,0,,0,0,0.2,0.2
0.3,5,600.0,0,0,,0,0,0.2,0.2
0.3,5,601.0,0,0,,0,0,0.1,0.2
0.3,5,602.0,0,0,,0,0,0.1,0.1
0.3,5,603.0,0,0,,0,0,0.0,0.1
0.3,5,604.0,0,0,,0,0,0.0,0.0
0.3,5,605.0,0,1,0.0,2,1,0.2,0.1
0.3,5,606.0,1,2,,1,0,0.3,0.1
0.3,5,607.0,0,0,0.2569547793838562,1,3,0.4,0.4
0.3,5,608.0,0,0,,0,0,0.4,0.4
0.3,5,609.0,0,0,,0,0,0.4,0.4
0.3,5,610.0,0,0,,0,0,0.4,0.4
0.3,5,611.0,0,0,,0,0,0.4,0.4
0.3,5,612.0,0,0,,0,0,0.4,0.4
0.3,5,613.0,0,0,,0,0,0.4,0.4
0.3,5,614.0,0,0,0.0,1,1,0.5,0.5
0.3,5,615.0,0,0,0.0,1,1,0.4,0.5
0.3,5,616.0,0,0,,0,0,0.3,0.5
0.3,5,617.0,0,0,,0,0,0.2,0.2
0.3,5,618.0,0,0,,0,0,0.2,0.2
0.3,5,619.0,0,1,,1,0,0.3,0.2
0.3,5,620.0,0,1,0.0,1,1,0.4,0.3
0.3,5,621.0,1,2,,1,0,0.5,0.3
0.3,5,622.0,1,2,0.0,1,1,0.6,0.4
0.3,5,623.0,0,1,0.7820005657849833,0,1,0.6,0.5
0.3,5,624.0,0,1,0.8203098043933323,1,1,0.6,0.5
0.3,5,625.0,0,1,,0,0,0.5,0.4
0.3,5,626.0,0,0,0.0,0,1,0.5,0.5
0.3,5,627.0,0,1,,1,0,0.6,0.5
0.3,5,628.0,0,0,0.0,0,1,0.6,0.6
0.3,5,629.0,0,0,,0,0,0.5,0.6
0.3,5,630.0,0,1,,1,0,0.5,0.5
0.3,5,631.0,0,0,0.0,0,1,0.4,0.6
0.3,5,632.0,0,0,,0,0,0.3,0.5
0.3,5,633.0,0,0,,0,0,0.3,0.4
0.3,5,634.0,0,0,,0,0,0.2,0.3
0.3,5,635.0,0,0,,0,0,0.2,0.3
0.3,5,636.0,0,0,,0,0,0.2,0.2
0.3,5,637.0,0,0,,0,0,0.1,0.2
0.3,5,638.0,0,0,,0,0,0.1,0.1
0.3,5,639.0,0,0,,0,0,0.1,0.1
0.3,5,640.0,0,1,0.0,2,1,0.2,0.2
0.3,5,641.0,0,1,0.0,1,1,0.3,0.2
0.3,5,642.0,0,1,,0,0,0.3,0.2
0.3,5,643.0,0,0,0.08119863589752185,0,1,0.3,0.3
0.3,5,644.0,0,0,,0,0,0.3,0.3
0.3,5,645.0,0,0,,0,0,0.3,0.3
0.3,5,646.0,0,0,,0,0,0.3,0.3
0.3,5,647.0,0,1,,1,0,0.4,0.3
0.3,5,648.0,2,3,,2,0,0.6,0.3
0.3,5,649.0,2,3,,0,0,0.6,0.3
0.3,5,650.0,2,3,0.0,1,1,0.5,0.3
0.3,5,651.0,2,3,,0,0,0.4,0.2
0.3,5,652.0,0,1,2.492438871463662,0,2,0.4,0.4
0.3,5,653.0,0,0,2.292558344339568,0,1,0.4,0.4
0.3,5,654.0,0,0,,0,0,0.4,0.4
0.3,5,655.0,0,0,0.0,1,1,0.5,0.5
0.3,5,656.0,0,0,,0,0,0.5,0.5
0.3,5,657.0,0,0,,0,0,0.4,0.5
0.3,5,658.0,0,0,,0,0,0.2,0.5
0.3,5,659.0,0,0,,0,0,0.2,0.5
0.3,5,660.0,0,0,,0,0,0.1,0.4
0.3,5,661.0,0,0,,0,0,0.1,0.4
0.3,5,662.0,0,1,,1,0,0.2,0.2
0.3,5,663.0,0,0,0.0,0,1,0.2,0.2
0.3,5,664.0,0,1,,1,0,0.3,0.2
0.3,5,665.0,0,1,,0,0,0.2,0.1
0.3,5,666.0,0,0,0.0,0,1,0.2,0.2
0.3,5,667.0,0,0,,0,0,0.2,0.2
0.3,5,668.0,0,0,,0,0,0.2,0.2
0.3,5,669.0,0,0,,0,0,0.2,0.2
0.3,5,670.0,0,0,,0,0,0.2,0.2
0.3,5,671.0,0,0,,0,0,0.2,0.2
0.3,5,672.0,0,0,,0,0,0.1,0.2
0.3,5,673.0,0,0,,0,0,0.1,0.1
0.3,5,674.0,0,0,,0,0,0.0,0.1
0.3,5,675.0,0,0,,0,0,0.0,0.1
0.3,5,676.0,0,0,,0,0,0.0,0.0
0.3,5,677.0,0,0,,0,0,0.0,0.0
0.3,5,678.0,0,0,,0,0,0.0,0.0
0.3,5,679.0,0,0,,0,0,0.0,0.0
0.3,5,680.0,0,0,,0,0,0.0,0.0
0.3,5,681.0,0,0,,0,0,0.0,0.0
0.3,5,682.0,0,1,,1,0,0.1,0.0
0.3,5,683.0,0,0,0.0,0,1,0.1,0.1
0.3,5,684.0,0,1,,1,0,0.2,0.1
0.3,5,685.0,0,1,,0,0,0.2,0.1
0.3,5,686.0,1,2,,1,0,0.3,0.1
0.3,5,687.0,0,0,0.30205126328047527,0,2,0.3,0.3
0.3,5,688.0,0,0,,0,0,0.3,0.3
0.3,5,689.0,0,0,,0,0,0.3,0.3
0.3,5,690.0,0,0,,0,0,0.3,0.3
0.3,5,691.0,0,0,,0,0,0.3,0.3
0.3,5,692.0,0,0,,0,0,0.2,0.3
0.3,5,693.0,0,0,,0,0,0.2,0.2
0.3,5,694.0,0,0,,0,0,0.1,0.2
0.3,5,695.0,0,0,,0,0,0.1,0.2
0.3,5,696.0,0,0,,0,0,0.0,0.2
0.3,5,697.0,0,0,,0,0,0.0,0.0
0.3,5,698.0,0,0,,0,0,0.0,0.0
0.3,5,699.0,0,0,0.0,1,1,0.1,0.1
0.3,5,700.0,0,0,0.0,1,1,0.2,0.2
0.3,5,701.0,0,0,,0,0,0.2,0.2
0.3,5,702.0,0,0,,0,0,0.2,0.2
0.3,5,703.0,0,0,0.0,1,1,0.3,0.3
0.3,5,704.0,0,0,,0,0,0.3,0.3
0.3,5,705.0,0,1,,1,0,0.4,0.3
0.3,5,706.0,0,0,0.0,0,1,0.4,0.4
0.3,5,707.0,0,0,,0,0,0.4,0.4
0.3,5,708.0,0,0,,0,0,0.4,0.4
0.3,5,709.0,0,0,,0,0,0.3,0.3
0.3,5,710.0,0,0,,0,0,0.2,0.2
0.3,5,711.0,0,1,,1,0,0.3,0.2
0.3,5,712.0,0,0,0.0,0,1,0.3,0.3
0.3,5,713.0,0,0,0.0,1,1,0.3,0.3
0.3,5,714.0,0,0,,0,0,0.3,0.3
0.3,5,715.0,0,0,,0,0,0.2,0.3
0.3,5,716.0,0,0,,0,0,0.2,0.2
0.3,5,717.0,0,0,,0,0,0.2,0.2
0.3,5,718.0,0,0,,0,0,0.2,0.2
0.3,5,719.0,0,0,,0,0,0.2,0.2
0.3,5,720.0,0,0,,0,0,0.2,0.2
0.3,5,721.0,0,0,0.0,1,1,0.2,0.3
0.3,5,722.0,0,0,,0,0,0.2,0.2
0.3,5,723.0,0,0,,0,0,0.1,0.1
0.3,5,724.0,0,0,,0,0,0.1,0.1
0.3,5,725.0,0,1,,1,0,0.2,0.1
0.3,5,726.0,0,1,,0,0,0.2,0.1
0.3,5,727.0,0,0,0.0,0,1,0.2,0.2
0.3,5,728.0,0,0,,0,0,0.2,0.2
0.3,5,729.0,0,0,,0,0,0.2,0.2
0.3,5,730.0,0,0,,0,0,0.2,0.2
0.3,5,731.0,0,1,,1,0,0.2,0.1
0.3,5,732.0,0,0,0.0,0,1,0.2,0.2
0.3,5,733.0,0,1,,1,0,0.3,0.2
0.3,5,734.0,0,0,0.0,0,1,0.3,0.3
0.3,5,735.0,0,0,,0,0,0.2,0.3
0.3,5,736.0,0,0,,0,0,0.2,0.3
0.3,5,737.0,0,0,,0,0,0.2,0.2
0.3,5,738.0,0,0,,0,0,0.2,0.2
0.3,5,739.0,0,0,,0,0,0.2,0.2
0.3,5,740.0,0,1,,1,0,0.3,0.2
0.3,5,741.0,0,0,0.0,0,1,0.2,0.3
0.3,5,742.0,0,0,,0,0,0.2,0.2
0.3,5,743.0,0,0,,0,0,0.1,0.2
0.3,5,744.0,0,0,,0,0,0.1,0.1
0.3,5,745.0,0,0,,0,0,0.1,0.1
0.3,5,746.0,0,0,0.0,1,1,0.2,0.2
0.3,5,747.0,0,0,,0,0,0.2,0.2
0.3,5,748.0,0,0,,0,0,0.2,0.2
0.3,5,749.0,0,0,,0,0,0.2,0.2
0.3,5,750.0,0,0,0.0,1,1,0.2,0.3
0.3,5,751.0,0,0,,0,0,0.2,0.2
0.3,5,752.0,0,0,,0,0,0.2,0.2
0.3,5,753.0,0,0,,0,0,0.2,0.2
0.3,5,754.0,0,0,,0,0,0.2,0.2
0.3,5,755.0,0,1,,1,0,0.3,0.2
0.3,5,756.0,0,1,,0,0,0.2,0.1
0.3,5,757.0,0,0,0.0,0,1,0.2,0.2
0.3,5,758.0,0,0,,0,0,0.2,0.2
0.3,5,759.0,0,0,,0,0,0.2,0.2
0.3,5,760.0,0,0,,0,0,0.1,0.1
0.3,5,761.0,0,0,,0,0,0.1,0.1
0.3,5,762.0,0,0,,0,0,0.1,0.1
0.3,5,763.0,0,0,,0,0,0.1,0.1
0.3,5,764.0,0,0,,0,0,0.1,0.1
0.3,5,765.0,0,1,,1,0,0.1,0.1
0.3,5,766.0,0,0,0.0,0,1,0.1,0.2
0.3,5,767.0,0,0,,0,0,0.1,0.1
0.3,5,768.0,0,0,,0,0,0.1,0.1
0.3,5,769.0,0,1,,1,0,0.2,0.1
0.3,5,770.0,0,0,0.0,0,1,0.2,0.2
0.3,5,771.0,0,0,,0,0,0.2,0.2
0.3,5,772.0,0,0,,0,0,0.2,0.2
0.3,5,773.0,0,0,,0,0,0.2,0.2
0.3,5,774.0,0,0,,0,0,0.2,0.2
0.3,5,775.0,0,0,,0,0,0.1,0.2
0.3,5,776.0,0,0,,0,0,0.1,0.1
0.3,5,777.0,0,0,,0,0,0.1,0.1
0.3,5,778.0,0,1,,1,0,0.2,0.1
0.3,5,779.0,0,1,,0,0,0.1,0.1
0.3,5,780.0,0,0,0.0,0,1,0.1,0.1
0.3,5,781.0,0,0,,0,0,0.1,0.1
0.3,5,782.0,0,0,,0,0,0.1,0.1
0.3,5,783.0,0,0,,0,0,0.1,0.1
0.3,5,784.0,0,0,,0,0,0.1,0.1
0.3,5,785.0,0,0,,0,0,0.1,0.1
0.3,5,786.0,0,1,,1,0,0.2,0.1
0.3,5,787.0,0,0,0.0,0,1,0.2,0.2
0.3,5,788.0,0,0,,0,0,0.1,0.2
0.3,5,789.0,0,0,,0,0,0.1,0.2
0.3,5,790.0,0,0,,0,0,0.1,0.1
0.3,5,791.0,0,0,,0,0,0.1,0.1
0.3,5,792.0,0,0,,0,0,0.1,0.1
0.3,5,793.0,0,0,,0,0,0.1,0.1
0.3,5,794.0,0,0,0.0,1,1,0.2,0.2
0.3,5,795.0,0,0,,0,0,0.2,0.2
0.3,5,796.0,0,0,,0,0,0.1,0.2
0.3,5,797.0,0,0,,0,0,0.1,0.1
0.3,5,798.0,0,0,0.0,1,1,0.2,0.2
0.3,5,799.0,0,0,,0,0,0.2,0.2
0.3,5,800.0,0,0,,0,0,0.2,0.2
0.3,5,801.0,0,0,,0,0,0.2,0.2
0.3,5,802.0,0,0,,0,0,0.2,0.2
0.3,5,803.0,0,1,,1,0,0.3,0.2
0.3,5,804.0,0,1,,0,0,0.2,0.1
0.3,5,805.0,0,0,0.0,0,1,0.2,0.2
0.3,5,806.0,0,0,,0,0,0.2,0.2
0.3,5,807.0,0,1,,1,0,0.3,0.2
0.3,5,808.0,0,1,,0,0,0.2,0.1
0.3,5,809.0,1,2,,1,0,0.3,0.1
0.3,5,810.0,0,0,0.39738123254591073,0,2,0.3,0.3
0.3,5,811.0,1,2,,2,0,0.5,0.3
0.3,5,812.0,0,0,0.08157004178042371,0,2,0.5,0.5
0.3,5,813.0,0,0,0.0,1,1,0.5,0.6
0.3,5,814.0,0,1,0.0,2,1,0.7,0.7
0.3,5,815.0,1,2,,1,0,0.8,0.6
0.3,5,816.0,0,1,0.0,0,1,0.8,0.7
0.3,5,817.0,0,0,0.6036163319018897,0,1,0.7,0.8
0.3,5,818.0,0,1,0.0,2,1,0.9,0.9
0.3,5,819.0,0,1,,0,0,0.8,0.9
0.3,5,820.0,0,1,,0,0,0.8,0.7
0.3,5,821.0,0,1,,0,0,0.6,0.7
0.3,5,822.0,0,0,0.0,0,1,0.6,0.6
0.3,5,823.0,0,0,,0,0,0.5,0.5
0.3,5,824.0,0,0,,0,0,0.3,0.4
0.3,5,825.0,0,0,,0,0,0.2,0.4
0.3,5,826.0,0,0,,0,0,0.2,0.3
0.3,5,827.0,0,0,,0,0,0.2,0.2
0.3,5,828.0,0,0,,0,0,0.0,0.1
0.3,5,829.0,0,0,,0,0,0.0,0.1
0.3,5,830.0,0,0,,0,0,0.0,0.1
0.3,5,831.0,0,0,,0,0,0.0,0.1
0.3,5,832.0,0,0,,0,0,0.0,0.0
0.3,5,833.0,0,0,,0,0,0.0,0.0
0.3,5,834.0,0,0,,0,0,0.0,0.0
0.3,5,835.0,0,0,,0,0,0.0,0.0
0.3,5,836.0,0,1,,1,0,0.1,0.0
0.3,5,837.0,0,1,0.0,1,1,0.2,0.1
0.3,5,838.0,0,1,,0,0,0.2,0.1
0.3,5,839.0,0,1,,0,0,0.2,0.1
0.3,5,840.0,0,1,,0,0,0.2,0.1
0.3,5,841.0,0,1,,0,0,0.2,0.1
0.3,5,842.0,0,1,0.0,1,1,0.3,0.2
0.3,5,843.0,0,0,0.0,0,1,0.3,0.3
0.3,5,844.0,0,0,,0,0,0.3,0.3
0.3,5,845.0,0,0,,0,0,0.3,0.3
0.3,5,846.0,0,0,,0,0,0.2,0.3
0.3,5,847.0,0,0,,0,0,0.1,0.2
0.3,5,848.0,0,0,,0,0,0.1,0.2
0.3,5,849.0,0,0,,0,0,0.1,0.2
0.3,5,850.0,0,0,,0,0,0.1,0.2
0.3,5,851.0,0,0,,0,0,0.1,0.2
0.3,5,852.0,0,0,,0,0,0.0,0.1
0.3,5,853.0,0,0,,0,0,0.0,0.0
0.3,5,854.0,0,0,,0,0,0.0,0.0
0.3,5,855.0,0,0,,0,0,0.0,0.0
0.3,5,856.0,0,0,,0,0,0.0,0.0
0.3,5,857.0,0,0,,0,0,0.0,0.0
0.3,5,858.0,0,0,,0,0,0.0,0.0
0.3,5,859.0,0,1,,1,0,0.1,0.0
0.3,5,860.0,0,0,0.0,0,1,0.1,0.1
0.3,5,861.0,0,0,,0,0,0.1,0.1
0.3,5,862.0,0,0,,0,0,0.1,0.1
0.3,5,863.0,0,0,,0,0,0.1,0.1
0.3,5,864.0,0,0,,0,0,0.1,0.1
0.3,5,865.0,0,0,0.0,1,1,0.2,0.2
0.3,5,866.0,0,0,0.0,1,1,0.3,0.3
0.3,5,867.0,0,0,,0,0,0.3,0.3
0.3,5,868.0,0,0,,0,0,0.3,0.3
0.3,5,869.0,0,0,,0,0,0.2,0.3
0.3,5,870.0,0,0,,0,0,0.2,0.2
0.3,5,871.0,0,0,,0,0,0.2,0.2
0.3,5,872.0,0,0,,0,0,0.2,0.2
0.3,5,873.0,0,1,,1,0,0.3,0.2
0.3,5,874.0,0,0,0.0,0,1,0.3,0.3
0.3,5,875.0,0,0,,0,0,0.2,0.2
0.3,5,876.0,0,0,,0,0,0.1,0.1
0.3,5,877.0,0,0,,0,0,0.1,0.1
0.3,5,878.0,0,1,,1,0,0.2,0.1
0.3,5,879.0,0,0,0.0,0,1,0.2,0.2
0.3,5,880.0,0,1,,1,0,0.3,0.2
0.3,5,881.0,0,1,0.0,1,1,0.4,0.3
0.3,5,882.0,0,0,0.2169111126183907,0,1,0.4,0.4
0.3,5,883.0,0,0,,0,0,0.3,0.4
0.3,5,884.0,0,0,0.0,1,1,0.4,0.4
0.3,5,885.0,0,0,,0,0,0.4,0.4
0.3,5,886.0,0,1,,1,0,0.5,0.4
0.3,5,887.0,0,0,0.0,0,1,0.5,0.5
0.3,5,888.0,0,0,0.0,1,1,0.5,0.6
0.3,5,889.0,0,0,,0,0,0.5,0.5
0.3,5,890.0,0,0,,0,0,0.4,0.5
0.3,5,891.0,0,0,,0,0,0.3,0.4
0.3,5,892.0,0,1,,1,0,0.4,0.3
0.3,5,893.0,0,0,0.0,0,1,0.4,0.4
0.3,5,894.0,0,0,,0,0,0.3,0.3
0.3,5,895.0,0,0,0.0,1,1,0.4,0.4
0.3,5,896.0,0,0,,0,0,0.3,0.4
0.3,5,897.0,0,0,,0,0,0.3,0.3
0.3,5,898.0,0,0,,0,0,0.2,0.2
0.3,5,899.0,0,0,,0,0,0.2,0.2
0.3,5,900.0,0,0,,0,0,0.2,0.2
0.3,5,901.0,0,0,,0,0,0.2,0.2
0.3,5,902.0,0,0,,0,0,0.1,0.2
0.3,5,903.0,0,0,,0,0,0.1,0.1
0.3,5,904.0,1,2,,2,0,0.3,0.1
0.3,5,905.0,0,1,0.0,0,1,0.2,0.1
0.3,5,906.0,1,2,0.5962099991677405,2,1,0.4,0.2
0.3,5,907.0,0,0,0.6543231896951056,0,2,0.4,0.4
0.3,5,908.0,0,0,,0,0,0.4,0.4
0.3,5,909.0,0,0,,0,0,0.4,0.4
0.3,5,910.0,0,0,0.0,1,1,0.5,0.5
0.3,5,911.0,0,1,,1,0,0.6,0.5
0.3,5,912.0,0,1,,0,0,0.6,0.5
0.3,5,913.0,0,0,0.0,1,2,0.7,0.7
0.3,5,914.0,0,0,,0,0,0.5,0.7
0.3,5,915.0,0,0,,0,0,0.5,0.6
0.3,5,916.0,0,0,,0,0,0.3,0.5
0.3,5,917.0,0,0,,0,0,0.3,0.3
0.3,5,918.0,0,0,,0,0,0.3,0.3
0.3,5,919.0,0,0,,0,0,0.3,0.3
0.3,5,920.0,0,0,,0,0,0.2,0.2
0.3,5,921.0,0,0,,0,0,0.1,0.2
0.3,5,922.0,0,0,,0,0,0.1,0.2
0.3,5,923.0,0,0,0.0,1,1,0.1,0.1
0.3,5,924.0,0,0,,0,0,0.1,0.1
0.3,5,925.0,0,0,,0,0,0.1,0.1
0.3,5,926.0,0,0,,0,0,0.1,0.1
0.3,5,927.0,0,0,,0,0,0.1,0.1
0.3,5,928.0,0,0,,0,0,0.1,0.1
0.3,5,929.0,0,0,,0,0,0.1,0.1
0.3,5,930.0,0,0,0.0,1,1,0.2,0.2
0.3,5,931.0,0,0,,0,0,0.2,0.2
0.3,5,932.0,0,0,,0,0,0.2,0.2
0.3,5,933.0,0,0,,0,0,0.1,0.1
0.3,5,934.0,0,0,,0,0,0.1,0.1
0.3,5,935.0,0,0,,0,0,0.1,0.1
0.3,5,936.0,0,0,,0,0,0.1,0.1
0.3,5,937.0,0,0,0.0,1,1,0.2,0.2
0.3,5,938.0,0,0,,0,0,0.2,0.2
0.3,5,939.0,0,0,,0,0,0.2,0.2
0.3,5,940.0,0,0,0.0,1,1,0.2,0.2
0.3,5,941.0,0,1,,1,0,0.3,0.2
0.3,5,942.0,0,0,0.0,0,1,0.3,0.3
0.3,5,943.0,0,0,,0,0,0.3,0.3
0.3,5,944.0,0,0,,0,0,0.3,0.3
0.3,5,945.0,0,0,,0,0,0.3,0.3
0.3,5,946.0,0,0,,0,0,0.3,0.3
0.3,5,947.0,0,0,,0,0,0.2,0.2
0.3,5,948.0,0,0,,0,0,0.2,0.2
0.3,5,949.0,0,0,,0,0,0.2,0.2
0.3,5,950.0,0,0,,0,0,0.1,0.1
0.3,5,951.0,0,0,,0,0,0.0,0.1
0.3,5,952.0,0,0,,0,0,0.0,0.0
0.3,5,953.0,0,0,,0,0,0.0,0.0
0.3,5,954.0,0,1,,1,0,0.1,0.0
0.3,5,955.0,0,1,,0,0,0.1,0.0
0.3,5,956.0,0,0,0.0,0,1,0.1,0.1
0.3,5,957.0,0,1,,1,0,0.2,0.1
0.3,5,958.0,0,1,,0,0,0.2,0.1
0.3,5,959.0,0,1,,0,0,0.2,0.1
0.3,5,960.0,0,0,0.0,0,1,0.2,0.2
0.3,5,961.0,0,0,,0,0,0.2,0.2
0.3,5,962.0,0,0,,0,0,0.2,0.2
0.3,5,963.0,0,0,,0,0,0.2,0.2
0.3,5,964.0,0,0,0.0,1,1,0.2,0.3
0.3,5,965.0,0,1,,1,0,0.3,0.3
0.3,5,966.0,0,0,0.0,0,1,0.3,0.3
0.3,5,967.0,0,0,,0,0,0.2,0.3
0.3,5,968.0,0,0,,0,0,0.2,0.3
0.3,5,969.0,0,0,0.0,1,1,0.3,0.4
0.3,5,970.0,0,0,,0,0,0.3,0.3
0.3,5,971.0,0,0,0.0,1,1,0.4,0.4
0.3,5,972.0,0,0,,0,0,0.4,0.4
0.3,5,973.0,1,2,,2,0,0.6,0.4
0.3,5,974.0,0,1,0.0999232260021401,1,2,0.6,0.5
0.3,5,975.0,0,0,0.0,0,1,0.5,0.6
0.3,5,976.0,0,0,,0,0,0.5,0.5
0.3,5,977.0,3,4,,4,0,0.9,0.5
0.3,5,978.0,2,3,0.0,0,1,0.9,0.6
0.3,5,979.0,1,2,0.6988575119271445,0,1,0.8,0.6
0.3,5,980.0,1,2,,0,0,0.8,0.6
0.3,5,981.0,0,1,1.4422430964464183,0,1,0.7,0.6
0.3,5,982.0,1,2,,1,0,0.8,0.6
0.3,5,983.0,0,1,3.697447662157856,0,1,0.6,0.7
0.3,5,984.0,1,2,,1,0,0.6,0.5
0.3,5,985.0,1,2,,0,0,0.6,0.4
0.3,5,986.0,3,4,1.6125187993442296,4,2,1.0,0.6
0.3,5,987.0,3,4,,0,0,0.6,0.6
0.3,5,988.0,3,4,0.11064118009244339,1,1,0.7,0.6
0.3,5,989.0,2,3,1.6020220186996994,0,1,0.7,0.6
0.3,5,990.0,1,2,3.030798396109958,0,1,0.7,0.7
0.3,5,991.0,0,1,3.346004107548879,0,1,0.7,0.7
0.3,5,992.0,0,0,2.497149310665236,0,1,0.6,0.8
0.3,5,993.0,0,0,,0,0,0.6,0.7
0.3,5,994.0,0,0,,0,0,0.5,0.7
0.3,5,995.0,0,0,,0,0,0.5,0.7
0.3,5,996.0,0,0,,0,0,0.1,0.5
0.3,5,997.0,0,0,0.0,1,1,0.2,0.6
0.3,5,998.0,0,1,,1,0,0.2,0.5
0.3,5,999.0,0,0,0.0,0,1,0.2,0.5
0.3,5,1000.0,0,1,,1,0,0.3,0.4
0.3,5,1001.0,0,0,0.0,0,1,0.3,0.4
0.3,5,1002.0,0,0,,0,0,0.3,0.3
0.3,5,1003.0,0,0,,0,0,0.3,0.3
0.3,5,1004.0,0,0,,0,0,0.3,0.3
0.3,5,1005.0,0,0,,0,0,0.3,0.3
0.3,5,1006.0,0,0,,0,0,0.3,0.3
0.3,5,1007.0,0,0,,0,0,0.2,0.2
0.3,5,1008.0,0,0,,0,0,0.1,0.2
0.3,5,1009.0,0,0,,0,0,0.1,0.1
0.3,5,1010.0,0,0,,0,0,0.0,0.1
0.3,5,1011.0,0,0,0.0,1,1,0.1,0.1
0.3,5,1012.0,0,0,,0,0,0.1,0.1
0.3,5,1013.0,0,0,,0,0,0.1,0.1
0.3,5,1014.0,0,0,,0,0,0.1,0.1
0.3,5,1015.0,0,0,,0,0,0.1,0.1
0.3,5,1016.0,0,0,,0,0,0.1,0.1
0.3,5,1017.0,0,1,,1,0,0.2,0.1
0.3,5,1018.0,2,3,,2,0,0.4,0.1
0.3,5,1019.0,2,3,,0,0,0.4,0.1
0.3,5,1020.0,2,3,0.0,1,1,0.5,0.2
0.3,5,1021.0,0,1,2.8278397669737387,0,2,0.4,0.3
0.3,5,1022.0,0,1,,0,0,0.4,0.3
0.3,5,1023.0,0,0,1.1491310641736163,1,2,0.5,0.5
0.3,5,1024.0,0,0,,0,0,0.5,0.5
0.3,5,1025.0,0,0,,0,0,0.5,0.5
0.3,5,1026.0,0,0,,0,0,0.5,0.5
0.3,5,1027.0,0,1,,1,0,0.5,0.5
0.3,5,1028.0,0,1,,0,0,0.3,0.5
0.3,5,1029.0,0,0,0.0,0,1,0.3,0.6
0.3,5,1030.0,0,0,,0,0,0.2,0.5
0.3,5,1031.0,0,0,,0,0,0.2,0.3
0.3,5,1032.0,0,1,,1,0,0.3,0.3
0.3,5,1033.0,0,0,0.14433697208141893,1,2,0.3,0.3
0.3,5,1034.0,0,0,0.0,1,1,0.4,0.4
0.3,5,1035.0,0,0,,0,0,0.4,0.4
0.3,5,1036.0,0,0,,0,0,0.4,0.4
0.3,5,1037.0,0,0,,0,0,0.3,0.4
0.3,5,1038.0,0,0,,0,0,0.3,0.4
0.3,5,1039.0,0,0,,0,0,0.3,0.3
0.3,5,1040.0,0,1,,1,0,0.4,0.3
0.3,5,1041.0,0,0,0.0,0,1,0.4,0.4
0.3,5,1042.0,0,1,,1,0,0.4,0.4
0.3,5,1043.0,0,0,0.0,0,1,0.3,0.3
0.3,5,1044.0,0,1,,1,0,0.3,0.2
0.3,5,1045.0,0,1,,0,0,0.3,0.2
0.3,5,1046.0,0,1,,0,0,0.3,0.2
0.3,5,1047.0,0,1,,0,0,0.3,0.2
0.3,5,1048.0,0,1,0.0,1,1,0.4,0.3
0.3,5,1049.0,0,0,0.4415960990111216,0,1,0.4,0.4
0.3,5,1050.0,0,0,,0,0,0.3,0.4
0.3,5,1051.0,0,0,,0,0,0.3,0.3
0.3,5,1052.0,0,0,,0,0,0.2,0.3
0.3,5,1053.0,0,0,,0,0,0.2,0.2
0.3,5,1054.0,1,2,,2,0,0.3,0.2
0.3,5,1055.0,2,3,,1,0,0.4,0.2
0.3,5,1056.0,1,2,0.0,0,1,0.4,0.3
0.3,5,1057.0,1,2,1.8377497756380308,1,1,0.5,0.4
0.3,5,1058.0,0,1,1.506102274720888,0,1,0.4,0.4
0.3,5,1059.0,0,0,0.8589967834166146,0,1,0.4,0.4
0.3,5,1060.0,0,0,,0,0,0.4,0.4
0.3,5,1061.0,0,1,,1,0,0.5,0.4
0.3,5,1062.0,1,2,,1,0,0.6,0.4
0.3,5,1063.0,0,1,0.0,0,1,0.6,0.5
0.3,5,1064.0,0,0,0.6072301045402355,1,2,0.5,0.7
0.3,5,1065.0,0,1,0.0,2,1,0.6,0.8
0.3,5,1066.0,0,0,0.0,0,1,0.6,0.8
0.3,5,1067.0,0,0,,0,0,0.5,0.7
0.3,5,1068.0,0,0,,0,0,0.5,0.6
0.3,5,1069.0,0,0,,0,0,0.5,0.5
0.3,5,1070.0,0,0,,0,0,0.5,0.5
0.3,5,1071.0,0,0,0.0,1,1,0.5,0.6
0.3,5,1072.0,0,1,,1,0,0.5,0.6
0.3,5,1073.0,0,1,,0,0,0.5,0.5
0.3,5,1074.0,0,0,0.0,0,1,0.4,0.4
0.3,5,1075.0,0,0,,0,0,0.2,0.3
0.3,5,1076.0,0,0,,0,0,0.2,0.2
0.3,5,1077.0,0,0,,0,0,0.2,0.2
0.3,5,1078.0,0,0,,0,0,0.2,0.2
0.3,5,1079.0,0,0,,0,0,0.2,0.2
0.3,5,1080.0,0,1,0.0,2,1,0.4,0.3
0.3,5,1081.0,1,2,,1,0,0.4,0.2
0.3,5,1082.0,0,1,0.0,0,1,0.3,0.3
0.3,5,1083.0,0,1,0.9738940491379253,1,1,0.4,0.4
0.3,5,1084.0,0,0,0.0,0,1,0.4,0.4
0.3,5,1085.0,0,1,,1,0,0.5,0.4
0.3,5,1086.0,0,1,,0,0,0.5,0.4
0.3,5,1087.0,0,0,0.0,0,1,0.5,0.5
0.3,5,1088.0,0,0,,0,0,0.5,0.5
0.3,5,1089.0,0,1,,1,0,0.6,0.5
0.3,5,1090.0,0,0,0.0,0,1,0.4,0.5
0.3,5,1091.0,0,0,0.0,1,1,0.4,0.6
0.3,5,1092.0,0,0,,0,0,0.4,0.5
0.3,5,1093.0,0,0,,0,0,0.3,0.4
0.3,5,1094.0,0,1,,1,0,0.4,0.3
0.3,5,1095.0,0,0,0.0,0,1,0.3,0.4
0.3,5,1096.0,0,0,,0,0,0.3,0.4
0.3,5,1097.0,0,0,,0,0,0.3,0.3
0.3,5,1098.0,0,1,,1,0,0.4,0.3
0.3,5,1099.0,1,2,,1,0,0.4,0.3
0.3,5,1100.0,2,3,,1,0,0.5,0.2
0.3,5,1101.0,2,3,,0,0,0.4,0.1
0.3,5,1102.0,0,1,1.4748739106058792,0,2,0.4,0.3
0.3,5,1103.0,1,2,,1,0,0.5,0.3
0.3,5,1104.0,1,2,,0,0,0.4,0.3
0.3,5,1105.0,0,1,2.042585503768578,0,1,0.4,0.3
0.3,5,1106.0,0,1,,0,0,0.4,0.3
0.3,5,1107.0,0,1,1.6565906218952478,1,1,0.5,0.4
0.3,5,1108.0,1,2,,1,0,0.5,0.4
0.3,5,1109.0,2,3,,1,0,0.5,0.4
0.3,5,1110.0,1,2,0.0,0,1,0.4,0.5
0.3,5,1111.0,0,0,1.1687514397349332,1,3,0.5,0.8
0.3,5,1112.0,0,0,,0,0,0.5,0.6
0.3,5,1113.0,0,0,,0,0,0.4,0.6
0.3,5,1114.0,0,0,,0,0,0.4,0.6
0.3,5,1115.0,0,0,,0,0,0.4,0.5
0.3,5,1116.0,0,0,,0,0,0.4,0.5
0.3,5,1117.0,0,0,,0,0,0.3,0.4
0.3,5,1118.0,0,0,,0,0,0.2,0.4
0.3,5,1119.0,0,0,,0,0,0.1,0.4
0.3,5,1120.0,0,0,0.0,1,1,0.2,0.4
0.3,5,1121.0,0,0,,0,0,0.1,0.1
0.3,5,1122.0,0,0,0.0,1,1,0.2,0.2
0.3,5,1123.0,0,0,,0,0,0.2,0.2
0.3,5,1124.0,0,1,,1,0,0.3,0.2
0.3,5,1125.0,0,0,0.0,0,1,0.3,0.3
0.3,5,1126.0,0,0,,0,0,0.3,0.3
0.3,5,1127.0,0,0,,0,0,0.3,0.3
0.3,5,1128.0,1,2,,2,0,0.5,0.3
0.3,5,1129.0,2,3,,1,0,0.6,0.3
0.3,5,1130.0,0,0,0.5950587610776287,0,3,0.5,0.5
0.3,5,1131.0,0,0,,0,0,0.5,0.5
0.3,5,1132.0,0,0,,0,0,0.4,0.4
0.3,5,1133.0,0,0,,0,0,0.4,0.4
0.3,5,1134.0,0,0,,0,0,0.3,0.4
0.3,5,1135.0,0,0,,0,0,0.3,0.3
0.3,5,1136.0,0,0,,0,0,0.3,0.3
0.3,5,1137.0,0,0,,0,0,0.3,0.3
0.3,5,1138.0,0,0,,0,0,0.1,0.3
0.3,5,1139.0,0,1,,1,0,0.1,0.3
0.3,5,1140.0,0,1,,0,0,0.1,0.0
0.3,5,1141.0,0,0,0.0,0,1,0.1,0.1
0.3,5,1142.0,0,0,0.0,1,1,0.2,0.2
0.3,5,1143.0,0,0,,0,0,0.2,0.2
0.3,5,1144.0,0,1,,1,0,0.3,0.2
0.3,5,1145.0,0,1,0.0,1,1,0.4,0.3
0.3,5,1146.0,0,0,0.0,1,2,0.5,0.5
0.3,5,1147.0,0,0,,0,0,0.5,0.5
0.3,5,1148.0,0,0,,0,0,0.5,0.5
0.3,5,1149.0,0,0,,0,0,0.4,0.5
0.3,5,1150.0,0,0,,0,0,0.4,0.5
0.3,5,1151.0,0,0,,0,0,0.4,0.4
0.3,5,1152.0,0,0,,0,0,0.3,0.3
0.3,5,1153.0,0,0,,0,0,0.3,0.3
0.3,5,1154.0,0,0,,0,0,0.2,0.3
0.3,5,1155.0,0,0,,0,0,0.1,0.2
0.3,5,1156.0,0,0,0.0,1,1,0.1,0.1
0.3,5,1157.0,0,0,,0,0,0.1,0.1
0.3,5,1158.0,0,0,,0,0,0.1,0.1
0.3,5,1159.0,0,0,,0,0,0.1,0.1
0.3,5,1160.0,0,0,,0,0,0.1,0.1
0.3,5,1161.0,0,0,,0,0,0.1,0.1
0.3,5,1162.0,0,0,0.0,1,1,0.2,0.2
0.3,5,1163.0,0,0,,0,0,0.2,0.2
0.3,5,1164.0,0,0,,0,0,0.2,0.2
0.3,5,1165.0,0,0,,0,0,0.2,0.2
0.3,5,1166.0,0,0,,0,0,0.1,0.1
0.3,5,1167.0,0,0,,0,0,0.1,0.1
0.3,5,1168.0,0,0,,0,0,0.1,0.1
0.3,5,1169.0,0,1,,1,0,0.2,0.1
0.3,5,1170.0,0,0,0.0,0,1,0.2,0.2
0.3,5,1171.0,0,1,,1,0,0.3,0.2
0.3,5,1172.0,0,0,0.0,0,1,0.2,0.2
0.3,5,1173.0,0,0,,0,0,0.2,0.2
0.3,5,1174.0,0,0,0.0,1,1,0.3,0.3
0.3,5,1175.0,0,0,,0,0,0.3,0.3
0.3,5,1176.0,0,0,,0,0,0.3,0.3
0.3,5,1177.0,0,0,0.0,1,1,0.4,0.4
0.3,5,1178.0,0,0,,0,0,0.4,0.4
0.3,5,1179.0,0,0,,0,0,0.3,0.4
0.3,5,1180.0,0,0,,0,0,0.3,0.3
0.3,5,1181.0,0,0,,0,0,0.2,0.3
0.3,5,1182.0,0,0,,0,0,0.2,0.2
0.3,5,1183.0,0,1,,1,0,0.3,0.2
0.3,5,1184.0,0,1,,0,0,0.2,0.1
0.3,5,1185.0,0,0,0.0,0,1,0.2,0.2
0.3,5,1186.0,0,0,,0,0,0.2,0.2
0.3,5,1187.0,0,0,,0,0,0.1,0.1
0.3,5,1188.0,0,0,,0,0,0.1,0.1
0.3,5,1189.0,0,0,,0,0,0.1,0.1
0.3,5,1190.0,0,1,,1,0,0.2,0.1
0.3,5,1191.0,0,1,0.0,1,1,0.3,0.2
0.3,5,1192.0,0,0,0.0,0,1,0.3,0.3
0.3,5,1193.0,0,1,,1,0,0.3,0.3
0.3,5,1194.0,0,0,0.0,0,1,0.3,0.4
0.3,5,1195.0,0,1,,1,0,0.4,0.3
0.3,5,1196.0,1,2,,1,0,0.5,0.3
0.3,5,1197.0,0,0,0.28767543011360885,0,2,0.5,0.5
0.3,5,1198.0,0,0,,0,0,0.5,0.5
0.3,5,1199.0,0,0,,0,0,0.5,0.5
0.3,5,1200.0,0,0,,0,0,0.4,0.5
0.3,5,1201.0,0,0,0.0,1,1,0.4,0.5
0.3,5,1202.0,0,1,,1,0,0.5,0.4
0.3,5,1203.0,0,1,,0,0,0.4,0.4
0.3,5,1204.0,0,1,,0,0,0.4,0.3
0.3,5,1205.0,0,1,,0,0,0.3,0.3
0.3,5,1206.0,0,1,,0,0,0.2,0.3
0.3,5,1207.0,0,0,0.0,0,1,0.2,0.2
0.3,5,1208.0,0,0,0.0,1,1,0.3,0.3
0.3,5,1209.0,0,0,,0,0,0.3,0.3
0.3,5,1210.0,0,0,,0,0,0.3,0.3
0.3,5,1211.0,0,0,,0,0,0.2,0.2
0.3,5,1212.0,0,0,0.0,2,2,0.3,0.4
0.3,5,1213.0,0,0,,0,0,0.3,0.4
0.3,5,1214.0,0,0,,0,0,0.3,0.4
0.3,5,1215.0,0,0,,0,0,0.3,0.4
0.3,5,1216.0,0,0,,0,0,0.3,0.4
0.3,5,1217.0,0,0,0.0,1,1,0.4,0.4
0.3,5,1218.0,0,1,0.0,2,1,0.5,0.4
0.3,5,1219.0,0,1,0.044206083026892884,1,1,0.6,0.5
0.3,5,1220.0,0,0,0.0,0,1,0.6,0.6
0.3,5,1221.0,0,1,,1,0,0.7,0.6
0.3,5,1222.0,0,1,0.0,1,1,0.6,0.5
0.3,5,1223.0,0,0,0.0,0,1,0.6,0.6
0.3,5,1224.0,0,0,,0,0,0.6,0.6
0.3,5,1225.0,0,1,,1,0,0.7,0.6
0.3,5,1226.0,1,2,,1,0,0.8,0.6
0.3,5,1227.0,0,1,0.2499387069194654,1,2,0.8,0.7
0.3,5,1228.0,0,1,0.0,1,1,0.7,0.7
0.3,5,1229.0,0,1,0.13903194556212384,2,2,0.8,0.8
0.3,5,1230.0,0,1,,0,0,0.8,0.7
0.3,5,1231.0,0,1,,0,0,0.7,0.7
0.3,5,1232.0,0,0,0.3427263109692831,0,1,0.6,0.7
0.3,5,1233.0,0,0,,0,0,0.6,0.6
0.3,5,1234.0,0,0,,0,0,0.6,0.6
0.3,5,1235.0,0,0,,0,0,0.5,0.6
0.3,5,1236.0,0,0,,0,0,0.4,0.6
0.3,5,1237.0,0,0,,0,0,0.3,0.4
0.3,5,1238.0,0,0,,0,0,0.2,0.3
0.3,5,1239.0,0,0,,0,0,0.0,0.1
0.3,5,1240.0,1,2,,2,0,0.2,0.1
0.3,5,1241.0,0,1,0.0,0,1,0.2,0.2
0.3,5,1242.0,1,2,,1,0,0.3,0.1
0.3,5,1243.0,1,2,,0,0,0.3,0.1
0.3,5,1244.0,1,2,,0,0,0.3,0.1
0.3,5,1245.0,0,1,0.6116233650720915,0,1,0.3,0.2
0.3,5,1246.0,0,0,2.9650029877607267,0,1,0.3,0.3
0.3,5,1247.0,0,0,,0,0,0.3,0.3
0.3,5,1248.0,0,0,,0,0,0.3,0.3
0.3,5,1249.0,0,0,,0,0,0.3,0.3
0.3,5,1250.0,0,0,,0,0,0.1,0.3
0.3,5,1251.0,0,0,,0,0,0.1,0.2
0.3,5,1252.0,0,0,,0,0,0.0,0.2
0.3,5,1253.0,0,1,,1,0,0.1,0.2
0.3,5,1254.0,0,0,0.0,0,1,0.1,0.3
0.3,5,1255.0,0,0,0.0,1,1,0.2,0.3
0.3,5,1256.0,0,0,,0,0,0.2,0.2
0.3,5,1257.0,0,0,,0,0,0.2,0.2
0.3,5,1258.0,0,0,,0,0,0.2,0.2
0.3,5,1259.0,0,1,0.0,2,1,0.4,0.3
0.3,5,1260.0,0,1,0.22024267743449855,1,1,0.5,0.4
0.3,5,1261.0,0,1,,0,0,0.5,0.4
0.3,5,1262.0,0,0,0.21916456244048277,0,1,0.5,0.5
0.3,5,1263.0,0,0,,0,0,0.4,0.5
0.3,5,1264.0,0,1,,1,0,0.5,0.4
0.3,5,1265.0,0,1,,0,0,0.4,0.3
0.3,5,1266.0,0,1,,0,0,0.4,0.3
0.3,5,1267.0,0,0,0.0,0,1,0.4,0.4
0.3,5,1268.0,0,0,,0,0,0.4,0.4
0.3,5,1269.0,0,0,0.0,1,1,0.3,0.4
0.3,5,1270.0,0,1,,1,0,0.3,0.3
0.3,5,1271.0,0,0,0.0,0,1,0.3,0.4
0.3,5,1272.0,0,0,,0,0,0.3,0.3
0.3,5,1273.0,0,1,,1,0,0.4,0.3
0.3,5,1274.0,0,0,0.0,0,1,0.3,0.4
0.3,5,1275.0,0,1,,1,0,0.4,0.4
0.3,5,1276.0,0,1,0.0,1,1,0.5,0.5
0.3,5,1277.0,0,1,,0,0,0.5,0.4
0.3,5,1278.0,0,1,,0,0,0.5,0.4
0.3,5,1279.0,0,0,0.7416306483746666,0,1,0.4,0.4
0.3,5,1280.0,0,0,,0,0,0.3,0.4
0.3,5,1281.0,1,2,,2,0,0.5,0.3
0.3,5,1282.0,0,1,0.0,0,1,0.5,0.4
0.3,5,1283.0,0,1,,0,0,0.4,0.4
0.3,5,1284.0,0,0,1.2234221443625302,0,1,0.4,0.4
0.3,5,1285.0,0,0,,0,0,0.3,0.4
0.3,5,1286.0,0,0,0.0,1,1,0.3,0.4
0.3,5,1287.0,0,0,,0,0,0.3,0.4
0.3,5,1288.0,0,1,,1,0,0.4,0.4
0.3,5,1289.0,0,0,0.0,0,1,0.4,0.4
0.3,5,1290.0,0,0,,0,0,0.4,0.4
0.3,5,1291.0,0,0,,0,0,0.2,0.4
0.3,5,1292.0,0,1,,1,0,0.3,0.3
0.3,5,1293.0,0,1,0.0,1,1,0.4,0.4
0.3,5,1294.0,0,0,0.6674279852343261,0,1,0.4,0.4
0.3,5,1295.0,0,0,,0,0,0.4,0.4
0.3,5,1296.0,0,0,,0,0,0.3,0.3
0.3,5,1297.0,0,0,,0,0,0.3,0.3
0.3,5,1298.0,0,0,,0,0,0.2,0.3
0.3,5,1299.0,0,0,,0,0,0.2,0.2
0.3,5,1300.0,0,1,,1,0,0.3,0.2
0.3,5,1301.0,0,1,,0,0,0.3,0.2
0.3,5,1302.0,0,1,0.0,1,1,0.3,0.3
0.3,5,1303.0,0,1,,0,0,0.2,0.2
0.3,5,1304.0,0,0,0.0,0,1,0.2,0.2
0.3,5,1305.0,0,0,,0,0,0.2,0.2
0.3,5,1306.0,0,0,,0,0,0.2,0.2
0.3,5,1307.0,0,0,0.0,1,1,0.3,0.3
0.3,5,1308.0,0,0,,0,0,0.3,0.3
0.3,5,1309.0,0,0,,0,0,0.3,0.3
0.3,5,1310.0,0,0,,0,0,0.2,0.3
0.3,5,1311.0,0,0,,0,0,0.2,0.3
0.3,5,1312.0,0,0,,0,0,0.1,0.2
0.3,5,1313.0,0,0,,0,0,0.1,0.2
0.3,5,1314.0,0,0,,0,0,0.1,0.1
0.3,5,1315.0,0,0,,0,0,0.1,0.1
0.3,5,1316.0,0,0,,0,0,0.1,0.1
0.3,5,1317.0,0,0,0.0,1,1,0.1,0.1
0.3,5,1318.0,0,0,,0,0,0.1,0.1
0.3,5,1319.0,0,0,,0,0,0.1,0.1
0.3,5,1320.0,0,0,,0,0,0.1,0.1
0.3,5,1321.0,0,0,,0,0,0.1,0.1
0.3,5,1322.0,0,0,,0,0,0.1,0.1
0.3,5,1323.0,0,0,,0,0,0.1,0.1
0.3,5,1324.0,0,0,,0,0,0.1,0.1
0.3,5,1325.0,0,0,,0,0,0.1,0.1
0.3,5,1326.0,0,0,,0,0,0.1,0.1
0.3,5,1327.0,0,0,,0,0,0.0,0.0
0.3,5,1328.0,0,0,,0,0,0.0,0.0
0.3,5,1329.0,0,0,0.0,1,1,0.1,0.1
0.3,5,1330.0,0,0,,0,0,0.1,0.1
0.3,5,1331.0,0,1,,1,0,0.2,0.1
0.3,5,1332.0,0,1,,0,0,0.2,0.1
0.3,5,1333.0,0,1,0.0,1,1,0.3,0.2
0.3,5,1334.0,0,0,0.0,0,1,0.3,0.3
0.3,5,1335.0,0,0,,0,0,0.3,0.3
0.3,5,1336.0,0,0,,0,0,0.3,0.3
0.3,5,1337.0,0,0,,0,0,0.3,0.3
0.3,5,1338.0,0,0,,0,0,0.3,0.3
0.3,5,1339.0,0,0,0.0,2,2,0.4,0.4
0.3,5,1340.0,0,0,,0,0,0.4,0.4
0.3,5,1341.0,0,1,,1,0,0.4,0.4
0.3,5,1342.0,0,0,0.0,0,1,0.4,0.5
0.3,5,1343.0,0,0,,0,0,0.3,0.4
0.3,5,1344.0,0,0,,0,0,0.3,0.3
0.3,5,1345.0,0,0,0.0,1,1,0.4,0.4
0.3,5,1346.0,0,0,,0,0,0.4,0.4
0.3,5,1347.0,0,0,,0,0,0.4,0.4
0.3,5,1348.0,0,0,,0,0,0.4,0.4
0.3,5,1349.0,0,0,,0,0,0.2,0.2
0.3,5,1350.0,0,0,,0,0,0.2,0.2
0.3,5,1351.0,0,0,,0,0,0.1,0.2
0.3,5,1352.0,0,0,0.0,1,1,0.2,0.2
0.3,5,1353.0,1,2,,2,0,0.4,0.2
0.3,5,1354.0,2,3,,1,0,0.5,0.2
0.3,5,1355.0,2,3,,0,0,0.4,0.1
0.3,5,1356.0,1,2,0.0,0,1,0.4,0.2
0.3,5,1357.0,1,2,2.2554242293767857,1,1,0.5,0.3
0.3,5,1358.0,1,2,2.216526970162704,1,1,0.6,0.4
0.3,5,1359.0,1,2,,0,0,0.6,0.4
0.3,5,1360.0,0,1,1.3068990191397916,0,1,0.6,0.5
0.3,5,1361.0,0,1,,0,0,0.6,0.5
0.3,5,1362.0,0,1,1.190004981761831,1,1,0.6,0.5
0.3,5,1363.0,0,0,0.3931769035423258,0,1,0.4,0.6
0.3,5,1364.0,0,0,,0,0,0.3,0.6
0.3,5,1365.0,0,0,0.0,1,1,0.4,0.7
0.3,5,1366.0,0,0,0.0,1,1,0.5,0.7
0.3,5,1367.0,0,0,,0,0,0.4,0.6
0.3,5,1368.0,0,0,,0,0,0.3,0.5
0.3,5,1369.0,0,0,,0,0,0.3,0.5
0.3,5,1370.0,0,0,,0,0,0.3,0.4
0.3,5,1371.0,0,0,,0,0,0.3,0.4
0.3,5,1372.0,0,0,,0,0,0.2,0.3
0.3,5,1373.0,0,1,,1,0,0.3,0.2
0.3,5,1374.0,0,1,,0,0,0.3,0.2
0.3,5,1375.0,0,0,0.0,0,1,0.2,0.2
0.3,5,1376.0,0,0,,0,0,0.1,0.1
0.3,5,1377.0,0,0,,0,0,0.1,0.1
0.3,5,1378.0,0,1,,1,0,0.2,0.1
0.3,5,1379.0,2,3,,2,0,0.4,0.1
0.3,5,1380.0,1,2,0.0,0,1,0.4,0.2
0.3,5,1381.0,0,1,1.4233477544573816,0,1,0.4,0.3
0.3,5,1382.0,0,1,,0,0,0.4,0.3
0.3,5,1383.0,0,1,,0,0,0.3,0.3
0.3,5,1384.0,0,0,0.8211169300674328,1,2,0.4,0.5
0.3,5,1385.0,0,0,,0,0,0.4,0.4
0.3,5,1386.0,0,0,,0,0,0.4,0.4
0.3,5,1387.0,0,0,,0,0,0.4,0.4
0.3,5,1388.0,0,0,,0,0,0.3,0.4
0.3,5,1389.0,0,1,,1,0,0.2,0.4
0.3,5,1390.0,0,0,0.0,0,1,0.2,0.4
0.3,5,1391.0,0,0,0.0,2,2,0.4,0.5
0.3,5,1392.0,0,0,,0,0,0.4,0.5
0.3,5,1393.0,0,0,,0,0,0.4,0.5
0.3,5,1394.0,0,1,,1,0,0.4,0.3
0.3,5,1395.0,0,1,,0,0,0.4,0.3
0.3,5,1396.0,0,0,0.0,0,1,0.4,0.4
0.3,5,1397.0,0,0,,0,0,0.4,0.4
0.3,5,1398.0,0,0,,0,0,0.4,0.4
0.3,5,1399.0,0,1,0.0,2,1,0.5,0.5
0.3,5,1400.0,0,0,0.0,0,1,0.5,0.5
0.3,5,1401.0,0,0,,0,0,0.3,0.3
0.3,5,1402.0,0,0,,0,0,0.3,0.3
0.3,5,1403.0,0,0,,0,0,0.3,0.3
0.3,5,1404.0,0,0,0.0,1,1,0.3,0.4
0.3,5,1405.0,0,0,,0,0,0.3,0.4
0.3,5,1406.0,0,1,,1,0,0.4,0.3
0.3,5,1407.0,0,1,,0,0,0.4,0.3
0.3,5,1408.0,0,0,0.0,0,1,0.4,0.4
0.3,5,1409.0,0,0,,0,0,0.2,0.3
0.3,5,1410.0,0,0,,0,0,0.2,0.2
0.3,5,1411.0,0,0,,0,0,0.2,0.2
0.3,5,1412.0,0,0,0.0,1,1,0.3,0.3
0.3,5,1413.0,2,3,,3,0,0.6,0.3
0.3,5,1414.0,1,2,0.0,0,1,0.5,0.3
0.3,5,1415.0,1,2,0.033404143634925276,1,1,0.6,0.4
0.3,5,1416.0,0,0,0.8455697428254704,1,3,0.6,0.7
0.3,5,1417.0,0,0,,0,0,0.6,0.7
0.3,5,1418.0,0,0,,0,0,0.6,0.6
0.3,5,1419.0,0,1,,1,0,0.7,0.6
0.3,5,1420.0,1,2,,1,0,0.8,0.6
0.3,5,1421.0,1,2,,0,0,0.8,0.6
0.3,5,1422.0,0,1,0.0,0,1,0.7,0.6
0.3,5,1423.0,0,0,2.146043415888471,0,1,0.4,0.7
0.3,5,1424.0,0,0,,0,0,0.4,0.6
0.3,5,1425.0,0,0,,0,0,0.3,0.5
0.3,5,1426.0,0,0,,0,0,0.2,0.2
0.3,5,1427.0,0,0,,0,0,0.2,0.2
0.3,5,1428.0,0,0,,0,0,0.2,0.2
0.3,5,1429.0,0,0,,0,0,0.1,0.2
0.3,5,1430.0,0,0,0.0,1,1,0.1,0.3
0.3,5,1431.0,0,0,,0,0,0.1,0.3
0.3,5,1432.0,0,0,,0,0,0.1,0.2
0.3,5,1433.0,0,0,,0,0,0.1,0.1
0.3,5,1434.0,0,0,0.0,1,1,0.2,0.2
0.3,5,1435.0,0,0,,0,0,0.2,0.2
0.3,5,1436.0,0,1,,1,0,0.3,0.2
0.3,5,1437.0,1,2,,1,0,0.4,0.2
0.3,5,1438.0,2,3,,1,0,0.5,0.2
0.3,5,1439.0,1,2,0.0,0,1,0.5,0.3
0.3,5,1440.0,1,2,,0,0,0.4,0.2
0.3,5,1441.0,0,1,2.0577844423801253,0,1,0.4,0.3
0.3,5,1442.0,0,0,3.1414896028245494,0,1,0.4,0.4
0.3,5,1443.0,0,1,,1,0,0.5,0.4
0.3,5,1444.0,1,2,0.0,2,1,0.6,0.4
0.3,5,1445.0,0,1,0.0,0,1,0.6,0.5
0.3,5,1446.0,0,0,0.5621199340343992,0,1,0.5,0.6
0.3,5,1447.0,0,0,0.0,1,1,0.5,0.7
0.3,5,1448.0,0,0,,0,0,0.4,0.7
0.3,5,1449.0,0,0,,0,0,0.4,0.6
0.3,5,1450.0,0,0,0.0,1,1,0.5,0.7
0.3,5,1451.0,0,0,,0,0,0.5,0.6
0.3,5,1452.0,0,0,,0,0,0.5,0.5
0.3,5,1453.0,0,1,,1,0,0.5,0.5
0.3,5,1454.0,0,0,0.0,0,1,0.3,0.5
0.3,5,1455.0,0,0,,0,0,0.3,0.4
0.3,5,1456.0,0,1,,1,0,0.4,0.3
0.3,5,1457.0,0,0,0.0,0,1,0.3,0.3
0.3,5,1458.0,0,0,,0,0,0.3,0.3
0.3,5,1459.0,0,0,,0,0,0.3,0.3
0.3,5,1460.0,0,0,,0,0,0.2,0.2
0.3,5,1461.0,0,0,,0,0,0.2,0.2
0.3,5,1462.0,0,0,,0,0,0.2,0.2
0.3,5,1463.0,0,0,,0,0,0.1,0.2
0.3,5,1464.0,0,0,,0,0,0.1,0.1
0.3,5,1465.0,0,0,,0,0,0.1,0.1
0.3,5,1466.0,0,0,,0,0,0.0,0.1
0.3,5,1467.0,0,0,,0,0,0.0,0.0
0.3,5,1468.0,0,0,,0,0,0.0,0.0
0.3,5,1469.0,0,0,,0,0,0.0,0.0
0.3,5,1470.0,1,2,,2,0,0.2,0.0
0.3,5,1471.0,0,0,0.2083330724572837,1,3,0.3,0.3
0.3,5,1472.0,0,0,,0,0,0.3,0.3
0.3,5,1473.0,0,0,,0,0,0.3,0.3
0.3,5,1474.0,0,0,,0,0,0.3,0.3
0.3,5,1475.0,0,0,,0,0,0.3,0.3
0.3,5,1476.0,0,0,,0,0,0.3,0.3
0.3,5,1477.0,0,0,,0,0,0.3,0.3
0.3,5,1478.0,0,0,0.0,2,2,0.5,0.5
0.3,5,1479.0,0,1,,1,0,0.6,0.5
0.3,5,1480.0,0,1,,0,0,0.4,0.5
0.3,5,1481.0,0,0,0.0,0,1,0.3,0.3
0.3,5,1482.0,0,1,,1,0,0.4,0.3
0.3,5,1483.0,0,1,,0,0,0.4,0.3
0.3,5,1484.0,0,0,0.0,1,2,0.5,0.5
0.3,5,1485.0,1,2,,2,0,0.7,0.5
0.3,5,1486.0,3,4,,2,0,0.9,0.5
0.3,5,1487.0,1,2,1.1029576876302372,0,2,0.9,0.7
0.3,5,1488.0,1,2,,0,0,0.7,0.5
0.3,5,1489.0,2,3,,1,0,0.7,0.5
0.3,5,1490.0,0,0,2.0955250223417656,0,3,0.7,0.8
0.3,5,1491.0,0,0,,0,0,0.7,0.7
0.3,5,1492.0,0,1,,1,0,0.7,0.7
0.3,5,1493.0,0,1,,0,0,0.7,0.7
0.3,5,1494.0,0,0,0.0,0,1,0.6,0.6
0.3,5,1495.0,1,2,,2,0,0.6,0.6
0.3,5,1496.0,1,2,0.0,1,1,0.5,0.7
0.3,5,1497.0,2,3,,1,0,0.6,0.5
0.3,5,1498.0,1,2,0.49841446823234037,0,1,0.6,0.6
0.3,5,1499.0,1,2,2.334194870709325,1,1,0.6,0.7
0.3,5,1500.0,0,0,1.1134334784294424,0,2,0.6,0.6
0.3,5,1501.0,0,0,,0,0,0.6,0.6
0.3,5,1502.0,0,0,,0,0,0.5,0.6
0.3,5,1503.0,0,0,,0,0,0.5,0.6
0.3,5,1504.0,0,1,0.0,2,1,0.7,0.6
0.3,5,1505.0,0,1,,0,0,0.5,0.6
0.3,5,1506.0,0,0,0.19638511670996195,0,1,0.4,0.6
0.3,5,1507.0,0,0,,0,0,0.3,0.6
0.3,5,1508.0,0,0,,0,0,0.3,0.5
0.3,5,1509.0,0,0,,0,0,0.2,0.4
0.3,5,1510.0,0,0,0.0,1,1,0.3,0.3
0.3,5,1511.0,0,1,,1,0,0.4,0.3
0.3,5,1512.0,0,1,,0,0,0.4,0.3
0.3,5,1513.0,0,1,,0,0,0.4,0.3
0.3,5,1514.0,0,0,0.0,0,1,0.2,0.3
0.3,5,1515.0,0,0,,0,0,0.2,0.3
0.3,5,1516.0,0,0,,0,0,0.2,0.2
0.3,5,1517.0,0,1,,1,0,0.3,0.2
0.3,5,1518.0,0,0,0.0,0,1,0.3,0.3
0.3,5,1519.0,0,0,0.0,1,1,0.4,0.4
0.3,5,1520.0,0,1,,1,0,0.4,0.3
0.3,5,1521.0,1,2,,1,0,0.4,0.3
0.3,5,1522.0,0,1,0.0,0,1,0.4,0.4
0.3,5,1523.0,0,0,1.00303858594134,0,1,0.4,0.5
0.3,5,1524.0,0,0,,0,0,0.4,0.4
0.3,5,1525.0,0,0,,0,0,0.4,0.4
0.3,5,1526.0,0,0,,0,0,0.4,0.4
0.3,5,1527.0,0,0,0.0,1,1,0.4,0.5
0.3,5,1528.0,0,0,,0,0,0.4,0.4
0.3,5,1529.0,0,0,,0,0,0.3,0.3
0.3,5,1530.0,0,1,,1,0,0.3,0.3
0.3,5,1531.0,1,2,,1,0,0.3,0.3
0.3,5,1532.0,0,1,0.0,0,1,0.3,0.3
0.3,5,1533.0,0,0,0.06556405571336654,0,1,0.3,0.3
0.3,5,1534.0,0,0,,0,0,0.3,0.3
0.3,5,1535.0,0,0,0.0,1,1,0.4,0.4
0.3,5,1536.0,0,1,,1,0,0.5,0.4
0.3,5,1537.0,0,0,0.0,0,1,0.4,0.4
0.3,5,1538.0,0,0,,0,0,0.4,0.4
0.3,5,1539.0,0,1,,1,0,0.5,0.4
0.3,5,1540.0,0,0,0.0,0,1,0.4,0.5
0.3,5,1541.0,0,1,,1,0,0.4,0.5
0.3,5,1542.0,0,1,,0,0,0.4,0.4
0.3,5,1543.0,0,1,,0,0,0.4,0.3
0.3,5,1544.0,1,2,,1,0,0.5,0.3
0.3,5,1545.0,0,0,0.40161149888785985,0,2,0.4,0.4
0.3,5,1546.0,0,0,,0,0,0.3,0.4
0.3,5,1547.0,0,0,,0,0,0.3,0.3
0.3,5,1548.0,0,0,,0,0,0.3,0.3
0.3,5,1549.0,0,1,,1,0,0.3,0.3
0.3,5,1550.0,1,2,0.0,2,1,0.5,0.3
0.3,5,1551.0,2,3,,1,0,0.5,0.3
0.3,5,1552.0,2,3,,0,0,0.5,0.3
0.3,5,1553.0,2,3,,0,0,0.5,0.3
0.3,5,1554.0,2,3,,0,0,0.4,0.3
0.3,5,1555.0,1,2,0.0,0,1,0.4,0.2
0.3,5,1556.0,1,2,,0,0,0.4,0.2
0.3,5,1557.0,0,1,5.143189004298392,0,1,0.4,0.3
0.3,5,1558.0,0,0,5.664309038455713,0,1,0.4,0.4
0.3,5,1559.0,0,1,,1,0,0.4,0.4
0.3,5,1560.0,0,0,0.019291070864596804,1,2,0.3,0.5
0.3,5,1561.0,0,0,0.0,1,1,0.3,0.6
0.3,5,1562.0,0,0,,0,0,0.3,0.6
0.3,5,1563.0,0,0,,0,0,0.3,0.6
0.3,5,1564.0,0,0,,0,0,0.3,0.6
0.3,5,1565.0,0,0,,0,0,0.3,0.5
0.3,5,1566.0,0,0,,0,0,0.3,0.5
0.3,5,1567.0,0,0,,0,0,0.3,0.4
0.3,5,1568.0,0,0,,0,0,0.3,0.3
0.3,5,1569.0,0,1,,1,0,0.3,0.3
0.3,5,1570.0,0,1,,0,0,0.2,0.1
0.3,5,1571.0,0,1,,0,0,0.1,0.0
0.3,5,1572.0,0,1,,0,0,0.1,0.0
0.3,5,1573.0,0,0,0.0,0,1,0.1,0.1
0.3,5,1574.0,0,0,,0,0,0.1,0.1
0.3,5,1575.0,0,0,,0,0,0.1,0.1
0.3,5,1576.0,0,0,,0,0,0.1,0.1
0.3,5,1577.0,0,0,,0,0,0.1,0.1
0.3,5,1578.0,0,0,0.0,1,1,0.2,0.2
0.3,5,1579.0,0,0,,0,0,0.1,0.2
0.3,5,1580.0,0,0,,0,0,0.1,0.2
0.3,5,1581.0,0,0,,0,0,0.1,0.2
0.3,5,1582.0,0,0,,0,0,0.1,0.2
0.3,5,1583.0,0,0,,0,0,0.1,0.1
0.3,5,1584.0,0,0,,0,0,0.1,0.1
0.3,5,1585.0,0,1,,1,0,0.2,0.1
0.3,5,1586.0,0,1,0.0,1,1,0.3,0.2
0.3,5,1587.0,0,1,,0,0,0.3,0.2
0.3,5,1588.0,0,0,0.5795246180878166,0,1,0.2,0.2
0.3,5,1589.0,0,0,,0,0,0.2,0.2
0.3,5,1590.0,0,0,,0,0,0.2,0.2
0.3,5,1591.0,0,0,,0,0,0.2,0.2
0.3,5,1592.0,0,0,,0,0,0.2,0.2
0.3,5,1593.0,0,0,,0,0,0.2,0.2
0.3,5,1594.0,0,0,,0,0,0.2,0.2
0.3,5,1595.0,0,1,,1,0,0.2,0.2
0.3,5,1596.0,1,2,,1,0,0.2,0.1
0.3,5,1597.0,1,2,0.0,1,1,0.3,0.2
0.3,5,1598.0,1,2,,0,0,0.3,0.1
0.3,5,1599.0,1,2,,0,0,0.3,0.1
0.3,5,1600.0,1,2,,0,0,0.3,0.1
0.3,5,1601.0,0,0,2.4306639749627266,0,2,0.3,0.3
0.3,5,1602.0,0,0,,0,0,0.3,0.3
0.3,5,1603.0,0,0,,0,0,0.3,0.3
0.3,5,1604.0,0,1,,1,0,0.4,0.3
0.3,5,1605.0,0,1,0.0,1,1,0.4,0.4
0.3,5,1606.0,0,0,0.09825096836721059,0,1,0.3,0.5
0.3,5,1607.0,0,0,,0,0,0.2,0.4
0.3,5,1608.0,0,1,,1,0,0.3,0.4
0.3,5,1609.0,0,1,,0,0,0.3,0.4
0.3,5,1610.0,0,0,0.0,0,1,0.3,0.5
0.3,5,1611.0,0,0,,0,0,0.3,0.3
0.3,5,1612.0,0,1,,1,0,0.4,0.3
0.3,5,1613.0,1,2,,1,0,0.5,0.3
0.3,5,1614.0,0,0,0.2592556139312592,0,2,0.4,0.5
0.3,5,1615.0,0,0,0.0,1,1,0.4,0.5
0.3,5,1616.0,0,0,,0,0,0.4,0.4
0.3,5,1617.0,0,0,,0,0,0.4,0.4
0.3,5,1618.0,0,1,,1,0,0.4,0.4
0.3,5,1619.0,0,1,0.0,1,1,0.5,0.5
0.3,5,1620.0,0,1,0.11775404348395568,1,1,0.6,0.5
0.3,5,1621.0,0,1,,0,0,0.6,0.5
0.3,5,1622.0,1,2,0.5915553775971603,2,1,0.7,0.6
0.3,5,1623.0,2,3,,1,0,0.7,0.6
0.3,5,1624.0,1,2,0.8415418440033591,1,2,0.8,0.6
0.3,5,1625.0,0,0,0.6627595745285362,0,2,0.7,0.7
0.3,5,1626.0,1,2,,2,0,0.9,0.7
0.3,5,1627.0,3,4,,2,0,1.1,0.7
0.3,5,1628.0,2,3,0.0,0,1,1.0,0.8
0.3,5,1629.0,0,1,2.2626914429826,0,2,0.9,0.9
0.3,5,1630.0,0,0,2.383013192853241,0,1,0.8,0.9
0.3,5,1631.0,0,0,,0,0,0.8,0.9
0.3,5,1632.0,0,0,0.0,1,1,0.7,0.9
0.3,5,1633.0,0,0,,0,0,0.6,0.9
0.3,5,1634.0,0,0,,0,0,0.5,0.7
0.3,5,1635.0,0,0,,0,0,0.5,0.5
0.3,5,1636.0,0,1,,1,0,0.4,0.5
0.3,5,1637.0,0,1,,0,0,0.2,0.5
0.3,5,1638.0,0,0,0.0,0,1,0.2,0.5
0.3,5,1639.0,0,0,,0,0,0.2,0.3
0.3,5,1640.0,0,0,,0,0,0.2,0.2
0.3,5,1641.0,0,0,,0,0,0.2,0.2
0.3,5,1642.0,0,1,,1,0,0.2,0.1
0.3,5,1643.0,1,2,,1,0,0.3,0.1
0.3,5,1644.0,1,2,,0,0,0.3,0.1
0.3,5,1645.0,0,0,0.6719318262709066,0,2,0.3,0.3
0.3,5,1646.0,0,0,0.0,1,1,0.3,0.4
0.3,5,1647.0,0,0,,0,0,0.3,0.4
0.3,5,1648.0,0,0,,0,0,0.3,0.3
0.3,5,1649.0,0,0,,0,0,0.3,0.3
0.3,5,1650.0,0,0,,0,0,0.3,0.3
0.3,5,1651.0,0,0,,0,0,0.3,0.3
0.3,5,1652.0,0,0,,0,0,0.2,0.3
0.3,5,1653.0,0,1,,1,0,0.2,0.3
0.3,5,1654.0,0,0,0.0,0,1,0.2,0.4
0.3,5,1655.0,0,0,,0,0,0.2,0.2
0.3,5,1656.0,0,0,0.0,1,1,0.2,0.2
0.3,5,1657.0,0,1,,1,0,0.3,0.2
0.3,5,1658.0,1,2,,1,0,0.4,0.2
0.3,5,1659.0,2,3,,1,0,0.5,0.2
0.3,5,1660.0,2,3,,0,0,0.5,0.2
0.3,5,1661.0,2,3,0.0,1,1,0.6,0.3
0.3,5,1662.0,1,2,3.126428248997172,1,2,0.7,0.5
0.3,5,1663.0,1,2,,0,0,0.6,0.5
0.3,5,1664.0,1,2,,0,0,0.6,0.4
0.3,5,1665.0,0,1,0.8201827373734432,0,1,0.6,0.5
0.3,5,1666.0,0,0,2.817576755003074,0,1,0.5,0.5
0.3,5,1667.0,0,0,,0,0,0.4,0.5
0.3,5,1668.0,0,0,,0,0,0.3,0.5
0.3,5,1669.0,0,0,,0,0,0.2,0.5
0.3,5,1670.0,0,0,,0,0,0.2,0.5
0.3,5,1671.0,0,1,,1,0,0.2,0.4
0.3,5,1672.0,1,2,,1,0,0.2,0.2
0.3,5,1673.0,2,3,,1,0,0.3,0.2
0.3,5,1674.0,3,4,,1,0,0.4,0.2
0.3,5,1675.0,4,5,,1,0,0.5,0.1
0.3,5,1676.0,5,6,0.0,2,1,0.7,0.1
0.3,5,1677.0,4,5,4.432128661842626,0,1,0.7,0.2
0.3,5,1678.0,4,5,3.790099746854821,1,1,0.8,0.3
0.3,5,1679.0,3,4,3.339650218784982,0,1,0.8,0.4
0.3,5,1680.0,2,3,3.8337005488824616,0,1,0.8,0.5
0.3,5,1681.0,2,3,,0,0,0.7,0.5
0.3,5,1682.0,1,2,4.210883171810413,2,3,0.8,0.8
0.3,5,1683.0,0,0,0.065969529893664,0,2,0.7,1.0
0.3,5,1684.0,0,0,,0,0,0.6,1.0
0.3,5,1685.0,0,0,,0,0,0.5,1.0
0.3,5,1686.0,0,0,,0,0,0.3,0.9
0.3,5,1687.0,0,0,,0,0,0.3,0.8
0.3,5,1688.0,0,0,,0,0,0.2,0.7
0.3,5,1689.0,0,0,,0,0,0.2,0.6
0.3,5,1690.0,0,0,,0,0,0.2,0.5
0.3,5,1691.0,0,0,0.0,1,1,0.3,0.6
0.3,5,1692.0,0,1,,1,0,0.2,0.3
0.3,5,1693.0,0,0,0.0,0,1,0.2,0.2
0.3,5,1694.0,0,0,,0,0,0.2,0.2
0.3,5,1695.0,0,1,,1,0,0.3,0.2
0.3,5,1696.0,0,1,0.0,1,1,0.4,0.3
0.3,5,1697.0,0,1,0.14854641111423916,1,1,0.5,0.4
0.3,5,1698.0,0,0,0.0,0,1,0.5,0.5
0.3,5,1699.0,0,0,,0,0,0.5,0.5
0.3,5,1700.0,0,0,0.0,1,1,0.6,0.6
0.3,5,1701.0,0,0,,0,0,0.5,0.5
0.3,5,1702.0,1,2,,2,0,0.6,0.5
0.3,5,1703.0,0,1,0.362161145478467,1,2,0.7,0.6
0.3,5,1704.0,0,0,0.6886600986299527,0,1,0.7,0.7
0.3,5,1705.0,0,0,,0,0,0.6,0.7
0.3,5,1706.0,0,1,,1,0,0.6,0.6
0.3,5,1707.0,1,2,,1,0,0.6,0.5
0.3,5,1708.0,0,0,0.29527892114424503,0,2,0.6,0.6
0.3,5,1709.0,0,1,,1,0,0.7,0.6
0.3,5,1710.0,0,1,,0,0,0.6,0.5
0.3,5,1711.0,0,0,0.0,0,1,0.6,0.6
0.3,5,1712.0,0,0,,0,0,0.4,0.6
0.3,5,1713.0,0,0,,0,0,0.3,0.4
0.3,5,1714.0,0,0,,0,0,0.3,0.3
0.3,5,1715.0,0,0,,0,0,0.3,0.3
0.3,5,1716.0,0,0,,0,0,0.2,0.3
0.3,5,1717.0,0,0,,0,0,0.1,0.3
0.3,5,1718.0,0,0,,0,0,0.1,0.1
0.3,5,1719.0,0,0,,0,0,0.0,0.1
0.3,5,1720.0,0,0,,0,0,0.0,0.1
0.3,5,1721.0,0,0,,0,0,0.0,0.0
0.3,5,1722.0,0,0,0.0,1,1,0.1,0.1
0.3,5,1723.0,0,1,,1,0,0.2,0.1
0.3,5,1724.0,0,0,0.0,0,1,0.2,0.2
0.3,5,1725.0,0,0,,0,0,0.2,0.2
0.3,5,1726.0,0,0,,0,0,0.2,0.2
0.3,5,1727.0,0,0,,0,0,0.2,0.2
0.3,5,1728.0,0,0,,0,0,0.2,0.2
0.3,5,1729.0,0,0,,0,0,0.2,0.2
0.3,5,1730.0,0,1,,1,0,0.3,0.2
0.3,5,1731.0,0,1,0.0,1,1,0.4,0.3
0.3,5,1732.0,0,1,0.0,1,1,0.4,0.3
0.3,5,1733.0,0,0,0.6951943860094616,0,1,0.3,0.4
0.3,5,1734.0,0,0,,0,0,0.3,0.3
0.3,5,1735.0,0,0,,0,0,0.3,0.3
0.3,5,1736.0,0,0,,0,0,0.3,0.3
0.3,5,1737.0,0,1,,1,0,0.4,0.3
0.3,5,1738.0,0,1,,0,0,0.4,0.3
0.3,5,1739.0,0,0,0.0,0,1,0.4,0.4
0.3,5,1740.0,0,0,,0,0,0.3,0.4
0.3,5,1741.0,0,0,,0,0,0.2,0.3
0.3,5,1742.0,0,0,0.0,1,1,0.2,0.3
0.3,5,1743.0,0,0,,0,0,0.2,0.2
0.3,5,1744.0,0,1,,1,0,0.3,0.2
0.3,5,1745.0,0,0,0.0,0,1,0.3,0.3
0.3,5,1746.0,0,0,,0,0,0.3,0.3
0.3,5,1747.0,0,1,,1,0,0.3,0.3
0.3,5,1748.0,0,1,,0,0,0.3,0.3
0.3,5,1749.0,0,1,,0,0,0.3,0.2
0.3,5,1750.0,0,0,0.0,0,1,0.3,0.3
0.3,5,1751.0,0,1,,1,0,0.4,0.3
0.3,5,1752.0,0,1,,0,0,0.3,0.2
0.3,5,1753.0,0,0,0.0,0,1,0.3,0.3
0.3,5,1754.0,0,0,,0,0,0.2,0.3
0.3,5,1755.0,0,0,,0,0,0.2,0.2
0.3,5,1756.0,0,0,,0,0,0.2,0.2
0.3,5,1757.0,0,1,,1,0,0.2,0.2
0.3,5,1758.0,0,1,,0,0,0.2,0.2
0.3,5,1759.0,0,1,,0,0,0.2,0.2
0.3,5,1760.0,0,0,0.0,0,1,0.2,0.2
0.3,5,1761.0,0,0,,0,0,0.1,0.2
0.3,5,1762.0,0,0,,0,0,0.1,0.2
0.3,5,1763.0,0,0,,0,0,0.1,0.1
0.3,5,1764.0,0,0,,0,0,0.1,0.1
0.3,5,1765.0,0,0,,0,0,0.1,0.1
0.3,5,1766.0,0,0,,0,0,0.1,0.1
0.3,5,1767.0,0,0,,0,0,0.0,0.1
0.3,5,1768.0,0,0,,0,0,0.0,0.1
0.3,5,1769.0,2,3,,3,0,0.3,0.1
0.3,5,1770.0,2,3,,0,0,0.3,0.0
0.3,5,1771.0,0,1,0.7494749776583376,0,2,0.3,0.2
0.3,5,1772.0,0,1,,0,0,0.3,0.2
0.3,5,1773.0,0,0,2.1452895829349927,0,1,0.3,0.3
0.3,5,1774.0,0,0,,0,0,0.3,0.3
0.3,5,1775.0,0,0,,0,0,0.3,0.3
0.3,5,1776.0,0,0,,0,0,0.3,0.3
0.3,5,1777.0,0,0,0.0,1,1,0.4,0.4
0.3,5,1778.0,0,1,,1,0,0.5,0.4
0.3,5,1779.0,0,0,0.0,0,1,0.2,0.5
0.3,5,1780.0,0,0,0.0,1,1,0.3,0.6
0.3,5,1781.0,0,1,,1,0,0.4,0.4
0.3,5,1782.0,0,0,0.0,0,1,0.4,0.5
0.3,5,1783.0,0,1,,1,0,0.5,0.4
0.3,5,1784.0,0,1,,0,0,0.5,0.4
0.3,5,1785.0,0,1,0.0,1,1,0.6,0.5
0.3,5,1786.0,0,0,0.41800976921376787,0,1,0.6,0.6
0.3,5,1787.0,0,0,,0,0,0.5,0.5
0.3,5,1788.0,0,0,,0,0,0.4,0.5
0.3,5,1789.0,0,0,,0,0,0.4,0.4
0.3,5,1790.0,1,2,,2,0,0.5,0.3
0.3,5,1791.0,0,0,0.0944343781477528,0,2,0.4,0.5
0.3,5,1792.0,0,0,,0,0,0.4,0.4
0.3,5,1793.0,0,0,,0,0,0.3,0.4
0.3,5,1794.0,0,0,,0,0,0.3,0.4
0.3,5,1795.0,0,0,,0,0,0.2,0.3
0.3,5,1796.0,1,2,,2,0,0.4,0.2
0.3,5,1797.0,0,1,0.32057597678419825,1,2,0.5,0.4
0.3,5,1798.0,0,0,0.0,0,1,0.5,0.5
0.3,5,1799.0,0,0,0.0,1,1,0.6,0.6
0.3,5,1800.0,0,0,,0,0,0.4,0.6
0.3,5,1801.0,0,1,,1,0,0.5,0.4
0.3,5,1802.0,0,0,0.0,0,1,0.5,0.5
0.3,5,1803.0,0,0,,0,0,0.5,0.5
0.3,5,1804.0,0,0,,0,0,0.5,0.5
0.3,5,1805.0,0,0,,0,0,0.5,0.5
0.3,5,1806.0,0,0,,0,0,0.3,0.5
0.3,5,1807.0,0,0,,0,0,0.2,0.3
0.3,5,1808.0,0,1,,1,0,0.3,0.2
0.3,5,1809.0,0,1,,0,0,0.2,0.1
0.3,5,1810.0,0,1,,0,0,0.2,0.1
0.3,5,1811.0,1,2,,1,0,0.2,0.1
0.3,5,1812.0,0,1,0.0,0,1,0.2,0.1
0.3,5,1813.0,0,0,0.9376547097831462,0,1,0.2,0.2
0.3,5,1814.0,0,0,,0,0,0.2,0.2
0.3,5,1815.0,0,0,,0,0,0.2,0.2
0.3,5,1816.0,0,0,,0,0,0.2,0.2
0.3,5,1817.0,0,0,,0,0,0.2,0.2
0.3,5,1818.0,0,0,,0,0,0.1,0.2
0.3,5,1819.0,1,2,,2,0,0.3,0.2
0.3,5,1820.0,0,1,0.0,0,1,0.3,0.3
0.3,5,1821.0,0,1,,0,0,0.2,0.3
0.3,5,1822.0,0,0,0.9535350437424768,0,1,0.2,0.3
0.3,5,1823.0,0,0,,0,0,0.2,0.2
0.3,5,1824.0,0,0,,0,0,0.2,0.2
0.3,5,1825.0,0,0,,0,0,0.2,0.2
0.3,5,1826.0,0,1,,1,0,0.3,0.2
0.3,5,1827.0,0,0,0.0,0,1,0.3,0.3
0.3,5,1828.0,0,0,,0,0,0.3,0.3
0.3,5,1829.0,0,0,,0,0,0.1,0.3
0.3,5,1830.0,0,0,,0,0,0.1,0.2
0.3,5,1831.0,0,0,,0,0,0.1,0.2
0.3,5,1832.0,0,0,,0,0,0.1,0.1
0.3,5,1833.0,0,0,,0,0,0.1,0.1
0.3,5,1834.0,0,0,,0,0,0.1,0.1
0.3,5,1835.0,0,0,,0,0,0.1,0.1
0.3,5,1836.0,0,0,,0,0,0.0,0.1
0.3,5,1837.0,0,0,,0,0,0.0,0.0
0.3,5,1838.0,0,0,,0,0,0.0,0.0
0.3,5,1839.0,0,0,0.0,1,1,0.1,0.1
0.3,5,1840.0,0,0,,0,0,0.1,0.1
0.3,5,1841.0,0,1,,1,0,0.2,0.1
0.3,5,1842.0,0,1,,0,0,0.2,0.1
0.3,5,1843.0,0,1,,0,0,0.2,0.1
0.3,5,1844.0,0,0,0.0,0,1,0.2,0.2
0.3,5,1845.0,0,0,,0,0,0.2,0.2
0.3,5,1846.0,0,0,,0,0,0.2,0.2
0.3,5,1847.0,1,2,,2,0,0.4,0.2
0.3,5,1848.0,0,1,0.0,0,1,0.4,0.3
0.3,5,1849.0,0,1,,0,0,0.3,0.2
0.3,5,1850.0,0,0,0.928591588252857,0,1,0.3,0.3
0.3,5,1851.0,0,1,,1,0,0.3,0.3
0.3,5,1852.0,0,1,,0,0,0.3,0.3
0.3,5,1853.0,1,2,,1,0,0.4,0.3
0.3,5,1854.0,1,2,,0,0,0.4,0.2
0.3,5,1855.0,1,2,0.0,1,1,0.5,0.3
0.3,5,1856.0,1,2,,0,0,0.5,0.3
0.3,5,1857.0,1,2,,0,0,0.3,0.3
0.3,5,1858.0,1,2,,0,0,0.3,0.2
0.3,5,1859.0,1,2,,0,0,0.3,0.2
0.3,5,1860.0,0,1,2.199987843838244,0,1,0.3,0.2
0.3,5,1861.0,0,0,5.146401802080618,0,1,0.2,0.3
0.3,5,1862.0,0,0,,0,0,0.2,0.3
0.3,5,1863.0,0,0,,0,0,0.1,0.3
0.3,5,1864.0,0,0,,0,0,0.1,0.3
0.3,5,1865.0,0,0,,0,0,0.0,0.2
0.3,5,1866.0,0,1,,1,0,0.1,0.2
0.3,5,1867.0,0,1,0.0,1,1,0.2,0.3
0.3,5,1868.0,0,1,0.0,1,1,0.3,0.4
0.3,5,1869.0,0,1,,0,0,0.3,0.4
0.3,5,1870.0,0,0,0.0,0,1,0.3,0.4
0.3,5,1871.0,0,1,,1,0,0.4,0.3
0.3,5,1872.0,0,0,0.0,0,1,0.4,0.4
0.3,5,1873.0,0,1,,1,0,0.5,0.4
0.3,5,1874.0,0,0,0.0,0,1,0.5,0.5
0.3,5,1875.0,0,0,,0,0,0.5,0.5
0.3,5,1876.0,0,0,,0,0,0.4,0.5
0.3,5,1877.0,0,0,,0,0,0.3,0.4
0.3,5,1878.0,0,0,,0,0,0.2,0.3
0.3,5,1879.0,1,2,,2,0,0.4,0.3
0.3,5,1880.0,0,1,0.0,0,1,0.4,0.3
0.3,5,1881.0,0,0,0.3947859681056798,0,1,0.3,0.4
0.3,5,1882.0,0,0,0.0,1,1,0.4,0.4
0.3,5,1883.0,0,0,,0,0,0.3,0.4
0.3,5,1884.0,0,0,,0,0,0.3,0.3
0.3,5,1885.0,0,0,,0,0,0.3,0.3
0.3,5,1886.0,0,0,,0,0,0.3,0.3
0.3,5,1887.0,0,0,,0,0,0.3,0.3
0.3,5,1888.0,0,0,0.0,1,1,0.4,0.4
0.3,5,1889.0,0,0,,0,0,0.2,0.4
0.3,5,1890.0,0,0,,0,0,0.2,0.3
0.3,5,1891.0,0,0,,0,0,0.2,0.2
0.3,5,1892.0,0,0,,0,0,0.1,0.1
0.3,5,1893.0,0,0,,0,0,0.1,0.1
0.3,5,1894.0,0,0,0.0,1,1,0.2,0.2
0.3,5,1895.0,0,0,,0,0,0.2,0.2
0.3,5,1896.0,0,0,,0,0,0.2,0.2
0.3,5,1897.0,0,0,,0,0,0.2,0.2
0.3,5,1898.0,0,0,,0,0,0.1,0.1
0.3,5,1899.0,0,0,,0,0,0.1,0.1
0.3,5,1900.0,0,0,,0,0,0.1,0.1
0.3,5,1901.0,0,0,,0,0,0.1,0.1
0.3,5,1902.0,0,0,,0,0,0.1,0.1
0.3,5,1903.0,0,0,,0,0,0.1,0.1
0.3,5,1904.0,0,0,0.0,1,1,0.1,0.1
0.3,5,1905.0,0,0,,0,0,0.1,0.1
0.3,5,1906.0,0,1,,1,0,0.2,0.1
0.3,5,1907.0,0,1,0.0,1,1,0.3,0.2
0.3,5,1908.0,1,2,,1,0,0.4,0.2
0.3,5,1909.0,0,0,0.43156068394569047,0,2,0.4,0.4
0.3,5,1910.0,0,0,,0,0,0.4,0.4
0.3,5,1911.0,0,0,,0,0,0.4,0.4
0.3,5,1912.0,0,0,,0,0,0.4,0.4
0.3,5,1913.0,0,0,,0,0,0.4,0.4
0.3,5,1914.0,0,0,,0,0,0.3,0.3
0.3,5,1915.0,0,0,,0,0,0.3,0.3
0.3,5,1916.0,0,1,,1,0,0.3,0.3
0.3,5,1917.0,0,1,,0,0,0.2,0.2
0.3,5,1918.0,0,1,,0,0,0.1,0.2
0.3,5,1919.0,0,1,,0,0,0.1,0.0
0.3,5,1920.0,0,1,,0,0,0.1,0.0
0.3,5,1921.0,0,1,,0,0,0.1,0.0
0.3,5,1922.0,0,1,,0,0,0.1,0.0
0.3,5,1923.0,0,0,0.0,0,1,0.1,0.1
0.3,5,1924.0,0,0,,0,0,0.1,0.1
0.3,5,1925.0,0,0,,0,0,0.1,0.1
0.3,5,1926.0,0,0,,0,0,0.0,0.1
0.3,5,1927.0,0,0,,0,0,0.0,0.1
0.3,5,1928.0,0,0,,0,0,0.0,0.1
0.3,5,1929.0,0,0,,0,0,0.0,0.1
0.3,5,1930.0,0,1,,1,0,0.1,0.1
0.3,5,1931.0,0,0,0.0,0,1,0.1,0.2
0.3,5,1932.0,0,1,,1,0,0.2,0.2
0.3,5,1933.0,0,0,0.0,0,1,0.2,0.2
0.3,5,1934.0,0,0,,0,0,0.2,0.2
0.3,5,1935.0,0,0,,0,0,0.2,0.2
0.3,5,1936.0,0,0,,0,0,0.2,0.2
0.3,5,1937.0,0,0,,0,0,0.2,0.2
0.3,5,1938.0,0,0,,0,0,0.2,0.2
0.3,5,1939.0,0,0,0.0,1,1,0.3,0.3
0.3,5,1940.0,0,0,,0,0,0.2,0.3
0.3,5,1941.0,0,0,,0,0,0.2,0.2
0.3,5,1942.0,0,0,,0,0,0.1,0.2
0.3,5,1943.0,0,0,,0,0,0.1,0.1
0.3,5,1944.0,0,0,,0,0,0.1,0.1
0.3,5,1945.0,0,0,0.0,1,1,0.2,0.2
0.3,5,1946.0,0,0,,0,0,0.2,0.2
0.3,5,1947.0,0,0,,0,0,0.2,0.2
0.3,5,1948.0,0,0,,0,0,0.2,0.2
0.3,5,1949.0,0,0,,0,0,0.1,0.1
0.3,5,1950.0,0,0,,0,0,0.1,0.1
0.3,5,1951.0,0,0,,0,0,0.1,0.1
0.3,5,1952.0,0,0,,0,0,0.1,0.1
0.3,5,1953.0,0,0,,0,0,0.1,0.1
0.3,5,1954.0,0,1,,1,0,0.2,0.1
0.3,5,1955.0,0,1,,0,0,0.1,0.0
0.3,5,1956.0,0,0,0.0,0,1,0.1,0.1
0.3,5,1957.0,0,0,,0,0,0.1,0.1
0.3,5,1958.0,0,0,,0,0,0.1,0.1
0.3,5,1959.0,0,0,0.0,1,1,0.2,0.2
0.3,5,1960.0,0,0,,0,0,0.2,0.2
0.3,5,1961.0,0,0,0.0,1,1,0.3,0.3
0.3,5,1962.0,0,1,,1,0,0.4,0.3
0.3,5,1963.0,0,0,0.0,0,1,0.4,0.4
0.3,5,1964.0,0,0,,0,0,0.3,0.4
0.3,5,1965.0,0,0,,0,0,0.3,0.4
0.3,5,1966.0,0,0,,0,0,0.3,0.3
0.3,5,1967.0,0,1,,1,0,0.4,0.3
0.3,5,1968.0,2,3,,2,0,0.6,0.3
0.3,5,1969.0,1,2,0.26501899802929074,1,2,0.6,0.4
0.3,5,1970.0,2,3,0.7506766404139853,2,1,0.8,0.5
0.3,5,1971.0,2,3,0.9801374020685216,1,1,0.8,0.5
0.3,5,1972.0,1,2,0.9901077375093337,0,1,0.7,0.6
0.3,5,1973.0,0,0,1.674743515653745,0,2,0.7,0.7
0.3,5,1974.0,0,0,,0,0,0.7,0.7
0.3,5,1975.0,0,0,,0,0,0.7,0.7
0.3,5,1976.0,0,0,,0,0,0.7,0.7
0.3,5,1977.0,0,1,,1,0,0.7,0.7
0.3,5,1978.0,0,0,0.0,0,1,0.5,0.8
0.3,5,1979.0,0,0,0.0,1,1,0.5,0.7
0.3,5,1980.0,0,0,,0,0,0.3,0.6
0.3,5,1981.0,0,1,,1,0,0.3,0.5
0.3,5,1982.0,0,0,0.0,0,1,0.3,0.5
0.3,5,1983.0,0,0,,0,0,0.3,0.3
0.3,5,1984.0,0,0,0.0,1,1,0.4,0.4
0.3,5,1985.0,0,0,0.0,1,1,0.5,0.5
0.3,5,1986.0,0,0,,0,0,0.5,0.5
0.3,5,1987.0,0,0,,0,0,0.4,0.5
0.3,5,1988.0,0,0,,0,0,0.4,0.4
0.3,5,1989.0,0,1,,1,0,0.4,0.3
0.3,5,1990.0,0,0,0.0,0,1,0.4,0.4
0.3,5,1991.0,0,0,,0,0,0.3,0.4
0.3,5,1992.0,0,0,,0,0,0.3,0.3
0.3,5,1993.0,0,0,,0,0,0.3,0.3
0.3,5,1994.0,0,0,,0,0,0.2,0.2
0.3,5,1995.0,0,1,,1,0,0.2,0.1
0.3,5,1996.0,0,0,0.0,0,1,0.2,0.2
0.3,5,1997.0,0,0,,0,0,0.2,0.2
0.3,5,1998.0,0,0,0.0,1,1,0.3,0.3
0.3,5,1999.0,0,1,,1,0,0.3,0.3
0.3,5,2000.0,0,0,0.0,0,1,0.3,0.3
0.3,5,2001.0,0,0,,0,0,0.3,0.3
0.3,5,2002.0,0,0,,0,0,0.3,0.3
0.3,5,2003.0,0,1,,1,0,0.4,0.3
0.3,5,2004.0,0,1,,0,0,0.4,0.3
0.3,5,2005.0,1,2,0.0,2,1,0.5,0.4
0.3,5,2006.0,1,2,,0,0,0.5,0.3
0.3,5,2007.0,2,3,,1,0,0.6,0.3
0.3,5,2008.0,0,0,0.7952077880997118,0,3,0.5,0.5
0.3,5,2009.0,0,0,,0,0,0.4,0.5
0.3,5,2010.0,0,0,,0,0,0.4,0.4
0.3,5,2011.0,0,0,,0,0,0.4,0.4
0.3,5,2012.0,0,0,,0,0,0.4,0.4
0.3,5,2013.0,0,0,,0,0,0.3,0.4
0.3,5,2014.0,0,0,,0,0,0.3,0.4
0.3,5,2015.0,0,0,,0,0,0.1,0.3
0.3,5,2016.0,0,1,0.0,2,1,0.3,0.4
0.3,5,2017.0,0,0,0.11747610424890809,1,2,0.3,0.6
0.3,5,2018.0,0,1,,1,0,0.4,0.3
0.3,5,2019.0,0,0,0.0,0,1,0.4,0.4
0.3,5,2020.0,0,1,,1,0,0.5,0.4
0.3,5,2021.0,0,0,0.0,0,1,0.5,0.5
0.3,5,2022.0,0,0,,0,0,0.5,0.5
0.3,5,2023.0,0,0,,0,0,0.5,0.5
0.3,5,2024.0,0,0,,0,0,0.5,0.5
0.3,5,2025.0,0,0,0.0,1,1,0.6,0.6
0.3,5,2026.0,0,0,0.0,1,1,0.5,0.6
0.3,5,2027.0,0,0,0.0,1,1,0.5,0.5
0.3,5,2028.0,0,0,,0,0,0.4,0.5
0.3,5,2029.0,0,0,0.0,1,1,0.5,0.5
0.3,5,2030.0,0,1,,1,0,0.5,0.5
0.3,5,2031.0,0,1,,0,0,0.5,0.4
0.3,5,2032.0,0,0,0.0,0,1,0.5,0.5
0.3,5,2033.0,0,0,,0,0,0.5,0.5
0.3,5,2034.0,0,0,,0,0,0.5,0.5
0.3,5,2035.0,0,0,,0,0,0.4,0.4
0.3,5,2036.0,0,0,,0,0,0.3,0.3
0.3,5,2037.0,0,0,,0,0,0.2,0.2
0.3,5,2038.0,0,0,,0,0,0.2,0.2
0.3,5,2039.0,0,1,,1,0,0.2,0.1
0.3,5,2040.0,0,1,0.0,1,1,0.2,0.2
0.3,5,2041.0,0,1,,0,0,0.2,0.2
0.3,5,2042.0,0,0,0.0,0,1,0.2,0.2
0.3,5,2043.0,0,1,,1,0,0.3,0.2
0.3,5,2044.0,0,1,0.0,1,1,0.4,0.3
0.3,5,2045.0,0,0,0.5126382060780088,0,1,0.4,0.4
0.3,5,2046.0,0,0,,0,0,0.4,0.4
0.3,5,2047.0,0,0,,0,0,0.4,0.4
0.3,5,2048.0,0,0,,0,0,0.4,0.4
0.3,5,2049.0,0,0,,0,0,0.3,0.4
0.3,5,2050.0,0,0,,0,0,0.2,0.3
0.3,5,2051.0,0,0,,0,0,0.2,0.3
0.3,5,2052.0,0,0,0.0,1,1,0.3,0.3
0.3,5,2053.0,0,0,,0,0,0.2,0.3
0.3,5,2054.0,1,2,,2,0,0.3,0.2
0.3,5,2055.0,0,1,0.0,0,1,0.3,0.2
0.3,5,2056.0,0,0,1.1054500834407008,0,1,0.3,0.3
0.3,5,2057.0,0,0,,0,0,0.3,0.3
0.3,5,2058.0,0,0,,0,0,0.3,0.3
0.3,5,2059.0,0,1,,1,0,0.4,0.3
0.3,5,2060.0,0,0,0.0,0,1,0.4,0.4
0.3,5,2061.0,0,0,,0,0,0.4,0.4
0.3,5,2062.0,0,0,,0,0,0.3,0.3
0.3,5,2063.0,1,2,,2,0,0.5,0.3
0.3,5,2064.0,1,2,0.0,1,1,0.4,0.4
0.3,5,2065.0,1,2,0.6773222515585076,1,1,0.5,0.4
0.3,5,2066.0,0,0,0.7521242191191959,0,2,0.5,0.5
0.3,5,2067.0,0,0,,0,0,0.5,0.5
0.3,5,2068.0,0,1,,1,0,0.6,0.5
0.3,5,2069.0,0,0,0.0,0,1,0.5,0.6
0.3,5,2070.0,0,1,,1,0,0.6,0.5
0.3,5,2071.0,0,0,0.0,0,1,0.6,0.6
0.3,5,2072.0,0,0,,0,0,0.6,0.6
0.3,5,2073.0,0,0,,0,0,0.4,0.6
0.3,5,2074.0,0,0,,0,0,0.3,0.5
0.3,5,2075.0,0,0,,0,0,0.2,0.4
0.3,5,2076.0,0,1,,1,0,0.3,0.2
0.3,5,2077.0,0,1,,0,0,0.3,0.2
0.3,5,2078.0,0,1,,0,0,0.2,0.2
0.3,5,2079.0,0,0,0.0,0,1,0.2,0.2
0.3,5,2080.0,0,0,,0,0,0.1,0.2
0.3,5,2081.0,0,0,,0,0,0.1,0.1
0.3,5,2082.0,0,0,,0,0,0.1,0.1
0.3,5,2083.0,0,0,0.0,1,1,0.2,0.2
0.3,5,2084.0,0,1,,1,0,0.3,0.2
0.3,5,2085.0,0,0,0.0,0,1,0.3,0.3
0.3,5,2086.0,0,1,0.0,2,1,0.4,0.4
0.3,5,2087.0,0,0,0.23252456545606037,0,1,0.4,0.5
0.3,5,2088.0,0,1,,1,0,0.5,0.5
0.3,5,2089.0,0,1,,0,0,0.5,0.4
0.3,5,2090.0,1,2,,1,0,0.6,0.4
0.3,5,2091.0,0,1,0.0,0,1,0.6,0.5
0.3,5,2092.0,1,2,,1,0,0.7,0.5
0.3,5,2093.0,0,0,0.7879185349574982,1,3,0.7,0.7
0.3,5,2094.0,0,0,,0,0,0.6,0.7
0.3,5,2095.0,0,0,,0,0,0.6,0.6
0.3,5,2096.0,0,1,,1,0,0.5,0.5
0.3,5,2097.0,0,0,0.0,0,1,0.5,0.5
0.3,5,2098.0,0,0,,0,0,0.4,0.5
0.3,5,2099.0,0,0,0.0,1,1,0.5,0.6
0.3,5,2100.0,0,0,,0,0,0.4,0.6
0.3,5,2101.0,0,0,,0,0,0.4,0.5
0.3,5,2102.0,0,0,,0,0,0.3,0.5
0.3,5,2103.0,0,0,,0,0,0.2,0.2
0.3,5,2104.0,0,0,,0,0,0.2,0.2
0.3,5,2105.0,0,0,0.0,1,1,0.3,0.3
0.3,5,2106.0,0,0,,0,0,0.2,0.3
0.3,5,2107.0,0,0,,0,0,0.2,0.2
0.3,5,2108.0,0,0,,0,0,0.2,0.2
0.3,5,2109.0,0,0,,0,0,0.1,0.1
0.3,5,2110.0,0,0,,0,0,0.1,0.1
0.3,5,2111.0,0,0,,0,0,0.1,0.1
0.3,5,2112.0,0,0,,0,0,0.1,0.1
0.3,5,2113.0,0,0,,0,0,0.1,0.1
0.3,5,2114.0,0,0,,0,0,0.1,0.1
0.3,5,2115.0,0,0,,0,0,0.0,0.0
0.3,5,2116.0,0,0,,0,0,0.0,0.0
0.3,5,2117.0,0,0,,0,0,0.0,0.0
0.3,5,2118.0,0,0,,0,0,0.0,0.0
0.3,5,2119.0,0,0,,0,0,0.0,0.0
0.3,5,2120.0,0,0,,0,0,0.0,0.0
0.3,5,2121.0,0,0,,0,0,0.0,0.0
0.3,5,2122.0,0,0,,0,0,0.0,0.0
0.3,5,2123.0,0,0,0.0,1,1,0.1,0.1
0.3,5,2124.0,0,0,,0,0,0.1,0.1
0.3,5,2125.0,0,0,,0,0,0.1,0.1
0.3,5,2126.0,0,0,,0,0,0.1,0.1
0.3,5,2127.0,0,0,0.0,1,1,0.2,0.2
0.3,5,2128.0,0,0,,0,0,0.2,0.2
0.3,5,2129.0,0,1,,1,0,0.3,0.2
0.3,5,2130.0,0,0,0.0,0,1,0.3,0.3
0.3,5,2131.0,0,0,,0,0,0.3,0.3
0.3,5,2132.0,0,0,,0,0,0.3,0.3
0.3,5,2133.0,0,0,,0,0,0.2,0.2
0.3,5,2134.0,0,0,0.0,2,2,0.4,0.4
0.3,5,2135.0,0,0,,0,0,0.4,0.4
0.3,5,2136.0,0,0,0.0,1,1,0.5,0.5
0.3,5,2137.0,0,1,,1,0,0.5,0.4
0.3,5,2138.0,0,1,,0,0,0.5,0.4
0.3,5,2139.0,0,0,0.0,0,1,0.4,0.5
0.3,5,2140.0,0,0,,0,0,0.4,0.4
0.3,5,2141.0,0,1,,1,0,0.5,0.4
0.3,5,2142.0,0,0,0.0,0,1,0.5,0.5
0.3,5,2143.0,0,1,0.0,2,1,0.7,0.6
0.3,5,2144.0,1,2,,1,0,0.6,0.4
0.3,5,2145.0,1,2,,0,0,0.6,0.4
0.3,5,2146.0,1,2,,0,0,0.5,0.3
0.3,5,2147.0,0,1,0.0,0,1,0.4,0.4
0.3,5,2148.0,0,0,3.1566326122756436,0,1,0.4,0.5
0.3,5,2149.0,0,0,,0,0,0.4,0.4
0.3,5,2150.0,0,0,,0,0,0.4,0.4
0.3,5,2151.0,0,0,,0,0,0.3,0.4
0.3,5,2152.0,0,0,,0,0,0.3,0.3
0.3,5,2153.0,0,0,,0,0,0.1,0.2
0.3,5,2154.0,0,0,0.0,1,1,0.1,0.3
0.3,5,2155.0,0,0,,0,0,0.1,0.3
0.3,5,2156.0,0,0,0.0,1,1,0.2,0.4
0.3,5,2157.0,0,1,,1,0,0.3,0.3
0.3,5,2158.0,0,1,0.0,1,1,0.4,0.3
0.3,5,2159.0,0,0,0.0,0,1,0.4,0.4
0.3,5,2160.0,0,1,,1,0,0.5,0.4
0.3,5,2161.0,0,1,,0,0,0.5,0.4
0.3,5,2162.0,0,0,0.0,0,1,0.5,0.5
0.3,5,2163.0,0,0,,0,0,0.5,0.5
0.3,5,2164.0,0,0,,0,0,0.4,0.4
0.3,5,2165.0,0,0,,0,0,0.4,0.4
0.3,5,2166.0,0,0,,0,0,0.3,0.3
0.3,5,2167.0,0,0,,0,0,0.2,0.3
0.3,5,2168.0,0,0,,0,0,0.1,0.2
0.3,5,2169.0,0,0,0.0,1,1,0.2,0.2
0.3,5,2170.0,0,1,0.0,2,1,0.3,0.3
0.3,5,2171.0,0,0,0.0,0,1,0.3,0.4
0.3,5,2172.0,0,0,,0,0,0.3,0.3
0.3,5,2173.0,0,0,,0,0,0.3,0.3
0.3,5,2174.0,0,0,,0,0,0.3,0.3
0.3,5,2175.0,0,0,,0,0,0.3,0.3
0.3,5,2176.0,1,2,,2,0,0.5,0.3
0.3,5,2177.0,0,1,0.0,0,1,0.5,0.4
0.3,5,2178.0,0,0,0.7115590412490747,0,1,0.5,0.5
0.3,5,2179.0,0,0,,0,0,0.4,0.4
0.3,5,2180.0,0,0,,0,0,0.2,0.3
0.3,5,2181.0,0,1,,1,0,0.3,0.2
0.3,5,2182.0,0,1,0.10552686910796183,2,2,0.5,0.4
0.3,5,2183.0,0,0,0.1379136927153013,0,1,0.5,0.5
0.3,5,2184.0,0,1,,1,0,0.6,0.5
0.3,5,2185.0,0,1,,0,0,0.6,0.5
0.3,5,2186.0,0,1,,0,0,0.4,0.5
0.3,5,2187.0,0,0,0.0,0,1,0.4,0.5
0.3,5,2188.0,0,0,,0,0,0.4,0.4
0.3,5,2189.0,0,0,,0,0,0.4,0.4
0.3,5,2190.0,0,0,,0,0,0.4,0.4
0.3,5,2191.0,0,0,,0,0,0.3,0.4
0.3,5,2192.0,0,1,,1,0,0.2,0.2
0.3,5,2193.0,0,0,0.0,0,1,0.2,0.2
0.3,5,2194.0,0,0,,0,0,0.1,0.2
0.3,5,2195.0,0,1,,1,0,0.2,0.2
0.3,5,2196.0,0,0,0.0,1,2,0.3,0.4
0.3,5,2197.0,0,0,,0,0,0.3,0.3
0.3,5,2198.0,0,0,,0,0,0.3,0.3
0.3,5,2199.0,0,0,,0,0,0.3,0.3
0.3,5,2200.0,0,0,,0,0,0.3,0.3
0.3,5,2201.0,0,0,0.0,1,1,0.4,0.4
0.3,5,2202.0,0,0,,0,0,0.3,0.4
0.3,5,2203.0,0,0,,0,0,0.3,0.3
0.3,5,2204.0,0,0,,0,0,0.3,0.3
0.3,5,2205.0,0,0,0.0,1,1,0.3,0.4
0.3,5,2206.0,0,1,,1,0,0.3,0.2
0.3,5,2207.0,0,1,,0,0,0.3,0.2
0.3,5,2208.0,0,0,0.0,0,1,0.3,0.3
0.3,5,2209.0,0,0,,0,0,0.3,0.3
0.3,5,2210.0,0,0,,0,0,0.3,0.3
0.3,5,2211.0,0,0,,0,0,0.2,0.2
0.3,5,2212.0,0,0,0.0,1,1,0.3,0.3
0.3,5,2213.0,0,0,,0,0,0.3,0.3
0.3,5,2214.0,0,0,,0,0,0.3,0.3
0.3,5,2215.0,0,0,,0,0,0.2,0.2
0.3,5,2216.0,0,0,,0,0,0.1,0.2
0.3,5,2217.0,0,0,,0,0,0.1,0.2
0.3,5,2218.0,0,0,,0,0,0.1,0.1
0.3,5,2219.0,0,0,,0,0,0.1,0.1
0.3,5,2220.0,0,0,,0,0,0.1,0.1
0.3,5,2221.0,0,0,,0,0,0.1,0.1
0.3,5,2222.0,0,0,,0,0,0.0,0.0
0.3,5,2223.0,0,0,,0,0,0.0,0.0
0.3,5,2224.0,0,0,,0,0,0.0,0.0
0.3,5,2225.0,0,1,,1,0,0.1,0.0
0.3,5,2226.0,0,1,,0,0,0.1,0.0
0.3,5,2227.0,0,0,0.0,0,1,0.1,0.1
0.3,5,2228.0,0,0,,0,0,0.1,0.1
0.3,5,2229.0,0,0,,0,0,0.1,0.1
0.3,5,2230.0,0,0,,0,0,0.1,0.1
0.3,5,2231.0,0,0,,0,0,0.1,0.1
0.3,5,2232.0,0,1,,1,0,0.2,0.1
0.3,5,2233.0,0,1,,0,0,0.2,0.1
0.3,5,2234.0,0,0,0.0,0,1,0.2,0.2
0.3,5,2235.0,0,0,,0,0,0.1,0.2
0.3,5,2236.0,0,0,,0,0,0.1,0.2
0.3,5,2237.0,0,0,,0,0,0.1,0.1
0.3,5,2238.0,0,0,,0,0,0.1,0.1
0.3,5,2239.0,0,0,,0,0,0.1,0.1
0.3,5,2240.0,0,0,0.0,1,1,0.2,0.2
0.3,5,2241.0,0,0,,0,0,0.2,0.2
0.3,5,2242.0,0,0,,0,0,0.1,0.2
0.3,5,2243.0,0,0,0.0,1,1,0.2,0.3
0.3,5,2244.0,0,1,,1,0,0.3,0.2
0.3,5,2245.0,0,1,,0,0,0.3,0.2
0.3,5,2246.0,1,2,,1,0,0.4,0.2
0.3,5,2247.0,1,2,,0,0,0.4,0.2
0.3,5,2248.0,0,1,0.0,0,1,0.4,0.3
0.3,5,2249.0,0,0,2.8639775301967347,0,1,0.4,0.4
0.3,5,2250.0,0,0,,0,0,0.3,0.3
0.3,5,2251.0,0,0,,0,0,0.3,0.3
0.3,5,2252.0,0,0,,0,0,0.3,0.3
0.3,5,2253.0,0,0,,0,0,0.2,0.2
0.3,5,2254.0,0,0,,0,0,0.1,0.2
0.3,5,2255.0,0,0,,0,0,0.1,0.2
0.3,5,2256.0,0,0,,0,0,0.0,0.2
0.3,5,2257.0,0,0,,0,0,0.0,0.2
0.3,5,2258.0,0,1,,1,0,0.1,0.1
0.3,5,2259.0,0,0,0.0,0,1,0.1,0.1
0.3,5,2260.0,0,0,,0,0,0.1,0.1
0.3,5,2261.0,0,0,,0,0,0.1,0.1
0.3,5,2262.0,0,0,,0,0,0.1,0.1
0.3,5,2263.0,0,0,,0,0,0.1,0.1
0.3,5,2264.0,0,0,,0,0,0.1,0.1
0.3,5,2265.0,0,0,,0,0,0.1,0.1
0.3,5,2266.0,0,0,,0,0,0.1,0.1
0.3,5,2267.0,0,0,,0,0,0.1,0.1
0.3,5,2268.0,0,0,,0,0,0.0,0.1
0.3,5,2269.0,0,1,,1,0,0.1,0.0
0.3,5,2270.0,0,0,0.0,0,1,0.1,0.1
0.3,5,2271.0,0,0,,0,0,0.1,0.1
0.3,5,2272.0,0,0,,0,0,0.1,0.1
0.3,5,2273.0,0,0,,0,0,0.1,0.1
0.3,5,2274.0,0,0,,0,0,0.1,0.1
0.3,5,2275.0,0,1,,1,0,0.2,0.1
0.3,5,2276.0,0,0,0.0,0,1,0.2,0.2
0.3,5,2277.0,0,0,,0,0,0.2,0.2
0.3,5,2278.0,0,0,,0,0,0.2,0.2
0.3,5,2279.0,0,0,0.0,1,1,0.2,0.3
0.3,5,2280.0,0,0,,0,0,0.2,0.2
0.3,5,2281.0,0,0,0.0,1,1,0.3,0.3
0.3,5,2282.0,0,0,,0,0,0.3,0.3
0.3,5,2283.0,0,0,,0,0,0.3,0.3
0.3,5,2284.0,0,0,,0,0,0.3,0.3
0.3,5,2285.0,0,0,,0,0,0.2,0.3
0.3,5,2286.0,0,0,0.0,1,1,0.3,0.3
0.3,5,2287.0,0,0,,0,0,0.3,0.3
0.3,5,2288.0,0,0,,0,0,0.3,0.3
0.3,5,2289.0,0,0,,0,0,0.2,0.2
0.3,5,2290.0,0,0,,0,0,0.2,0.2
0.3,5,2291.0,0,0,,0,0,0.1,0.1
0.3,5,2292.0,0,0,,0,0,0.1,0.1
0.3,5,2293.0,0,0,,0,0,0.1,0.1
0.3,5,2294.0,0,0,,0,0,0.1,0.1
0.3,5,2295.0,0,0,,0,0,0.1,0.1
0.3,5,2296.0,0,0,0.0,1,1,0.1,0.1
0.3,5,2297.0,0,0,,0,0,0.1,0.1
0.3,5,2298.0,0,0,,0,0,0.1,0.1
0.3,5,2299.0,0,0,,0,0,0.1,0.1
0.3,5,2300.0,0,0,,0,0,0.1,0.1
0.3,5,2301.0,0,1,,1,0,0.2,0.1
0.3,5,2302.0,0,1,0.0,1,1,0.3,0.2
0.3,5,2303.0,0,0,0.0,0,1,0.3,0.3
0.3,5,2304.0,0,0,,0,0,0.3,0.3
0.3,5,2305.0,0,0,,0,0,0.3,0.3
0.3,5,2306.0,0,0,,0,0,0.2,0.2
0.3,5,2307.0,0,0,,0,0,0.2,0.2
0.3,5,2308.0,0,0,,0,0,0.2,0.2
0.3,5,2309.0,0,1,,1,0,0.3,0.2
0.3,5,2310.0,1,2,,1,0,0.4,0.2
0.3,5,2311.0,0,0,0.30941536455566165,0,2,0.3,0.4
0.3,5,2312.0,0,1,,1,0,0.3,0.3
0.3,5,2313.0,0,0,0.0,0,1,0.3,0.3
0.3,5,2314.0,0,0,,0,0,0.3,0.3
0.3,5,2315.0,0,0,,0,0,0.3,0.3
0.3,5,2316.0,0,0,,0,0,0.3,0.3
0.3,5,2317.0,0,0,,0,0,0.3,0.3
0.3,5,2318.0,0,1,,1,0,0.4,0.3
0.3,5,2319.0,0,1,,0,0,0.3,0.3
0.3,5,2320.0,0,0,0.0,0,1,0.2,0.4
0.3,5,2321.0,0,0,,0,0,0.2,0.2
0.3,5,2322.0,0,1,,1,0,0.2,0.2
0.3,5,2323.0,0,0,0.0,0,1,0.2,0.2
0.3,5,2324.0,0,1,,1,0,0.3,0.2
0.3,5,2325.0,0,0,0.0,0,1,0.3,0.3
0.3,5,2326.0,0,0,,0,0,0.3,0.3
0.3,5,2327.0,0,0,,0,0,0.3,0.3
0.3,5,2328.0,0,0,,0,0,0.2,0.3
0.3,5,2329.0,0,0,,0,0,0.2,0.3
0.3,5,2330.0,0,0,,0,0,0.2,0.2
0.3,5,2331.0,0,1,,1,0,0.3,0.2
0.3,5,2332.0,0,0,0.0,0,1,0.2,0.3
0.3,5,2333.0,0,0,,0,0,0.2,0.2
0.3,5,2334.0,0,0,,0,0,0.1,0.2
0.3,5,2335.0,1,2,,2,0,0.3,0.1
0.3,5,2336.0,0,1,0.0,0,1,0.3,0.2
0.3,5,2337.0,0,0,1.198882580924419,0,1,0.3,0.3
0.3,5,2338.0,0,1,,1,0,0.4,0.3
0.3,5,2339.0,0,1,,0,0,0.4,0.3
0.3,5,2340.0,0,1,,0,0,0.4,0.3
0.3,5,2341.0,0,0,0.0,0,1,0.3,0.4
0.3,5,2342.0,0,0,,0,0,0.3,0.3
0.3,5,2343.0,0,0,,0,0,0.3,0.3
0.3,5,2344.0,0,0,,0,0,0.3,0.3
0.3,5,2345.0,0,0,0.0,1,1,0.2,0.4
0.3,5,2346.0,0,0,,0,0,0.2,0.3
0.3,5,2347.0,0,0,,0,0,0.2,0.2
0.3,5,2348.0,0,0,,0,0,0.1,0.2
0.3,5,2349.0,0,0,,0,0,0.1,0.2
0.3,5,2350.0,0,1,,1,0,0.2,0.2
0.3,5,2351.0,0,0,0.0,0,1,0.2,0.2
0.3,5,2352.0,0,0,,0,0,0.2,0.2
0.3,5,2353.0,0,0,,0,0,0.2,0.2
0.3,5,2354.0,0,0,,0,0,0.2,0.2
0.3,5,2355.0,0,0,,0,0,0.1,0.1
0.3,5,2356.0,0,0,,0,0,0.1,0.1
0.3,5,2357.0,0,0,,0,0,0.1,0.1
0.3,5,2358.0,0,0,,0,0,0.1,0.1
0.3,5,2359.0,0,0,0.0,1,1,0.2,0.2
0.3,5,2360.0,0,0,,0,0,0.1,0.2
0.3,5,2361.0,0,0,,0,0,0.1,0.1
0.3,5,2362.0,1,2,,2,0,0.3,0.1
0.3,5,2363.0,2,3,,1,0,0.4,0.1
0.3,5,2364.0,1,2,0.0,0,1,0.4,0.2
0.3,5,2365.0,1,2,,0,0,0.4,0.2
0.3,5,2366.0,0,1,2.275500753967208,1,2,0.5,0.4
0.3,5,2367.0,0,0,0.0,0,1,0.5,0.5
0.3,5,2368.0,0,0,,0,0,0.5,0.5
0.3,5,2369.0,0,0,,0,0,0.4,0.4
0.3,5,2370.0,0,0,,0,0,0.4,0.4
0.3,5,2371.0,0,1,,1,0,0.5,0.4
0.3,5,2372.0,0,0,0.0,1,2,0.4,0.6
0.3,5,2373.0,0,0,,0,0,0.3,0.6
0.3,5,2374.0,0,0,,0,0,0.3,0.5
0.3,5,2375.0,0,0,,0,0,0.3,0.5
0.3,5,2376.0,0,0,,0,0,0.2,0.3
0.3,5,2377.0,0,0,0.0,1,1,0.3,0.3
0.3,5,2378.0,0,1,0.0,2,1,0.5,0.4
0.3,5,2379.0,1,2,,1,0,0.6,0.4
0.3,5,2380.0,0,1,0.0,0,1,0.6,0.5
0.3,5,2381.0,0,1,1.3087463876354377,1,1,0.6,0.6
0.3,5,2382.0,0,1,,0,0,0.5,0.4
0.3,5,2383.0,0,1,,0,0,0.5,0.4
0.3,5,2384.0,0,0,0.0,0,1,0.5,0.5
0.3,5,2385.0,0,0,,0,0,0.5,0.5
0.3,5,2386.0,0,0,0.0,1,1,0.6,0.6
0.3,5,2387.0,0,1,,1,0,0.6,0.5
0.3,5,2388.0,0,1,,0,0,0.4,0.4
0.3,5,2389.0,0,1,,0,0,0.3,0.4
0.3,5,2390.0,0,0,0.0,0,1,0.3,0.4
0.3,5,2391.0,0,0,,0,0,0.2,0.3
0.3,5,2392.0,0,0,,0,0,0.2,0.3
0.3,5,2393.0,0,0,,0,0,0.2,0.3
0.3,5,2394.0,0,0,,0,0,0.2,0.2
0.3,5,2395.0,0,0,,0,0,0.2,0.2
0.3,5,2396.0,0,0,0.0,1,1,0.2,0.2
0.3,5,2397.0,0,1,,1,0,0.2,0.2
0.3,5,2398.0,0,0,0.0,0,1,0.2,0.3
0.3,5,2399.0,0,0,,0,0,0.2,0.3
0.3,5,2400.0,0,0,,0,0,0.2,0.2
0.3,5,2401.0,0,0,,0,0,0.2,0.2
0.3,5,2402.0,0,0,,0,0,0.2,0.2
0.3,5,2403.0,0,0,0.0,1,1,0.3,0.3
0.3,5,2404.0,0,0,,0,0,0.3,0.3
0.3,5,2405.0,0,0,,0,0,0.3,0.3
0.3,5,2406.0,0,0,,0,0,0.2,0.2
0.3,5,2407.0,0,0,,0,0,0.1,0.2
0.3,5,2408.0,0,1,,1,0,0.2,0.1
0.3,5,2409.0,0,1,,0,0,0.2,0.1
0.3,5,2410.0,0,1,,0,0,0.2,0.1
0.3,5,2411.0,0,1,,0,0,0.2,0.1
0.3,5,2412.0,0,0,0.0,0,1,0.2,0.2
0.3,5,2413.0,0,0,,0,0,0.1,0.1
0.3,5,2414.0,0,0,,0,0,0.1,0.1
0.3,5,2415.0,0,0,,0,0,0.1,0.1
0.3,5,2416.0,0,0,,0,0,0.1,0.1
0.3,5,2417.0,0,0,,0,0,0.1,0.1
0.3,5,2418.0,0,0,,0,0,0.0,0.1
0.3,5,2419.0,0,1,0.0,2,1,0.2,0.2
0.3,5,2420.0,0,0,0.0,0,1,0.2,0.3
0.3,5,2421.0,0,0,,0,0,0.2,0.3
0.3,5,2422.0,0,0,0.0,1,1,0.3,0.3
0.3,5,2423.0,0,0,,0,0,0.3,0.3
0.3,5,2424.0,0,1,0.0,2,1,0.5,0.4
0.3,5,2425.0,0,0,0.2506859998470645,0,1,0.5,0.5
0.3,5,2426.0,0,0,,0,0,0.5,0.5
0.3,5,2427.0,0,0,,0,0,0.5,0.5
0.3,5,2428.0,0,0,,0,0,0.5,0.5
0.3,5,2429.0,0,0,,0,0,0.3,0.4
0.3,5,2430.0,0,0,,0,0,0.3,0.3
0.3,5,2431.0,0,0,,0,0,0.3,0.3
0.3,5,2432.0,0,0,,0,0,0.2,0.2
0.3,5,2433.0,0,0,,0,0,0.2,0.2
0.3,5,2434.0,0,0,,0,0,0.0,0.1
0.3,5,2435.0,0,0,,0,0,0.0,0.0
0.3,5,2436.0,0,0,,0,0,0.0,0.0
0.3,5,2437.0,0,0,0.0,1,1,0.1,0.1
0.3,5,2438.0,0,1,,1,0,0.2,0.1
0.3,5,2439.0,1,2,,1,0,0.3,0.1
0.3,5,2440.0,0,1,0.0,0,1,0.3,0.2
0.3,5,2441.0,0,1,1.1084360855243176,1,1,0.4,0.3
0.3,5,2442.0,0,0,0.48243805341280677,0,1,0.4,0.4
0.3,5,2443.0,0,1,,1,0,0.5,0.4
0.3,5,2444.0,0,0,0.0,0,1,0.5,0.5
0.3,5,2445.0,0,0,,0,0,0.5,0.5
0.3,5,2446.0,0,0,,0,0,0.5,0.5
0.3,5,2447.0,0,0,,0,0,0.4,0.4
0.3,5,2448.0,0,0,,0,0,0.3,0.4
0.3,5,2449.0,0,0,,0,0,0.2,0.4
0.3,5,2450.0,0,0,,0,0,0.2,0.3
0.3,5,2451.0,0,0,,0,0,0.1,0.2
0.3,5,2452.0,0,0,,0,0,0.1,0.1
0.3,5,2453.0,0,0,,0,0,0.0,0.1
0.3,5,2454.0,0,0,,0,0,0.0,0.0
0.3,5,2455.0,0,0,,0,0,0.0,0.0
0.3,5,2456.0,0,0,,0,0,0.0,0.0
0.3,5,2457.0,0,0,,0,0,0.0,0.0
0.3,5,2458.0,0,1,,1,0,0.1,0.0
0.3,5,2459.0,0,1,,0,0,0.1,0.0
0.3,5,2460.0,0,1,,0,0,0.1,0.0
0.3,5,2461.0,0,0,0.0,0,1,0.1,0.1
0.3,5,2462.0,0,0,,0,0,0.1,0.1
0.3,5,2463.0,0,0,,0,0,0.1,0.1
0.3,5,2464.0,0,0,,0,0,0.1,0.1
0.3,5,2465.0,0,1,,1,0,0.2,0.1
0.3,5,2466.0,0,0,0.0,0,1,0.2,0.2
0.3,5,2467.0,0,0,,0,0,0.2,0.2
0.3,5,2468.0,0,0,,0,0,0.1,0.2
0.3,5,2469.0,0,0,,0,0,0.1,0.2
0.3,5,2470.0,0,0,0.0,1,1,0.2,0.3
0.3,5,2471.0,0,1,,1,0,0.3,0.2
0.3,5,2472.0,0,0,0.0,0,1,0.3,0.3
0.3,5,2473.0,0,0,0.0,1,1,0.4,0.4
0.3,5,2474.0,0,0,,0,0,0.4,0.4
0.3,5,2475.0,0,0,,0,0,0.3,0.4
0.3,5,2476.0,1,2,,2,0,0.5,0.3
0.3,5,2477.0,0,0,0.3700548061910922,0,2,0.5,0.5
0.3,5,2478.0,0,0,,0,0,0.5,0.5
0.3,5,2479.0,0,0,0.0,1,1,0.6,0.6
0.3,5,2480.0,0,0,0.0,1,1,0.6,0.6
0.3,5,2481.0,0,0,,0,0,0.5,0.6
0.3,5,2482.0,0,0,,0,0,0.5,0.5
0.3,5,2483.0,0,0,,0,0,0.4,0.4
0.3,5,2484.0,0,1,,1,0,0.5,0.4
0.3,5,2485.0,1,2,,1,0,0.6,0.4
0.3,5,2486.0,2,3,,1,0,0.5,0.4
0.3,5,2487.0,2,3,0.0,1,1,0.6,0.3
0.3,5,2488.0,1,2,1.6548520136807383,0,1,0.6,0.4
0.3,5,2489.0,0,0,1.7198938259732586,0,2,0.5,0.5
0.3,5,2490.0,0,0,,0,0,0.4,0.4
0.3,5,2491.0,0,0,0.0,1,1,0.5,0.5
0.3,5,2492.0,0,0,,0,0,0.5,0.5
0.3,5,2493.0,0,0,,0,0,0.5,0.5
0.3,5,2494.0,0,0,,0,0,0.4,0.5
0.3,5,2495.0,0,1,,1,0,0.4,0.5
0.3,5,2496.0,0,1,,0,0,0.3,0.5
0.3,5,2497.0,0,0,0.0,0,1,0.2,0.5
0.3,5,2498.0,0,1,,1,0,0.3,0.4
0.3,5,2499.0,0,0,0.0,0,1,0.3,0.3
0.3,5,2500.0,0,0,0.0,1,1,0.4,0.4
0.3,5,2501.0,0,0,,0,0,0.3,0.3
0.3,5,2502.0,0,0,,0,0,0.3,0.3
0.3,5,2503.0,0,0,,0,0,0.3,0.3
0.3,5,2504.0,0,1,,1,0,0.4,0.3
0.3,5,2505.0,1,2,,1,0,0.4,0.3
0.3,5,2506.0,0,0,0.4454848294669773,0,2,0.4,0.5
0.3,5,2507.0,0,0,,0,0,0.4,0.4
0.3,5,2508.0,0,0,,0,0,0.3,0.4
0.3,5,2509.0,0,0,,0,0,0.3,0.3
0.3,5,2510.0,0,1,,1,0,0.3,0.2
0.3,5,2511.0,0,0,0.0,0,1,0.3,0.3
0.3,5,2512.0,0,0,,0,0,0.3,0.3
0.3,5,2513.0,0,0,,0,0,0.3,0.3
0.3,5,2514.0,0,1,,1,0,0.3,0.3
0.3,5,2515.0,0,0,0.0,0,1,0.2,0.4
0.3,5,2516.0,0,0,,0,0,0.2,0.2
0.3,5,2517.0,0,0,,0,0,0.2,0.2
0.3,5,2518.0,0,0,,0,0,0.2,0.2
0.3,5,2519.0,0,0,,0,0,0.2,0.2
0.3,5,2520.0,0,1,,1,0,0.2,0.2
0.3,5,2521.0,0,1,,0,0,0.2,0.1
0.3,5,2522.0,0,0,0.0,0,1,0.2,0.2
0.3,5,2523.0,0,0,,0,0,0.2,0.2
0.3,5,2524.0,0,0,,0,0,0.1,0.2
0.3,5,2525.0,0,0,,0,0,0.1,0.1
0.3,5,2526.0,0,0,,0,0,0.1,0.1
0.3,5,2527.0,0,0,,0,0,0.1,0.1
0.3,5,2528.0,0,0,,0,0,0.1,0.1
0.3,5,2529.0,0,0,,0,0,0.1,0.1
0.3,5,2530.0,0,0,,0,0,0.0,0.1
0.3,5,2531.0,0,0,,0,0,0.0,0.1
0.3,5,2532.0,0,0,,0,0,0.0,0.0
0.3,5,2533.0,0,0,,0,0,0.0,0.0
0.3,5,2534.0,0,0,,0,0,0.0,0.0
0.3,5,2535.0,0,1,,1,0,0.1,0.0
0.3,5,2536.0,0,1,,0,0,0.1,0.0
0.3,5,2537.0,0,0,0.0,0,1,0.1,0.1
0.3,5,2538.0,0,0,,0,0,0.1,0.1
0.3,5,2539.0,0,0,0.0,1,1,0.2,0.2
0.3,5,2540.0,0,0,,0,0,0.2,0.2
0.3,5,2541.0,0,1,,1,0,0.3,0.2
0.3,5,2542.0,0,0,0.0,0,1,0.3,0.3
0.3,5,2543.0,0,0,,0,0,0.3,0.3
0.3,5,2544.0,0,0,,0,0,0.3,0.3
0.3,5,2545.0,0,0,,0,0,0.2,0.3
0.3,5,2546.0,0,0,,0,0,0.2,0.3
0.3,5,2547.0,1,2,,2,0,0.4,0.2
0.3,5,2548.0,0,0,0.20106252974210292,0,2,0.4,0.4
0.3,5,2549.0,0,0,,0,0,0.3,0.3
0.3,5,2550.0,0,0,,0,0,0.3,0.3
0.3,5,2551.0,0,1,,1,0,0.3,0.3
0.3,5,2552.0,0,0,0.0,0,1,0.3,0.3
0.3,5,2553.0,0,0,,0,0,0.3,0.3
0.3,5,2554.0,0,1,,1,0,0.4,0.3
0.3,5,2555.0,1,2,,1,0,0.5,0.3
0.3,5,2556.0,2,3,,1,0,0.6,0.3
0.3,5,2557.0,1,2,0.0,0,1,0.4,0.4
0.3,5,2558.0,1,2,1.903958336278265,1,1,0.5,0.3
0.3,5,2559.0,2,3,,1,0,0.6,0.3
0.3,5,2560.0,2,3,2.6467910505248256,1,1,0.7,0.4
0.3,5,2561.0,2,3,,0,0,0.6,0.4
0.3,5,2562.0,1,2,2.1969126336423415,1,2,0.7,0.5
0.3,5,2563.0,2,3,,1,0,0.8,0.5
0.3,5,2564.0,1,2,2.2669352347306813,0,1,0.7,0.6
0.3,5,2565.0,0,1,2.093863853373932,0,1,0.6,0.7
0.3,5,2566.0,0,1,,0,0,0.5,0.7
0.3,5,2567.0,0,1,,0,0,0.5,0.6
0.3,5,2568.0,0,1,,0,0,0.4,0.5
0.3,5,2569.0,0,1,1.9089232110482044,1,1,0.4,0.6
0.3,5,2570.0,0,1,,0,0,0.3,0.5
0.3,5,2571.0,0,1,,0,0,0.3,0.5
0.3,5,2572.0,0,1,0.0,1,1,0.3,0.4
0.3,5,2573.0,0,0,0.0,0,1,0.2,0.5
0.3,5,2574.0,0,0,,0,0,0.2,0.4
0.3,5,2575.0,0,0,,0,0,0.2,0.3
0.3,5,2576.0,0,0,,0,0,0.2,0.3
0.3,5,2577.0,0,0,,0,0,0.2,0.3
0.3,5,2578.0,0,0,,0,0,0.2,0.3
0.3,5,2579.0,0,0,,0,0,0.1,0.2
0.3,5,2580.0,0,0,,0,0,0.1,0.2
0.3,5,2581.0,0,0,,0,0,0.1,0.2
0.3,5,2582.0,0,0,,0,0,0.0,0.1
0.3,5,2583.0,0,0,,0,0,0.0,0.0
0.3,5,2584.0,0,0,,0,0,0.0,0.0
0.3,5,2585.0,0,0,,0,0,0.0,0.0
0.3,5,2586.0,1,2,,2,0,0.2,0.0
0.3,5,2587.0,1,2,,0,0,0.2,0.0
0.3,5,2588.0,1,2,0.0,1,1,0.3,0.1
0.3,5,2589.0,0,0,1.3732056753267443,0,2,0.3,0.3
0.3,5,2590.0,0,0,,0,0,0.3,0.3
0.3,5,2591.0,0,1,,1,0,0.4,0.3
0.3,5,2592.0,0,0,0.0,0,1,0.4,0.4
0.3,5,2593.0,0,0,,0,0,0.4,0.4
0.3,5,2594.0,0,0,,0,0,0.4,0.4
0.3,5,2595.0,0,0,,0,0,0.4,0.4
0.3,5,2596.0,0,0,,0,0,0.2,0.4
0.3,5,2597.0,0,1,,1,0,0.3,0.4
0.3,5,2598.0,0,1,,0,0,0.2,0.3
0.3,5,2599.0,0,1,,0,0,0.2,0.1
0.3,5,2600.0,0,1,,0,0,0.2,0.1
0.3,5,2601.0,0,1,0.0,1,1,0.2,0.2
0.3,5,2602.0,0,1,0.0,1,1,0.3,0.2
0.3,5,2603.0,1,2,,1,0,0.4,0.2
0.3,5,2604.0,1,2,,0,0,0.4,0.2
0.3,5,2605.0,1,2,,0,0,0.4,0.2
0.3,5,2606.0,1,2,,0,0,0.4,0.2
0.3,5,2607.0,1,2,0.43150750644554137,1,1,0.4,0.3
0.3,5,2608.0,1,2,,0,0,0.4,0.3
0.3,5,2609.0,0,0,3.129769366697019,0,2,0.4,0.5
0.3,5,2610.0,0,1,,1,0,0.5,0.5
0.3,5,2611.0,0,1,,0,0,0.4,0.4
0.3,5,2612.0,0,1,,0,0,0.3,0.3
0.3,5,2613.0,0,1,0.0,1,1,0.3,0.4
0.3,5,2614.0,0,1,,0,0,0.3,0.4
0.3,5,2615.0,0,1,,0,0,0.3,0.4
0.3,5,2616.0,0,0,0.0,0,1,0.3,0.5
0.3,5,2617.0,0,0,,0,0,0.2,0.4
0.3,5,2618.0,0,0,,0,0,0.2,0.4
0.3,5,2619.0,0,0,,0,0,0.2,0.2
0.3,5,2620.0,0,0,,0,0,0.1,0.2
0.3,5,2621.0,0,1,,1,0,0.2,0.2
0.3,5,2622.0,0,1,,0,0,0.2,0.2
0.3,5,2623.0,0,0,0.0,0,1,0.1,0.2
0.3,5,2624.0,0,0,,0,0,0.1,0.2
0.3,5,2625.0,0,0,,0,0,0.1,0.2
0.3,5,2626.0,0,0,,0,0,0.1,0.1
0.3,5,2627.0,0,0,,0,0,0.1,0.1
0.3,5,2628.0,0,0,,0,0,0.1,0.1
0.3,5,2629.0,0,0,0.0,1,1,0.2,0.2
0.3,5,2630.0,1,2,,2,0,0.4,0.2
0.3,5,2631.0,1,2,0.0,1,1,0.4,0.3
0.3,5,2632.0,1,2,,0,0,0.4,0.3
0.3,5,2633.0,0,0,0.8559199321418873,0,2,0.4,0.4
0.3,5,2634.0,0,0,0.0,1,1,0.5,0.5
0.3,5,2635.0,0,0,0.0,1,1,0.6,0.6
0.3,5,2636.0,0,0,,0,0,0.6,0.6
0.3,5,2637.0,0,0,,0,0,0.6,0.6
0.3,5,2638.0,0,0,,0,0,0.6,0.6
0.3,5,2639.0,0,0,,0,0,0.5,0.5
0.3,5,2640.0,0,0,,0,0,0.3,0.5
0.3,5,2641.0,1,2,,2,0,0.4,0.4
0.3,5,2642.0,0,0,0.18542904402625027,0,2,0.4,0.6
0.3,5,2643.0,0,0,,0,0,0.4,0.4
0.3,5,2644.0,0,1,,1,0,0.4,0.3
0.3,5,2645.0,0,0,0.0,0,1,0.3,0.3
0.3,5,2646.0,0,1,,1,0,0.4,0.3
0.3,5,2647.0,0,0,0.16854540222971082,1,2,0.5,0.5
0.3,5,2648.0,0,0,,0,0,0.5,0.5
0.3,5,2649.0,0,0,0.0,1,1,0.6,0.6
0.3,5,2650.0,0,0,,0,0,0.6,0.6
0.3,5,2651.0,0,0,,0,0,0.4,0.6
0.3,5,2652.0,0,0,,0,0,0.4,0.4
0.3,5,2653.0,0,1,,1,0,0.5,0.4
0.3,5,2654.0,0,0,0.0,0,1,0.4,0.5
0.3,5,2655.0,0,1,,1,0,0.5,0.4
0.3,5,2656.0,0,1,,0,0,0.4,0.4
0.3,5,2657.0,0,0,0.0,0,1,0.3,0.3
0.3,5,2658.0,0,0,,0,0,0.3,0.3
0.3,5,2659.0,0,0,,0,0,0.2,0.2
0.3,5,2660.0,0,0,,0,0,0.2,0.2
0.3,5,2661.0,0,0,,0,0,0.2,0.2
0.3,5,2662.0,0,1,,1,0,0.3,0.2
0.3,5,2663.0,0,0,0.0,0,1,0.2,0.3
0.3,5,2664.0,0,0,,0,0,0.2,0.2
0.3,5,2665.0,0,1,,1,0,0.2,0.2
0.3,5,2666.0,0,0,0.0,0,1,0.2,0.3
0.3,5,2667.0,0,0,,0,0,0.2,0.2
0.3,5,2668.0,0,0,,0,0,0.2,0.2
0.3,5,2669.0,0,0,,0,0,0.2,0.2
0.3,5,2670.0,0,1,0.0,2,1,0.4,0.3
0.3,5,2671.0,1,2,0.0,2,1,0.6,0.4
0.3,5,2672.0,0,1,0.0,0,1,0.5,0.5
0.3,5,2673.0,0,0,1.1370225537957594,0,1,0.5,0.5
0.3,5,2674.0,0,0,,0,0,0.5,0.5
0.3,5,2675.0,0,0,,0,0,0.4,0.5
0.3,5,2676.0,0,0,0.0,1,1,0.5,0.5
0.3,5,2677.0,0,0,,0,0,0.5,0.5
0.3,5,2678.0,0,0,,0,0,0.5,0.5
0.3,5,2679.0,0,1,,1,0,0.6,0.5
0.3,5,2680.0,0,0,0.0,0,1,0.4,0.5
0.3,5,2681.0,0,0,,0,0,0.2,0.4
0.3,5,2682.0,0,0,,0,0,0.2,0.3
0.3,5,2683.0,0,0,,0,0,0.2,0.2
0.3,5,2684.0,0,0,,0,0,0.2,0.2
0.3,5,2685.0,0,0,0.0,1,1,0.3,0.3
0.3,5,2686.0,0,0,0.04285840995703438,2,2,0.4,0.4
0.3,5,2687.0,0,0,,0,0,0.4,0.4
0.3,5,2688.0,0,0,0.0,1,1,0.5,0.5
0.3,5,2689.0,0,0,0.0,1,1,0.5,0.6
0.3,5,2690.0,0,0,,0,0,0.5,0.5
0.3,5,2691.0,0,0,,0,0,0.5,0.5
0.3,5,2692.0,0,0,,0,0,0.5,0.5
0.3,5,2693.0,0,0,,0,0,0.5,0.5
0.3,5,2694.0,0,0,,0,0,0.5,0.5
0.3,5,2695.0,0,0,0.0,1,1,0.5,0.5
0.3,5,2696.0,0,0,0.0,1,1,0.4,0.4
0.3,5,2697.0,0,0,0.0,1,1,0.5,0.5
0.3,5,2698.0,0,0,,0,0,0.4,0.4
0.3,5,2699.0,0,0,,0,0,0.3,0.3
0.3,5,2700.0,0,1,0.0,2,1,0.5,0.4
0.3,5,2701.0,0,0,0.17389912879616531,0,1,0.5,0.5
0.3,5,2702.0,0,0,,0,0,0.5,0.5
0.3,5,2703.0,0,0,0.0,1,1,0.6,0.6
0.3,5,2704.0,0,0,,0,0,0.6,0.6
0.3,5,2705.0,0,1,,1,0,0.6,0.5
0.3,5,2706.0,0,0,0.0,0,1,0.5,0.5
0.3,5,2707.0,0,0,0.0,1,1,0.5,0.5
0.3,5,2708.0,0,0,,0,0,0.5,0.5
0.3,5,2709.0,0,0,0.0,1,1,0.6,0.6
0.3,5,2710.0,0,0,,0,0,0.4,0.5
0.3,5,2711.0,0,0,,0,0,0.4,0.4
0.3,5,2712.0,0,0,,0,0,0.4,0.4
0.3,5,2713.0,0,1,,1,0,0.4,0.3
0.3,5,2714.0,0,0,0.0,0,1,0.4,0.4
0.3,5,2715.0,0,1,,1,0,0.4,0.4
0.3,5,2716.0,0,1,0.0,1,1,0.5,0.4
0.3,5,2717.0,0,0,0.7636014506651918,0,1,0.4,0.4
0.3,5,2718.0,0,0,,0,0,0.4,0.4
0.3,5,2719.0,0,0,0.0,1,1,0.4,0.4
0.3,5,2720.0,0,1,,1,0,0.5,0.4
0.3,5,2721.0,0,0,0.0,0,1,0.5,0.5
0.3,5,2722.0,0,0,,0,0,0.5,0.5
0.3,5,2723.0,0,1,,1,0,0.5,0.5
0.3,5,2724.0,0,1,,0,0,0.5,0.4
0.3,5,2725.0,0,1,,0,0,0.4,0.4
0.3,5,2726.0,0,1,,0,0,0.3,0.3
0.3,5,2727.0,0,0,0.0,1,2,0.4,0.4
0.3,5,2728.0,0,1,,1,0,0.5,0.4
0.3,5,2729.0,0,0,0.0,0,1,0.4,0.4
0.3,5,2730.0,0,0,,0,0,0.3,0.4
0.3,5,2731.0,0,0,,0,0,0.3,0.3
0.3,5,2732.0,0,0,,0,0,0.3,0.3
0.3,5,2733.0,0,1,,1,0,0.3,0.3
0.3,5,2734.0,0,0,0.0,0,1,0.3,0.4
0.3,5,2735.0,0,1,,1,0,0.4,0.4
0.3,5,2736.0,0,1,,0,0,0.4,0.4
0.3,5,2737.0,0,0,0.0,0,1,0.3,0.3
0.3,5,2738.0,0,0,,0,0,0.2,0.3
0.3,5,2739.0,0,0,,0,0,0.2,0.2
0.3,5,2740.0,0,0,,0,0,0.2,0.2
0.3,5,2741.0,0,1,,1,0,0.3,0.2
0.3,5,2742.0,0,0,0.0,0,1,0.3,0.3
0.3,5,2743.0,0,0,,0,0,0.2,0.3
0.3,5,2744.0,0,0,0.0,1,1,0.3,0.3
0.3,5,2745.0,0,0,,0,0,0.2,0.3
0.3,5,2746.0,0,0,,0,0,0.2,0.3
0.3,5,2747.0,0,0,,0,0,0.2,0.2
0.3,5,2748.0,0,0,,0,0,0.2,0.2
0.3,5,2749.0,0,0,,0,0,0.2,0.2
0.3,5,2750.0,0,0,0.0,1,1,0.3,0.3
0.3,5,2751.0,0,0,0.0,1,1,0.3,0.4
0.3,5,2752.0,0,0,,0,0,0.3,0.3
0.3,5,2753.0,0,1,,1,0,0.4,0.3
0.3,5,2754.0,0,0,0.0,0,1,0.3,0.3
0.3,5,2755.0,0,0,,0,0,0.3,0.3
0.3,5,2756.0,0,0,0.0,1,1,0.4,0.4
0.3,5,2757.0,0,1,,1,0,0.5,0.4
0.3,5,2758.0,0,1,,0,0,0.5,0.4
0.3,5,2759.0,0,0,0.0,0,1,0.5,0.5
0.3,5,2760.0,0,1,,1,0,0.5,0.4
0.3,5,2761.0,0,0,0.0,0,1,0.4,0.4
0.3,5,2762.0,0,0,,0,0,0.4,0.4
0.3,5,2763.0,0,0,,0,0,0.3,0.4
0.3,5,2764.0,0,0,,0,0,0.3,0.3
0.3,5,2765.0,0,0,,0,0,0.3,0.3
0.3,5,2766.0,0,0,,0,0,0.2,0.2
0.3,5,2767.0,0,0,,0,0,0.1,0.2
0.3,5,2768.0,0,0,,0,0,0.1,0.2
0.3,5,2769.0,0,0,,0,0,0.1,0.1
0.3,5,2770.0,0,1,,1,0,0.1,0.1
0.3,5,2771.0,0,1,,0,0,0.1,0.0
0.3,5,2772.0,0,0,0.0,0,1,0.1,0.1
0.3,5,2773.0,0,0,,0,0,0.1,0.1
0.3,5,2774.0,0,0,,0,0,0.1,0.1
0.3,5,2775.0,0,1,,1,0,0.2,0.1
0.3,5,2776.0,0,0,0.0,0,1,0.2,0.2
0.3,5,2777.0,0,0,,0,0,0.2,0.2
0.3,5,2778.0,0,1,0.0,2,1,0.4,0.3
0.3,5,2779.0,0,1,,0,0,0.4,0.3
0.3,5,2780.0,0,1,,0,0,0.3,0.3
0.3,5,2781.0,0,0,0.06429344624939404,0,1,0.3,0.4
0.3,5,2782.0,0,1,,1,0,0.4,0.3
0.3,5,2783.0,0,0,0.034026370882429546,1,2,0.5,0.5
0.3,5,2784.0,0,0,,0,0,0.5,0.5
0.3,5,2785.0,0,0,,0,0,0.4,0.5
0.3,5,2786.0,0,0,0.0,1,1,0.5,0.5
0.3,5,2787.0,0,0,,0,0,0.5,0.5
0.3,5,2788.0,0,1,,1,0,0.4,0.4
0.3,5,2789.0,0,0,0.0,0,1,0.4,0.5
0.3,5,2790.0,0,0,0.0,1,1,0.5,0.6
0.3,5,2791.0,0,0,,0,0,0.5,0.5
0.3,5,2792.0,0,0,,0,0,0.4,0.5
0.3,5,2793.0,0,0,0.0,1,1,0.4,0.4
0.3,5,2794.0,0,0,,0,0,0.4,0.4
0.3,5,2795.0,0,0,,0,0,0.4,0.4
0.3,5,2796.0,0,0,0.0,1,1,0.4,0.4
0.3,5,2797.0,0,0,0.0,1,1,0.5,0.5
0.3,5,2798.0,0,0,,0,0,0.4,0.5
0.3,5,2799.0,0,0,,0,0,0.4,0.4
0.3,5,2800.0,1,2,0.0,3,1,0.6,0.4
0.3,5,2801.0,0,1,0.28431941436656416,0,1,0.6,0.5
0.3,5,2802.0,0,0,0.5521118490842127,0,1,0.6,0.6
0.3,5,2803.0,0,0,,0,0,0.5,0.5
0.3,5,2804.0,0,0,,0,0,0.5,0.5
0.3,5,2805.0,0,0,,0,0,0.5,0.5
0.3,5,2806.0,0,0,,0,0,0.4,0.4
0.3,5,2807.0,0,0,,0,0,0.3,0.3
0.3,5,2808.0,0,0,,0,0,0.3,0.3
0.3,5,2809.0,0,0,,0,0,0.3,0.3
0.3,5,2810.0,0,0,,0,0,0.0,0.2
0.3,5,2811.0,0,0,,0,0,0.0,0.1
0.3,5,2812.0,0,0,,0,0,0.0,0.0
0.3,5,2813.0,0,0,0.0,1,1,0.1,0.1
0.3,5,2814.0,0,1,,1,0,0.2,0.1
0.3,5,2815.0,0,1,,0,0,0.2,0.1
0.3,5,2816.0,1,2,,1,0,0.3,0.1
0.3,5,2817.0,0,1,0.0,0,1,0.3,0.2
0.3,5,2818.0,0,0,0.4950453010901583,0,1,0.3,0.3
0.3,5,2819.0,0,0,,0,0,0.3,0.3
0.3,5,2820.0,0,0,,0,0,0.3,0.3
0.3,5,2821.0,0,0,,0,0,0.3,0.3
0.3,5,2822.0,0,0,,0,0,0.3,0.3
0.3,5,2823.0,0,1,,1,0,0.3,0.2
0.3,5,2824.0,0,0,0.0,0,1,0.2,0.3
0.3,5,2825.0,0,0,,0,0,0.2,0.3
0.3,5,2826.0,1,2,,2,0,0.3,0.3
0.3,5,2827.0,1,2,0.0,1,1,0.4,0.3
0.3,5,2828.0,1,2,,0,0,0.4,0.2
0.3,5,2829.0,0,0,1.335006932637043,0,2,0.4,0.4
0.3,5,2830.0,0,0,,0,0,0.4,0.4
0.3,5,2831.0,0,0,,0,0,0.4,0.4
0.3,5,2832.0,0,0,,0,0,0.4,0.4
0.3,5,2833.0,0,0,,0,0,0.3,0.4
0.3,5,2834.0,0,0,,0,0,0.3,0.3
0.3,5,2835.0,0,0,,0,0,0.3,0.3
0.3,5,2836.0,0,0,,0,0,0.1,0.3
0.3,5,2837.0,0,0,,0,0,0.0,0.2
0.3,5,2838.0,0,1,,1,0,0.1,0.2
0.3,5,2839.0,0,0,0.0,0,1,0.1,0.1
0.3,5,2840.0,0,0,,0,0,0.1,0.1
0.3,5,2841.0,0,0,,0,0,0.1,0.1
0.3,5,2842.0,0,0,,0,0,0.1,0.1
0.3,5,2843.0,0,0,,0,0,0.1,0.1
0.3,5,2844.0,0,0,,0,0,0.1,0.1
0.3,5,2845.0,0,0,0.0,1,1,0.2,0.2
0.3,5,2846.0,0,0,,0,0,0.2,0.2
0.3,5,2847.0,0,1,,1,0,0.3,0.2
0.3,5,2848.0,0,0,0.0,0,1,0.2,0.3
0.3,5,2849.0,0,1,,1,0,0.3,0.2
0.3,5,2850.0,0,1,,0,0,0.3,0.2
0.3,5,2851.0,0,0,0.0,0,1,0.3,0.3
0.3,5,2852.0,0,0,,0,0,0.3,0.3
0.3,5,2853.0,0,0,,0,0,0.3,0.3
0.3,5,2854.0,0,0,,0,0,0.3,0.3
0.3,5,2855.0,0,0,,0,0,0.2,0.2
0.3,5,2856.0,0,0,,0,0,0.2,0.2
0.3,5,2857.0,0,0,,0,0,0.1,0.2
0.3,5,2858.0,0,0,,0,0,0.1,0.1
0.3,5,2859.0,0,0,,0,0,0.0,0.1
0.3,5,2860.0,0,0,,0,0,0.0,0.1
0.3,5,2861.0,0,0,,0,0,0.0,0.0
0.3,5,2862.0,0,0,,0,0,0.0,0.0
0.3,5,2863.0,0,0,,0,0,0.0,0.0
0.3,5,2864.0,0,1,,1,0,0.1,0.0
0.3,5,2865.0,1,2,,1,0,0.2,0.0
0.3,5,2866.0,1,2,,0,0,0.2,0.0
0.3,5,2867.0,0,0,0.715189172035025,0,2,0.2,0.2
0.3,5,2868.0,0,0,,0,0,0.2,0.2
0.3,5,2869.0,0,1,,1,0,0.3,0.2
0.3,5,2870.0,0,1,,0,0,0.3,0.2
0.3,5,2871.0,0,1,,0,0,0.3,0.2
0.3,5,2872.0,2,3,,2,0,0.5,0.2
0.3,5,2873.0,2,3,0.0,1,1,0.6,0.3
0.3,5,2874.0,0,1,1.058140296008105,0,2,0.5,0.5
0.3,5,2875.0,0,1,1.5586272281075253,1,1,0.5,0.6
0.3,5,2876.0,0,1,0.0,1,1,0.6,0.7
0.3,5,2877.0,0,1,0.0,1,1,0.7,0.6
0.3,5,2878.0,0,0,0.0,0,1,0.7,0.7
0.3,5,2879.0,0,0,,0,0,0.6,0.7
0.3,5,2880.0,0,1,,1,0,0.7,0.7
0.3,5,2881.0,0,0,0.0,0,1,0.7,0.8
0.3,5,2882.0,0,0,,0,0,0.5,0.8
0.3,5,2883.0,0,0,,0,0,0.4,0.7
0.3,5,2884.0,0,1,0.0,2,1,0.6,0.6
0.3,5,2885.0,0,1,0.0,1,1,0.6,0.6
0.3,5,2886.0,0,0,0.0,0,1,0.5,0.6
0.3,5,2887.0,0,0,,0,0,0.4,0.5
0.3,5,2888.0,0,0,,0,0,0.4,0.4
0.3,5,2889.0,0,1,,1,0,0.5,0.4
0.3,5,2890.0,0,1,0.0,1,1,0.5,0.5
0.3,5,2891.0,0,1,,0,0,0.5,0.4
0.3,5,2892.0,0,1,,0,0,0.5,0.4
0.3,5,2893.0,0,1,,0,0,0.5,0.4
0.3,5,2894.0,2,3,,2,0,0.5,0.3
0.3,5,2895.0,2,3,,0,0,0.4,0.2
0.3,5,2896.0,3,4,,1,0,0.5,0.1
0.3,5,2897.0,2,3,0.1538003745677088,0,1,0.5,0.2
0.3,5,2898.0,3,4,,1,0,0.6,0.2
0.3,5,2899.0,2,3,2.985549049711153,0,1,0.5,0.3
0.3,5,2900.0,2,3,,0,0,0.4,0.2
0.3,5,2901.0,2,3,,0,0,0.4,0.2
0.3,5,2902.0,0,1,5.582070424707354,0,2,0.4,0.4
0.3,5,2903.0,0,0,4.378157958712563,0,1,0.4,0.5
0.3,5,2904.0,0,0,,0,0,0.2,0.5
0.3,5,2905.0,0,0,,0,0,0.2,0.5
0.3,5,2906.0,0,0,,0,0,0.1,0.5
0.3,5,2907.0,0,0,,0,0,0.1,0.4
0.3,5,2908.0,0,0,,0,0,0.0,0.4
0.3,5,2909.0,0,0,0.0,1,1,0.1,0.4
0.3,5,2910.0,0,0,,0,0,0.1,0.4
0.3,5,2911.0,0,0,,0,0,0.1,0.4
0.3,5,2912.0,0,1,,1,0,0.2,0.2
0.3,5,2913.0,1,2,,1,0,0.3,0.1
0.3,5,2914.0,0,1,0.0,0,1,0.3,0.2
0.3,5,2915.0,0,1,,0,0,0.3,0.2
0.3,5,2916.0,0,0,1.469101070222223,0,1,0.3,0.3
0.3,5,2917.0,0,0,,0,0,0.3,0.3
0.3,5,2918.0,0,0,,0,0,0.3,0.3
0.3,5,2919.0,1,2,,2,0,0.4,0.2
0.3,5,2920.0,1,2,0.0,1,1,0.5,0.3
0.3,5,2921.0,1,2,,0,0,0.5,0.3
0.3,5,2922.0,1,2,0.10507590601173433,1,1,0.5,0.4
0.3,5,2923.0,1,2,,0,0,0.4,0.4
0.3,5,2924.0,1,2,,0,0,0.4,0.3
0.3,5,2925.0,0,1,2.114412821968017,0,1,0.4,0.4
0.3,5,2926.0,0,1,,0,0,0.4,0.3
0.3,5,2927.0,0,0,2.170986807213467,0,1,0.4,0.4
0.3,5,2928.0,1,2,,2,0,0.6,0.4
0.3,5,2929.0,2,3,,1,0,0.5,0.4
0.3,5,2930.0,2,3,,0,0,0.4,0.3
0.3,5,2931.0,0,1,1.6527198547350963,0,2,0.4,0.5
0.3,5,2932.0,0,0,1.9851734385406417,0,1,0.3,0.5
0.3,5,2933.0,0,0,0.0,1,1,0.4,0.6
0.3,5,2934.0,0,1,,1,0,0.5,0.6
0.3,5,2935.0,1,2,,1,0,0.6,0.5
0.3,5,2936.0,1,2,0.0,1,1,0.7,0.6
0.3,5,2937.0,0,0,0.6652262778666227,0,2,0.7,0.7
0.3,5,2938.0,0,0,,0,0,0.5,0.7
0.3,5,2939.0,0,0,,0,0,0.4,0.7
0.3,5,2940.0,0,0,,0,0,0.4,0.7
0.3,5,2941.0,0,0,,0,0,0.4,0.5
0.3,5,2942.0,0,0,0.0,1,1,0.5,0.5
0.3,5,2943.0,1,2,,2,0,0.6,0.4
0.3,5,2944.0,0,0,0.439921272894253,0,2,0.5,0.6
0.3,5,2945.0,0,0,,0,0,0.4,0.6
0.3,5,2946.0,1,2,,2,0,0.5,0.5
0.3,5,2947.0,0,0,0.34228797632295027,0,2,0.5,0.5
0.3,5,2948.0,0,0,,0,0,0.5,0.5
0.3,5,2949.0,0,0,,0,0,0.5,0.5
0.3,5,2950.0,0,0,,0,0,0.5,0.5
0.3,5,2951.0,0,0,,0,0,0.5,0.5
0.3,5,2952.0,0,0,,0,0,0.4,0.4
0.3,5,2953.0,0,0,,0,0,0.2,0.4
0.3,5,2954.0,0,0,,0,0,0.2,0.2
0.3,5,2955.0,0,0,,0,0,0.2,0.2
0.3,5,2956.0,0,0,,0,0,0.0,0.2
0.3,5,2957.0,0,0,,0,0,0.0,0.0
0.3,5,2958.0,0,0,,0,0,0.0,0.0
0.3,5,2959.0,0,1,,1,0,0.1,0.0
0.3,5,2960.0,0,0,0.26926563215397437,1,2,0.2,0.2
0.3,5,2961.0,0,0,,0,0,0.2,0.2
0.3,5,2962.0,0,0,,0,0,0.2,0.2
0.3,5,2963.0,0,0,,0,0,0.2,0.2
0.3,5,2964.0,0,0,,0,0,0.2,0.2
0.3,5,2965.0,0,1,,1,0,0.3,0.2
0.3,5,2966.0,0,1,0.0,1,1,0.4,0.3
0.3,5,2967.0,0,0,0.48442548622233517,0,1,0.4,0.4
0.3,5,2968.0,0,0,,0,0,0.4,0.4
0.3,5,2969.0,0,0,,0,0,0.3,0.4
0.3,5,2970.0,0,1,,1,0,0.3,0.2
0.3,5,2971.0,0,0,0.0,0,1,0.3,0.3
0.3,5,2972.0,0,0,0.0,1,1,0.4,0.4
0.3,5,2973.0,0,0,,0,0,0.4,0.4
0.3,5,2974.0,0,0,,0,0,0.4,0.4
0.3,5,2975.0,0,0,,0,0,0.3,0.4
0.3,5,2976.0,0,0,,0,0,0.2,0.3
0.3,5,2977.0,0,0,,0,0,0.2,0.2
0.3,5,2978.0,0,1,,1,0,0.3,0.2
0.3,5,2979.0,0,0,0.0,0,1,0.3,0.3
0.3,5,2980.0,0,1,,1,0,0.3,0.3
0.3,5,2981.0,0,0,0.0,0,1,0.3,0.3
0.3,5,2982.0,0,0,,0,0,0.2,0.2
0.3,5,2983.0,0,0,,0,0,0.2,0.2
0.3,5,2984.0,0,1,,1,0,0.3,0.2
0.3,5,2985.0,0,0,0.0,0,1,0.3,0.3
0.3,5,2986.0,0,0,,0,0,0.3,0.3
0.3,5,2987.0,0,1,,1,0,0.4,0.3
0.3,5,2988.0,0,0,0.0,0,1,0.3,0.4
0.3,5,2989.0,0,0,,0,0,0.3,0.3
0.3,5,2990.0,0,0,,0,0,0.2,0.3
0.3,5,2991.0,0,0,,0,0,0.2,0.2
0.3,5,2992.0,0,0,,0,0,0.2,0.2
0.3,5,2993.0,0,1,,1,0,0.3,0.2
0.3,5,2994.0,0,0,0.0,0,1,0.2,0.3
0.3,5,2995.0,0,0,,0,0,0.2,0.2
0.3,5,2996.0,0,0,,0,0,0.2,0.2
0.3,5,2997.0,0,0,,0,0,0.1,0.2
0.3,5,2998.0,0,0,,0,0,0.1,0.1
0.3,5,2999.0,0,0,,0,0,0.1,0.1
0.3,5,3000.0,0,0,,0,0,0.1,0.1
0.3,6,1.0,0,0,,0,0,0.1,0.1
0.3,6,2.0,0,0,,0,0,0.1,0.1
0.3,6,3.0,0,1,,1,0,0.2,0.1
0.3,6,4.0,0,0,0.0,0,1,0.1,0.2
0.3,6,5.0,0,0,,0,0,0.1,0.2
0.3,6,6.0,0,0,,0,0,0.1,0.1
0.3,6,7.0,0,0,,0,0,0.1,0.1
0.3,6,8.0,0,0,,0,0,0.1,0.1
0.3,6,9.0,0,0,,0,0,0.1,0.1
0.3,6,10.0,0,1,,1,0,0.2,0.1
0.3,6,11.0,0,0,0.0,0,1,0.2,0.2
0.3,6,12.0,0,0,,0,0,0.2,0.2
0.3,6,13.0,0,0,,0,0,0.1,0.2
0.3,6,14.0,0,1,0.0,2,1,0.3,0.2
0.3,6,15.0,0,0,0.11429589078942115,1,2,0.4,0.4
0.3,6,16.0,0,0,,0,0,0.4,0.4
0.3,6,17.0,0,1,,1,0,0.5,0.4
0.3,6,18.0,0,1,,0,0,0.5,0.4
0.3,6,19.0,0,0,0.0,0,1,0.5,0.5
0.3,6,20.0,0,0,,0,0,0.4,0.5
0.3,6,21.0,0,0,,0,0,0.4,0.4
0.3,6,22.0,0,0,0.0,1,1,0.5,0.5
0.3,6,23.0,0,0,0.0,1,1,0.6,0.6
0.3,6,24.0,0,0,,0,0,0.4,0.5
0.3,6,25.0,0,0,,0,0,0.3,0.3
0.3,6,26.0,0,0,,0,0,0.3,0.3
0.3,6,27.0,0,1,,1,0,0.3,0.3
0.3,6,28.0,0,1,,0,0,0.3,0.3
0.3,6,29.0,0,0,0.0,0,1,0.3,0.3
0.3,6,30.0,0,0,,0,0,0.3,0.3
0.3,6,31.0,0,1,,1,0,0.4,0.3
0.3,6,32.0,0,0,0.0,0,1,0.3,0.3
0.3,6,33.0,0,0,,0,0,0.2,0.2
0.3,6,34.0,0,0,,0,0,0.2,0.2
0.3,6,35.0,0,0,,0,0,0.2,0.2
0.3,6,36.0,0,0,,0,0,0.2,0.2
0.3,6,37.0,0,0,,0,0,0.1,0.2
0.3,6,38.0,0,0,,0,0,0.1,0.2
0.3,6,39.0,0,0,,0,0,0.1,0.1
0.3,6,40.0,0,0,,0,0,0.1,0.1
0.3,6,41.0,0,0,,0,0,0.0,0.1
0.3,6,42.0,0,0,,0,0,0.0,0.0
0.3,6,43.0,0,0,,0,0,0.0,0.0
0.3,6,44.0,0,0,,0,0,0.0,0.0
0.3,6,45.0,0,0,,0,0,0.0,0.0
0.3,6,46.0,0,0,,0,0,0.0,0.0
0.3,6,47.0,0,0,,0,0,0.0,0.0
0.3,6,48.0,0,0,0.0,1,1,0.1,0.1
0.3,6,49.0,0,0,,0,0,0.1,0.1
0.3,6,50.0,0,0,,0,0,0.1,0.1
0.3,6,51.0,0,0,,0,0,0.1,0.1
0.3,6,52.0,0,0,,0,0,0.1,0.1
0.3,6,53.0,0,1,,1,0,0.2,0.1
0.3,6,54.0,0,1,,0,0,0.2,0.1
0.3,6,55.0,0,0,0.0,0,1,0.2,0.2
0.3,6,56.0,0,0,,0,0,0.2,0.2
0.3,6,57.0,0,0,0.0,1,1,0.3,0.3
0.3,6,58.0,0,1,,1,0,0.3,0.2
0.3,6,59.0,0,0,0.0,0,1,0.3,0.3
0.3,6,60.0,0,0,,0,0,0.3,0.3
0.3,6,61.0,0,1,,1,0,0.4,0.3
0.3,6,62.0,0,1,,0,0,0.4,0.3
0.3,6,63.0,0,0,0.0,0,1,0.3,0.4
0.3,6,64.0,0,0,,0,0,0.3,0.4
0.3,6,65.0,0,0,,0,0,0.3,0.3
0.3,6,66.0,0,0,,0,0,0.3,0.3
0.3,6,67.0,0,0,,0,0,0.2,0.2
0.3,6,68.0,0,0,,0,0,0.1,0.2
0.3,6,69.0,0,1,,1,0,0.2,0.1
0.3,6,70.0,0,0,0.0,0,1,0.2,0.2
0.3,6,71.0,0,0,,0,0,0.1,0.2
0.3,6,72.0,0,0,,0,0,0.1,0.2
0.3,6,73.0,0,0,,0,0,0.1,0.1
0.3,6,74.0,0,0,0.0,1,1,0.2,0.2
0.3,6,75.0,0,0,,0,0,0.2,0.2
0.3,6,76.0,0,0,,0,0,0.2,0.2
0.3,6,77.0,0,0,0.0,1,1,0.3,0.3
0.3,6,78.0,0,0,,0,0,0.3,0.3
0.3,6,79.0,0,0,,0,0,0.2,0.3
0.3,6,80.0,0,0,,0,0,0.2,0.2
0.3,6,81.0,0,0,,0,0,0.2,0.2
0.3,6,82.0,0,0,,0,0,0.2,0.2
0.3,6,83.0,0,0,,0,0,0.2,0.2
0.3,6,84.0,0,1,,1,0,0.2,0.1
0.3,6,85.0,1,2,,1,0,0.3,0.1
0.3,6,86.0,1,2,,0,0,0.3,0.1
0.3,6,87.0,2,3,,1,0,0.3,0.0
0.3,6,88.0,2,3,,0,0,0.3,0.0
0.3,6,89.0,2,3,,0,0,0.3,0.0
0.3,6,90.0,1,2,2.4174619277703187,1,2,0.4,0.2
0.3,6,91.0,0,1,2.8685873279412704,0,1,0.4,0.3
0.3,6,92.0,1,2,1.3263470942203508,2,1,0.6,0.4
0.3,6,93.0,0,1,0.055971694103959635,0,1,0.6,0.5
0.3,6,94.0,0,0,0.20383768056751705,0,1,0.5,0.6
0.3,6,95.0,0,0,,0,0,0.4,0.6
0.3,6,96.0,0,1,,1,0,0.5,0.6
0.3,6,97.0,0,0,0.0,0,1,0.4,0.7
0.3,6,98.0,0,0,,0,0,0.4,0.7
0.3,6,99.0,0,0,,0,0,0.4,0.7
0.3,6,100.0,0,0,,0,0,0.3,0.5
0.3,6,101.0,0,0,0.0,1,1,0.4,0.5
0.3,6,102.0,0,0,,0,0,0.2,0.4
0.3,6,103.0,0,1,,1,0,0.3,0.3
0.3,6,104.0,0,1,,0,0,0.3,0.2
0.3,6,105.0,1,2,,1,0,0.4,0.2
0.3,6,106.0,2,3,,1,0,0.4,0.2
0.3,6,107.0,2,3,0.0,1,1,0.5,0.2
0.3,6,108.0,0,1,2.2104540145149087,0,2,0.5,0.4
0.3,6,109.0,0,1,,0,0,0.5,0.4
0.3,6,110.0,0,0,0.711915090730372,0,1,0.5,0.5
0.3,6,111.0,0,0,,0,0,0.4,0.4
0.3,6,112.0,0,1,,1,0,0.5,0.4
0.3,6,113.0,0,0,0.0,0,1,0.4,0.5
0.3,6,114.0,0,0,0.0,1,1,0.5,0.6
0.3,6,115.0,0,0,,0,0,0.4,0.6
0.3,6,116.0,0,0,,0,0,0.3,0.6
0.3,6,117.0,1,2,,2,0,0.4,0.5
0.3,6,118.0,0,1,0.0,0,1,0.4,0.4
0.3,6,119.0,1,2,,1,0,0.5,0.4
0.3,6,120.0,0,0,0.9301561675696632,0,2,0.5,0.5
0.3,6,121.0,0,0,,0,0,0.5,0.5
0.3,6,122.0,0,0,,0,0,0.4,0.5
0.3,6,123.0,0,0,,0,0,0.4,0.4
0.3,6,124.0,0,0,,0,0,0.3,0.3
0.3,6,125.0,0,0,,0,0,0.3,0.3
0.3,6,126.0,0,0,,0,0,0.3,0.3
0.3,6,127.0,0,0,0.0,1,1,0.2,0.4
0.3,6,128.0,0,0,,0,0,0.2,0.3
0.3,6,129.0,0,0,,0,0,0.1,0.3
0.3,6,130.0,0,0,,0,0,0.1,0.1
0.3,6,131.0,0,0,,0,0,0.1,0.1
0.3,6,132.0,0,0,,0,0,0.1,0.1
0.3,6,133.0,0,0,,0,0,0.1,0.1
0.3,6,134.0,0,0,,0,0,0.1,0.1
0.3,6,135.0,0,0,,0,0,0.1,0.1
0.3,6,136.0,0,0,,0,0,0.1,0.1
0.3,6,137.0,0,0,,0,0,0.0,0.0
0.3,6,138.0,0,0,,0,0,0.0,0.0
0.3,6,139.0,0,0,,0,0,0.0,0.0
0.3,6,140.0,0,0,0.0,1,1,0.1,0.1
0.3,6,141.0,0,0,,0,0,0.1,0.1
0.3,6,142.0,0,0,0.0,1,1,0.2,0.2
0.3,6,143.0,0,0,,0,0,0.2,0.2
0.3,6,144.0,0,0,,0,0,0.2,0.2
0.3,6,145.0,0,0,0.0,2,2,0.4,0.4
0.3,6,146.0,0,0,,0,0,0.4,0.4
0.3,6,147.0,0,0,,0,0,0.4,0.4
0.3,6,148.0,0,0,,0,0,0.4,0.4
0.3,6,149.0,0,0,,0,0,0.4,0.4
0.3,6,150.0,0,0,,0,0,0.3,0.3
0.3,6,151.0,0,0,,0,0,0.3,0.3
0.3,6,152.0,0,0,0.0,1,1,0.3,0.3
0.3,6,153.0,0,0,,0,0,0.3,0.3
0.3,6,154.0,0,0,,0,0,0.3,0.3
0.3,6,155.0,0,1,,1,0,0.2,0.1
0.3,6,156.0,1,2,,1,0,0.3,0.1
0.3,6,157.0,0,1,0.0,0,1,0.3,0.2
0.3,6,158.0,0,1,,0,0,0.3,0.2
0.3,6,159.0,0,0,1.2280774221166553,0,1,0.3,0.3
0.3,6,160.0,0,0,,0,0,0.3,0.3
0.3,6,161.0,0,0,,0,0,0.3,0.3
0.3,6,162.0,0,0,,0,0,0.2,0.2
0.3,6,163.0,0,0,,0,0,0.2,0.2
0.3,6,164.0,0,0,,0,0,0.2,0.2
0.3,6,165.0,0,1,,1,0,0.2,0.2
0.3,6,166.0,0,1,0.0,2,2,0.3,0.4
0.3,6,167.0,0,1,,0,0,0.3,0.3
0.3,6,168.0,0,1,0.0,1,1,0.4,0.4
0.3,6,169.0,0,0,0.0,0,1,0.4,0.4
0.3,6,170.0,0,0,,0,0,0.4,0.4
0.3,6,171.0,0,0,0.0,1,1,0.5,0.5
0.3,6,172.0,0,0,0.0,1,1,0.6,0.6
0.3,6,173.0,0,1,,1,0,0.7,0.6
0.3,6,174.0,0,0,0.0,0,1,0.7,0.7
0.3,6,175.0,0,0,,0,0,0.6,0.7
0.3,6,176.0,0,0,,0,0,0.4,0.5
0.3,6,177.0,0,1,,1,0,0.5,0.5
0.3,6,178.0,0,1,,0,0,0.4,0.4
0.3,6,179.0,0,1,,0,0,0.4,0.3
0.3,6,180.0,0,0,0.0,0,1,0.4,0.4
0.3,6,181.0,0,0,,0,0,0.3,0.3
0.3,6,182.0,0,0,,0,0,0.2,0.2
0.3,6,183.0,0,0,,0,0,0.1,0.2
0.3,6,184.0,0,0,0.0,1,1,0.2,0.2
0.3,6,185.0,0,0,,0,0,0.2,0.2
0.3,6,186.0,0,0,,0,0,0.2,0.2
0.3,6,187.0,0,0,,0,0,0.1,0.2
0.3,6,188.0,0,0,,0,0,0.1,0.2
0.3,6,189.0,0,0,,0,0,0.1,0.2
0.3,6,190.0,0,0,,0,0,0.1,0.1
0.3,6,191.0,0,0,,0,0,0.1,0.1
0.3,6,192.0,0,0,,0,0,0.1,0.1
0.3,6,193.0,0,0,,0,0,0.1,0.1
0.3,6,194.0,0,0,,0,0,0.0,0.0
0.3,6,195.0,0,0,,0,0,0.0,0.0
0.3,6,196.0,0,1,,1,0,0.1,0.0
0.3,6,197.0,0,1,,0,0,0.1,0.0
0.3,6,198.0,0,0,0.0,0,1,0.1,0.1
0.3,6,199.0,0,0,,0,0,0.1,0.1
0.3,6,200.0,0,1,,1,0,0.2,0.1
0.3,6,201.0,0,0,0.0,0,1,0.2,0.2
0.3,6,202.0,0,0,0.0,1,1,0.3,0.3
0.3,6,203.0,0,0,,0,0,0.3,0.3
0.3,6,204.0,0,0,,0,0,0.3,0.3
0.3,6,205.0,0,0,0.0,1,1,0.4,0.4
0.3,6,206.0,0,0,,0,0,0.3,0.4
0.3,6,207.0,0,0,,0,0,0.3,0.4
0.3,6,208.0,0,0,,0,0,0.3,0.3
0.3,6,209.0,0,0,,0,0,0.3,0.3
0.3,6,210.0,0,0,,0,0,0.2,0.3
0.3,6,211.0,0,0,,0,0,0.2,0.2
0.3,6,212.0,0,1,,1,0,0.2,0.1
0.3,6,213.0,0,1,0.0,1,1,0.3,0.2
0.3,6,214.0,1,2,,1,0,0.4,0.2
0.3,6,215.0,1,2,,0,0,0.3,0.1
0.3,6,216.0,0,0,1.0607977138284923,0,2,0.3,0.3
0.3,6,217.0,0,0,,0,0,0.3,0.3
0.3,6,218.0,0,0,,0,0,0.3,0.3
0.3,6,219.0,0,0,,0,0,0.3,0.3
0.3,6,220.0,0,0,,0,0,0.3,0.3
0.3,6,221.0,0,0,,0,0,0.3,0.3
0.3,6,222.0,0,1,,1,0,0.3,0.3
0.3,6,223.0,1,2,,1,0,0.3,0.2
0.3,6,224.0,2,3,,1,0,0.3,0.2
0.3,6,225.0,2,3,,0,0,0.3,0.2
0.3,6,226.0,2,3,,0,0,0.3,0.0
0.3,6,227.0,0,0,1.8111677067367964,1,4,0.4,0.4
0.3,6,228.0,0,0,,0,0,0.4,0.4
0.3,6,229.0,1,2,0.0,3,1,0.7,0.5
0.3,6,230.0,0,1,0.07924566891699669,0,1,0.7,0.6
0.3,6,231.0,0,0,0.4799169346024996,0,1,0.7,0.7
0.3,6,232.0,0,1,,1,0,0.7,0.7
0.3,6,233.0,0,0,0.0,0,1,0.6,0.8
0.3,6,234.0,0,0,,0,0,0.5,0.8
0.3,6,235.0,0,1,,1,0,0.6,0.8
0.3,6,236.0,0,1,,0,0,0.6,0.8
0.3,6,237.0,1,2,,1,0,0.6,0.4
0.3,6,238.0,1,2,,0,0,0.6,0.4
0.3,6,239.0,0,1,0.0,0,1,0.3,0.4
0.3,6,240.0,0,1,1.9912112458407591,1,1,0.4,0.4
0.3,6,241.0,0,0,0.0,0,1,0.4,0.4
0.3,6,242.0,0,0,,0,0,0.3,0.4
0.3,6,243.0,0,0,,0,0,0.3,0.3
0.3,6,244.0,0,1,,1,0,0.4,0.3
0.3,6,245.0,0,0,0.0,0,1,0.3,0.4
0.3,6,246.0,0,0,,0,0,0.3,0.4
0.3,6,247.0,0,1,,1,0,0.3,0.4
0.3,6,248.0,0,0,0.0,0,1,0.3,0.5
0.3,6,249.0,0,0,,0,0,0.3,0.4
0.3,6,250.0,0,0,,0,0,0.2,0.3
0.3,6,251.0,0,0,,0,0,0.2,0.2
0.3,6,252.0,0,0,,0,0,0.2,0.2
0.3,6,253.0,0,0,,0,0,0.2,0.2
0.3,6,254.0,0,0,,0,0,0.1,0.2
0.3,6,255.0,0,1,,1,0,0.2,0.1
0.3,6,256.0,0,1,,0,0,0.2,0.1
0.3,6,257.0,0,0,0.0,0,1,0.1,0.2
0.3,6,258.0,0,0,,0,0,0.1,0.1
0.3,6,259.0,0,1,,1,0,0.2,0.1
0.3,6,260.0,0,1,,0,0,0.2,0.1
0.3,6,261.0,0,1,0.0,1,1,0.3,0.2
0.3,6,262.0,0,1,,0,0,0.3,0.2
0.3,6,263.0,1,2,,1,0,0.4,0.2
0.3,6,264.0,3,4,,2,0,0.6,0.2
0.3,6,265.0,3,4,,0,0,0.5,0.2
0.3,6,266.0,3,4,0.0,1,1,0.6,0.3
0.3,6,267.0,4,5,,1,0,0.7,0.2
0.3,6,268.0,4,5,3.5739264045854497,1,1,0.8,0.3
0.3,6,269.0,1,2,4.047508190189376,0,3,0.7,0.6
0.3,6,270.0,1,2,2.4523592236672016,1,1,0.8,0.7
0.3,6,271.0,0,1,1.1458846129829112,0,1,0.7,0.7
0.3,6,272.0,0,0,0.7415086199597454,0,1,0.7,0.8
0.3,6,273.0,0,0,,0,0,0.6,0.8
0.3,6,274.0,2,3,,3,0,0.7,0.8
0.3,6,275.0,2,3,,0,0,0.7,0.8
0.3,6,276.0,0,1,1.2200226225604827,1,3,0.7,1.0
0.3,6,277.0,1,2,,1,0,0.7,1.0
0.3,6,278.0,0,1,0.009647050507510357,0,1,0.6,1.0
0.3,6,279.0,0,0,0.5155447389923893,1,2,0.7,0.9
0.3,6,280.0,0,1,,1,0,0.7,0.8
0.3,6,281.0,0,1,,0,0,0.7,0.7
0.3,6,282.0,0,1,0.0,1,1,0.8,0.7
0.3,6,283.0,0,1,,0,0,0.8,0.7
0.3,6,284.0,0,1,,0,0,0.5,0.7
0.3,6,285.0,0,1,,0,0,0.5,0.7
0.3,6,286.0,0,0,0.33033633270639484,0,1,0.4,0.5
0.3,6,287.0,0,1,,1,0,0.4,0.5
0.3,6,288.0,0,1,,0,0,0.4,0.4
0.3,6,289.0,0,1,0.0,1,1,0.4,0.3
0.3,6,290.0,0,1,0.0,1,1,0.4,0.4
0.3,6,291.0,0,0,0.09563820171553061,0,1,0.4,0.5
0.3,6,292.0,0,0,,0,0,0.3,0.4
0.3,6,293.0,0,0,,0,0,0.3,0.4
0.3,6,294.0,0,0,,0,0,0.3,0.4
0.3,6,295.0,0,0,,0,0,0.3,0.4
0.3,6,296.0,0,0,,0,0,0.3,0.3
0.3,6,297.0,0,0,,0,0,0.2,0.3
0.3,6,298.0,0,0,,0,0,0.2,0.3
0.3,6,299.0,0,1,,1,0,0.2,0.2
0.3,6,300.0,0,1,,0,0,0.1,0.1
0.3,6,301.0,0,0,0.0,0,1,0.1,0.1
0.3,6,302.0,0,0,,0,0,0.1,0.1
0.3,6,303.0,0,0,,0,0,0.1,0.1
0.3,6,304.0,0,0,,0,0,0.1,0.1
0.3,6,305.0,0,1,0.0,2,1,0.3,0.2
0.3,6,306.0,0,0,0.0,0,1,0.3,0.3
0.3,6,307.0,0,0,,0,0,0.3,0.3
0.3,6,308.0,0,1,,1,0,0.4,0.3
0.3,6,309.0,0,0,0.0,0,1,0.3,0.4
0.3,6,310.0,0,0,0.0,1,1,0.4,0.5
0.3,6,311.0,0,1,,1,0,0.5,0.4
0.3,6,312.0,0,1,,0,0,0.5,0.4
0.3,6,313.0,0,0,0.0,0,1,0.5,0.5
0.3,6,314.0,0,0,,0,0,0.5,0.5
0.3,6,315.0,0,0,,0,0,0.3,0.4
0.3,6,316.0,0,0,,0,0,0.3,0.3
0.3,6,317.0,0,0,,0,0,0.3,0.3
0.3,6,318.0,0,1,,1,0,0.3,0.3
0.3,6,319.0,0,0,0.0,0,1,0.3,0.3
0.3,6,320.0,0,0,,0,0,0.2,0.2
0.3,6,321.0,0,0,,0,0,0.1,0.2
0.3,6,322.0,0,0,,0,0,0.1,0.2
0.3,6,323.0,0,0,,0,0,0.1,0.1
0.3,6,324.0,0,0,,0,0,0.1,0.1
0.3,6,325.0,0,0,,0,0,0.1,0.1
0.3,6,326.0,0,0,,0,0,0.1,0.1
0.3,6,327.0,0,0,,0,0,0.1,0.1
0.3,6,328.0,0,0,,0,0,0.0,0.1
0.3,6,329.0,0,0,,0,0,0.0,0.0
0.3,6,330.0,0,0,,0,0,0.0,0.0
0.3,6,331.0,0,0,,0,0,0.0,0.0
0.3,6,332.0,0,0,,0,0,0.0,0.0
0.3,6,333.0,0,0,,0,0,0.0,0.0
0.3,6,334.0,0,0,,0,0,0.0,0.0
0.3,6,335.0,0,1,,1,0,0.1,0.0
0.3,6,336.0,0,1,,0,0,0.1,0.0
0.3,6,337.0,0,0,0.0,0,1,0.1,0.1
0.3,6,338.0,0,0,,0,0,0.1,0.1
0.3,6,339.0,0,1,,1,0,0.2,0.1
0.3,6,340.0,0,0,0.0,0,1,0.2,0.2
0.3,6,341.0,0,0,0.0,1,1,0.3,0.3
0.3,6,342.0,0,0,,0,0,0.3,0.3
0.3,6,343.0,0,0,,0,0,0.3,0.3
0.3,6,344.0,1,2,,2,0,0.5,0.3
0.3,6,345.0,0,1,0.0,0,1,0.4,0.4
0.3,6,346.0,0,0,0.8197925093672893,0,1,0.4,0.5
0.3,6,347.0,0,0,,0,0,0.4,0.4
0.3,6,348.0,0,1,,1,0,0.5,0.4
0.3,6,349.0,0,0,0.0,0,1,0.4,0.5
0.3,6,350.0,0,0,,0,0,0.4,0.4
0.3,6,351.0,0,0,,0,0,0.3,0.3
0.3,6,352.0,0,0,,0,0,0.3,0.3
0.3,6,353.0,0,0,0.0,1,1,0.4,0.4
0.3,6,354.0,0,0,0.0,1,1,0.3,0.5
0.3,6,355.0,0,0,,0,0,0.3,0.4
0.3,6,356.0,0,0,,0,0,0.3,0.3
0.3,6,357.0,0,0,,0,0,0.3,0.3
0.3,6,358.0,0,0,,0,0,0.2,0.3
0.3,6,359.0,0,0,,0,0,0.2,0.2
0.3,6,360.0,0,0,,0,0,0.2,0.2
0.3,6,361.0,0,0,0.1558932235005841,2,2,0.4,0.4
0.3,6,362.0,0,0,,0,0,0.4,0.4
0.3,6,363.0,0,0,,0,0,0.3,0.3
0.3,6,364.0,0,0,,0,0,0.2,0.2
0.3,6,365.0,0,0,,0,0,0.2,0.2
0.3,6,366.0,0,1,,1,0,0.3,0.2
0.3,6,367.0,0,1,,0,0,0.3,0.2
0.3,6,368.0,0,0,0.0,0,1,0.3,0.3
0.3,6,369.0,0,0,,0,0,0.3,0.3
0.3,6,370.0,0,0,,0,0,0.3,0.3
0.3,6,371.0,0,0,,0,0,0.1,0.1
0.3,6,372.0,0,0,,0,0,0.1,0.1
0.3,6,373.0,0,1,,1,0,0.2,0.1
0.3,6,374.0,0,0,0.0,0,1,0.2,0.2
0.3,6,375.0,0,0,,0,0,0.2,0.2
0.3,6,376.0,0,0,,0,0,0.1,0.2
0.3,6,377.0,1,2,,2,0,0.3,0.2
0.3,6,378.0,1,2,,0,0,0.3,0.1
0.3,6,379.0,2,3,,1,0,0.4,0.1
0.3,6,380.0,1,2,0.0,0,1,0.4,0.2
0.3,6,381.0,0,0,1.739837757885084,0,2,0.4,0.4
0.3,6,382.0,0,0,0.0,1,1,0.5,0.5
0.3,6,383.0,0,0,,0,0,0.4,0.5
0.3,6,384.0,0,0,,0,0,0.4,0.4
0.3,6,385.0,0,0,,0,0,0.4,0.4
0.3,6,386.0,0,0,,0,0,0.4,0.4
0.3,6,387.0,0,0,,0,0,0.2,0.4
0.3,6,388.0,0,0,,0,0,0.2,0.4
0.3,6,389.0,2,3,,3,0,0.4,0.4
0.3,6,390.0,1,2,0.0,0,1,0.4,0.4
0.3,6,391.0,1,2,,0,0,0.4,0.2
0.3,6,392.0,2,3,,1,0,0.4,0.1
0.3,6,393.0,3,4,,1,0,0.5,0.1
0.3,6,394.0,0,1,2.515506368138707,0,3,0.5,0.4
0.3,6,395.0,0,1,1.186085162298241,1,1,0.6,0.5
0.3,6,396.0,2,3,,2,0,0.8,0.5
0.3,6,397.0,0,0,0.8224056351350555,0,3,0.8,0.8
0.3,6,398.0,0,0,,0,0,0.8,0.8
0.3,6,399.0,0,0,0.0,1,1,0.6,0.9
0.3,6,400.0,0,0,,0,0,0.6,0.8
0.3,6,401.0,0,0,,0,0,0.6,0.8
0.3,6,402.0,0,0,,0,0,0.5,0.8
0.3,6,403.0,0,0,,0,0,0.4,0.8
0.3,6,404.0,0,0,,0,0,0.4,0.5
0.3,6,405.0,0,0,,0,0,0.3,0.4
0.3,6,406.0,0,0,,0,0,0.1,0.4
0.3,6,407.0,0,0,,0,0,0.1,0.1
0.3,6,408.0,0,0,,0,0,0.1,0.1
0.3,6,409.0,0,0,,0,0,0.0,0.0
0.3,6,410.0,0,1,,1,0,0.1,0.0
0.3,6,411.0,0,0,0.0,0,1,0.1,0.1
0.3,6,412.0,0,1,,1,0,0.2,0.1
0.3,6,413.0,0,0,0.0,0,1,0.2,0.2
0.3,6,414.0,0,0,,0,0,0.2,0.2
0.3,6,415.0,0,0,,0,0,0.2,0.2
0.3,6,416.0,0,0,,0,0,0.2,0.2
0.3,6,417.0,0,0,0.0,1,1,0.3,0.3
0.3,6,418.0,0,0,,0,0,0.3,0.3
0.3,6,419.0,0,0,,0,0,0.3,0.3
0.3,6,420.0,0,0,,0,0,0.2,0.3
0.3,6,421.0,1,2,,2,0,0.4,0.2
0.3,6,422.0,1,2,,0,0,0.3,0.2
0.3,6,423.0,0,0,1.0940097424574446,0,2,0.3,0.3
0.3,6,424.0,0,0,,0,0,0.3,0.3
0.3,6,425.0,0,1,,1,0,0.4,0.3
0.3,6,426.0,0,0,0.0,1,2,0.5,0.5
0.3,6,427.0,0,0,,0,0,0.4,0.4
0.3,6,428.0,0,1,,1,0,0.5,0.4
0.3,6,429.0,0,1,,0,0,0.5,0.4
0.3,6,430.0,0,0,0.0,0,1,0.5,0.5
0.3,6,431.0,0,0,,0,0,0.3,0.5
0.3,6,432.0,0,0,,0,0,0.3,0.5
0.3,6,433.0,0,1,,1,0,0.4,0.3
0.3,6,434.0,0,1,,0,0,0.4,0.3
0.3,6,435.0,1,2,,1,0,0.4,0.3
0.3,6,436.0,0,0,0.7037949626185309,0,2,0.3,0.3
0.3,6,437.0,0,0,,0,0,0.3,0.3
0.3,6,438.0,0,0,,0,0,0.2,0.3
0.3,6,439.0,0,1,,1,0,0.3,0.3
0.3,6,440.0,0,0,0.0,0,1,0.3,0.3
0.3,6,441.0,1,2,,2,0,0.5,0.3
0.3,6,442.0,1,2,,0,0,0.5,0.3
0.3,6,443.0,1,2,,0,0,0.4,0.3
0.3,6,444.0,0,0,1.3737666715974797,0,2,0.4,0.5
0.3,6,445.0,0,0,,0,0,0.3,0.5
0.3,6,446.0,0,0,,0,0,0.3,0.3
0.3,6,447.0,0,0,,0,0,0.3,0.3
0.3,6,448.0,0,0,,0,0,0.3,0.3
0.3,6,449.0,0,0,,0,0,0.2,0.3
0.3,6,450.0,0,0,,0,0,0.2,0.2
0.3,6,451.0,0,1,,1,0,0.1,0.2
0.3,6,452.0,0,1,0.0,1,1,0.2,0.3
0.3,6,453.0,2,3,,2,0,0.4,0.3
0.3,6,454.0,1,2,0.0,0,1,0.4,0.2
0.3,6,455.0,1,2,,0,0,0.4,0.2
0.3,6,456.0,0,1,1.4086792304182154,0,1,0.4,0.3
0.3,6,457.0,0,0,3.0105200024542,0,1,0.4,0.4
0.3,6,458.0,0,0,,0,0,0.4,0.4
0.3,6,459.0,0,0,0.06729847320667659,2,2,0.6,0.6
0.3,6,460.0,0,0,,0,0,0.6,0.6
0.3,6,461.0,0,0,,0,0,0.5,0.6
0.3,6,462.0,0,1,,1,0,0.5,0.5
0.3,6,463.0,0,1,,0,0,0.3,0.5
0.3,6,464.0,0,0,0.0,0,1,0.3,0.5
0.3,6,465.0,0,0,,0,0,0.3,0.5
0.3,6,466.0,0,0,,0,0,0.3,0.4
0.3,6,467.0,0,0,,0,0,0.3,0.3
0.3,6,468.0,0,0,,0,0,0.3,0.3
0.3,6,469.0,0,0,,0,0,0.1,0.1
0.3,6,470.0,0,1,,1,0,0.2,0.1
0.3,6,471.0,0,1,,0,0,0.2,0.1
0.3,6,472.0,0,1,,0,0,0.1,0.1
0.3,6,473.0,1,2,,1,0,0.2,0.1
0.3,6,474.0,1,2,0.0,1,1,0.3,0.1
0.3,6,475.0,0,0,0.8634424853594282,1,3,0.4,0.4
0.3,6,476.0,0,0,0.0,1,1,0.5,0.5
0.3,6,477.0,0,0,,0,0,0.5,0.5
0.3,6,478.0,0,0,,0,0,0.5,0.5
0.3,6,479.0,0,0,,0,0,0.5,0.5
0.3,6,480.0,0,0,,0,0,0.4,0.5
0.3,6,481.0,0,0,,0,0,0.4,0.5
0.3,6,482.0,0,0,,0,0,0.4,0.5
0.3,6,483.0,0,1,,1,0,0.4,0.5
0.3,6,484.0,0,1,0.0,1,1,0.4,0.5
0.3,6,485.0,1,2,,1,0,0.4,0.2
0.3,6,486.0,0,1,0.0,0,1,0.3,0.2
0.3,6,487.0,0,1,1.2621877571696132,1,1,0.4,0.3
0.3,6,488.0,0,0,0.0,0,1,0.4,0.4
0.3,6,489.0,1,2,,2,0,0.6,0.4
0.3,6,490.0,1,2,0.0,1,1,0.7,0.5
0.3,6,491.0,0,1,0.7211625639928343,0,1,0.7,0.6
0.3,6,492.0,0,0,1.4898654265851974,0,1,0.7,0.7
0.3,6,493.0,0,0,,0,0,0.6,0.7
0.3,6,494.0,0,1,,1,0,0.6,0.6
0.3,6,495.0,0,1,,0,0,0.5,0.6
0.3,6,496.0,0,0,0.0,0,1,0.5,0.6
0.3,6,497.0,0,0,,0,0,0.4,0.5
0.3,6,498.0,0,0,,0,0,0.4,0.4
0.3,6,499.0,0,0,,0,0,0.2,0.4
0.3,6,500.0,0,0,,0,0,0.1,0.3
0.3,6,501.0,0,0,,0,0,0.1,0.2
0.3,6,502.0,0,0,,0,0,0.1,0.1
0.3,6,503.0,0,0,0.0,1,1,0.2,0.2
0.3,6,504.0,0,1,,1,0,0.2,0.2
0.3,6,505.0,0,0,0.0,0,1,0.2,0.3
0.3,6,506.0,0,0,,0,0,0.2,0.2
0.3,6,507.0,0,0,,0,0,0.2,0.2
0.3,6,508.0,0,0,,0,0,0.2,0.2
0.3,6,509.0,0,1,,1,0,0.3,0.2
0.3,6,510.0,0,0,0.0,0,1,0.3,0.3
0.3,6,511.0,0,0,,0,0,0.3,0.3
0.3,6,512.0,0,0,0.0,1,1,0.4,0.4
0.3,6,513.0,0,0,,0,0,0.3,0.3
0.3,6,514.0,0,0,,0,0,0.2,0.3
0.3,6,515.0,0,0,,0,0,0.2,0.2
0.3,6,516.0,0,0,,0,0,0.2,0.2
0.3,6,517.0,0,0,,0,0,0.2,0.2
0.3,6,518.0,0,0,0.0,1,1,0.3,0.3
0.3,6,519.0,0,0,,0,0,0.2,0.3
0.3,6,520.0,0,0,,0,0,0.2,0.2
0.3,6,521.0,0,0,,0,0,0.2,0.2
0.3,6,522.0,0,0,,0,0,0.1,0.1
0.3,6,523.0,0,0,,0,0,0.1,0.1
0.3,6,524.0,0,0,,0,0,0.1,0.1
0.3,6,525.0,0,0,,0,0,0.1,0.1
0.3,6,526.0,1,2,,2,0,0.3,0.1
0.3,6,527.0,0,1,0.0,0,1,0.3,0.2
0.3,6,528.0,0,0,1.127864703844125,0,1,0.2,0.2
0.3,6,529.0,0,0,,0,0,0.2,0.2
0.3,6,530.0,1,2,,2,0,0.4,0.2
0.3,6,531.0,2,3,0.0,2,1,0.6,0.3
0.3,6,532.0,2,3,,0,0,0.6,0.3
0.3,6,533.0,2,3,,0,0,0.6,0.3
0.3,6,534.0,2,3,,0,0,0.6,0.3
0.3,6,535.0,0,1,2.2069255677991464,0,2,0.6,0.5
0.3,6,536.0,1,2,,1,0,0.5,0.5
0.3,6,537.0,0,1,3.9530609041556772,0,1,0.5,0.5
0.3,6,538.0,0,0,1.1915664426539934,0,1,0.5,0.5
0.3,6,539.0,0,0,,0,0,0.5,0.5
0.3,6,540.0,0,0,,0,0,0.3,0.5
0.3,6,541.0,0,0,,0,0,0.1,0.4
0.3,6,542.0,0,0,,0,0,0.1,0.4
0.3,6,543.0,0,1,,1,0,0.2,0.4
0.3,6,544.0,0,0,0.0,0,1,0.2,0.5
0.3,6,545.0,0,0,,0,0,0.2,0.3
0.3,6,546.0,0,0,,0,0,0.1,0.3
0.3,6,547.0,0,1,,1,0,0.2,0.2
0.3,6,548.0,0,1,,0,0,0.2,0.1
0.3,6,549.0,0,1,,0,0,0.2,0.1
0.3,6,550.0,0,0,0.0,0,1,0.2,0.2
0.3,6,551.0,0,0,,0,0,0.2,0.2
0.3,6,552.0,0,1,,1,0,0.3,0.2
0.3,6,553.0,0,1,,0,0,0.2,0.2
0.3,6,554.0,0,0,0.0,0,1,0.2,0.2
0.3,6,555.0,0,1,,1,0,0.3,0.2
0.3,6,556.0,0,0,0.0,0,1,0.3,0.3
0.3,6,557.0,0,0,,0,0,0.2,0.3
0.3,6,558.0,0,0,,0,0,0.2,0.3
0.3,6,559.0,0,1,0.0,2,1,0.4,0.4
0.3,6,560.0,0,0,0.0,0,1,0.4,0.4
0.3,6,561.0,0,0,,0,0,0.4,0.4
0.3,6,562.0,1,2,,2,0,0.5,0.4
0.3,6,563.0,3,4,,2,0,0.7,0.4
0.3,6,564.0,3,4,,0,0,0.7,0.3
0.3,6,565.0,1,2,1.4606421006886876,0,2,0.6,0.5
0.3,6,566.0,2,3,,1,0,0.7,0.4
0.3,6,567.0,0,0,2.28963320952433,0,3,0.7,0.7
0.3,6,568.0,0,0,0.0,1,1,0.8,0.8
0.3,6,569.0,0,1,,1,0,0.7,0.7
0.3,6,570.0,0,0,0.0,0,1,0.7,0.7
0.3,6,571.0,0,1,,1,0,0.8,0.7
0.3,6,572.0,0,0,0.0,0,1,0.6,0.8
0.3,6,573.0,0,0,,0,0,0.4,0.8
0.3,6,574.0,0,0,,0,0,0.4,0.8
0.3,6,575.0,0,1,,1,0,0.5,0.6
0.3,6,576.0,0,0,0.0,0,1,0.4,0.7
0.3,6,577.0,0,1,,1,0,0.5,0.4
0.3,6,578.0,0,0,0.0,0,1,0.4,0.4
0.3,6,579.0,0,0,0.0,1,1,0.4,0.5
0.3,6,580.0,0,1,,1,0,0.5,0.4
0.3,6,581.0,0,0,0.0,0,1,0.4,0.5
0.3,6,582.0,0,0,,0,0,0.4,0.4
0.3,6,583.0,0,1,,1,0,0.5,0.4
0.3,6,584.0,0,1,0.0,1,1,0.6,0.5
0.3,6,585.0,0,1,,0,0,0.5,0.5
0.3,6,586.0,0,1,,0,0,0.5,0.4
0.3,6,587.0,0,0,0.0,0,1,0.4,0.5
0.3,6,588.0,0,0,,0,0,0.4,0.4
0.3,6,589.0,0,0,,0,0,0.3,0.3
0.3,6,590.0,0,1,,1,0,0.3,0.3
0.3,6,591.0,0,0,0.0,0,1,0.3,0.3
0.3,6,592.0,0,0,,0,0,0.3,0.3
0.3,6,593.0,0,0,,0,0,0.2,0.3
0.3,6,594.0,0,0,,0,0,0.1,0.2
0.3,6,595.0,0,0,,0,0,0.1,0.2
0.3,6,596.0,0,0,,0,0,0.1,0.2
0.3,6,597.0,0,0,,0,0,0.1,0.1
0.3,6,598.0,0,0,,0,0,0.1,0.1
0.3,6,599.0,0,0,,0,0,0.1,0.1
0.3,6,600.0,0,0,,0,0,0.0,0.1
0.3,6,601.0,0,0,,0,0,0.0,0.0
0.3,6,602.0,0,0,,0,0,0.0,0.0
0.3,6,603.0,0,0,,0,0,0.0,0.0
0.3,6,604.0,0,0,,0,0,0.0,0.0
0.3,6,605.0,0,1,,1,0,0.1,0.0
0.3,6,606.0,0,0,0.0,0,1,0.1,0.1
0.3,6,607.0,0,0,,0,0,0.1,0.1
0.3,6,608.0,0,0,,0,0,0.1,0.1
0.3,6,609.0,0,0,,0,0,0.1,0.1
0.3,6,610.0,0,0,,0,0,0.1,0.1
0.3,6,611.0,0,0,,0,0,0.1,0.1
0.3,6,612.0,0,0,,0,0,0.1,0.1
0.3,6,613.0,0,0,,0,0,0.1,0.1
0.3,6,614.0,0,0,,0,0,0.1,0.1
0.3,6,615.0,0,0,,0,0,0.0,0.1
0.3,6,616.0,0,1,,1,0,0.1,0.0
0.3,6,617.0,1,2,0.0,2,1,0.3,0.1
0.3,6,618.0,0,0,0.6146111345179293,0,2,0.3,0.3
0.3,6,619.0,0,0,0.0,1,1,0.4,0.4
0.3,6,620.0,0,0,,0,0,0.4,0.4
0.3,6,621.0,0,0,,0,0,0.4,0.4
0.3,6,622.0,0,0,,0,0,0.4,0.4
0.3,6,623.0,0,0,,0,0,0.4,0.4
0.3,6,624.0,0,0,,0,0,0.4,0.4
0.3,6,625.0,0,0,,0,0,0.4,0.4
0.3,6,626.0,0,0,,0,0,0.3,0.4
0.3,6,627.0,0,0,,0,0,0.1,0.3
0.3,6,628.0,0,0,0.0,1,1,0.2,0.2
0.3,6,629.0,0,1,,1,0,0.2,0.1
0.3,6,630.0,0,0,0.0,0,1,0.2,0.2
0.3,6,631.0,0,1,0.0,2,1,0.4,0.3
0.3,6,632.0,0,1,0.24618924570268064,1,1,0.5,0.4
0.3,6,633.0,0,0,0.0,1,2,0.6,0.6
0.3,6,634.0,0,0,0.0,1,1,0.7,0.7
0.3,6,635.0,0,0,,0,0,0.7,0.7
0.3,6,636.0,0,0,,0,0,0.7,0.7
0.3,6,637.0,0,0,,0,0,0.7,0.7
0.3,6,638.0,0,1,,1,0,0.7,0.6
0.3,6,639.0,0,1,0.0,1,1,0.7,0.7
0.3,6,640.0,0,1,,0,0,0.7,0.6
0.3,6,641.0,0,0,0.07552877525949953,0,1,0.5,0.6
0.3,6,642.0,0,1,,1,0,0.5,0.5
0.3,6,643.0,0,1,,0,0,0.4,0.3
0.3,6,644.0,0,0,0.0,0,1,0.3,0.3
0.3,6,645.0,0,0,,0,0,0.3,0.3
0.3,6,646.0,0,0,,0,0,0.3,0.3
0.3,6,647.0,0,0,,0,0,0.3,0.3
0.3,6,648.0,0,1,,1,0,0.3,0.3
0.3,6,649.0,0,0,0.0,0,1,0.2,0.3
0.3,6,650.0,0,0,,0,0,0.2,0.3
0.3,6,651.0,0,0,,0,0,0.2,0.2
0.3,6,652.0,0,1,,1,0,0.2,0.2
0.3,6,653.0,0,0,0.22400703024806035,1,2,0.3,0.4
0.3,6,654.0,0,0,,0,0,0.3,0.3
0.3,6,655.0,0,0,,0,0,0.3,0.3
0.3,6,656.0,0,0,,0,0,0.3,0.3
0.3,6,657.0,0,1,,1,0,0.4,0.3
0.3,6,658.0,0,0,0.0,0,1,0.3,0.4
0.3,6,659.0,0,0,,0,0,0.3,0.3
0.3,6,660.0,0,0,0.0,1,1,0.4,0.4
0.3,6,661.0,0,0,,0,0,0.4,0.4
0.3,6,662.0,0,0,0.0,1,1,0.4,0.5
0.3,6,663.0,0,1,,1,0,0.4,0.3
0.3,6,664.0,0,1,,0,0,0.4,0.3
0.3,6,665.0,0,0,0.0,0,1,0.4,0.4
0.3,6,666.0,0,1,,1,0,0.5,0.4
0.3,6,667.0,1,2,0.0,2,1,0.6,0.5
0.3,6,668.0,1,2,0.04298189859730428,1,1,0.7,0.5
0.3,6,669.0,0,0,1.0099518465694928,0,2,0.7,0.7
0.3,6,670.0,0,0,0.0,1,1,0.7,0.7
0.3,6,671.0,0,0,0.0,1,1,0.8,0.8
0.3,6,672.0,0,0,,0,0,0.7,0.7
0.3,6,673.0,0,1,,1,0,0.7,0.7
0.3,6,674.0,0,0,0.0,0,1,0.7,0.8
0.3,6,675.0,0,1,,1,0,0.8,0.7
0.3,6,676.0,0,1,,0,0,0.7,0.7
0.3,6,677.0,0,0,0.0,0,1,0.5,0.7
0.3,6,678.0,0,0,,0,0,0.4,0.6
0.3,6,679.0,0,0,,0,0,0.4,0.4
0.3,6,680.0,0,0,,0,0,0.3,0.3
0.3,6,681.0,0,0,,0,0,0.2,0.2
0.3,6,682.0,0,0,,0,0,0.2,0.2
0.3,6,683.0,0,0,,0,0,0.1,0.2
0.3,6,684.0,0,0,,0,0,0.1,0.1
0.3,6,685.0,0,0,,0,0,0.0,0.1
0.3,6,686.0,0,0,,0,0,0.0,0.1
0.3,6,687.0,0,0,,0,0,0.0,0.0
0.3,6,688.0,0,0,,0,0,0.0,0.0
0.3,6,689.0,0,0,,0,0,0.0,0.0
0.3,6,690.0,0,0,,0,0,0.0,0.0
0.3,6,691.0,0,1,,1,0,0.1,0.0
0.3,6,692.0,0,1,,0,0,0.1,0.0
0.3,6,693.0,0,0,0.0,0,1,0.1,0.1
0.3,6,694.0,0,0,,0,0,0.1,0.1
0.3,6,695.0,0,0,,0,0,0.1,0.1
0.3,6,696.0,0,1,,1,0,0.2,0.1
0.3,6,697.0,0,1,,0,0,0.2,0.1
0.3,6,698.0,0,1,,0,0,0.2,0.1
0.3,6,699.0,0,0,0.0,0,1,0.2,0.2
0.3,6,700.0,0,0,,0,0,0.2,0.2
0.3,6,701.0,0,1,,1,0,0.2,0.2
0.3,6,702.0,0,0,0.0,0,1,0.2,0.3
0.3,6,703.0,0,0,,0,0,0.2,0.2
0.3,6,704.0,0,1,,1,0,0.3,0.2
0.3,6,705.0,0,1,,0,0,0.3,0.2
0.3,6,706.0,0,0,0.0,0,1,0.2,0.3
0.3,6,707.0,0,0,,0,0,0.2,0.3
0.3,6,708.0,0,0,,0,0,0.2,0.3
0.3,6,709.0,0,1,,1,0,0.3,0.2
0.3,6,710.0,0,0,0.0,0,1,0.3,0.3
0.3,6,711.0,0,0,,0,0,0.2,0.3
0.3,6,712.0,0,0,0.0,1,1,0.3,0.3
0.3,6,713.0,0,0,,0,0,0.3,0.3
0.3,6,714.0,0,0,0.0,1,1,0.3,0.4
0.3,6,715.0,0,1,,1,0,0.4,0.4
0.3,6,716.0,0,0,0.0,0,1,0.4,0.4
0.3,6,717.0,0,0,,0,0,0.4,0.4
0.3,6,718.0,0,1,,1,0,0.5,0.4
0.3,6,719.0,0,0,0.0,0,1,0.4,0.5
0.3,6,720.0,0,0,,0,0,0.4,0.4
0.3,6,721.0,0,0,,0,0,0.4,0.4
0.3,6,722.0,0,1,,1,0,0.4,0.3
0.3,6,723.0,0,1,0.0,1,1,0.5,0.4
0.3,6,724.0,0,0,0.0,0,1,0.4,0.4
0.3,6,725.0,0,1,0.0,2,1,0.5,0.5
0.3,6,726.0,0,1,,0,0,0.5,0.4
0.3,6,727.0,0,1,,0,0,0.5,0.4
0.3,6,728.0,2,3,0.0,3,1,0.7,0.5
0.3,6,729.0,3,4,,1,0,0.8,0.4
0.3,6,730.0,2,3,0.0,0,1,0.8,0.5
0.3,6,731.0,2,3,,0,0,0.8,0.5
0.3,6,732.0,1,2,1.9555890442470627,0,1,0.7,0.6
0.3,6,733.0,0,0,3.849161195789577,0,2,0.6,0.7
0.3,6,734.0,1,2,,2,0,0.8,0.6
0.3,6,735.0,0,1,0.0,0,1,0.6,0.6
0.3,6,736.0,0,0,0.6661719684605032,0,1,0.6,0.7
0.3,6,737.0,0,0,,0,0,0.6,0.7
0.3,6,738.0,0,0,,0,0,0.3,0.6
0.3,6,739.0,0,0,,0,0,0.2,0.6
0.3,6,740.0,0,0,,0,0,0.2,0.5
0.3,6,741.0,0,0,,0,0,0.2,0.5
0.3,6,742.0,0,0,,0,0,0.2,0.4
0.3,6,743.0,0,0,,0,0,0.2,0.2
0.3,6,744.0,0,0,,0,0,0.0,0.2
0.3,6,745.0,0,0,,0,0,0.0,0.1
0.3,6,746.0,0,0,,0,0,0.0,0.0
0.3,6,747.0,0,0,,0,0,0.0,0.0
0.3,6,748.0,0,0,,0,0,0.0,0.0
0.3,6,749.0,0,1,,1,0,0.1,0.0
0.3,6,750.0,0,1,,0,0,0.1,0.0
0.3,6,751.0,0,0,0.0,0,1,0.1,0.1
0.3,6,752.0,0,0,,0,0,0.1,0.1
0.3,6,753.0,0,0,,0,0,0.1,0.1
0.3,6,754.0,0,0,,0,0,0.1,0.1
0.3,6,755.0,0,0,,0,0,0.1,0.1
0.3,6,756.0,0,0,0.0,1,1,0.2,0.2
0.3,6,757.0,0,0,,0,0,0.2,0.2
0.3,6,758.0,0,0,,0,0,0.2,0.2
0.3,6,759.0,0,0,,0,0,0.1,0.2
0.3,6,760.0,0,0,,0,0,0.1,0.2
0.3,6,761.0,0,1,,1,0,0.2,0.1
0.3,6,762.0,0,0,0.0,0,1,0.2,0.2
0.3,6,763.0,0,0,,0,0,0.2,0.2
0.3,6,764.0,0,0,,0,0,0.2,0.2
0.3,6,765.0,0,0,,0,0,0.2,0.2
0.3,6,766.0,0,0,0.0,1,1,0.2,0.2
0.3,6,767.0,0,0,,0,0,0.2,0.2
0.3,6,768.0,0,0,,0,0,0.2,0.2
0.3,6,769.0,0,0,,0,0,0.2,0.2
0.3,6,770.0,0,0,,0,0,0.2,0.2
0.3,6,771.0,0,0,,0,0,0.1,0.2
0.3,6,772.0,0,0,,0,0,0.1,0.1
0.3,6,773.0,0,0,,0,0,0.1,0.1
0.3,6,774.0,0,0,,0,0,0.1,0.1
0.3,6,775.0,0,0,,0,0,0.1,0.1
0.3,6,776.0,0,0,,0,0,0.0,0.0
0.3,6,777.0,0,0,,0,0,0.0,0.0
0.3,6,778.0,0,1,,1,0,0.1,0.0
0.3,6,779.0,0,0,0.0,0,1,0.1,0.1
0.3,6,780.0,0,0,,0,0,0.1,0.1
0.3,6,781.0,0,0,,0,0,0.1,0.1
0.3,6,782.0,0,0,,0,0,0.1,0.1
0.3,6,783.0,0,0,,0,0,0.1,0.1
0.3,6,784.0,0,0,0.0,1,1,0.2,0.2
0.3,6,785.0,0,0,,0,0,0.2,0.2
0.3,6,786.0,0,0,,0,0,0.2,0.2
0.3,6,787.0,0,0,,0,0,0.2,0.2
0.3,6,788.0,0,0,,0,0,0.1,0.2
0.3,6,789.0,0,0,,0,0,0.1,0.1
0.3,6,790.0,0,0,,0,0,0.1,0.1
0.3,6,791.0,0,0,,0,0,0.1,0.1
0.3,6,792.0,0,0,,0,0,0.1,0.1
0.3,6,793.0,0,1,,1,0,0.2,0.1
0.3,6,794.0,1,2,0.0,2,1,0.3,0.1
0.3,6,795.0,1,2,,0,0,0.3,0.1
0.3,6,796.0,0,0,1.2864011344209985,0,2,0.3,0.3
0.3,6,797.0,0,0,,0,0,0.3,0.3
0.3,6,798.0,0,0,,0,0,0.3,0.3
0.3,6,799.0,0,0,,0,0,0.3,0.3
0.3,6,800.0,0,0,,0,0,0.3,0.3
0.3,6,801.0,0,0,,0,0,0.3,0.3
0.3,6,802.0,0,0,0.0,1,1,0.4,0.4
0.3,6,803.0,0,0,,0,0,0.3,0.4
0.3,6,804.0,0,0,,0,0,0.1,0.3
0.3,6,805.0,0,0,,0,0,0.1,0.3
0.3,6,806.0,0,0,,0,0,0.1,0.1
0.3,6,807.0,0,0,0.0,1,1,0.2,0.2
0.3,6,808.0,0,0,,0,0,0.2,0.2
0.3,6,809.0,0,0,0.0,1,1,0.3,0.3
0.3,6,810.0,1,2,,2,0,0.5,0.3
0.3,6,811.0,0,1,0.0,0,1,0.5,0.4
0.3,6,812.0,0,1,,0,0,0.4,0.3
0.3,6,813.0,2,3,,2,0,0.6,0.3
0.3,6,814.0,1,2,1.2725672739499032,0,1,0.6,0.4
0.3,6,815.0,0,0,1.3169857417201456,0,2,0.6,0.6
0.3,6,816.0,0,0,,0,0,0.6,0.6
0.3,6,817.0,0,1,,1,0,0.6,0.5
0.3,6,818.0,0,0,0.0,0,1,0.6,0.6
0.3,6,819.0,0,0,,0,0,0.5,0.5
0.3,6,820.0,0,0,,0,0,0.3,0.5
0.3,6,821.0,0,0,,0,0,0.3,0.4
0.3,6,822.0,0,1,,1,0,0.4,0.4
0.3,6,823.0,0,0,0.0,0,1,0.2,0.5
0.3,6,824.0,0,0,,0,0,0.2,0.4
0.3,6,825.0,0,0,,0,0,0.2,0.2
0.3,6,826.0,0,0,,0,0,0.2,0.2
0.3,6,827.0,0,0,,0,0,0.1,0.2
0.3,6,828.0,0,0,,0,0,0.1,0.1
0.3,6,829.0,0,0,,0,0,0.1,0.1
0.3,6,830.0,0,0,,0,0,0.1,0.1
0.3,6,831.0,0,0,,0,0,0.1,0.1
0.3,6,832.0,0,0,,0,0,0.0,0.1
0.3,6,833.0,0,0,,0,0,0.0,0.0
0.3,6,834.0,0,1,,1,0,0.1,0.0
0.3,6,835.0,0,0,0.0,0,1,0.1,0.1
0.3,6,836.0,0,0,0.0,2,2,0.3,0.3
0.3,6,837.0,0,0,,0,0,0.3,0.3
0.3,6,838.0,0,0,,0,0,0.3,0.3
0.3,6,839.0,0,0,,0,0,0.3,0.3
0.3,6,840.0,1,2,,2,0,0.5,0.3
0.3,6,841.0,1,2,,0,0,0.5,0.3
0.3,6,842.0,1,2,,0,0,0.5,0.3
0.3,6,843.0,1,2,,0,0,0.5,0.3
0.3,6,844.0,0,1,0.0,0,1,0.4,0.4
0.3,6,845.0,0,1,,0,0,0.4,0.3
0.3,6,846.0,0,1,,0,0,0.2,0.1
0.3,6,847.0,0,0,1.9808718275548927,1,2,0.3,0.3
0.3,6,848.0,0,0,,0,0,0.3,0.3
0.3,6,849.0,0,0,0.0,1,1,0.4,0.4
0.3,6,850.0,0,0,,0,0,0.2,0.4
0.3,6,851.0,0,0,,0,0,0.2,0.4
0.3,6,852.0,0,0,,0,0,0.2,0.4
0.3,6,853.0,0,0,,0,0,0.2,0.4
0.3,6,854.0,1,2,,2,0,0.4,0.3
0.3,6,855.0,1,2,,0,0,0.4,0.3
0.3,6,856.0,2,3,,1,0,0.5,0.3
0.3,6,857.0,1,2,0.0,0,1,0.4,0.2
0.3,6,858.0,1,2,,0,0,0.4,0.2
0.3,6,859.0,1,2,,0,0,0.3,0.1
0.3,6,860.0,1,2,,0,0,0.3,0.1
0.3,6,861.0,0,1,2.8955696704017555,0,1,0.3,0.2
0.3,6,862.0,0,0,4.502720313812233,0,1,0.3,0.3
0.3,6,863.0,0,0,,0,0,0.3,0.3
0.3,6,864.0,0,0,0.0,1,1,0.2,0.4
0.3,6,865.0,0,0,,0,0,0.2,0.4
0.3,6,866.0,0,0,,0,0,0.1,0.4
0.3,6,867.0,0,0,0.0,1,1,0.2,0.4
0.3,6,868.0,0,0,,0,0,0.2,0.4
0.3,6,869.0,0,0,,0,0,0.2,0.4
0.3,6,870.0,0,0,,0,0,0.2,0.4
0.3,6,871.0,0,0,,0,0,0.2,0.3
0.3,6,872.0,0,0,,0,0,0.2,0.2
0.3,6,873.0,0,1,,1,0,0.3,0.2
0.3,6,874.0,0,1,,0,0,0.2,0.1
0.3,6,875.0,0,1,,0,0,0.2,0.1
0.3,6,876.0,0,1,,0,0,0.2,0.1
0.3,6,877.0,1,2,,1,0,0.2,0.0
0.3,6,878.0,1,2,,0,0,0.2,0.0
0.3,6,879.0,1,2,,0,0,0.2,0.0
0.3,6,880.0,0,0,1.6187414304097274,0,2,0.2,0.2
0.3,6,881.0,0,0,,0,0,0.2,0.2
0.3,6,882.0,0,0,,0,0,0.2,0.2
0.3,6,883.0,0,0,,0,0,0.1,0.2
0.3,6,884.0,0,0,,0,0,0.1,0.2
0.3,6,885.0,0,0,,0,0,0.1,0.2
0.3,6,886.0,0,0,,0,0,0.1,0.2
0.3,6,887.0,0,1,,1,0,0.1,0.2
0.3,6,888.0,0,1,,0,0,0.1,0.2
0.3,6,889.0,0,0,0.0,0,1,0.1,0.3
0.3,6,890.0,0,1,,1,0,0.2,0.1
0.3,6,891.0,0,1,,0,0,0.2,0.1
0.3,6,892.0,0,1,,0,0,0.2,0.1
0.3,6,893.0,0,1,,0,0,0.2,0.1
0.3,6,894.0,0,0,0.0,0,1,0.2,0.2
0.3,6,895.0,0,0,,0,0,0.2,0.2
0.3,6,896.0,0,0,,0,0,0.2,0.2
0.3,6,897.0,0,0,,0,0,0.1,0.2
0.3,6,898.0,0,0,,0,0,0.1,0.2
0.3,6,899.0,0,0,,0,0,0.1,0.1
0.3,6,900.0,0,0,,0,0,0.0,0.1
0.3,6,901.0,0,0,,0,0,0.0,0.1
0.3,6,902.0,0,0,,0,0,0.0,0.1
0.3,6,903.0,0,0,,0,0,0.0,0.1
0.3,6,904.0,0,0,,0,0,0.0,0.0
0.3,6,905.0,0,0,,0,0,0.0,0.0
0.3,6,906.0,0,0,,0,0,0.0,0.0
0.3,6,907.0,0,0,,0,0,0.0,0.0
0.3,6,908.0,0,0,,0,0,0.0,0.0
0.3,6,909.0,0,0,,0,0,0.0,0.0
0.3,6,910.0,0,0,,0,0,0.0,0.0
0.3,6,911.0,0,0,,0,0,0.0,0.0
0.3,6,912.0,0,0,0.0,1,1,0.1,0.1
0.3,6,913.0,0,0,,0,0,0.1,0.1
0.3,6,914.0,0,1,,1,0,0.2,0.1
0.3,6,915.0,0,0,0.0,0,1,0.2,0.2
0.3,6,916.0,0,0,,0,0,0.2,0.2
0.3,6,917.0,0,0,,0,0,0.2,0.2
0.3,6,918.0,1,2,,2,0,0.4,0.2
0.3,6,919.0,1,2,0.0,1,1,0.5,0.3
0.3,6,920.0,2,3,,1,0,0.6,0.3
0.3,6,921.0,0,1,1.2369961352715866,1,3,0.7,0.6
0.3,6,922.0,0,0,0.0,0,1,0.6,0.6
0.3,6,923.0,0,0,,0,0,0.6,0.6
0.3,6,924.0,0,1,,1,0,0.6,0.6
0.3,6,925.0,0,0,0.0,0,1,0.6,0.6
0.3,6,926.0,0,1,,1,0,0.7,0.6
0.3,6,927.0,0,0,0.0,0,1,0.7,0.7
0.3,6,928.0,0,0,,0,0,0.5,0.7
0.3,6,929.0,0,0,,0,0,0.4,0.6
0.3,6,930.0,0,0,0.13603838473966334,2,2,0.5,0.8
0.3,6,931.0,0,0,,0,0,0.4,0.5
0.3,6,932.0,0,0,0.0,1,1,0.5,0.5
0.3,6,933.0,0,0,,0,0,0.5,0.5
0.3,6,934.0,0,0,,0,0,0.4,0.5
0.3,6,935.0,0,0,,0,0,0.4,0.4
0.3,6,936.0,0,1,0.0,2,1,0.5,0.5
0.3,6,937.0,0,0,0.3678271956714525,1,2,0.6,0.6
0.3,6,938.0,0,0,,0,0,0.6,0.6
0.3,6,939.0,0,0,0.0,1,1,0.7,0.7
0.3,6,940.0,0,0,,0,0,0.5,0.5
0.3,6,941.0,0,0,,0,0,0.5,0.5
0.3,6,942.0,0,0,,0,0,0.4,0.4
0.3,6,943.0,0,1,,1,0,0.5,0.4
0.3,6,944.0,0,1,,0,0,0.5,0.4
0.3,6,945.0,0,0,0.0,0,1,0.5,0.5
0.3,6,946.0,0,0,,0,0,0.3,0.4
0.3,6,947.0,0,1,,1,0,0.3,0.2
0.3,6,948.0,0,0,0.0,1,2,0.4,0.4
0.3,6,949.0,0,0,,0,0,0.3,0.3
0.3,6,950.0,0,1,,1,0,0.4,0.3
0.3,6,951.0,1,2,,1,0,0.5,0.3
0.3,6,952.0,0,1,0.0,0,1,0.5,0.4
0.3,6,953.0,0,1,1.0606901876603843,1,1,0.5,0.5
0.3,6,954.0,0,0,0.6916514542708683,0,1,0.5,0.6
0.3,6,955.0,0,0,,0,0,0.5,0.5
0.3,6,956.0,0,1,,1,0,0.6,0.5
0.3,6,957.0,0,1,0.0,1,1,0.6,0.6
0.3,6,958.0,0,0,0.0,1,2,0.6,0.6
0.3,6,959.0,0,0,,0,0,0.6,0.6
0.3,6,960.0,0,0,,0,0,0.5,0.6
0.3,6,961.0,0,0,0.0,1,1,0.5,0.7
0.3,6,962.0,0,0,,0,0,0.5,0.6
0.3,6,963.0,0,0,,0,0,0.4,0.5
0.3,6,964.0,0,1,,1,0,0.5,0.4
0.3,6,965.0,0,0,0.0,0,1,0.5,0.5
0.3,6,966.0,0,0,,0,0,0.4,0.5
0.3,6,967.0,0,0,,0,0,0.3,0.4
0.3,6,968.0,0,0,,0,0,0.2,0.2
0.3,6,969.0,1,2,,2,0,0.4,0.2
0.3,6,970.0,0,0,0.4227460966253602,0,2,0.4,0.4
0.3,6,971.0,0,0,,0,0,0.3,0.3
0.3,6,972.0,0,0,,0,0,0.3,0.3
0.3,6,973.0,0,1,,1,0,0.4,0.3
0.3,6,974.0,0,0,0.0,0,1,0.3,0.4
0.3,6,975.0,0,0,,0,0,0.3,0.3
0.3,6,976.0,0,0,,0,0,0.3,0.3
0.3,6,977.0,0,0,,0,0,0.3,0.3
0.3,6,978.0,0,1,,1,0,0.4,0.3
0.3,6,979.0,0,0,0.0,0,1,0.2,0.4
0.3,6,980.0,0,0,,0,0,0.2,0.2
0.3,6,981.0,0,0,0.0,1,1,0.3,0.3
0.3,6,982.0,0,0,,0,0,0.3,0.3
0.3,6,983.0,0,0,,0,0,0.2,0.3
0.3,6,984.0,0,0,,0,0,0.2,0.2
0.3,6,985.0,0,1,,1,0,0.3,0.2
0.3,6,986.0,0,1,,0,0,0.3,0.2
0.3,6,987.0,1,2,,1,0,0.4,0.2
0.3,6,988.0,1,2,,0,0,0.3,0.2
0.3,6,989.0,1,2,0.0,1,1,0.4,0.2
0.3,6,990.0,0,1,1.4315835327442983,0,1,0.4,0.3
0.3,6,991.0,0,1,1.1748493166894605,1,1,0.4,0.3
0.3,6,992.0,0,0,0.0,0,1,0.4,0.4
0.3,6,993.0,0,0,,0,0,0.4,0.4
0.3,6,994.0,0,0,,0,0,0.4,0.4
0.3,6,995.0,0,0,,0,0,0.3,0.4
0.3,6,996.0,0,0,,0,0,0.3,0.4
0.3,6,997.0,0,1,0.0,2,1,0.4,0.5
0.3,6,998.0,0,1,,0,0,0.4,0.5
0.3,6,999.0,2,3,,2,0,0.5,0.4
0.3,6,1000.0,0,1,0.5007405394809439,0,2,0.5,0.5
0.3,6,1001.0,0,1,,0,0,0.4,0.4
0.3,6,1002.0,0,0,0.5631871867719838,0,1,0.4,0.4
0.3,6,1003.0,0,0,,0,0,0.4,0.4
0.3,6,1004.0,0,0,,0,0,0.4,0.4
0.3,6,1005.0,0,0,,0,0,0.4,0.4
0.3,6,1006.0,0,0,,0,0,0.4,0.4
0.3,6,1007.0,0,0,,0,0,0.2,0.3
0.3,6,1008.0,0,0,,0,0,0.2,0.3
0.3,6,1009.0,0,0,,0,0,0.0,0.3
0.3,6,1010.0,0,0,,0,0,0.0,0.1
0.3,6,1011.0,0,0,,0,0,0.0,0.1
0.3,6,1012.0,0,0,,0,0,0.0,0.0
0.3,6,1013.0,0,0,,0,0,0.0,0.0
0.3,6,1014.0,0,0,,0,0,0.0,0.0
0.3,6,1015.0,0,0,,0,0,0.0,0.0
0.3,6,1016.0,0,1,,1,0,0.1,0.0
0.3,6,1017.0,0,0,0.0,0,1,0.1,0.1
0.3,6,1018.0,0,0,,0,0,0.1,0.1
0.3,6,1019.0,0,0,0.0,1,1,0.2,0.2
0.3,6,1020.0,0,1,,1,0,0.3,0.2
0.3,6,1021.0,0,1,,0,0,0.3,0.2
0.3,6,1022.0,0,1,,0,0,0.3,0.2
0.3,6,1023.0,0,0,0.0,0,1,0.3,0.3
0.3,6,1024.0,0,0,,0,0,0.3,0.3
0.3,6,1025.0,0,0,,0,0,0.3,0.3
0.3,6,1026.0,0,0,,0,0,0.2,0.3
0.3,6,1027.0,0,0,,0,0,0.2,0.2
0.3,6,1028.0,0,0,,0,0,0.2,0.2
0.3,6,1029.0,0,0,,0,0,0.1,0.1
0.3,6,1030.0,0,1,,1,0,0.1,0.1
0.3,6,1031.0,0,0,0.0,0,1,0.1,0.2
0.3,6,1032.0,0,0,0.0,1,1,0.2,0.3
0.3,6,1033.0,0,1,,1,0,0.3,0.2
0.3,6,1034.0,0,1,,0,0,0.3,0.2
0.3,6,1035.0,0,1,,0,0,0.3,0.2
0.3,6,1036.0,0,0,0.0,0,1,0.3,0.3
0.3,6,1037.0,0,0,0.0,1,1,0.4,0.4
0.3,6,1038.0,0,0,,0,0,0.4,0.4
0.3,6,1039.0,0,0,0.0,1,1,0.5,0.5
0.3,6,1040.0,0,0,,0,0,0.4,0.5
0.3,6,1041.0,0,1,,1,0,0.5,0.4
0.3,6,1042.0,0,0,0.0,0,1,0.4,0.4
0.3,6,1043.0,0,0,,0,0,0.3,0.4
0.3,6,1044.0,0,0,,0,0,0.3,0.4
0.3,6,1045.0,1,2,,2,0,0.5,0.4
0.3,6,1046.0,0,1,0.0,0,1,0.5,0.4
0.3,6,1047.0,0,0,0.9023805381420971,0,1,0.4,0.4
0.3,6,1048.0,0,0,,0,0,0.4,0.4
0.3,6,1049.0,0,0,,0,0,0.3,0.3
0.3,6,1050.0,0,1,,1,0,0.4,0.3
0.3,6,1051.0,0,1,,0,0,0.3,0.3
0.3,6,1052.0,0,1,,0,0,0.3,0.2
0.3,6,1053.0,0,1,,0,0,0.3,0.2
0.3,6,1054.0,0,0,0.0,0,1,0.3,0.3
0.3,6,1055.0,0,0,,0,0,0.1,0.3
0.3,6,1056.0,0,0,0.0,1,1,0.2,0.3
0.3,6,1057.0,0,0,,0,0,0.2,0.2
0.3,6,1058.0,0,0,,0,0,0.2,0.2
0.3,6,1059.0,0,0,,0,0,0.2,0.2
0.3,6,1060.0,0,0,,0,0,0.1,0.2
0.3,6,1061.0,0,0,,0,0,0.1,0.2
0.3,6,1062.0,0,0,,0,0,0.1,0.2
0.3,6,1063.0,0,0,,0,0,0.1,0.2
0.3,6,1064.0,0,1,,1,0,0.2,0.1
0.3,6,1065.0,0,0,0.0,0,1,0.2,0.2
0.3,6,1066.0,0,0,,0,0,0.1,0.1
0.3,6,1067.0,0,0,,0,0,0.1,0.1
0.3,6,1068.0,0,0,,0,0,0.1,0.1
0.3,6,1069.0,0,0,,0,0,0.1,0.1
0.3,6,1070.0,0,0,,0,0,0.1,0.1
0.3,6,1071.0,0,0,,0,0,0.1,0.1
0.3,6,1072.0,0,0,,0,0,0.1,0.1
0.3,6,1073.0,0,0,,0,0,0.1,0.1
0.3,6,1074.0,0,0,0.0,1,1,0.1,0.2
0.3,6,1075.0,0,0,,0,0,0.1,0.1
0.3,6,1076.0,0,1,,1,0,0.2,0.1
0.3,6,1077.0,1,2,,1,0,0.3,0.1
0.3,6,1078.0,1,2,,0,0,0.3,0.1
0.3,6,1079.0,2,3,,1,0,0.4,0.1
0.3,6,1080.0,3,4,,1,0,0.5,0.1
0.3,6,1081.0,1,2,2.1813054648907837,0,2,0.5,0.3
0.3,6,1082.0,0,0,1.8595843315404181,0,2,0.5,0.5
0.3,6,1083.0,0,0,,0,0,0.5,0.5
0.3,6,1084.0,0,0,,0,0,0.4,0.4
0.3,6,1085.0,0,0,,0,0,0.4,0.4
0.3,6,1086.0,0,0,,0,0,0.3,0.4
0.3,6,1087.0,0,0,0.0,1,1,0.3,0.5
0.3,6,1088.0,0,0,,0,0,0.3,0.5
0.3,6,1089.0,0,0,,0,0,0.2,0.5
0.3,6,1090.0,0,0,,0,0,0.1,0.5
0.3,6,1091.0,0,0,,0,0,0.1,0.3
0.3,6,1092.0,0,0,,0,0,0.1,0.1
0.3,6,1093.0,0,1,,1,0,0.2,0.1
0.3,6,1094.0,0,0,0.0,0,1,0.2,0.2
0.3,6,1095.0,0,0,,0,0,0.2,0.2
0.3,6,1096.0,0,0,,0,0,0.2,0.2
0.3,6,1097.0,0,1,,1,0,0.2,0.1
0.3,6,1098.0,0,0,0.0,0,1,0.2,0.2
0.3,6,1099.0,0,0,,0,0,0.2,0.2
0.3,6,1100.0,0,1,,1,0,0.3,0.2
0.3,6,1101.0,0,1,,0,0,0.3,0.2
0.3,6,1102.0,0,1,,0,0,0.3,0.2
0.3,6,1103.0,0,1,,0,0,0.2,0.2
0.3,6,1104.0,0,1,,0,0,0.2,0.1
0.3,6,1105.0,2,3,,2,0,0.4,0.1
0.3,6,1106.0,1,2,0.0,0,1,0.4,0.2
0.3,6,1107.0,2,3,,1,0,0.4,0.2
0.3,6,1108.0,2,3,0.8359656088698557,1,1,0.5,0.2
0.3,6,1109.0,2,3,,0,0,0.5,0.2
0.3,6,1110.0,0,0,3.0753242016127538,0,3,0.4,0.5
0.3,6,1111.0,0,0,,0,0,0.4,0.5
0.3,6,1112.0,0,0,,0,0,0.4,0.5
0.3,6,1113.0,0,0,,0,0,0.4,0.5
0.3,6,1114.0,0,1,,1,0,0.5,0.5
0.3,6,1115.0,0,1,,0,0,0.3,0.5
0.3,6,1116.0,0,0,0.0,0,1,0.3,0.5
0.3,6,1117.0,0,0,,0,0,0.2,0.5
0.3,6,1118.0,0,1,,1,0,0.2,0.4
0.3,6,1119.0,0,0,0.0,1,2,0.3,0.6
0.3,6,1120.0,0,0,,0,0,0.3,0.3
0.3,6,1121.0,0,0,,0,0,0.3,0.3
0.3,6,1122.0,0,0,,0,0,0.3,0.3
0.3,6,1123.0,0,0,0.0,1,1,0.4,0.4
0.3,6,1124.0,0,0,,0,0,0.3,0.4
0.3,6,1125.0,0,0,,0,0,0.3,0.4
0.3,6,1126.0,0,0,,0,0,0.3,0.3
0.3,6,1127.0,0,0,,0,0,0.3,0.3
0.3,6,1128.0,0,0,0.0,1,1,0.3,0.4
0.3,6,1129.0,0,1,,1,0,0.3,0.2
0.3,6,1130.0,0,0,0.14860954409914484,1,2,0.4,0.4
0.3,6,1131.0,0,0,,0,0,0.4,0.4
0.3,6,1132.0,0,0,,0,0,0.4,0.4
0.3,6,1133.0,0,0,,0,0,0.3,0.3
0.3,6,1134.0,0,0,,0,0,0.3,0.3
0.3,6,1135.0,0,0,,0,0,0.3,0.3
0.3,6,1136.0,0,0,,0,0,0.3,0.3
0.3,6,1137.0,0,0,,0,0,0.3,0.3
0.3,6,1138.0,0,0,,0,0,0.2,0.2
0.3,6,1139.0,0,0,,0,0,0.1,0.2
0.3,6,1140.0,0,0,,0,0,0.0,0.0
0.3,6,1141.0,0,1,,1,0,0.1,0.0
0.3,6,1142.0,2,3,0.0,3,1,0.4,0.1
0.3,6,1143.0,1,2,0.5987544339845954,0,1,0.4,0.2
0.3,6,1144.0,0,1,0.785360138603437,0,1,0.4,0.3
0.3,6,1145.0,0,0,2.0648224113235756,0,1,0.4,0.4
0.3,6,1146.0,0,0,,0,0,0.4,0.4
0.3,6,1147.0,0,1,,1,0,0.5,0.4
0.3,6,1148.0,0,1,,0,0,0.5,0.4
0.3,6,1149.0,0,0,0.0,0,1,0.5,0.5
0.3,6,1150.0,0,0,,0,0,0.5,0.5
0.3,6,1151.0,0,0,,0,0,0.4,0.5
0.3,6,1152.0,0,0,,0,0,0.1,0.4
0.3,6,1153.0,0,0,,0,0,0.1,0.3
0.3,6,1154.0,0,0,,0,0,0.1,0.2
0.3,6,1155.0,0,1,,1,0,0.2,0.1
0.3,6,1156.0,0,0,0.0,0,1,0.2,0.2
0.3,6,1157.0,0,0,,0,0,0.1,0.2
0.3,6,1158.0,0,0,,0,0,0.1,0.2
0.3,6,1159.0,0,0,,0,0,0.1,0.1
0.3,6,1160.0,0,0,,0,0,0.1,0.1
0.3,6,1161.0,0,0,,0,0,0.1,0.1
0.3,6,1162.0,0,0,,0,0,0.1,0.1
0.3,6,1163.0,0,0,0.0,1,1,0.2,0.2
0.3,6,1164.0,0,0,,0,0,0.2,0.2
0.3,6,1165.0,0,0,,0,0,0.1,0.2
0.3,6,1166.0,0,0,0.0,1,1,0.2,0.2
0.3,6,1167.0,0,0,,0,0,0.2,0.2
0.3,6,1168.0,0,0,,0,0,0.2,0.2
0.3,6,1169.0,0,0,0.0,1,1,0.3,0.3
0.3,6,1170.0,0,1,,1,0,0.4,0.3
0.3,6,1171.0,0,1,0.0,1,1,0.5,0.4
0.3,6,1172.0,0,1,,0,0,0.5,0.4
0.3,6,1173.0,0,1,,0,0,0.4,0.3
0.3,6,1174.0,0,1,,0,0,0.4,0.3
0.3,6,1175.0,1,2,,1,0,0.5,0.3
0.3,6,1176.0,1,2,,0,0,0.4,0.2
0.3,6,1177.0,1,2,,0,0,0.4,0.2
0.3,6,1178.0,2,3,,1,0,0.5,0.2
0.3,6,1179.0,2,3,,0,0,0.4,0.1
0.3,6,1180.0,1,2,0.0,0,1,0.3,0.2
0.3,6,1181.0,0,1,5.001077164167555,0,1,0.2,0.2
0.3,6,1182.0,0,0,2.7781848909262408,0,1,0.2,0.3
0.3,6,1183.0,0,0,,0,0,0.2,0.3
0.3,6,1184.0,0,0,,0,0,0.2,0.3
0.3,6,1185.0,0,0,,0,0,0.1,0.3
0.3,6,1186.0,0,0,,0,0,0.1,0.3
0.3,6,1187.0,0,1,,1,0,0.2,0.3
0.3,6,1188.0,0,1,,0,0,0.1,0.3
0.3,6,1189.0,0,0,0.0,0,1,0.1,0.4
0.3,6,1190.0,0,0,,0,0,0.1,0.3
0.3,6,1191.0,0,0,,0,0,0.1,0.2
0.3,6,1192.0,0,0,,0,0,0.1,0.1
0.3,6,1193.0,0,0,,0,0,0.1,0.1
0.3,6,1194.0,0,0,,0,0,0.1,0.1
0.3,6,1195.0,0,0,,0,0,0.1,0.1
0.3,6,1196.0,0,0,,0,0,0.1,0.1
0.3,6,1197.0,0,0,,0,0,0.0,0.1
0.3,6,1198.0,0,0,,0,0,0.0,0.1
0.3,6,1199.0,0,0,,0,0,0.0,0.0
0.3,6,1200.0,0,0,,0,0,0.0,0.0
0.3,6,1201.0,0,1,,1,0,0.1,0.0
0.3,6,1202.0,2,3,,2,0,0.3,0.0
0.3,6,1203.0,1,2,0.0,0,1,0.3,0.1
0.3,6,1204.0,0,1,1.191993932338164,0,1,0.3,0.2
0.3,6,1205.0,0,1,,0,0,0.3,0.2
0.3,6,1206.0,0,1,,0,0,0.3,0.2
0.3,6,1207.0,0,1,2.578956814249068,1,1,0.4,0.3
0.3,6,1208.0,0,1,,0,0,0.4,0.3
0.3,6,1209.0,0,0,0.0,0,1,0.4,0.4
0.3,6,1210.0,0,0,,0,0,0.4,0.4
0.3,6,1211.0,0,0,,0,0,0.3,0.4
0.3,6,1212.0,0,0,,0,0,0.1,0.4
0.3,6,1213.0,0,0,,0,0,0.1,0.3
0.3,6,1214.0,0,0,,0,0,0.1,0.2
0.3,6,1215.0,0,0,,0,0,0.1,0.2
0.3,6,1216.0,0,0,,0,0,0.1,0.2
0.3,6,1217.0,0,0,,0,0,0.0,0.1
0.3,6,1218.0,0,1,,1,0,0.1,0.1
0.3,6,1219.0,0,0,0.0,0,1,0.1,0.1
0.3,6,1220.0,0,1,,1,0,0.2,0.1
0.3,6,1221.0,1,2,,1,0,0.3,0.1
0.3,6,1222.0,1,2,,0,0,0.3,0.1
0.3,6,1223.0,1,2,,0,0,0.3,0.1
0.3,6,1224.0,1,2,,0,0,0.3,0.1
0.3,6,1225.0,0,0,2.0206495205673036,0,2,0.3,0.3
0.3,6,1226.0,0,0,,0,0,0.3,0.3
0.3,6,1227.0,0,0,,0,0,0.3,0.3
0.3,6,1228.0,0,1,,1,0,0.3,0.3
0.3,6,1229.0,0,0,0.0,0,1,0.3,0.3
0.3,6,1230.0,0,1,,1,0,0.3,0.3
0.3,6,1231.0,0,1,,0,0,0.2,0.3
0.3,6,1232.0,0,1,,0,0,0.2,0.3
0.3,6,1233.0,1,2,,1,0,0.3,0.3
0.3,6,1234.0,0,1,0.0,0,1,0.3,0.4
0.3,6,1235.0,0,1,,0,0,0.3,0.2
0.3,6,1236.0,0,0,1.3491784269797336,0,1,0.3,0.3
0.3,6,1237.0,0,0,,0,0,0.3,0.3
0.3,6,1238.0,0,0,,0,0,0.2,0.3
0.3,6,1239.0,0,0,,0,0,0.2,0.2
0.3,6,1240.0,1,2,,2,0,0.3,0.2
0.3,6,1241.0,0,1,0.0,0,1,0.3,0.3
0.3,6,1242.0,0,0,1.2122781615501026,0,1,0.3,0.4
0.3,6,1243.0,0,0,,0,0,0.2,0.4
0.3,6,1244.0,0,0,,0,0,0.2,0.3
0.3,6,1245.0,0,0,0.0,1,1,0.3,0.4
0.3,6,1246.0,0,0,,0,0,0.3,0.3
0.3,6,1247.0,0,0,0.0,1,1,0.4,0.4
0.3,6,1248.0,0,0,,0,0,0.4,0.4
0.3,6,1249.0,0,0,,0,0,0.4,0.4
0.3,6,1250.0,0,0,,0,0,0.2,0.4
0.3,6,1251.0,0,0,0.0,1,1,0.3,0.4
0.3,6,1252.0,0,0,0.0,1,1,0.4,0.4
0.3,6,1253.0,0,0,,0,0,0.4,0.4
0.3,6,1254.0,0,0,,0,0,0.4,0.4
0.3,6,1255.0,0,0,,0,0,0.3,0.3
0.3,6,1256.0,0,0,,0,0,0.3,0.3
0.3,6,1257.0,0,0,,0,0,0.2,0.2
0.3,6,1258.0,0,0,,0,0,0.2,0.2
0.3,6,1259.0,0,1,,1,0,0.3,0.2
0.3,6,1260.0,0,0,0.0,0,1,0.3,0.3
0.3,6,1261.0,0,1,,1,0,0.3,0.2
0.3,6,1262.0,0,0,0.0,0,1,0.2,0.2
0.3,6,1263.0,0,0,,0,0,0.2,0.2
0.3,6,1264.0,0,1,,1,0,0.3,0.2
0.3,6,1265.0,0,0,0.0,0,1,0.3,0.3
0.3,6,1266.0,0,0,0.0,1,1,0.4,0.4
0.3,6,1267.0,0,0,,0,0,0.4,0.4
0.3,6,1268.0,0,0,,0,0,0.4,0.4
0.3,6,1269.0,0,1,0.0,2,1,0.5,0.5
0.3,6,1270.0,0,1,,0,0,0.5,0.4
0.3,6,1271.0,0,0,0.0,0,1,0.4,0.5
0.3,6,1272.0,0,0,0.0,1,1,0.5,0.5
0.3,6,1273.0,0,0,,0,0,0.5,0.5
0.3,6,1274.0,0,0,,0,0,0.4,0.5
0.3,6,1275.0,0,0,,0,0,0.4,0.4
0.3,6,1276.0,0,0,,0,0,0.3,0.3
0.3,6,1277.0,1,2,,2,0,0.5,0.3
0.3,6,1278.0,0,0,0.07123299176828368,0,2,0.5,0.5
0.3,6,1279.0,0,1,0.0,2,1,0.5,0.5
0.3,6,1280.0,0,0,0.057531412606749655,0,1,0.5,0.6
0.3,6,1281.0,0,0,0.0,1,1,0.6,0.6
0.3,6,1282.0,0,0,,0,0,0.5,0.5
0.3,6,1283.0,0,0,0.018699754684234904,2,2,0.7,0.7
0.3,6,1284.0,0,0,,0,0,0.7,0.7
0.3,6,1285.0,0,0,0.0,1,1,0.8,0.8
0.3,6,1286.0,0,0,,0,0,0.8,0.8
0.3,6,1287.0,0,1,,1,0,0.7,0.8
0.3,6,1288.0,1,2,,1,0,0.8,0.6
0.3,6,1289.0,0,1,0.0,0,1,0.6,0.6
0.3,6,1290.0,1,2,,1,0,0.7,0.5
0.3,6,1291.0,1,2,,0,0,0.6,0.4
0.3,6,1292.0,1,2,,0,0,0.6,0.4
0.3,6,1293.0,0,1,0.9351093290310928,0,1,0.4,0.3
0.3,6,1294.0,0,1,,0,0,0.4,0.3
0.3,6,1295.0,0,1,,0,0,0.3,0.2
0.3,6,1296.0,1,2,,1,0,0.4,0.2
0.3,6,1297.0,1,2,,0,0,0.3,0.2
0.3,6,1298.0,3,4,,2,0,0.4,0.2
0.3,6,1299.0,3,4,3.1988487132982755,1,1,0.5,0.2
0.3,6,1300.0,2,3,3.414842613540486,0,1,0.4,0.3
0.3,6,1301.0,0,1,2.989771764763532,0,2,0.4,0.5
0.3,6,1302.0,0,1,,0,0,0.4,0.5
0.3,6,1303.0,1,2,,1,0,0.5,0.4
0.3,6,1304.0,0,1,1.4782392188533322,0,1,0.5,0.5
0.3,6,1305.0,0,1,,0,0,0.5,0.5
0.3,6,1306.0,0,0,0.7130701632765977,0,1,0.4,0.6
0.3,6,1307.0,0,0,,0,0,0.4,0.6
0.3,6,1308.0,0,1,,1,0,0.3,0.6
0.3,6,1309.0,1,2,,1,0,0.3,0.5
0.3,6,1310.0,0,0,0.19210755188748863,0,2,0.3,0.6
0.3,6,1311.0,0,0,,0,0,0.3,0.4
0.3,6,1312.0,0,0,,0,0,0.3,0.4
0.3,6,1313.0,0,0,,0,0,0.2,0.4
0.3,6,1314.0,0,0,,0,0,0.2,0.3
0.3,6,1315.0,0,0,,0,0,0.2,0.3
0.3,6,1316.0,0,0,,0,0,0.2,0.2
0.3,6,1317.0,0,0,,0,0,0.2,0.2
0.3,6,1318.0,0,0,,0,0,0.1,0.2
0.3,6,1319.0,0,0,,0,0,0.0,0.2
0.3,6,1320.0,0,0,,0,0,0.0,0.0
0.3,6,1321.0,0,0,,0,0,0.0,0.0
0.3,6,1322.0,1,2,,2,0,0.2,0.0
0.3,6,1323.0,2,3,,1,0,0.3,0.0
0.3,6,1324.0,3,4,,1,0,0.4,0.0
0.3,6,1325.0,1,2,1.0634861391911272,0,2,0.4,0.2
0.3,6,1326.0,1,2,,0,0,0.4,0.2
0.3,6,1327.0,0,1,2.958302515730793,0,1,0.4,0.3
0.3,6,1328.0,0,0,2.5356072059764756,0,1,0.4,0.4
0.3,6,1329.0,0,0,,0,0,0.4,0.4
0.3,6,1330.0,0,0,,0,0,0.4,0.4
0.3,6,1331.0,0,0,,0,0,0.4,0.4
0.3,6,1332.0,0,1,,1,0,0.3,0.4
0.3,6,1333.0,0,1,,0,0,0.2,0.4
0.3,6,1334.0,0,0,0.0,0,1,0.1,0.5
0.3,6,1335.0,0,0,,0,0,0.1,0.3
0.3,6,1336.0,0,0,0.0,1,1,0.2,0.4
0.3,6,1337.0,0,1,,1,0,0.3,0.3
0.3,6,1338.0,2,3,,2,0,0.5,0.2
0.3,6,1339.0,2,3,,0,0,0.5,0.2
0.3,6,1340.0,2,3,,0,0,0.5,0.2
0.3,6,1341.0,1,2,0.0,0,1,0.5,0.3
0.3,6,1342.0,2,3,,1,0,0.5,0.3
0.3,6,1343.0,0,1,3.403302174663736,0,2,0.5,0.5
0.3,6,1344.0,0,1,,0,0,0.5,0.4
0.3,6,1345.0,0,0,0.8706482476434303,0,1,0.5,0.5
0.3,6,1346.0,0,0,,0,0,0.4,0.4
0.3,6,1347.0,0,0,,0,0,0.3,0.4
0.3,6,1348.0,0,0,,0,0,0.1,0.4
0.3,6,1349.0,0,0,,0,0,0.1,0.4
0.3,6,1350.0,0,0,,0,0,0.1,0.4
0.3,6,1351.0,0,1,,1,0,0.2,0.3
0.3,6,1352.0,0,1,0.05780407625263706,2,2,0.3,0.5
0.3,6,1353.0,0,1,,0,0,0.3,0.3
0.3,6,1354.0,0,1,0.053120244115689275,1,1,0.4,0.4
0.3,6,1355.0,0,0,0.0,0,1,0.4,0.4
0.3,6,1356.0,0,1,,1,0,0.5,0.4
0.3,6,1357.0,0,0,0.0,0,1,0.5,0.5
0.3,6,1358.0,0,0,,0,0,0.5,0.5
0.3,6,1359.0,0,1,,1,0,0.6,0.5
0.3,6,1360.0,0,0,0.0,0,1,0.6,0.6
0.3,6,1361.0,0,0,,0,0,0.5,0.6
0.3,6,1362.0,0,0,,0,0,0.3,0.4
0.3,6,1363.0,0,0,,0,0,0.3,0.4
0.3,6,1364.0,0,0,,0,0,0.2,0.3
0.3,6,1365.0,0,0,,0,0,0.2,0.2
0.3,6,1366.0,0,0,,0,0,0.1,0.2
0.3,6,1367.0,1,2,,2,0,0.3,0.1
0.3,6,1368.0,0,1,0.0,0,1,0.3,0.2
0.3,6,1369.0,0,1,,0,0,0.2,0.2
0.3,6,1370.0,0,0,1.1342210913185227,0,1,0.2,0.2
0.3,6,1371.0,0,0,,0,0,0.2,0.2
0.3,6,1372.0,0,0,,0,0,0.2,0.2
0.3,6,1373.0,0,0,,0,0,0.2,0.2
0.3,6,1374.0,0,0,0.0,1,1,0.3,0.3
0.3,6,1375.0,0,0,,0,0,0.3,0.3
0.3,6,1376.0,0,1,,1,0,0.4,0.3
0.3,6,1377.0,0,0,0.0,0,1,0.2,0.4
0.3,6,1378.0,0,1,,1,0,0.3,0.3
0.3,6,1379.0,0,1,,0,0,0.3,0.3
0.3,6,1380.0,0,0,0.0,0,1,0.3,0.3
0.3,6,1381.0,0,0,,0,0,0.3,0.3
0.3,6,1382.0,0,0,,0,0,0.3,0.3
0.3,6,1383.0,0,0,,0,0,0.3,0.3
0.3,6,1384.0,0,0,,0,0,0.2,0.2
0.3,6,1385.0,0,1,,1,0,0.3,0.2
0.3,6,1386.0,0,0,0.0,0,1,0.2,0.3
0.3,6,1387.0,0,0,,0,0,0.2,0.2
0.3,6,1388.0,0,0,0.0,1,1,0.2,0.3
0.3,6,1389.0,0,1,,1,0,0.3,0.3
0.3,6,1390.0,0,0,0.0,0,1,0.3,0.3
0.3,6,1391.0,0,0,,0,0,0.3,0.3
0.3,6,1392.0,0,0,,0,0,0.3,0.3
0.3,6,1393.0,0,1,,1,0,0.4,0.3
0.3,6,1394.0,0,1,0.0,1,1,0.5,0.4
0.3,6,1395.0,0,0,0.04743471161623347,0,1,0.4,0.5
0.3,6,1396.0,0,0,,0,0,0.4,0.4
0.3,6,1397.0,0,0,0.0,2,2,0.6,0.6
0.3,6,1398.0,0,1,,1,0,0.6,0.5
0.3,6,1399.0,0,0,0.0,0,1,0.5,0.6
0.3,6,1400.0,0,0,,0,0,0.5,0.5
0.3,6,1401.0,0,0,,0,0,0.5,0.5
0.3,6,1402.0,0,1,,1,0,0.6,0.5
0.3,6,1403.0,0,1,0.0,1,1,0.6,0.6
0.3,6,1404.0,0,0,0.220168817509375,0,1,0.5,0.6
0.3,6,1405.0,0,0,,0,0,0.5,0.5
0.3,6,1406.0,0,0,,0,0,0.5,0.5
0.3,6,1407.0,0,0,0.0,1,1,0.4,0.4
0.3,6,1408.0,0,0,,0,0,0.3,0.4
0.3,6,1409.0,0,0,0.0,1,1,0.4,0.4
0.3,6,1410.0,0,0,,0,0,0.4,0.4
0.3,6,1411.0,0,0,,0,0,0.4,0.4
0.3,6,1412.0,0,0,,0,0,0.3,0.4
0.3,6,1413.0,0,0,,0,0,0.2,0.3
0.3,6,1414.0,0,0,,0,0,0.2,0.2
0.3,6,1415.0,0,0,,0,0,0.2,0.2
0.3,6,1416.0,0,0,,0,0,0.2,0.2
0.3,6,1417.0,0,0,,0,0,0.1,0.1
0.3,6,1418.0,0,0,,0,0,0.1,0.1
0.3,6,1419.0,0,0,,0,0,0.0,0.0
0.3,6,1420.0,0,0,0.0,1,1,0.1,0.1
0.3,6,1421.0,0,0,,0,0,0.1,0.1
0.3,6,1422.0,0,0,,0,0,0.1,0.1
0.3,6,1423.0,0,0,,0,0,0.1,0.1
0.3,6,1424.0,0,0,0.0,1,1,0.2,0.2
0.3,6,1425.0,0,0,,0,0,0.2,0.2
0.3,6,1426.0,0,0,0.0,1,1,0.3,0.3
0.3,6,1427.0,0,0,,0,0,0.3,0.3
0.3,6,1428.0,0,0,,0,0,0.3,0.3
0.3,6,1429.0,0,0,,0,0,0.3,0.3
0.3,6,1430.0,0,0,,0,0,0.2,0.2
0.3,6,1431.0,0,1,,1,0,0.3,0.2
0.3,6,1432.0,0,1,0.0,1,1,0.4,0.3
0.3,6,1433.0,1,2,0.34169229942904167,2,1,0.6,0.4
0.3,6,1434.0,1,2,0.0,1,1,0.6,0.4
0.3,6,1435.0,0,1,0.3617421558768683,1,2,0.7,0.6
0.3,6,1436.0,0,0,0.0,0,1,0.6,0.6
0.3,6,1437.0,0,0,,0,0,0.6,0.6
0.3,6,1438.0,0,0,,0,0,0.6,0.6
0.3,6,1439.0,0,1,,1,0,0.7,0.6
0.3,6,1440.0,0,0,0.0,0,1,0.7,0.7
0.3,6,1441.0,0,0,,0,0,0.6,0.7
0.3,6,1442.0,0,0,,0,0,0.5,0.6
0.3,6,1443.0,0,0,,0,0,0.3,0.5
0.3,6,1444.0,0,0,,0,0,0.2,0.4
0.3,6,1445.0,0,1,,1,0,0.2,0.2
0.3,6,1446.0,0,0,0.0,0,1,0.2,0.2
0.3,6,1447.0,0,1,,1,0,0.3,0.2
0.3,6,1448.0,0,1,,0,0,0.3,0.2
0.3,6,1449.0,0,0,0.0,0,1,0.2,0.3
0.3,6,1450.0,0,0,,0,0,0.2,0.2
0.3,6,1451.0,0,0,,0,0,0.2,0.2
0.3,6,1452.0,0,1,0.0,2,1,0.4,0.3
0.3,6,1453.0,0,1,,0,0,0.4,0.3
0.3,6,1454.0,0,1,0.010472831286051587,1,1,0.5,0.4
0.3,6,1455.0,0,0,0.02546751303225392,0,1,0.4,0.5
0.3,6,1456.0,0,0,,0,0,0.4,0.4
0.3,6,1457.0,0,0,,0,0,0.3,0.4
0.3,6,1458.0,0,0,0.0,1,1,0.4,0.5
0.3,6,1459.0,0,0,,0,0,0.4,0.4
0.3,6,1460.0,0,0,,0,0,0.4,0.4
0.3,6,1461.0,0,0,,0,0,0.4,0.4
0.3,6,1462.0,0,0,,0,0,0.2,0.3
0.3,6,1463.0,0,0,,0,0,0.2,0.3
0.3,6,1464.0,0,0,,0,0,0.1,0.2
0.3,6,1465.0,0,1,,1,0,0.2,0.1
0.3,6,1466.0,0,1,,0,0,0.2,0.1
0.3,6,1467.0,0,0,0.0,1,2,0.3,0.3
0.3,6,1468.0,0,0,,0,0,0.2,0.2
0.3,6,1469.0,0,1,,1,0,0.3,0.2
0.3,6,1470.0,0,1,,0,0,0.3,0.2
0.3,6,1471.0,0,0,0.0,0,1,0.3,0.3
0.3,6,1472.0,0,0,,0,0,0.3,0.3
0.3,6,1473.0,0,0,,0,0,0.3,0.3
0.3,6,1474.0,0,0,,0,0,0.3,0.3
0.3,6,1475.0,0,0,,0,0,0.2,0.3
0.3,6,1476.0,0,0,,0,0,0.2,0.3
0.3,6,1477.0,0,0,,0,0,0.1,0.1
0.3,6,1478.0,0,1,,1,0,0.2,0.1
0.3,6,1479.0,0,0,0.0,0,1,0.1,0.2
0.3,6,1480.0,0,0,,0,0,0.1,0.2
0.3,6,1481.0,0,0,,0,0,0.1,0.1
0.3,6,1482.0,0,0,0.0,1,1,0.2,0.2
0.3,6,1483.0,0,0,,0,0,0.2,0.2
0.3,6,1484.0,0,0,,0,0,0.2,0.2
0.3,6,1485.0,0,0,,0,0,0.2,0.2
0.3,6,1486.0,0,0,,0,0,0.2,0.2
0.3,6,1487.0,0,0,,0,0,0.2,0.2
0.3,6,1488.0,0,0,,0,0,0.1,0.2
0.3,6,1489.0,0,0,0.0,1,1,0.2,0.2
0.3,6,1490.0,0,0,,0,0,0.2,0.2
0.3,6,1491.0,0,0,,0,0,0.2,0.2
0.3,6,1492.0,0,0,0.0,1,1,0.2,0.2
0.3,6,1493.0,0,0,,0,0,0.2,0.2
0.3,6,1494.0,0,0,,0,0,0.2,0.2
0.3,6,1495.0,0,0,,0,0,0.2,0.2
0.3,6,1496.0,0,0,,0,0,0.2,0.2
0.3,6,1497.0,0,0,,0,0,0.2,0.2
0.3,6,1498.0,0,0,,0,0,0.2,0.2
0.3,6,1499.0,0,1,,1,0,0.2,0.1
0.3,6,1500.0,0,0,0.0,0,1,0.2,0.2
0.3,6,1501.0,0,0,,0,0,0.2,0.2
0.3,6,1502.0,0,1,,1,0,0.2,0.1
0.3,6,1503.0,0,0,0.0,0,1,0.2,0.2
0.3,6,1504.0,0,0,,0,0,0.2,0.2
0.3,6,1505.0,0,0,0.0,1,1,0.3,0.3
0.3,6,1506.0,0,0,,0,0,0.3,0.3
0.3,6,1507.0,0,0,,0,0,0.3,0.3
0.3,6,1508.0,0,0,,0,0,0.3,0.3
0.3,6,1509.0,0,0,,0,0,0.2,0.3
0.3,6,1510.0,0,0,,0,0,0.2,0.2
0.3,6,1511.0,0,0,,0,0,0.2,0.2
0.3,6,1512.0,0,0,,0,0,0.1,0.2
0.3,6,1513.0,0,0,,0,0,0.1,0.1
0.3,6,1514.0,0,0,,0,0,0.1,0.1
0.3,6,1515.0,0,0,,0,0,0.0,0.0
0.3,6,1516.0,0,1,,1,0,0.1,0.0
0.3,6,1517.0,0,0,0.0,0,1,0.1,0.1
0.3,6,1518.0,0,0,,0,0,0.1,0.1
0.3,6,1519.0,0,0,0.0,1,1,0.2,0.2
0.3,6,1520.0,0,1,,1,0,0.3,0.2
0.3,6,1521.0,0,0,0.0,0,1,0.3,0.3
0.3,6,1522.0,0,0,,0,0,0.3,0.3
0.3,6,1523.0,0,0,,0,0,0.3,0.3
0.3,6,1524.0,0,1,,1,0,0.4,0.3
0.3,6,1525.0,0,0,0.0,0,1,0.4,0.4
0.3,6,1526.0,0,0,,0,0,0.3,0.4
0.3,6,1527.0,0,1,,1,0,0.4,0.3
0.3,6,1528.0,0,0,0.0,0,1,0.4,0.4
0.3,6,1529.0,0,0,,0,0,0.3,0.3
0.3,6,1530.0,0,1,,1,0,0.3,0.3
0.3,6,1531.0,0,1,,0,0,0.3,0.2
0.3,6,1532.0,3,4,,3,0,0.6,0.2
0.3,6,1533.0,3,4,,0,0,0.6,0.2
0.3,6,1534.0,3,4,,0,0,0.5,0.2
0.3,6,1535.0,2,3,0.0,0,1,0.5,0.2
0.3,6,1536.0,1,2,3.5035060159081013,1,2,0.6,0.4
0.3,6,1537.0,0,0,2.225843511720768,0,2,0.5,0.6
0.3,6,1538.0,0,1,,1,0,0.6,0.5
0.3,6,1539.0,0,0,0.0,0,1,0.6,0.6
0.3,6,1540.0,0,1,,1,0,0.6,0.6
0.3,6,1541.0,0,1,,0,0,0.6,0.6
0.3,6,1542.0,0,0,0.0,0,1,0.3,0.7
0.3,6,1543.0,0,0,,0,0,0.3,0.7
0.3,6,1544.0,0,0,,0,0,0.3,0.7
0.3,6,1545.0,0,0,,0,0,0.3,0.6
0.3,6,1546.0,0,1,0.0,2,1,0.4,0.5
0.3,6,1547.0,0,1,,0,0,0.4,0.3
0.3,6,1548.0,0,1,,0,0,0.3,0.3
0.3,6,1549.0,0,0,0.0,0,1,0.3,0.3
0.3,6,1550.0,0,0,,0,0,0.2,0.3
0.3,6,1551.0,0,0,0.0,1,1,0.3,0.4
0.3,6,1552.0,0,0,0.0,1,1,0.4,0.4
0.3,6,1553.0,0,0,,0,0,0.4,0.4
0.3,6,1554.0,0,0,,0,0,0.4,0.4
0.3,6,1555.0,0,0,,0,0,0.4,0.4
0.3,6,1556.0,0,0,,0,0,0.2,0.3
0.3,6,1557.0,0,0,,0,0,0.2,0.3
0.3,6,1558.0,0,0,,0,0,0.2,0.3
0.3,6,1559.0,0,0,,0,0,0.2,0.2
0.3,6,1560.0,0,0,,0,0,0.2,0.2
0.3,6,1561.0,0,1,,1,0,0.2,0.1
0.3,6,1562.0,0,0,0.08244280210010402,1,2,0.2,0.2
0.3,6,1563.0,0,1,,1,0,0.3,0.2
0.3,6,1564.0,0,1,,0,0,0.3,0.2
0.3,6,1565.0,0,1,0.0,1,1,0.4,0.3
0.3,6,1566.0,0,1,,0,0,0.4,0.3
0.3,6,1567.0,0,1,,0,0,0.4,0.3
0.3,6,1568.0,1,2,,1,0,0.5,0.3
0.3,6,1569.0,0,1,0.0,0,1,0.5,0.4
0.3,6,1570.0,1,2,,1,0,0.6,0.4
0.3,6,1571.0,0,1,0.570586186642231,1,2,0.6,0.6
0.3,6,1572.0,0,1,,0,0,0.5,0.4
0.3,6,1573.0,0,1,,0,0,0.4,0.4
0.3,6,1574.0,1,2,,1,0,0.5,0.4
0.3,6,1575.0,0,1,0.0,0,1,0.4,0.4
0.3,6,1576.0,0,0,0.7202176747559861,0,1,0.4,0.5
0.3,6,1577.0,0,0,,0,0,0.4,0.5
0.3,6,1578.0,0,0,,0,0,0.3,0.5
0.3,6,1579.0,0,0,,0,0,0.3,0.4
0.3,6,1580.0,0,0,,0,0,0.2,0.4
0.3,6,1581.0,0,0,,0,0,0.1,0.2
0.3,6,1582.0,0,1,,1,0,0.2,0.2
0.3,6,1583.0,0,0,0.0,0,1,0.2,0.3
0.3,6,1584.0,0,0,,0,0,0.1,0.3
0.3,6,1585.0,1,2,,2,0,0.3,0.2
0.3,6,1586.0,0,1,0.0,0,1,0.3,0.2
0.3,6,1587.0,0,0,1.0986819834024573,0,1,0.3,0.3
0.3,6,1588.0,0,0,,0,0,0.3,0.3
0.3,6,1589.0,0,0,,0,0,0.3,0.3
0.3,6,1590.0,0,0,0.0,1,1,0.4,0.4
0.3,6,1591.0,0,0,,0,0,0.4,0.4
0.3,6,1592.0,0,0,,0,0,0.3,0.4
0.3,6,1593.0,0,0,,0,0,0.3,0.3
0.3,6,1594.0,0,0,,0,0,0.3,0.3
0.3,6,1595.0,0,1,,1,0,0.2,0.3
0.3,6,1596.0,0,0,0.0,0,1,0.2,0.3
0.3,6,1597.0,0,0,,0,0,0.2,0.2
0.3,6,1598.0,0,0,,0,0,0.2,0.2
0.3,6,1599.0,0,0,,0,0,0.2,0.2
0.3,6,1600.0,0,0,,0,0,0.1,0.1
0.3,6,1601.0,0,0,,0,0,0.1,0.1
0.3,6,1602.0,0,0,,0,0,0.1,0.1
0.3,6,1603.0,0,0,,0,0,0.1,0.1
0.3,6,1604.0,0,0,,0,0,0.1,0.1
0.3,6,1605.0,0,0,,0,0,0.0,0.1
0.3,6,1606.0,0,0,,0,0,0.0,0.0
0.3,6,1607.0,0,0,,0,0,0.0,0.0
0.3,6,1608.0,0,0,,0,0,0.0,0.0
0.3,6,1609.0,0,1,,1,0,0.1,0.0
0.3,6,1610.0,1,2,,1,0,0.2,0.0
0.3,6,1611.0,0,1,0.0,0,1,0.2,0.1
0.3,6,1612.0,0,1,,0,0,0.2,0.1
0.3,6,1613.0,0,0,0.5353489786766659,0,1,0.2,0.2
0.3,6,1614.0,0,0,,0,0,0.2,0.2
0.3,6,1615.0,0,1,,1,0,0.3,0.2
0.3,6,1616.0,0,1,0.0,1,1,0.4,0.3
0.3,6,1617.0,0,1,,0,0,0.4,0.3
0.3,6,1618.0,0,0,0.06638794217337818,0,1,0.4,0.4
0.3,6,1619.0,0,0,,0,0,0.3,0.4
0.3,6,1620.0,0,0,,0,0,0.2,0.4
0.3,6,1621.0,0,0,,0,0,0.2,0.3
0.3,6,1622.0,0,0,,0,0,0.2,0.3
0.3,6,1623.0,0,0,,0,0,0.2,0.2
0.3,6,1624.0,0,0,0.0,1,1,0.3,0.3
0.3,6,1625.0,0,0,,0,0,0.2,0.3
0.3,6,1626.0,0,0,,0,0,0.1,0.2
0.3,6,1627.0,0,0,,0,0,0.1,0.2
0.3,6,1628.0,0,0,,0,0,0.1,0.1
0.3,6,1629.0,0,0,,0,0,0.1,0.1
0.3,6,1630.0,0,0,,0,0,0.1,0.1
0.3,6,1631.0,0,0,,0,0,0.1,0.1
0.3,6,1632.0,0,1,,1,0,0.2,0.1
0.3,6,1633.0,0,0,0.0,0,1,0.2,0.2
0.3,6,1634.0,0,1,,1,0,0.2,0.1
0.3,6,1635.0,0,0,0.0,0,1,0.2,0.2
0.3,6,1636.0,0,0,,0,0,0.2,0.2
0.3,6,1637.0,0,0,,0,0,0.2,0.2
0.3,6,1638.0,0,0,,0,0,0.2,0.2
0.3,6,1639.0,0,0,,0,0,0.2,0.2
0.3,6,1640.0,0,1,,1,0,0.3,0.2
0.3,6,1641.0,0,1,0.0,1,1,0.4,0.3
0.3,6,1642.0,0,0,0.14885617448294397,0,1,0.3,0.4
0.3,6,1643.0,0,0,,0,0,0.3,0.3
0.3,6,1644.0,0,0,,0,0,0.2,0.3
0.3,6,1645.0,0,1,,1,0,0.3,0.2
0.3,6,1646.0,0,0,0.0,0,1,0.3,0.3
0.3,6,1647.0,0,0,,0,0,0.3,0.3
0.3,6,1648.0,0,0,,0,0,0.3,0.3
0.3,6,1649.0,0,0,,0,0,0.3,0.3
0.3,6,1650.0,0,0,,0,0,0.2,0.3
0.3,6,1651.0,0,0,,0,0,0.1,0.2
0.3,6,1652.0,0,0,,0,0,0.1,0.1
0.3,6,1653.0,0,0,,0,0,0.1,0.1
0.3,6,1654.0,0,0,,0,0,0.1,0.1
0.3,6,1655.0,0,0,,0,0,0.0,0.1
0.3,6,1656.0,0,0,0.0,1,1,0.1,0.1
0.3,6,1657.0,0,1,,1,0,0.2,0.1
0.3,6,1658.0,0,0,0.0,0,1,0.2,0.2
0.3,6,1659.0,0,1,,1,0,0.3,0.2
0.3,6,1660.0,0,1,,0,0,0.3,0.2
0.3,6,1661.0,0,0,0.0,0,1,0.3,0.3
0.3,6,1662.0,0,0,,0,0,0.3,0.3
0.3,6,1663.0,0,1,0.0,2,1,0.5,0.4
0.3,6,1664.0,1,2,,1,0,0.6,0.4
0.3,6,1665.0,1,2,0.0,1,1,0.7,0.5
0.3,6,1666.0,0,1,1.2431396294862225,0,1,0.6,0.5
0.3,6,1667.0,0,1,,0,0,0.5,0.5
0.3,6,1668.0,0,0,1.7296536298933916,0,1,0.5,0.5
0.3,6,1669.0,0,0,,0,0,0.4,0.5
0.3,6,1670.0,0,0,,0,0,0.4,0.5
0.3,6,1671.0,0,0,,0,0,0.4,0.4
0.3,6,1672.0,0,0,,0,0,0.4,0.4
0.3,6,1673.0,0,0,,0,0,0.2,0.3
0.3,6,1674.0,0,1,,1,0,0.2,0.3
0.3,6,1675.0,0,0,0.0,0,1,0.1,0.3
0.3,6,1676.0,0,0,,0,0,0.1,0.2
0.3,6,1677.0,0,0,,0,0,0.1,0.2
0.3,6,1678.0,0,0,,0,0,0.1,0.1
0.3,6,1679.0,0,0,,0,0,0.1,0.1
0.3,6,1680.0,0,0,,0,0,0.1,0.1
0.3,6,1681.0,0,0,,0,0,0.1,0.1
0.3,6,1682.0,0,0,0.0,1,1,0.2,0.2
0.3,6,1683.0,0,1,,1,0,0.3,0.2
0.3,6,1684.0,0,1,0.0,1,1,0.3,0.3
0.3,6,1685.0,0,1,,0,0,0.3,0.2
0.3,6,1686.0,0,0,0.0,0,1,0.3,0.3
0.3,6,1687.0,0,0,,0,0,0.3,0.3
0.3,6,1688.0,0,0,,0,0,0.3,0.3
0.3,6,1689.0,0,0,,0,0,0.3,0.3
0.3,6,1690.0,0,0,,0,0,0.3,0.3
0.3,6,1691.0,0,0,,0,0,0.3,0.3
0.3,6,1692.0,0,1,,1,0,0.3,0.2
0.3,6,1693.0,0,0,0.0,0,1,0.2,0.3
0.3,6,1694.0,0,0,,0,0,0.1,0.2
0.3,6,1695.0,0,0,,0,0,0.1,0.2
0.3,6,1696.0,0,0,,0,0,0.1,0.1
0.3,6,1697.0,0,0,,0,0,0.1,0.1
0.3,6,1698.0,0,1,,1,0,0.2,0.1
0.3,6,1699.0,0,0,0.0,0,1,0.2,0.2
0.3,6,1700.0,0,0,,0,0,0.2,0.2
0.3,6,1701.0,0,0,,0,0,0.2,0.2
0.3,6,1702.0,0,0,,0,0,0.1,0.2
0.3,6,1703.0,0,0,,0,0,0.1,0.1
0.3,6,1704.0,0,0,,0,0,0.1,0.1
0.3,6,1705.0,0,0,,0,0,0.1,0.1
0.3,6,1706.0,0,0,,0,0,0.1,0.1
0.3,6,1707.0,1,2,,2,0,0.3,0.1
0.3,6,1708.0,1,2,0.0,1,1,0.3,0.2
0.3,6,1709.0,1,2,,0,0,0.3,0.1
0.3,6,1710.0,0,0,1.4477460607678267,0,2,0.3,0.3
0.3,6,1711.0,0,0,,0,0,0.3,0.3
0.3,6,1712.0,0,0,,0,0,0.3,0.3
0.3,6,1713.0,0,0,,0,0,0.3,0.3
0.3,6,1714.0,0,1,,1,0,0.4,0.3
0.3,6,1715.0,2,3,,2,0,0.6,0.3
0.3,6,1716.0,0,1,0.2967200836901611,0,2,0.6,0.5
0.3,6,1717.0,0,1,,0,0,0.4,0.5
0.3,6,1718.0,0,1,,0,0,0.3,0.4
0.3,6,1719.0,0,1,,0,0,0.3,0.4
0.3,6,1720.0,0,0,1.1401008224131601,0,1,0.3,0.3
0.3,6,1721.0,0,1,,1,0,0.4,0.3
0.3,6,1722.0,0,0,0.0,0,1,0.4,0.4
0.3,6,1723.0,0,0,,0,0,0.4,0.4
0.3,6,1724.0,0,1,,1,0,0.4,0.4
0.3,6,1725.0,1,2,,1,0,0.3,0.4
0.3,6,1726.0,1,2,,0,0,0.3,0.2
0.3,6,1727.0,1,2,,0,0,0.3,0.2
0.3,6,1728.0,2,3,,1,0,0.4,0.2
0.3,6,1729.0,2,3,,0,0,0.4,0.2
0.3,6,1730.0,2,3,,0,0,0.4,0.1
0.3,6,1731.0,3,4,,1,0,0.4,0.1
0.3,6,1732.0,3,4,,0,0,0.4,0.0
0.3,6,1733.0,0,1,4.259169499632662,0,3,0.4,0.3
0.3,6,1734.0,0,0,0.8517189087071984,1,2,0.4,0.5
0.3,6,1735.0,0,0,,0,0,0.3,0.5
0.3,6,1736.0,1,2,,2,0,0.5,0.5
0.3,6,1737.0,0,1,0.0,0,1,0.5,0.6
0.3,6,1738.0,1,2,,1,0,0.5,0.6
0.3,6,1739.0,1,2,0.8485724412148556,1,1,0.6,0.7
0.3,6,1740.0,1,2,,0,0,0.6,0.7
0.3,6,1741.0,1,2,0.38883190843012017,1,1,0.6,0.8
0.3,6,1742.0,1,2,,0,0,0.6,0.8
0.3,6,1743.0,0,1,1.9761151494205933,0,1,0.6,0.6
0.3,6,1744.0,0,1,1.5300521848855624,1,1,0.6,0.5
0.3,6,1745.0,0,1,,0,0,0.6,0.5
0.3,6,1746.0,0,1,,0,0,0.4,0.5
0.3,6,1747.0,0,1,0.4374052691257475,1,1,0.5,0.5
0.3,6,1748.0,0,1,0.48568115756734187,1,1,0.5,0.6
0.3,6,1749.0,0,1,0.0,1,1,0.5,0.6
0.3,6,1750.0,0,1,0.1203365970629875,1,1,0.6,0.7
0.3,6,1751.0,0,0,0.21675258331015357,0,1,0.5,0.7
0.3,6,1752.0,0,0,,0,0,0.5,0.7
0.3,6,1753.0,0,0,,0,0,0.5,0.6
0.3,6,1754.0,0,0,,0,0,0.4,0.5
0.3,6,1755.0,0,0,,0,0,0.4,0.5
0.3,6,1756.0,0,1,0.0,2,1,0.6,0.6
0.3,6,1757.0,1,2,,1,0,0.6,0.5
0.3,6,1758.0,0,0,0.16489866360916494,0,2,0.5,0.6
0.3,6,1759.0,0,0,,0,0,0.4,0.5
0.3,6,1760.0,0,0,,0,0,0.3,0.4
0.3,6,1761.0,0,0,,0,0,0.3,0.3
0.3,6,1762.0,0,0,,0,0,0.3,0.3
0.3,6,1763.0,0,0,,0,0,0.3,0.3
0.3,6,1764.0,0,0,,0,0,0.3,0.3
0.3,6,1765.0,0,0,0.0,1,1,0.4,0.4
0.3,6,1766.0,0,0,,0,0,0.2,0.3
0.3,6,1767.0,0,0,,0,0,0.1,0.3
0.3,6,1768.0,0,0,,0,0,0.1,0.1
0.3,6,1769.0,0,0,,0,0,0.1,0.1
0.3,6,1770.0,0,0,,0,0,0.1,0.1
0.3,6,1771.0,0,0,,0,0,0.1,0.1
0.3,6,1772.0,0,0,,0,0,0.1,0.1
0.3,6,1773.0,0,0,,0,0,0.1,0.1
0.3,6,1774.0,0,0,,0,0,0.1,0.1
0.3,6,1775.0,0,0,,0,0,0.0,0.0
0.3,6,1776.0,0,0,,0,0,0.0,0.0
0.3,6,1777.0,0,0,,0,0,0.0,0.0
0.3,6,1778.0,0,0,,0,0,0.0,0.0
0.3,6,1779.0,0,0,0.0,1,1,0.1,0.1
0.3,6,1780.0,0,0,,0,0,0.1,0.1
0.3,6,1781.0,0,0,,0,0,0.1,0.1
0.3,6,1782.0,0,1,,1,0,0.2,0.1
0.3,6,1783.0,0,0,0.0,0,1,0.2,0.2
0.3,6,1784.0,0,0,0.0,1,1,0.3,0.3
0.3,6,1785.0,0,1,,1,0,0.4,0.3
0.3,6,1786.0,0,0,0.0,0,1,0.4,0.4
0.3,6,1787.0,2,3,,3,0,0.7,0.4
0.3,6,1788.0,2,3,,0,0,0.7,0.4
0.3,6,1789.0,2,3,0.0,1,1,0.7,0.4
0.3,6,1790.0,3,4,,1,0,0.8,0.4
0.3,6,1791.0,2,3,1.8273001383640803,0,1,0.8,0.5
0.3,6,1792.0,1,2,3.5914549991450713,0,1,0.7,0.6
0.3,6,1793.0,1,2,2.7734821098883913,2,2,0.9,0.7
0.3,6,1794.0,0,1,0.32188117945383965,0,1,0.8,0.7
0.3,6,1795.0,0,1,,0,0,0.7,0.7
0.3,6,1796.0,0,1,,0,0,0.7,0.6
0.3,6,1797.0,0,0,0.9176010234759815,0,1,0.4,0.7
0.3,6,1798.0,0,0,,0,0,0.4,0.7
0.3,6,1799.0,0,0,,0,0,0.3,0.6
0.3,6,1800.0,0,0,,0,0,0.2,0.6
0.3,6,1801.0,0,0,,0,0,0.2,0.5
0.3,6,1802.0,0,0,0.0,1,1,0.3,0.5
0.3,6,1803.0,0,0,,0,0,0.1,0.3
0.3,6,1804.0,0,0,,0,0,0.1,0.2
0.3,6,1805.0,0,0,,0,0,0.1,0.2
0.3,6,1806.0,0,0,,0,0,0.1,0.2
0.3,6,1807.0,0,0,,0,0,0.1,0.1
0.3,6,1808.0,0,1,,1,0,0.2,0.1
0.3,6,1809.0,0,0,0.0,0,1,0.2,0.2
0.3,6,1810.0,0,0,,0,0,0.2,0.2
0.3,6,1811.0,0,0,,0,0,0.2,0.2
0.3,6,1812.0,0,0,,0,0,0.1,0.1
0.3,6,1813.0,0,0,,0,0,0.1,0.1
0.3,6,1814.0,0,0,,0,0,0.1,0.1
0.3,6,1815.0,0,0,,0,0,0.1,0.1
0.3,6,1816.0,0,0,,0,0,0.1,0.1
0.3,6,1817.0,0,0,,0,0,0.1,0.1
0.3,6,1818.0,0,1,,1,0,0.1,0.1
0.3,6,1819.0,0,0,0.0,0,1,0.1,0.1
0.3,6,1820.0,0,0,,0,0,0.1,0.1
0.3,6,1821.0,0,0,,0,0,0.1,0.1
0.3,6,1822.0,0,0,,0,0,0.1,0.1
0.3,6,1823.0,0,0,,0,0,0.1,0.1
0.3,6,1824.0,0,0,0.0,1,1,0.2,0.2
0.3,6,1825.0,0,0,,0,0,0.2,0.2
0.3,6,1826.0,0,0,,0,0,0.2,0.2
0.3,6,1827.0,0,0,0.06034224207667194,2,2,0.4,0.4
0.3,6,1828.0,0,0,,0,0,0.3,0.4
0.3,6,1829.0,0,1,,1,0,0.4,0.3
0.3,6,1830.0,0,1,,0,0,0.4,0.3
0.3,6,1831.0,0,1,0.0,1,1,0.5,0.4
0.3,6,1832.0,0,0,0.35606366090291885,0,1,0.5,0.5
0.3,6,1833.0,0,1,,1,0,0.6,0.5
0.3,6,1834.0,0,1,0.0,1,1,0.6,0.5
0.3,6,1835.0,0,0,0.20156472949634008,0,1,0.6,0.6
0.3,6,1836.0,0,0,,0,0,0.6,0.6
0.3,6,1837.0,0,1,,1,0,0.5,0.4
0.3,6,1838.0,0,0,0.14100697387959826,1,2,0.6,0.6
0.3,6,1839.0,0,0,,0,0,0.5,0.6
0.3,6,1840.0,0,0,,0,0,0.5,0.6
0.3,6,1841.0,0,0,,0,0,0.4,0.5
0.3,6,1842.0,0,1,,1,0,0.5,0.4
0.3,6,1843.0,0,0,0.0,0,1,0.4,0.5
0.3,6,1844.0,0,0,,0,0,0.3,0.4
0.3,6,1845.0,0,0,,0,0,0.3,0.3
0.3,6,1846.0,0,1,,1,0,0.4,0.3
0.3,6,1847.0,1,2,,1,0,0.4,0.3
0.3,6,1848.0,1,2,,0,0,0.3,0.1
0.3,6,1849.0,1,2,,0,0,0.3,0.1
0.3,6,1850.0,2,3,,1,0,0.4,0.1
0.3,6,1851.0,1,2,0.0,0,1,0.4,0.2
0.3,6,1852.0,0,1,4.04040362147839,0,1,0.3,0.3
0.3,6,1853.0,0,1,,0,0,0.3,0.2
0.3,6,1854.0,0,1,,0,0,0.3,0.2
0.3,6,1855.0,1,2,,1,0,0.4,0.2
0.3,6,1856.0,2,3,,1,0,0.4,0.2
0.3,6,1857.0,1,2,2.239210976790673,0,1,0.3,0.3
0.3,6,1858.0,1,2,2.277045651030676,1,1,0.4,0.4
0.3,6,1859.0,0,1,2.3470674469413098,0,1,0.4,0.5
0.3,6,1860.0,0,1,1.1127646383556566,1,1,0.4,0.6
0.3,6,1861.0,0,0,0.0,0,1,0.4,0.6
0.3,6,1862.0,0,0,,0,0,0.4,0.5
0.3,6,1863.0,0,0,,0,0,0.4,0.5
0.3,6,1864.0,0,0,,0,0,0.4,0.5
0.3,6,1865.0,0,0,,0,0,0.3,0.5
0.3,6,1866.0,0,0,,0,0,0.2,0.5
0.3,6,1867.0,0,0,,0,0,0.2,0.4
0.3,6,1868.0,0,0,,0,0,0.1,0.3
0.3,6,1869.0,0,1,,1,0,0.2,0.2
0.3,6,1870.0,0,0,0.0,0,1,0.1,0.2
0.3,6,1871.0,0,0,,0,0,0.1,0.1
0.3,6,1872.0,0,0,,0,0,0.1,0.1
0.3,6,1873.0,0,0,,0,0,0.1,0.1
0.3,6,1874.0,0,0,,0,0,0.1,0.1
0.3,6,1875.0,0,0,0.0,1,1,0.2,0.2
0.3,6,1876.0,0,0,,0,0,0.2,0.2
0.3,6,1877.0,0,0,,0,0,0.2,0.2
0.3,6,1878.0,0,0,,0,0,0.2,0.2
0.3,6,1879.0,0,0,,0,0,0.1,0.2
0.3,6,1880.0,0,0,,0,0,0.1,0.1
0.3,6,1881.0,0,0,,0,0,0.1,0.1
0.3,6,1882.0,0,0,,0,0,0.1,0.1
0.3,6,1883.0,0,1,,1,0,0.2,0.1
0.3,6,1884.0,0,1,,0,0,0.2,0.1
0.3,6,1885.0,0,1,,0,0,0.1,0.0
0.3,6,1886.0,0,0,0.0,0,1,0.1,0.1
0.3,6,1887.0,0,1,,1,0,0.2,0.1
0.3,6,1888.0,0,0,0.0,0,1,0.2,0.2
0.3,6,1889.0,0,0,,0,0,0.2,0.2
0.3,6,1890.0,0,0,,0,0,0.2,0.2
0.3,6,1891.0,1,2,,2,0,0.4,0.2
0.3,6,1892.0,1,2,,0,0,0.4,0.2
0.3,6,1893.0,1,2,,0,0,0.3,0.2
0.3,6,1894.0,0,0,1.2018559630446362,0,2,0.3,0.4
0.3,6,1895.0,0,1,,1,0,0.4,0.4
0.3,6,1896.0,0,0,0.0,0,1,0.4,0.4
0.3,6,1897.0,0,0,,0,0,0.3,0.4
0.3,6,1898.0,0,0,,0,0,0.3,0.3
0.3,6,1899.0,0,0,,0,0,0.3,0.3
0.3,6,1900.0,0,0,,0,0,0.3,0.3
0.3,6,1901.0,0,0,,0,0,0.1,0.3
0.3,6,1902.0,0,0,,0,0,0.1,0.3
0.3,6,1903.0,0,1,,1,0,0.2,0.3
0.3,6,1904.0,0,1,0.0,1,1,0.3,0.2
0.3,6,1905.0,0,0,0.0,0,1,0.2,0.3
0.3,6,1906.0,0,0,,0,0,0.2,0.2
0.3,6,1907.0,0,0,,0,0,0.2,0.2
0.3,6,1908.0,0,0,,0,0,0.2,0.2
0.3,6,1909.0,0,0,,0,0,0.2,0.2
0.3,6,1910.0,0,1,,1,0,0.3,0.2
0.3,6,1911.0,0,1,,0,0,0.3,0.2
0.3,6,1912.0,0,1,,0,0,0.3,0.2
0.3,6,1913.0,0,1,0.0,1,1,0.3,0.3
0.3,6,1914.0,0,1,,0,0,0.2,0.2
0.3,6,1915.0,0,1,,0,0,0.2,0.1
0.3,6,1916.0,1,2,0.0,2,1,0.4,0.2
0.3,6,1917.0,0,1,0.0,0,1,0.4,0.3
0.3,6,1918.0,0,1,,0,0,0.4,0.3
0.3,6,1919.0,0,0,1.2565659631036397,0,1,0.4,0.4
0.3,6,1920.0,0,0,,0,0,0.3,0.4
0.3,6,1921.0,0,0,,0,0,0.3,0.4
0.3,6,1922.0,0,0,,0,0,0.3,0.4
0.3,6,1923.0,0,1,,1,0,0.3,0.3
0.3,6,1924.0,0,1,,0,0,0.3,0.3
0.3,6,1925.0,0,0,0.0,0,1,0.3,0.4
0.3,6,1926.0,0,0,,0,0,0.1,0.3
0.3,6,1927.0,0,0,,0,0,0.1,0.2
0.3,6,1928.0,0,0,,0,0,0.1,0.2
0.3,6,1929.0,0,0,,0,0,0.1,0.1
0.3,6,1930.0,0,0,,0,0,0.1,0.1
0.3,6,1931.0,0,0,,0,0,0.1,0.1
0.3,6,1932.0,0,0,,0,0,0.1,0.1
0.3,6,1933.0,0,0,,0,0,0.0,0.1
0.3,6,1934.0,0,0,,0,0,0.0,0.1
0.3,6,1935.0,0,0,,0,0,0.0,0.0
0.3,6,1936.0,0,0,,0,0,0.0,0.0
0.3,6,1937.0,0,0,,0,0,0.0,0.0
0.3,6,1938.0,0,0,,0,0,0.0,0.0
0.3,6,1939.0,0,0,,0,0,0.0,0.0
0.3,6,1940.0,0,0,,0,0,0.0,0.0
0.3,6,1941.0,0,0,,0,0,0.0,0.0
0.3,6,1942.0,0,0,,0,0,0.0,0.0
0.3,6,1943.0,0,0,,0,0,0.0,0.0
0.3,6,1944.0,0,0,,0,0,0.0,0.0
0.3,6,1945.0,0,0,,0,0,0.0,0.0
0.3,6,1946.0,0,1,,1,0,0.1,0.0
0.3,6,1947.0,0,1,0.0,1,1,0.2,0.1
0.3,6,1948.0,0,1,,0,0,0.2,0.1
0.3,6,1949.0,0,1,0.0,1,1,0.3,0.2
0.3,6,1950.0,0,0,0.0,0,1,0.3,0.3
0.3,6,1951.0,0,0,,0,0,0.3,0.3
0.3,6,1952.0,0,0,,0,0,0.3,0.3
0.3,6,1953.0,0,0,,0,0,0.3,0.3
0.3,6,1954.0,0,0,,0,0,0.3,0.3
0.3,6,1955.0,0,1,,1,0,0.4,0.3
0.3,6,1956.0,0,0,0.0,0,1,0.3,0.4
0.3,6,1957.0,0,1,,1,0,0.3,0.3
0.3,6,1958.0,1,2,,1,0,0.4,0.3
0.3,6,1959.0,2,3,,1,0,0.4,0.2
0.3,6,1960.0,2,3,,0,0,0.4,0.1
0.3,6,1961.0,1,2,0.0,0,1,0.4,0.2
0.3,6,1962.0,1,2,,0,0,0.4,0.2
0.3,6,1963.0,1,2,,0,0,0.4,0.2
0.3,6,1964.0,1,2,,0,0,0.4,0.2
0.3,6,1965.0,1,2,,0,0,0.3,0.2
0.3,6,1966.0,0,1,2.708577728120872,0,1,0.3,0.2
0.3,6,1967.0,0,0,6.302465473598659,0,1,0.2,0.3
0.3,6,1968.0,0,0,0.0,1,1,0.2,0.4
0.3,6,1969.0,0,1,,1,0,0.2,0.4
0.3,6,1970.0,0,1,,0,0,0.2,0.4
0.3,6,1971.0,0,0,0.0,0,1,0.2,0.4
0.3,6,1972.0,0,0,,0,0,0.2,0.4
0.3,6,1973.0,0,0,,0,0,0.2,0.4
0.3,6,1974.0,0,1,,1,0,0.3,0.4
0.3,6,1975.0,0,1,,0,0,0.3,0.4
0.3,6,1976.0,0,0,0.0,0,1,0.3,0.4
0.3,6,1977.0,0,0,,0,0,0.3,0.3
0.3,6,1978.0,0,0,,0,0,0.2,0.2
0.3,6,1979.0,0,0,,0,0,0.1,0.2
0.3,6,1980.0,0,0,,0,0,0.1,0.2
0.3,6,1981.0,0,1,,1,0,0.2,0.1
0.3,6,1982.0,0,1,0.0,1,1,0.3,0.2
0.3,6,1983.0,0,0,0.45121219043812744,0,1,0.3,0.3
0.3,6,1984.0,0,0,,0,0,0.2,0.3
0.3,6,1985.0,0,0,,0,0,0.2,0.3
0.3,6,1986.0,0,0,,0,0,0.2,0.2
0.3,6,1987.0,0,0,,0,0,0.2,0.2
0.3,6,1988.0,0,0,,0,0,0.2,0.2
0.3,6,1989.0,0,1,,1,0,0.3,0.2
0.3,6,1990.0,0,0,0.0,0,1,0.3,0.3
0.3,6,1991.0,0,0,0.0,1,1,0.3,0.4
0.3,6,1992.0,0,1,0.0,2,1,0.4,0.4
0.3,6,1993.0,0,0,0.10069532911893475,0,1,0.4,0.4
0.3,6,1994.0,0,0,,0,0,0.4,0.4
0.3,6,1995.0,0,0,,0,0,0.4,0.4
0.3,6,1996.0,0,0,,0,0,0.4,0.4
0.3,6,1997.0,0,0,,0,0,0.4,0.4
0.3,6,1998.0,0,0,,0,0,0.4,0.4
0.3,6,1999.0,0,0,,0,0,0.3,0.4
0.3,6,2000.0,0,0,,0,0,0.3,0.3
0.3,6,2001.0,0,0,,0,0,0.2,0.2
0.3,6,2002.0,0,0,,0,0,0.0,0.1
0.3,6,2003.0,0,0,,0,0,0.0,0.0
0.3,6,2004.0,0,0,,0,0,0.0,0.0
0.3,6,2005.0,0,0,,0,0,0.0,0.0
0.3,6,2006.0,0,0,0.0,1,1,0.1,0.1
0.3,6,2007.0,0,0,0.0,1,1,0.2,0.2
0.3,6,2008.0,0,0,,0,0,0.2,0.2
0.3,6,2009.0,0,0,,0,0,0.2,0.2
0.3,6,2010.0,0,0,,0,0,0.2,0.2
0.3,6,2011.0,0,0,,0,0,0.2,0.2
0.3,6,2012.0,0,0,,0,0,0.2,0.2
0.3,6,2013.0,0,0,,0,0,0.2,0.2
0.3,6,2014.0,0,0,,0,0,0.2,0.2
0.3,6,2015.0,0,0,,0,0,0.2,0.2
0.3,6,2016.0,0,0,,0,0,0.1,0.1
0.3,6,2017.0,0,0,,0,0,0.0,0.0
0.3,6,2018.0,0,0,,0,0,0.0,0.0
0.3,6,2019.0,0,0,,0,0,0.0,0.0
0.3,6,2020.0,0,0,,0,0,0.0,0.0
0.3,6,2021.0,0,0,,0,0,0.0,0.0
0.3,6,2022.0,0,0,,0,0,0.0,0.0
0.3,6,2023.0,0,0,,0,0,0.0,0.0
0.3,6,2024.0,0,0,,0,0,0.0,0.0
0.3,6,2025.0,0,0,,0,0,0.0,0.0
0.3,6,2026.0,0,0,,0,0,0.0,0.0
0.3,6,2027.0,0,1,,1,0,0.1,0.0
0.3,6,2028.0,2,3,,2,0,0.3,0.0
0.3,6,2029.0,2,3,,0,0,0.3,0.0
0.3,6,2030.0,0,1,0.9003828126744793,0,2,0.3,0.2
0.3,6,2031.0,0,1,,0,0,0.3,0.2
0.3,6,2032.0,0,0,1.4135083260052852,0,1,0.3,0.3
0.3,6,2033.0,0,0,,0,0,0.3,0.3
0.3,6,2034.0,0,1,,1,0,0.4,0.3
0.3,6,2035.0,0,0,0.0,0,1,0.4,0.4
0.3,6,2036.0,0,0,,0,0,0.4,0.4
0.3,6,2037.0,0,0,,0,0,0.3,0.4
0.3,6,2038.0,0,0,,0,0,0.1,0.4
0.3,6,2039.0,0,0,,0,0,0.1,0.4
0.3,6,2040.0,0,0,,0,0,0.1,0.2
0.3,6,2041.0,0,0,,0,0,0.1,0.2
0.3,6,2042.0,0,0,,0,0,0.1,0.1
0.3,6,2043.0,0,0,,0,0,0.1,0.1
0.3,6,2044.0,0,0,,0,0,0.0,0.1
0.3,6,2045.0,0,0,,0,0,0.0,0.0
0.3,6,2046.0,0,0,,0,0,0.0,0.0
0.3,6,2047.0,0,0,,0,0,0.0,0.0
0.3,6,2048.0,0,0,,0,0,0.0,0.0
0.3,6,2049.0,0,0,,0,0,0.0,0.0
0.3,6,2050.0,0,0,,0,0,0.0,0.0
0.3,6,2051.0,0,0,,0,0,0.0,0.0
0.3,6,2052.0,0,0,0.0,1,1,0.1,0.1
0.3,6,2053.0,0,0,,0,0,0.1,0.1
0.3,6,2054.0,0,0,,0,0,0.1,0.1
0.3,6,2055.0,0,0,,0,0,0.1,0.1
0.3,6,2056.0,0,0,,0,0,0.1,0.1
0.3,6,2057.0,0,0,,0,0,0.1,0.1
0.3,6,2058.0,0,0,,0,0,0.1,0.1
0.3,6,2059.0,0,0,,0,0,0.1,0.1
0.3,6,2060.0,0,1,,1,0,0.2,0.1
0.3,6,2061.0,0,0,0.0,0,1,0.2,0.2
0.3,6,2062.0,0,0,,0,0,0.1,0.1
0.3,6,2063.0,0,0,,0,0,0.1,0.1
0.3,6,2064.0,0,0,,0,0,0.1,0.1
0.3,6,2065.0,0,0,,0,0,0.1,0.1
0.3,6,2066.0,0,0,,0,0,0.1,0.1
0.3,6,2067.0,0,0,,0,0,0.1,0.1
0.3,6,2068.0,0,0,,0,0,0.1,0.1
0.3,6,2069.0,0,1,,1,0,0.2,0.1
0.3,6,2070.0,0,0,0.0,0,1,0.1,0.2
0.3,6,2071.0,0,0,,0,0,0.1,0.1
0.3,6,2072.0,0,0,,0,0,0.1,0.1
0.3,6,2073.0,0,1,,1,0,0.2,0.1
0.3,6,2074.0,0,0,0.0,0,1,0.2,0.2
0.3,6,2075.0,0,0,,0,0,0.2,0.2
0.3,6,2076.0,0,1,,1,0,0.3,0.2
0.3,6,2077.0,1,2,,1,0,0.4,0.2
0.3,6,2078.0,0,0,0.465807830056292,0,2,0.4,0.4
0.3,6,2079.0,0,0,,0,0,0.3,0.4
0.3,6,2080.0,0,0,,0,0,0.3,0.3
0.3,6,2081.0,0,0,,0,0,0.3,0.3
0.3,6,2082.0,0,0,,0,0,0.3,0.3
0.3,6,2083.0,0,0,,0,0,0.2,0.3
0.3,6,2084.0,0,0,,0,0,0.2,0.2
0.3,6,2085.0,0,0,0.0,1,1,0.3,0.3
0.3,6,2086.0,0,0,,0,0,0.2,0.3
0.3,6,2087.0,0,0,,0,0,0.1,0.3
0.3,6,2088.0,0,0,,0,0,0.1,0.1
0.3,6,2089.0,0,1,,1,0,0.2,0.1
0.3,6,2090.0,1,2,0.0,2,1,0.4,0.2
0.3,6,2091.0,0,1,0.0,0,1,0.4,0.3
0.3,6,2092.0,0,1,,0,0,0.4,0.3
0.3,6,2093.0,1,2,,1,0,0.5,0.3
0.3,6,2094.0,0,1,0.49244393695380495,0,1,0.5,0.4
0.3,6,2095.0,0,0,1.3506102527226176,0,1,0.4,0.4
0.3,6,2096.0,0,0,0.0,1,1,0.5,0.5
0.3,6,2097.0,0,0,,0,0,0.5,0.5
0.3,6,2098.0,0,1,,1,0,0.6,0.5
0.3,6,2099.0,0,0,0.0,0,1,0.5,0.6
0.3,6,2100.0,0,0,,0,0,0.3,0.5
0.3,6,2101.0,0,1,,1,0,0.4,0.4
0.3,6,2102.0,0,1,0.0,1,1,0.5,0.5
0.3,6,2103.0,0,0,0.0,0,1,0.4,0.6
0.3,6,2104.0,0,0,,0,0,0.4,0.5
0.3,6,2105.0,0,0,,0,0,0.4,0.4
0.3,6,2106.0,0,1,,1,0,0.4,0.3
0.3,6,2107.0,0,0,0.0,0,1,0.4,0.4
0.3,6,2108.0,0,0,,0,0,0.3,0.4
0.3,6,2109.0,0,0,,0,0,0.3,0.3
0.3,6,2110.0,0,0,,0,0,0.3,0.3
0.3,6,2111.0,0,0,0.0,1,1,0.3,0.4
0.3,6,2112.0,0,0,,0,0,0.2,0.3
0.3,6,2113.0,0,1,0.0,2,1,0.4,0.3
0.3,6,2114.0,0,0,0.0,0,1,0.4,0.4
0.3,6,2115.0,0,0,0.0,1,1,0.5,0.5
0.3,6,2116.0,0,0,0.0,1,1,0.5,0.6
0.3,6,2117.0,0,0,,0,0,0.5,0.5
0.3,6,2118.0,0,0,,0,0,0.5,0.5
0.3,6,2119.0,0,0,,0,0,0.5,0.5
0.3,6,2120.0,0,0,,0,0,0.5,0.5
0.3,6,2121.0,0,0,,0,0,0.4,0.4
0.3,6,2122.0,0,0,,0,0,0.4,0.4
0.3,6,2123.0,0,0,,0,0,0.2,0.3
0.3,6,2124.0,0,1,,1,0,0.3,0.2
0.3,6,2125.0,0,0,0.0,0,1,0.2,0.2
0.3,6,2126.0,0,0,,0,0,0.1,0.1
0.3,6,2127.0,0,0,,0,0,0.1,0.1
0.3,6,2128.0,0,0,0.0,1,1,0.2,0.2
0.3,6,2129.0,0,0,,0,0,0.2,0.2
0.3,6,2130.0,0,0,,0,0,0.2,0.2
0.3,6,2131.0,0,0,,0,0,0.2,0.2
0.3,6,2132.0,0,0,,0,0,0.2,0.2
0.3,6,2133.0,0,1,0.0,2,1,0.4,0.3
0.3,6,2134.0,0,0,0.0,0,1,0.3,0.4
0.3,6,2135.0,0,0,,0,0,0.3,0.3
0.3,6,2136.0,0,0,,0,0,0.3,0.3
0.3,6,2137.0,1,2,,2,0,0.5,0.3
0.3,6,2138.0,0,1,0.0,0,1,0.4,0.3
0.3,6,2139.0,0,1,,0,0,0.4,0.3
0.3,6,2140.0,0,0,0.4695917374169767,0,1,0.4,0.4
0.3,6,2141.0,0,0,,0,0,0.4,0.4
0.3,6,2142.0,0,1,,1,0,0.5,0.4
0.3,6,2143.0,0,1,,0,0,0.3,0.3
0.3,6,2144.0,0,0,0.0,0,1,0.3,0.3
0.3,6,2145.0,0,0,,0,0,0.3,0.3
0.3,6,2146.0,0,0,,0,0,0.3,0.3
0.3,6,2147.0,0,0,,0,0,0.1,0.3
0.3,6,2148.0,0,0,,0,0,0.1,0.2
0.3,6,2149.0,0,0,,0,0,0.1,0.2
0.3,6,2150.0,0,0,,0,0,0.1,0.1
0.3,6,2151.0,0,0,,0,0,0.1,0.1
0.3,6,2152.0,0,0,0.0,1,1,0.1,0.2
0.3,6,2153.0,0,0,,0,0,0.1,0.2
0.3,6,2154.0,0,0,0.0,1,1,0.2,0.2
0.3,6,2155.0,0,0,,0,0,0.2,0.2
0.3,6,2156.0,0,0,0.0,1,1,0.3,0.3
0.3,6,2157.0,0,1,,1,0,0.4,0.3
0.3,6,2158.0,0,1,,0,0,0.4,0.3
0.3,6,2159.0,0,0,0.0,0,1,0.4,0.4
0.3,6,2160.0,0,1,,1,0,0.5,0.4
0.3,6,2161.0,0,0,0.053174401186652176,1,2,0.6,0.6
0.3,6,2162.0,0,0,,0,0,0.5,0.5
0.3,6,2163.0,0,0,,0,0,0.5,0.5
0.3,6,2164.0,0,1,,1,0,0.5,0.4
0.3,6,2165.0,0,1,,0,0,0.5,0.4
0.3,6,2166.0,0,1,,0,0,0.4,0.3
0.3,6,2167.0,0,1,,0,0,0.3,0.3
0.3,6,2168.0,0,1,,0,0,0.3,0.3
0.3,6,2169.0,1,2,,1,0,0.4,0.2
0.3,6,2170.0,0,0,0.22717364346476643,0,2,0.3,0.4
0.3,6,2171.0,0,1,,1,0,0.3,0.2
0.3,6,2172.0,0,0,0.0,0,1,0.3,0.3
0.3,6,2173.0,0,0,,0,0,0.3,0.3
0.3,6,2174.0,0,0,,0,0,0.2,0.3
0.3,6,2175.0,0,0,,0,0,0.2,0.3
0.3,6,2176.0,0,0,,0,0,0.2,0.3
0.3,6,2177.0,0,0,,0,0,0.2,0.3
0.3,6,2178.0,0,0,,0,0,0.2,0.3
0.3,6,2179.0,0,0,,0,0,0.1,0.3
0.3,6,2180.0,0,0,,0,0,0.1,0.1
0.3,6,2181.0,0,1,,1,0,0.1,0.1
0.3,6,2182.0,0,1,,0,0,0.1,0.0
0.3,6,2183.0,0,0,0.0,0,1,0.1,0.1
0.3,6,2184.0,0,0,,0,0,0.1,0.1
0.3,6,2185.0,0,0,,0,0,0.1,0.1
0.3,6,2186.0,0,0,,0,0,0.1,0.1
0.3,6,2187.0,0,0,0.0,1,1,0.2,0.2
0.3,6,2188.0,0,0,,0,0,0.2,0.2
0.3,6,2189.0,0,0,,0,0,0.2,0.2
0.3,6,2190.0,0,0,,0,0,0.2,0.2
0.3,6,2191.0,0,0,,0,0,0.1,0.2
0.3,6,2192.0,0,1,,1,0,0.2,0.2
0.3,6,2193.0,0,0,0.0,0,1,0.2,0.2
0.3,6,2194.0,0,0,0.0,1,1,0.3,0.3
0.3,6,2195.0,0,0,,0,0,0.3,0.3
0.3,6,2196.0,0,0,,0,0,0.3,0.3
0.3,6,2197.0,0,1,,1,0,0.3,0.2
0.3,6,2198.0,0,1,,0,0,0.3,0.2
0.3,6,2199.0,0,0,0.0,0,1,0.3,0.3
0.3,6,2200.0,0,1,,1,0,0.4,0.3
0.3,6,2201.0,0,0,0.0,0,1,0.4,0.4
0.3,6,2202.0,0,0,,0,0,0.3,0.4
0.3,6,2203.0,0,1,,1,0,0.4,0.3
0.3,6,2204.0,0,0,0.0,0,1,0.3,0.3
0.3,6,2205.0,0,0,,0,0,0.3,0.3
0.3,6,2206.0,0,0,,0,0,0.3,0.3
0.3,6,2207.0,0,0,,0,0,0.2,0.3
0.3,6,2208.0,0,0,,0,0,0.2,0.3
0.3,6,2209.0,0,0,0.0,1,1,0.3,0.3
0.3,6,2210.0,0,0,,0,0,0.2,0.3
0.3,6,2211.0,0,0,,0,0,0.2,0.2
0.3,6,2212.0,0,0,,0,0,0.2,0.2
0.3,6,2213.0,0,0,,0,0,0.1,0.2
0.3,6,2214.0,0,1,,1,0,0.2,0.1
0.3,6,2215.0,0,1,,0,0,0.2,0.1
0.3,6,2216.0,0,0,0.0,0,1,0.2,0.2
0.3,6,2217.0,0,0,,0,0,0.2,0.2
0.3,6,2218.0,0,0,,0,0,0.2,0.2
0.3,6,2219.0,0,0,,0,0,0.1,0.1
0.3,6,2220.0,0,0,,0,0,0.1,0.1
0.3,6,2221.0,0,0,,0,0,0.1,0.1
0.3,6,2222.0,0,0,,0,0,0.1,0.1
0.3,6,2223.0,0,0,0.0,2,2,0.3,0.3
0.3,6,2224.0,0,0,,0,0,0.2,0.3
0.3,6,2225.0,0,0,,0,0,0.2,0.3
0.3,6,2226.0,0,0,,0,0,0.2,0.2
0.3,6,2227.0,0,0,,0,0,0.2,0.2
0.3,6,2228.0,0,0,,0,0,0.2,0.2
0.3,6,2229.0,0,0,,0,0,0.2,0.2
0.3,6,2230.0,0,1,,1,0,0.3,0.2
0.3,6,2231.0,0,0,0.0,0,1,0.3,0.3
0.3,6,2232.0,0,0,,0,0,0.3,0.3
0.3,6,2233.0,0,0,,0,0,0.1,0.1
0.3,6,2234.0,0,1,,1,0,0.2,0.1
0.3,6,2235.0,0,1,,0,0,0.2,0.1
0.3,6,2236.0,0,1,,0,0,0.2,0.1
0.3,6,2237.0,0,1,,0,0,0.2,0.1
0.3,6,2238.0,0,0,0.0,0,1,0.2,0.2
0.3,6,2239.0,0,0,,0,0,0.2,0.2
0.3,6,2240.0,1,2,,2,0,0.3,0.2
0.3,6,2241.0,0,0,0.22360930103241117,0,2,0.3,0.3
0.3,6,2242.0,0,1,,1,0,0.4,0.3
0.3,6,2243.0,0,1,0.0,1,1,0.5,0.4
0.3,6,2244.0,0,0,0.3505307183841069,0,1,0.4,0.5
0.3,6,2245.0,0,1,,1,0,0.5,0.5
0.3,6,2246.0,0,0,0.0,0,1,0.5,0.6
0.3,6,2247.0,0,0,,0,0,0.5,0.6
0.3,6,2248.0,0,0,0.0,1,1,0.6,0.6
0.3,6,2249.0,0,0,,0,0,0.6,0.6
0.3,6,2250.0,0,0,,0,0,0.4,0.6
0.3,6,2251.0,0,1,,1,0,0.5,0.4
0.3,6,2252.0,0,0,0.0,0,1,0.4,0.5
0.3,6,2253.0,0,0,,0,0,0.3,0.4
0.3,6,2254.0,0,0,,0,0,0.3,0.3
0.3,6,2255.0,0,0,,0,0,0.2,0.3
0.3,6,2256.0,0,0,,0,0,0.2,0.2
0.3,6,2257.0,1,2,,2,0,0.4,0.2
0.3,6,2258.0,0,1,0.0,0,1,0.3,0.2
0.3,6,2259.0,0,0,0.715198672276756,1,2,0.4,0.4
0.3,6,2260.0,0,0,,0,0,0.4,0.4
0.3,6,2261.0,0,0,,0,0,0.3,0.4
0.3,6,2262.0,0,1,,1,0,0.4,0.3
0.3,6,2263.0,1,2,0.0,2,1,0.6,0.4
0.3,6,2264.0,2,3,,1,0,0.7,0.4
0.3,6,2265.0,0,1,1.0284088815617451,0,2,0.7,0.6
0.3,6,2266.0,0,0,1.5422522854260023,0,1,0.7,0.7
0.3,6,2267.0,0,0,,0,0,0.5,0.7
0.3,6,2268.0,0,0,,0,0,0.5,0.6
0.3,6,2269.0,0,0,,0,0,0.4,0.4
0.3,6,2270.0,0,0,,0,0,0.4,0.4
0.3,6,2271.0,0,0,,0,0,0.4,0.4
0.3,6,2272.0,0,0,0.0,1,1,0.4,0.5
0.3,6,2273.0,0,0,,0,0,0.2,0.4
0.3,6,2274.0,0,0,,0,0,0.1,0.4
0.3,6,2275.0,0,0,,0,0,0.1,0.2
0.3,6,2276.0,0,0,0.0,1,1,0.2,0.2
0.3,6,2277.0,0,0,0.0,1,1,0.3,0.3
0.3,6,2278.0,0,1,,1,0,0.4,0.3
0.3,6,2279.0,0,0,0.0,0,1,0.4,0.4
0.3,6,2280.0,0,0,,0,0,0.4,0.4
0.3,6,2281.0,0,0,,0,0,0.4,0.4
0.3,6,2282.0,0,0,,0,0,0.3,0.3
0.3,6,2283.0,0,0,,0,0,0.3,0.3
0.3,6,2284.0,0,0,,0,0,0.3,0.3
0.3,6,2285.0,0,1,,1,0,0.4,0.3
0.3,6,2286.0,0,1,,0,0,0.3,0.2
0.3,6,2287.0,0,0,0.0,0,1,0.2,0.2
0.3,6,2288.0,0,0,,0,0,0.1,0.2
0.3,6,2289.0,0,0,,0,0,0.1,0.1
0.3,6,2290.0,0,0,,0,0,0.1,0.1
0.3,6,2291.0,0,0,,0,0,0.1,0.1
0.3,6,2292.0,0,0,,0,0,0.1,0.1
0.3,6,2293.0,0,0,,0,0,0.1,0.1
0.3,6,2294.0,0,0,,0,0,0.1,0.1
0.3,6,2295.0,0,1,,1,0,0.1,0.1
0.3,6,2296.0,0,1,,0,0,0.1,0.1
0.3,6,2297.0,0,0,0.0,0,1,0.1,0.1
0.3,6,2298.0,0,0,,0,0,0.1,0.1
0.3,6,2299.0,0,0,,0,0,0.1,0.1
0.3,6,2300.0,0,0,,0,0,0.1,0.1
0.3,6,2301.0,0,0,,0,0,0.1,0.1
0.3,6,2302.0,0,1,,1,0,0.2,0.1
0.3,6,2303.0,0,0,0.0,0,1,0.2,0.2
0.3,6,2304.0,0,0,0.0,1,1,0.3,0.3
0.3,6,2305.0,0,1,,1,0,0.3,0.3
0.3,6,2306.0,0,0,0.0,0,1,0.3,0.4
0.3,6,2307.0,1,2,0.0,3,1,0.6,0.4
0.3,6,2308.0,0,1,0.16338977224677365,1,2,0.7,0.6
0.3,6,2309.0,0,1,0.3834835849988849,1,1,0.8,0.7
0.3,6,2310.0,0,0,0.0,0,1,0.8,0.8
0.3,6,2311.0,0,0,,0,0,0.8,0.8
0.3,6,2312.0,0,0,,0,0,0.7,0.8
0.3,6,2313.0,0,0,,0,0,0.7,0.7
0.3,6,2314.0,0,0,,0,0,0.6,0.6
0.3,6,2315.0,0,0,,0,0,0.5,0.6
0.3,6,2316.0,0,0,,0,0,0.5,0.5
0.3,6,2317.0,0,0,0.0,1,1,0.3,0.5
0.3,6,2318.0,0,0,,0,0,0.2,0.3
0.3,6,2319.0,0,0,,0,0,0.1,0.2
0.3,6,2320.0,0,0,,0,0,0.1,0.1
0.3,6,2321.0,1,2,,2,0,0.3,0.1
0.3,6,2322.0,1,2,,0,0,0.3,0.1
0.3,6,2323.0,1,2,,0,0,0.3,0.1
0.3,6,2324.0,1,2,,0,0,0.3,0.1
0.3,6,2325.0,0,0,1.9249378031192919,0,2,0.3,0.3
0.3,6,2326.0,0,0,,0,0,0.3,0.3
0.3,6,2327.0,0,0,,0,0,0.2,0.2
0.3,6,2328.0,0,0,,0,0,0.2,0.2
0.3,6,2329.0,0,0,,0,0,0.2,0.2
0.3,6,2330.0,0,0,,0,0,0.2,0.2
0.3,6,2331.0,0,0,,0,0,0.0,0.2
0.3,6,2332.0,0,0,,0,0,0.0,0.2
0.3,6,2333.0,0,0,,0,0,0.0,0.2
0.3,6,2334.0,0,0,,0,0,0.0,0.2
0.3,6,2335.0,0,0,,0,0,0.0,0.0
0.3,6,2336.0,0,0,,0,0,0.0,0.0
0.3,6,2337.0,0,1,,1,0,0.1,0.0
0.3,6,2338.0,0,1,,0,0,0.1,0.0
0.3,6,2339.0,0,0,0.0,0,1,0.1,0.1
0.3,6,2340.0,0,0,,0,0,0.1,0.1
0.3,6,2341.0,0,1,,1,0,0.2,0.1
0.3,6,2342.0,0,0,0.0,0,1,0.2,0.2
0.3,6,2343.0,0,0,,0,0,0.2,0.2
0.3,6,2344.0,0,1,,1,0,0.3,0.2
0.3,6,2345.0,0,0,0.0,0,1,0.3,0.3
0.3,6,2346.0,0,1,0.0,2,1,0.5,0.4
0.3,6,2347.0,0,1,0.0,1,1,0.5,0.5
0.3,6,2348.0,0,1,0.0,1,1,0.6,0.6
0.3,6,2349.0,0,1,,0,0,0.6,0.5
0.3,6,2350.0,0,0,0.15759615701153962,1,2,0.7,0.7
0.3,6,2351.0,0,0,,0,0,0.6,0.7
0.3,6,2352.0,0,0,,0,0,0.6,0.6
0.3,6,2353.0,0,0,,0,0,0.6,0.6
0.3,6,2354.0,0,0,,0,0,0.5,0.6
0.3,6,2355.0,0,0,,0,0,0.5,0.5
0.3,6,2356.0,0,0,0.0,1,1,0.4,0.5
0.3,6,2357.0,0,0,,0,0,0.3,0.4
0.3,6,2358.0,0,0,0.0,1,1,0.3,0.4
0.3,6,2359.0,0,0,,0,0,0.3,0.4
0.3,6,2360.0,0,1,,1,0,0.3,0.2
0.3,6,2361.0,1,2,,1,0,0.4,0.2
0.3,6,2362.0,0,1,0.0,0,1,0.4,0.3
0.3,6,2363.0,0,1,,0,0,0.4,0.3
0.3,6,2364.0,0,0,0.5237078972120344,1,2,0.5,0.5
0.3,6,2365.0,0,0,,0,0,0.5,0.5
0.3,6,2366.0,0,0,,0,0,0.4,0.4
0.3,6,2367.0,0,0,,0,0,0.4,0.4
0.3,6,2368.0,0,0,,0,0,0.3,0.3
0.3,6,2369.0,0,1,,1,0,0.4,0.3
0.3,6,2370.0,0,1,,0,0,0.3,0.3
0.3,6,2371.0,1,2,,1,0,0.3,0.3
0.3,6,2372.0,0,1,0.0,0,1,0.3,0.3
0.3,6,2373.0,0,0,0.3380139656510437,0,1,0.3,0.4
0.3,6,2374.0,0,0,,0,0,0.2,0.2
0.3,6,2375.0,0,0,,0,0,0.2,0.2
0.3,6,2376.0,0,0,,0,0,0.2,0.2
0.3,6,2377.0,0,0,,0,0,0.2,0.2
0.3,6,2378.0,0,0,,0,0,0.2,0.2
0.3,6,2379.0,0,0,,0,0,0.1,0.2
0.3,6,2380.0,0,0,,0,0,0.1,0.2
0.3,6,2381.0,0,0,,0,0,0.0,0.2
0.3,6,2382.0,0,1,,1,0,0.1,0.1
0.3,6,2383.0,0,0,0.09245928708492102,1,2,0.2,0.2
0.3,6,2384.0,0,1,,1,0,0.3,0.2
0.3,6,2385.0,0,0,0.0,0,1,0.3,0.3
0.3,6,2386.0,1,2,,2,0,0.5,0.3
0.3,6,2387.0,2,3,,1,0,0.6,0.3
0.3,6,2388.0,2,3,0.0,1,1,0.7,0.4
0.3,6,2389.0,2,3,,0,0,0.7,0.4
0.3,6,2390.0,3,4,,1,0,0.8,0.4
0.3,6,2391.0,2,3,2.2017586827250852,0,1,0.8,0.5
0.3,6,2392.0,0,1,3.8796493897123128,0,2,0.7,0.7
0.3,6,2393.0,0,1,,0,0,0.6,0.5
0.3,6,2394.0,0,1,,0,0,0.5,0.5
0.3,6,2395.0,0,1,,0,0,0.5,0.4
0.3,6,2396.0,0,1,,0,0,0.3,0.4
0.3,6,2397.0,0,1,,0,0,0.2,0.4
0.3,6,2398.0,0,0,2.6822120909228033,0,1,0.1,0.4
0.3,6,2399.0,1,2,,2,0,0.3,0.4
0.3,6,2400.0,0,0,0.2015410442022585,0,2,0.2,0.6
0.3,6,2401.0,0,0,,0,0,0.2,0.5
0.3,6,2402.0,0,0,,0,0,0.2,0.3
0.3,6,2403.0,0,0,,0,0,0.2,0.3
0.3,6,2404.0,0,0,,0,0,0.2,0.3
0.3,6,2405.0,0,0,,0,0,0.2,0.3
0.3,6,2406.0,0,0,,0,0,0.2,0.3
0.3,6,2407.0,0,0,,0,0,0.2,0.3
0.3,6,2408.0,0,1,,1,0,0.3,0.2
0.3,6,2409.0,0,0,0.0,0,1,0.1,0.3
0.3,6,2410.0,0,0,0.0,1,1,0.2,0.2
0.3,6,2411.0,0,1,,1,0,0.3,0.2
0.3,6,2412.0,0,0,0.0,0,1,0.3,0.3
0.3,6,2413.0,0,0,,0,0,0.3,0.3
0.3,6,2414.0,0,0,,0,0,0.3,0.3
0.3,6,2415.0,0,0,,0,0,0.3,0.3
0.3,6,2416.0,0,0,0.0,1,1,0.4,0.4
0.3,6,2417.0,0,0,,0,0,0.4,0.4
0.3,6,2418.0,0,0,,0,0,0.3,0.4
0.3,6,2419.0,0,0,,0,0,0.3,0.3
0.3,6,2420.0,0,0,,0,0,0.2,0.2
0.3,6,2421.0,0,0,0.0,1,1,0.2,0.3
0.3,6,2422.0,0,0,,0,0,0.2,0.2
0.3,6,2423.0,0,1,,1,0,0.3,0.2
0.3,6,2424.0,0,0,0.0,0,1,0.3,0.3
0.3,6,2425.0,0,1,,1,0,0.4,0.3
0.3,6,2426.0,0,1,,0,0,0.3,0.2
0.3,6,2427.0,0,0,0.0,0,1,0.3,0.3
0.3,6,2428.0,0,1,,1,0,0.4,0.3
0.3,6,2429.0,0,1,,0,0,0.4,0.3
0.3,6,2430.0,0,1,,0,0,0.4,0.3
0.3,6,2431.0,0,1,,0,0,0.3,0.2
0.3,6,2432.0,0,1,,0,0,0.3,0.2
0.3,6,2433.0,1,2,,1,0,0.3,0.2
0.3,6,2434.0,0,1,0.0,0,1,0.3,0.2
0.3,6,2435.0,0,0,0.9414916111873026,0,1,0.2,0.3
0.3,6,2436.0,0,0,,0,0,0.2,0.3
0.3,6,2437.0,0,1,,1,0,0.3,0.2
0.3,6,2438.0,0,0,0.0,0,1,0.2,0.3
0.3,6,2439.0,0,0,,0,0,0.2,0.3
0.3,6,2440.0,0,0,0.0,1,1,0.3,0.4
0.3,6,2441.0,0,0,,0,0,0.3,0.4
0.3,6,2442.0,0,0,,0,0,0.3,0.4
0.3,6,2443.0,0,0,,0,0,0.2,0.4
0.3,6,2444.0,0,0,,0,0,0.2,0.3
0.3,6,2445.0,0,0,,0,0,0.2,0.2
0.3,6,2446.0,0,0,,0,0,0.2,0.2
0.3,6,2447.0,0,0,,0,0,0.1,0.2
0.3,6,2448.0,0,0,0.0,1,1,0.2,0.2
0.3,6,2449.0,0,0,,0,0,0.2,0.2
0.3,6,2450.0,0,0,0.0,1,1,0.2,0.2
0.3,6,2451.0,0,0,,0,0,0.2,0.2
0.3,6,2452.0,0,0,,0,0,0.2,0.2
0.3,6,2453.0,0,0,,0,0,0.2,0.2
0.3,6,2454.0,0,1,,1,0,0.3,0.2
0.3,6,2455.0,0,0,0.0,0,1,0.3,0.3
0.3,6,2456.0,0,0,,0,0,0.3,0.3
0.3,6,2457.0,0,0,,0,0,0.3,0.3
0.3,6,2458.0,0,0,0.03353889071354388,2,2,0.4,0.4
0.3,6,2459.0,0,0,,0,0,0.4,0.4
0.3,6,2460.0,0,0,,0,0,0.3,0.3
0.3,6,2461.0,0,0,,0,0,0.3,0.3
0.3,6,2462.0,0,1,,1,0,0.4,0.3
0.3,6,2463.0,1,2,,1,0,0.5,0.3
0.3,6,2464.0,1,2,0.0,1,1,0.5,0.4
0.3,6,2465.0,0,0,1.0797882642245895,0,2,0.5,0.5
0.3,6,2466.0,0,0,0.0,1,1,0.6,0.6
0.3,6,2467.0,0,0,,0,0,0.6,0.6
0.3,6,2468.0,0,0,,0,0,0.4,0.4
0.3,6,2469.0,0,1,,1,0,0.5,0.4
0.3,6,2470.0,1,2,,1,0,0.6,0.4
0.3,6,2471.0,1,2,0.0,1,1,0.7,0.5
0.3,6,2472.0,1,2,,0,0,0.6,0.5
0.3,6,2473.0,0,0,1.6515130836194203,0,2,0.5,0.7
0.3,6,2474.0,0,1,0.0,2,1,0.6,0.7
0.3,6,2475.0,0,0,0.5778702717207125,0,1,0.6,0.6
0.3,6,2476.0,0,0,0.0,1,1,0.6,0.6
0.3,6,2477.0,0,0,,0,0,0.6,0.6
0.3,6,2478.0,0,0,0.0,1,1,0.7,0.7
0.3,6,2479.0,0,0,,0,0,0.6,0.7
0.3,6,2480.0,0,0,,0,0,0.5,0.7
0.3,6,2481.0,0,0,,0,0,0.4,0.6
0.3,6,2482.0,0,0,,0,0,0.4,0.6
0.3,6,2483.0,0,0,,0,0,0.4,0.4
0.3,6,2484.0,0,0,,0,0,0.2,0.3
0.3,6,2485.0,0,0,,0,0,0.2,0.2
0.3,6,2486.0,0,0,,0,0,0.1,0.1
0.3,6,2487.0,0,0,,0,0,0.1,0.1
0.3,6,2488.0,0,1,,1,0,0.1,0.0
0.3,6,2489.0,0,0,0.0,0,1,0.1,0.1
0.3,6,2490.0,0,1,,1,0,0.2,0.1
0.3,6,2491.0,0,1,0.0,1,1,0.3,0.2
0.3,6,2492.0,1,2,0.0,2,1,0.5,0.3
0.3,6,2493.0,1,2,,0,0,0.5,0.3
0.3,6,2494.0,0,1,0.0,0,1,0.5,0.4
0.3,6,2495.0,1,2,2.373537981654863,2,1,0.7,0.5
0.3,6,2496.0,0,1,0.08890450529634109,0,1,0.7,0.6
0.3,6,2497.0,0,1,,0,0,0.7,0.6
0.3,6,2498.0,0,0,1.2586849295707907,0,1,0.6,0.7
0.3,6,2499.0,0,0,,0,0,0.6,0.6
0.3,6,2500.0,0,0,,0,0,0.5,0.6
0.3,6,2501.0,0,0,,0,0,0.4,0.5
0.3,6,2502.0,0,0,,0,0,0.2,0.4
0.3,6,2503.0,0,0,,0,0,0.2,0.4
0.3,6,2504.0,0,1,,1,0,0.3,0.3
0.3,6,2505.0,0,0,0.0,0,1,0.1,0.3
0.3,6,2506.0,0,0,0.0,1,1,0.2,0.3
0.3,6,2507.0,0,0,,0,0,0.2,0.3
0.3,6,2508.0,0,0,,0,0,0.2,0.2
0.3,6,2509.0,0,0,,0,0,0.2,0.2
0.3,6,2510.0,0,0,,0,0,0.2,0.2
0.3,6,2511.0,0,0,0.0,1,1,0.3,0.3
0.3,6,2512.0,0,0,,0,0,0.3,0.3
0.3,6,2513.0,0,0,,0,0,0.3,0.3
0.3,6,2514.0,0,0,,0,0,0.2,0.3
0.3,6,2515.0,0,0,,0,0,0.2,0.2
0.3,6,2516.0,0,0,,0,0,0.1,0.1
0.3,6,2517.0,0,0,,0,0,0.1,0.1
0.3,6,2518.0,0,0,,0,0,0.1,0.1
0.3,6,2519.0,0,0,,0,0,0.1,0.1
0.3,6,2520.0,0,0,,0,0,0.1,0.1
0.3,6,2521.0,0,0,,0,0,0.0,0.0
0.3,6,2522.0,0,0,,0,0,0.0,0.0
0.3,6,2523.0,0,0,,0,0,0.0,0.0
0.3,6,2524.0,0,0,0.0,1,1,0.1,0.1
0.3,6,2525.0,0,0,,0,0,0.1,0.1
0.3,6,2526.0,0,1,,1,0,0.2,0.1
0.3,6,2527.0,0,1,,0,0,0.2,0.1
0.3,6,2528.0,0,0,0.0,0,1,0.2,0.2
0.3,6,2529.0,0,0,0.0,1,1,0.3,0.3
0.3,6,2530.0,0,0,,0,0,0.3,0.3
0.3,6,2531.0,0,1,,1,0,0.4,0.3
0.3,6,2532.0,0,0,0.0,0,1,0.4,0.4
0.3,6,2533.0,0,0,,0,0,0.4,0.4
0.3,6,2534.0,0,0,0.0,1,1,0.4,0.4
0.3,6,2535.0,0,0,0.0,1,1,0.5,0.5
0.3,6,2536.0,0,0,0.0,1,1,0.5,0.6
0.3,6,2537.0,0,0,,0,0,0.5,0.6
0.3,6,2538.0,0,0,,0,0,0.5,0.5
0.3,6,2539.0,0,0,,0,0,0.4,0.4
0.3,6,2540.0,0,0,,0,0,0.4,0.4
0.3,6,2541.0,0,0,,0,0,0.3,0.4
0.3,6,2542.0,0,0,,0,0,0.3,0.3
0.3,6,2543.0,0,0,,0,0,0.3,0.3
0.3,6,2544.0,0,1,,1,0,0.3,0.2
0.3,6,2545.0,0,1,,0,0,0.2,0.1
0.3,6,2546.0,0,0,0.0,1,2,0.2,0.2
0.3,6,2547.0,0,0,,0,0,0.2,0.2
0.3,6,2548.0,0,0,,0,0,0.2,0.2
0.3,6,2549.0,0,0,,0,0,0.2,0.2
0.3,6,2550.0,0,0,,0,0,0.2,0.2
0.3,6,2551.0,0,1,,1,0,0.3,0.2
0.3,6,2552.0,1,2,,1,0,0.4,0.2
0.3,6,2553.0,0,0,0.282027228617153,0,2,0.4,0.4
0.3,6,2554.0,0,0,,0,0,0.3,0.4
0.3,6,2555.0,0,0,,0,0,0.3,0.4
0.3,6,2556.0,0,0,,0,0,0.2,0.2
0.3,6,2557.0,0,1,,1,0,0.3,0.2
0.3,6,2558.0,0,0,0.0,0,1,0.3,0.3
0.3,6,2559.0,0,0,,0,0,0.3,0.3
0.3,6,2560.0,0,0,,0,0,0.3,0.3
0.3,6,2561.0,0,0,,0,0,0.2,0.3
0.3,6,2562.0,0,0,,0,0,0.1,0.3
0.3,6,2563.0,0,0,0.0,1,1,0.2,0.2
0.3,6,2564.0,0,0,,0,0,0.2,0.2
0.3,6,2565.0,0,0,,0,0,0.2,0.2
0.3,6,2566.0,0,0,,0,0,0.2,0.2
0.3,6,2567.0,0,1,,1,0,0.2,0.2
0.3,6,2568.0,0,0,0.0,1,2,0.3,0.3
0.3,6,2569.0,0,0,,0,0,0.3,0.3
0.3,6,2570.0,0,0,,0,0,0.3,0.3
0.3,6,2571.0,0,0,,0,0,0.3,0.3
0.3,6,2572.0,0,0,,0,0,0.3,0.3
0.3,6,2573.0,0,0,,0,0,0.2,0.2
0.3,6,2574.0,0,0,,0,0,0.2,0.2
0.3,6,2575.0,0,0,,0,0,0.2,0.2
0.3,6,2576.0,0,1,,1,0,0.3,0.2
0.3,6,2577.0,0,1,,0,0,0.2,0.2
0.3,6,2578.0,0,0,0.0,0,1,0.1,0.1
0.3,6,2579.0,0,0,,0,0,0.1,0.1
0.3,6,2580.0,0,0,,0,0,0.1,0.1
0.3,6,2581.0,0,0,,0,0,0.1,0.1
0.3,6,2582.0,0,0,,0,0,0.1,0.1
0.3,6,2583.0,0,0,,0,0,0.1,0.1
0.3,6,2584.0,0,0,,0,0,0.1,0.1
0.3,6,2585.0,0,0,,0,0,0.1,0.1
0.3,6,2586.0,0,0,,0,0,0.0,0.1
0.3,6,2587.0,0,0,,0,0,0.0,0.1
0.3,6,2588.0,0,0,,0,0,0.0,0.0
0.3,6,2589.0,0,0,0.0,1,1,0.1,0.1
0.3,6,2590.0,0,1,,1,0,0.2,0.1
0.3,6,2591.0,0,1,0.0,1,1,0.3,0.2
0.3,6,2592.0,0,1,0.12811090265086023,1,1,0.4,0.3
0.3,6,2593.0,0,0,0.05895279146716348,0,1,0.4,0.4
0.3,6,2594.0,0,0,,0,0,0.4,0.4
0.3,6,2595.0,0,0,,0,0,0.4,0.4
0.3,6,2596.0,0,0,,0,0,0.4,0.4
0.3,6,2597.0,0,1,,1,0,0.5,0.4
0.3,6,2598.0,0,0,0.0,0,1,0.5,0.5
0.3,6,2599.0,0,0,,0,0,0.4,0.4
0.3,6,2600.0,0,0,,0,0,0.3,0.4
0.3,6,2601.0,0,0,,0,0,0.2,0.3
0.3,6,2602.0,0,0,,0,0,0.1,0.2
0.3,6,2603.0,0,0,0.0,1,1,0.2,0.2
0.3,6,2604.0,0,0,,0,0,0.2,0.2
0.3,6,2605.0,0,0,,0,0,0.2,0.2
0.3,6,2606.0,0,0,,0,0,0.2,0.2
0.3,6,2607.0,0,0,,0,0,0.1,0.2
0.3,6,2608.0,0,0,,0,0,0.1,0.1
0.3,6,2609.0,0,0,,0,0,0.1,0.1
0.3,6,2610.0,0,0,,0,0,0.1,0.1
0.3,6,2611.0,0,0,,0,0,0.1,0.1
0.3,6,2612.0,0,0,,0,0,0.1,0.1
0.3,6,2613.0,0,0,,0,0,0.0,0.0
0.3,6,2614.0,0,1,,1,0,0.1,0.0
0.3,6,2615.0,0,0,0.0,0,1,0.1,0.1
0.3,6,2616.0,0,0,0.0,1,1,0.2,0.2
0.3,6,2617.0,0,0,,0,0,0.2,0.2
0.3,6,2618.0,0,0,,0,0,0.2,0.2
0.3,6,2619.0,0,0,,0,0,0.2,0.2
0.3,6,2620.0,0,0,0.0,1,1,0.3,0.3
0.3,6,2621.0,0,0,,0,0,0.3,0.3
0.3,6,2622.0,0,1,,1,0,0.4,0.3
0.3,6,2623.0,0,0,0.0,0,1,0.4,0.4
0.3,6,2624.0,0,0,,0,0,0.3,0.4
0.3,6,2625.0,0,0,,0,0,0.3,0.3
0.3,6,2626.0,0,0,0.0,1,1,0.3,0.3
0.3,6,2627.0,0,0,,0,0,0.3,0.3
0.3,6,2628.0,0,0,,0,0,0.3,0.3
0.3,6,2629.0,0,1,,1,0,0.4,0.3
0.3,6,2630.0,0,1,,0,0,0.3,0.2
0.3,6,2631.0,0,1,0.0,1,1,0.4,0.3
0.3,6,2632.0,0,1,0.672085833602523,1,1,0.4,0.4
0.3,6,2633.0,0,0,0.17469645952769497,1,2,0.5,0.5
0.3,6,2634.0,0,0,,0,0,0.5,0.5
0.3,6,2635.0,0,1,,1,0,0.6,0.5
0.3,6,2636.0,0,0,0.0,0,1,0.5,0.5
0.3,6,2637.0,0,0,,0,0,0.5,0.5
0.3,6,2638.0,0,0,,0,0,0.5,0.5
0.3,6,2639.0,0,0,,0,0,0.4,0.5
0.3,6,2640.0,0,0,,0,0,0.4,0.5
0.3,6,2641.0,0,0,,0,0,0.3,0.4
0.3,6,2642.0,0,0,0.0,1,1,0.3,0.4
0.3,6,2643.0,0,0,,0,0,0.2,0.2
0.3,6,2644.0,0,1,,1,0,0.3,0.2
0.3,6,2645.0,0,0,0.0,0,1,0.2,0.3
0.3,6,2646.0,0,0,,0,0,0.2,0.2
0.3,6,2647.0,0,0,,0,0,0.2,0.2
0.3,6,2648.0,0,0,,0,0,0.2,0.2
0.3,6,2649.0,0,0,,0,0,0.2,0.2
0.3,6,2650.0,0,0,,0,0,0.2,0.2
0.3,6,2651.0,0,0,,0,0,0.2,0.2
0.3,6,2652.0,0,0,,0,0,0.1,0.1
0.3,6,2653.0,0,0,,0,0,0.1,0.1
0.3,6,2654.0,0,1,0.0,2,1,0.2,0.2
0.3,6,2655.0,0,0,0.0,0,1,0.2,0.2
0.3,6,2656.0,0,0,,0,0,0.2,0.2
0.3,6,2657.0,0,0,,0,0,0.2,0.2
0.3,6,2658.0,0,1,,1,0,0.3,0.2
0.3,6,2659.0,1,2,,1,0,0.4,0.2
0.3,6,2660.0,0,1,0.0,0,1,0.4,0.3
0.3,6,2661.0,0,1,0.16189506090995565,1,1,0.5,0.4
0.3,6,2662.0,1,2,,1,0,0.6,0.4
0.3,6,2663.0,0,0,0.4537607302579545,0,2,0.6,0.6
0.3,6,2664.0,0,1,,1,0,0.5,0.5
0.3,6,2665.0,0,0,0.023351387920911293,1,2,0.6,0.6
0.3,6,2666.0,0,0,,0,0,0.6,0.6
0.3,6,2667.0,0,0,,0,0,0.6,0.6
0.3,6,2668.0,0,0,,0,0,0.5,0.6
0.3,6,2669.0,0,0,,0,0,0.4,0.6
0.3,6,2670.0,0,0,,0,0,0.4,0.5
0.3,6,2671.0,0,0,,0,0,0.3,0.4
0.3,6,2672.0,0,0,0.0,1,1,0.3,0.5
0.3,6,2673.0,0,1,0.0,2,1,0.5,0.4
0.3,6,2674.0,0,1,,0,0,0.4,0.4
0.3,6,2675.0,0,1,,0,0,0.3,0.2
0.3,6,2676.0,0,1,,0,0,0.3,0.2
0.3,6,2677.0,0,1,,0,0,0.3,0.2
0.3,6,2678.0,0,0,0.0,0,1,0.3,0.3
0.3,6,2679.0,0,0,,0,0,0.3,0.3
0.3,6,2680.0,0,0,,0,0,0.3,0.3
0.3,6,2681.0,0,0,,0,0,0.3,0.3
0.3,6,2682.0,0,0,,0,0,0.2,0.2
0.3,6,2683.0,0,0,,0,0,0.0,0.1
0.3,6,2684.0,0,0,0.0,1,1,0.1,0.2
0.3,6,2685.0,0,0,,0,0,0.1,0.2
0.3,6,2686.0,0,0,,0,0,0.1,0.2
0.3,6,2687.0,0,0,,0,0,0.1,0.2
0.3,6,2688.0,0,0,,0,0,0.1,0.1
0.3,6,2689.0,0,0,,0,0,0.1,0.1
0.3,6,2690.0,0,1,,1,0,0.2,0.1
0.3,6,2691.0,0,1,,0,0,0.2,0.1
0.3,6,2692.0,0,0,0.0,0,1,0.2,0.2
0.3,6,2693.0,0,0,,0,0,0.2,0.2
0.3,6,2694.0,0,0,,0,0,0.1,0.1
0.3,6,2695.0,0,0,,0,0,0.1,0.1
0.3,6,2696.0,0,0,,0,0,0.1,0.1
0.3,6,2697.0,0,0,,0,0,0.1,0.1
0.3,6,2698.0,0,0,,0,0,0.1,0.1
0.3,6,2699.0,0,0,,0,0,0.1,0.1
0.3,6,2700.0,0,1,,1,0,0.1,0.1
0.3,6,2701.0,0,1,,0,0,0.1,0.1
0.3,6,2702.0,1,2,,1,0,0.2,0.0
0.3,6,2703.0,0,0,0.5864973771761015,0,2,0.2,0.2
0.3,6,2704.0,0,0,,0,0,0.2,0.2
0.3,6,2705.0,0,0,,0,0,0.2,0.2
0.3,6,2706.0,0,0,,0,0,0.2,0.2
0.3,6,2707.0,0,0,0.0,1,1,0.3,0.3
0.3,6,2708.0,0,0,0.0,1,1,0.4,0.4
0.3,6,2709.0,0,1,,1,0,0.5,0.4
0.3,6,2710.0,0,0,0.0,0,1,0.4,0.5
0.3,6,2711.0,0,0,,0,0,0.4,0.5
0.3,6,2712.0,0,0,,0,0,0.3,0.5
0.3,6,2713.0,0,1,0.0,2,1,0.5,0.4
0.3,6,2714.0,0,0,0.2315361396968001,0,1,0.5,0.5
0.3,6,2715.0,0,0,0.0,1,1,0.6,0.6
0.3,6,2716.0,0,1,,1,0,0.7,0.6
0.3,6,2717.0,0,1,0.0,1,1,0.7,0.6
0.3,6,2718.0,0,0,0.0,0,1,0.6,0.6
0.3,6,2719.0,0,0,,0,0,0.5,0.6
0.3,6,2720.0,0,0,,0,0,0.5,0.5
0.3,6,2721.0,0,1,,1,0,0.6,0.5
0.3,6,2722.0,0,0,0.0,0,1,0.6,0.6
0.3,6,2723.0,0,1,,1,0,0.5,0.5
0.3,6,2724.0,0,0,0.0,0,1,0.5,0.5
0.3,6,2725.0,0,0,,0,0,0.4,0.4
0.3,6,2726.0,0,0,,0,0,0.3,0.4
0.3,6,2727.0,0,0,,0,0,0.2,0.3
0.3,6,2728.0,0,1,,1,0,0.3,0.2
0.3,6,2729.0,0,1,0.0,1,1,0.4,0.3
0.3,6,2730.0,0,0,0.0,0,1,0.4,0.4
0.3,6,2731.0,0,0,,0,0,0.3,0.4
0.3,6,2732.0,0,0,,0,0,0.3,0.3
0.3,6,2733.0,0,1,,1,0,0.3,0.3
0.3,6,2734.0,0,0,0.0,0,1,0.3,0.3
0.3,6,2735.0,0,0,0.0,1,1,0.4,0.4
0.3,6,2736.0,0,1,,1,0,0.5,0.4
0.3,6,2737.0,0,0,0.2228578229564846,1,2,0.6,0.6
0.3,6,2738.0,0,0,,0,0,0.5,0.6
0.3,6,2739.0,0,0,,0,0,0.4,0.5
0.3,6,2740.0,0,1,,1,0,0.5,0.4
0.3,6,2741.0,0,0,0.0,0,1,0.5,0.5
0.3,6,2742.0,0,0,,0,0,0.5,0.5
0.3,6,2743.0,0,0,,0,0,0.4,0.5
0.3,6,2744.0,0,0,,0,0,0.4,0.4
0.3,6,2745.0,0,0,,0,0,0.3,0.3
0.3,6,2746.0,0,0,0.0,2,2,0.4,0.5
0.3,6,2747.0,0,0,,0,0,0.3,0.3
0.3,6,2748.0,0,0,,0,0,0.3,0.3
0.3,6,2749.0,0,0,,0,0,0.3,0.3
0.3,6,2750.0,0,0,,0,0,0.2,0.3
0.3,6,2751.0,0,0,,0,0,0.2,0.2
0.3,6,2752.0,0,0,,0,0,0.2,0.2
0.3,6,2753.0,0,0,0.0,1,1,0.3,0.3
0.3,6,2754.0,0,1,,1,0,0.4,0.3
0.3,6,2755.0,1,2,,1,0,0.5,0.3
0.3,6,2756.0,1,2,,0,0,0.3,0.1
0.3,6,2757.0,0,0,1.1478182336866212,0,2,0.3,0.3
0.3,6,2758.0,0,1,,1,0,0.4,0.3
0.3,6,2759.0,1,2,,1,0,0.5,0.3
0.3,6,2760.0,0,0,0.3311921530748805,1,3,0.6,0.6
0.3,6,2761.0,0,1,,1,0,0.7,0.6
0.3,6,2762.0,0,1,0.2116771202365726,2,2,0.9,0.8
0.3,6,2763.0,0,0,0.1920256273110681,1,2,0.9,0.9
0.3,6,2764.0,0,0,,0,0,0.8,0.9
0.3,6,2765.0,0,0,,0,0,0.7,0.9
0.3,6,2766.0,0,0,0.0,1,1,0.8,1.0
0.3,6,2767.0,0,0,,0,0,0.8,0.8
0.3,6,2768.0,0,0,,0,0,0.7,0.8
0.3,6,2769.0,0,1,,1,0,0.7,0.8
0.3,6,2770.0,0,0,0.0,0,1,0.6,0.6
0.3,6,2771.0,0,0,,0,0,0.5,0.6
0.3,6,2772.0,0,0,,0,0,0.3,0.4
0.3,6,2773.0,0,1,,1,0,0.3,0.2
0.3,6,2774.0,0,0,0.0,0,1,0.3,0.3
0.3,6,2775.0,0,0,,0,0,0.3,0.3
0.3,6,2776.0,0,0,0.0,1,1,0.3,0.3
0.3,6,2777.0,0,0,0.0,1,1,0.4,0.4
0.3,6,2778.0,0,0,,0,0,0.4,0.4
0.3,6,2779.0,0,0,,0,0,0.3,0.4
0.3,6,2780.0,0,0,,0,0,0.3,0.3
0.3,6,2781.0,0,1,,1,0,0.4,0.3
0.3,6,2782.0,0,0,0.0,0,1,0.4,0.4
0.3,6,2783.0,0,0,,0,0,0.3,0.4
0.3,6,2784.0,0,0,,0,0,0.3,0.3
0.3,6,2785.0,0,0,,0,0,0.3,0.3
0.3,6,2786.0,0,1,,1,0,0.3,0.2
0.3,6,2787.0,0,0,0.0,0,1,0.2,0.2
0.3,6,2788.0,0,0,,0,0,0.2,0.2
0.3,6,2789.0,0,0,,0,0,0.2,0.2
0.3,6,2790.0,0,0,,0,0,0.2,0.2
0.3,6,2791.0,0,0,,0,0,0.1,0.2
0.3,6,2792.0,0,0,,0,0,0.1,0.1
0.3,6,2793.0,0,0,,0,0,0.1,0.1
0.3,6,2794.0,0,0,,0,0,0.1,0.1
0.3,6,2795.0,0,0,,0,0,0.1,0.1
0.3,6,2796.0,0,0,,0,0,0.0,0.1
0.3,6,2797.0,0,0,,0,0,0.0,0.0
0.3,6,2798.0,0,0,,0,0,0.0,0.0
0.3,6,2799.0,0,0,,0,0,0.0,0.0
0.3,6,2800.0,0,1,,1,0,0.1,0.0
0.3,6,2801.0,1,2,,1,0,0.2,0.0
0.3,6,2802.0,2,3,,1,0,0.3,0.0
0.3,6,2803.0,2,3,,0,0,0.3,0.0
0.3,6,2804.0,2,3,0.0,1,1,0.4,0.1
0.3,6,2805.0,0,1,3.2591847748612963,0,2,0.4,0.3
0.3,6,2806.0,1,2,,1,0,0.5,0.3
0.3,6,2807.0,1,2,1.087960167635174,1,1,0.6,0.4
0.3,6,2808.0,1,2,,0,0,0.6,0.4
0.3,6,2809.0,0,0,1.4235966422697857,0,2,0.6,0.6
0.3,6,2810.0,0,0,,0,0,0.5,0.6
0.3,6,2811.0,0,0,,0,0,0.4,0.6
0.3,6,2812.0,0,0,,0,0,0.3,0.6
0.3,6,2813.0,0,1,,1,0,0.4,0.6
0.3,6,2814.0,0,0,0.0,0,1,0.3,0.6
0.3,6,2815.0,0,0,,0,0,0.3,0.4
0.3,6,2816.0,0,0,,0,0,0.2,0.4
0.3,6,2817.0,0,0,,0,0,0.1,0.3
0.3,6,2818.0,0,0,,0,0,0.1,0.3
0.3,6,2819.0,0,0,,0,0,0.1,0.1
0.3,6,2820.0,0,0,,0,0,0.1,0.1
0.3,6,2821.0,0,0,,0,0,0.1,0.1
0.3,6,2822.0,0,0,,0,0,0.1,0.1
0.3,6,2823.0,0,0,,0,0,0.0,0.1
0.3,6,2824.0,0,0,,0,0,0.0,0.0
0.3,6,2825.0,0,0,,0,0,0.0,0.0
0.3,6,2826.0,0,1,,1,0,0.1,0.0
0.3,6,2827.0,1,2,,1,0,0.2,0.0
0.3,6,2828.0,0,0,0.118390566943314,1,3,0.3,0.3
0.3,6,2829.0,0,0,,0,0,0.3,0.3
0.3,6,2830.0,0,0,,0,0,0.3,0.3
0.3,6,2831.0,0,0,,0,0,0.3,0.3
0.3,6,2832.0,0,0,0.0,1,1,0.4,0.4
0.3,6,2833.0,0,0,,0,0,0.4,0.4
0.3,6,2834.0,0,0,,0,0,0.4,0.4
0.3,6,2835.0,0,0,,0,0,0.4,0.4
0.3,6,2836.0,0,0,,0,0,0.3,0.4
0.3,6,2837.0,0,0,,0,0,0.2,0.4
0.3,6,2838.0,0,1,,1,0,0.2,0.1
0.3,6,2839.0,0,1,,0,0,0.2,0.1
0.3,6,2840.0,0,0,0.0,0,1,0.2,0.2
0.3,6,2841.0,0,0,,0,0,0.2,0.2
0.3,6,2842.0,0,0,,0,0,0.1,0.1
0.3,6,2843.0,0,0,0.0,1,1,0.2,0.2
0.3,6,2844.0,0,0,0.0,1,1,0.3,0.3
0.3,6,2845.0,0,0,,0,0,0.3,0.3
0.3,6,2846.0,0,0,,0,0,0.3,0.3
0.3,6,2847.0,0,0,,0,0,0.3,0.3
0.3,6,2848.0,0,1,,1,0,0.3,0.3
0.3,6,2849.0,0,0,0.0,0,1,0.3,0.4
0.3,6,2850.0,0,0,,0,0,0.3,0.3
0.3,6,2851.0,0,0,,0,0,0.3,0.3
0.3,6,2852.0,0,1,0.0,2,1,0.5,0.4
0.3,6,2853.0,0,0,0.030783577443344257,0,1,0.4,0.4
0.3,6,2854.0,0,0,,0,0,0.3,0.3
0.3,6,2855.0,0,0,,0,0,0.3,0.3
0.3,6,2856.0,0,1,,1,0,0.4,0.3
0.3,6,2857.0,1,2,,1,0,0.5,0.3
0.3,6,2858.0,0,1,0.0,0,1,0.4,0.4
0.3,6,2859.0,0,1,,0,0,0.4,0.3
0.3,6,2860.0,0,0,1.762084996275462,0,1,0.4,0.4
0.3,6,2861.0,0,0,,0,0,0.4,0.4
0.3,6,2862.0,0,0,,0,0,0.2,0.3
0.3,6,2863.0,0,1,,1,0,0.3,0.2
0.3,6,2864.0,0,1,0.0,1,1,0.4,0.3
0.3,6,2865.0,0,1,,0,0,0.4,0.3
0.3,6,2866.0,0,1,,0,0,0.3,0.3
0.3,6,2867.0,0,1,,0,0,0.2,0.3
0.3,6,2868.0,0,0,0.0,0,1,0.2,0.3
0.3,6,2869.0,0,1,,1,0,0.3,0.3
0.3,6,2870.0,0,1,,0,0,0.3,0.2
0.3,6,2871.0,0,0,0.0,0,1,0.3,0.3
0.3,6,2872.0,0,0,,0,0,0.3,0.3
0.3,6,2873.0,0,0,,0,0,0.2,0.3
0.3,6,2874.0,0,0,,0,0,0.1,0.2
0.3,6,2875.0,0,0,,0,0,0.1,0.2
0.3,6,2876.0,0,0,,0,0,0.1,0.2
0.3,6,2877.0,0,1,,1,0,0.2,0.2
0.3,6,2878.0,0,0,0.0,0,1,0.2,0.2
0.3,6,2879.0,0,0,,0,0,0.1,0.2
0.3,6,2880.0,0,0,,0,0,0.1,0.2
0.3,6,2881.0,0,0,,0,0,0.1,0.1
0.3,6,2882.0,0,0,,0,0,0.1,0.1
0.3,6,2883.0,0,0,,0,0,0.1,0.1
0.3,6,2884.0,0,0,,0,0,0.1,0.1
0.3,6,2885.0,0,1,0.0,2,1,0.3,0.2
0.3,6,2886.0,0,1,,0,0,0.3,0.2
0.3,6,2887.0,0,0,0.07471620013029678,1,2,0.3,0.4
0.3,6,2888.0,0,0,,0,0,0.3,0.3
0.3,6,2889.0,0,0,,0,0,0.3,0.3
0.3,6,2890.0,0,0,,0,0,0.3,0.3
0.3,6,2891.0,0,0,,0,0,0.3,0.3
0.3,6,2892.0,0,0,0.0,1,1,0.4,0.4
0.3,6,2893.0,0,0,,0,0,0.4,0.4
0.3,6,2894.0,0,0,0.0,1,1,0.5,0.5
0.3,6,2895.0,0,1,,1,0,0.4,0.4
0.3,6,2896.0,0,1,,0,0,0.4,0.4
0.3,6,2897.0,0,1,,0,0,0.3,0.2
0.3,6,2898.0,0,0,0.0,0,1,0.3,0.3
0.3,6,2899.0,1,2,,2,0,0.5,0.3
0.3,6,2900.0,2,3,,1,0,0.6,0.3
0.3,6,2901.0,2,3,,0,0,0.6,0.3
0.3,6,2902.0,3,4,,1,0,0.6,0.2
0.3,6,2903.0,2,3,0.0,0,1,0.6,0.3
0.3,6,2904.0,2,3,3.201052975800394,1,1,0.6,0.3
0.3,6,2905.0,3,4,,1,0,0.6,0.3
0.3,6,2906.0,2,3,4.493859398746736,0,1,0.6,0.4
0.3,6,2907.0,2,3,,0,0,0.6,0.4
0.3,6,2908.0,1,2,3.967804197398891,0,1,0.6,0.4
0.3,6,2909.0,0,1,3.909162292675319,0,1,0.4,0.5
0.3,6,2910.0,0,1,,0,0,0.3,0.5
0.3,6,2911.0,0,1,4.066977738880723,1,1,0.4,0.6
0.3,6,2912.0,0,1,,0,0,0.3,0.6
0.3,6,2913.0,0,0,0.0,0,1,0.3,0.6
0.3,6,2914.0,0,0,,0,0,0.2,0.5
0.3,6,2915.0,0,0,,0,0,0.1,0.5
0.3,6,2916.0,0,0,,0,0,0.1,0.4
0.3,6,2917.0,0,0,0.0,1,1,0.2,0.5
0.3,6,2918.0,0,0,,0,0,0.2,0.4
0.3,6,2919.0,0,0,,0,0,0.2,0.3
0.3,6,2920.0,0,0,,0,0,0.2,0.3
0.3,6,2921.0,0,1,,1,0,0.2,0.2
0.3,6,2922.0,1,2,,1,0,0.3,0.2
0.3,6,2923.0,0,1,0.0,0,1,0.3,0.2
0.3,6,2924.0,0,0,0.8176093233491883,0,1,0.3,0.3
0.3,6,2925.0,0,0,,0,0,0.3,0.3
0.3,6,2926.0,0,1,,1,0,0.4,0.3
0.3,6,2927.0,0,1,,0,0,0.3,0.2
0.3,6,2928.0,0,0,0.0,0,1,0.3,0.3
0.3,6,2929.0,0,0,,0,0,0.3,0.3
0.3,6,2930.0,0,0,,0,0,0.3,0.3
0.3,6,2931.0,0,0,0.0,1,1,0.3,0.4
0.3,6,2932.0,0,1,,1,0,0.3,0.4
0.3,6,2933.0,0,1,,0,0,0.3,0.3
0.3,6,2934.0,0,1,,0,0,0.3,0.2
0.3,6,2935.0,0,0,0.0,0,1,0.3,0.3
0.3,6,2936.0,0,0,,0,0,0.2,0.3
0.3,6,2937.0,0,0,,0,0,0.2,0.3
0.3,6,2938.0,0,0,0.0,1,1,0.3,0.3
0.3,6,2939.0,1,2,,2,0,0.5,0.3
0.3,6,2940.0,0,0,0.6888865446501313,0,2,0.5,0.5
0.3,6,2941.0,0,0,,0,0,0.4,0.4
0.3,6,2942.0,0,0,,0,0,0.3,0.4
0.3,6,2943.0,0,0,0.0,1,1,0.4,0.5
0.3,6,2944.0,0,0,,0,0,0.4,0.5
0.3,6,2945.0,0,0,,0,0,0.4,0.4
0.3,6,2946.0,0,0,0.0,1,1,0.5,0.5
0.3,6,2947.0,0,0,,0,0,0.5,0.5
0.3,6,2948.0,0,1,,1,0,0.5,0.4
0.3,6,2949.0,0,1,,0,0,0.3,0.4
0.3,6,2950.0,0,0,0.0,0,1,0.3,0.3
0.3,6,2951.0,0,0,,0,0,0.3,0.3
0.3,6,2952.0,0,0,,0,0,0.3,0.3
0.3,6,2953.0,0,0,,0,0,0.2,0.2
0.3,6,2954.0,0,0,,0,0,0.2,0.2
0.3,6,2955.0,0,0,,0,0,0.2,0.2
0.3,6,2956.0,0,0,,0,0,0.1,0.1
0.3,6,2957.0,0,0,,0,0,0.1,0.1
0.3,6,2958.0,0,1,,1,0,0.1,0.1
0.3,6,2959.0,0,0,0.0,0,1,0.1,0.2
0.3,6,2960.0,0,0,,0,0,0.1,0.1
0.3,6,2961.0,0,0,,0,0,0.1,0.1
0.3,6,2962.0,0,0,,0,0,0.1,0.1
0.3,6,2963.0,0,0,,0,0,0.1,0.1
0.3,6,2964.0,0,0,,0,0,0.1,0.1
0.3,6,2965.0,0,0,,0,0,0.1,0.1
0.3,6,2966.0,0,0,0.0,1,1,0.2,0.2
0.3,6,2967.0,0,0,,0,0,0.2,0.2
0.3,6,2968.0,0,0,0.0,1,1,0.2,0.3
0.3,6,2969.0,0,0,,0,0,0.2,0.2
0.3,6,2970.0,0,0,,0,0,0.2,0.2
0.3,6,2971.0,0,0,,0,0,0.2,0.2
0.3,6,2972.0,0,0,,0,0,0.2,0.2
0.3,6,2973.0,0,0,,0,0,0.2,0.2
0.3,6,2974.0,0,0,,0,0,0.2,0.2
0.3,6,2975.0,0,0,,0,0,0.2,0.2
0.3,6,2976.0,0,0,,0,0,0.1,0.1
0.3,6,2977.0,0,0,,0,0,0.1,0.1
0.3,6,2978.0,0,0,,0,0,0.0,0.0
0.3,6,2979.0,0,0,,0,0,0.0,0.0
0.3,6,2980.0,0,0,0.0,1,1,0.1,0.1
0.3,6,2981.0,0,0,,0,0,0.1,0.1
0.3,6,2982.0,0,0,,0,0,0.1,0.1
0.3,6,2983.0,0,0,,0,0,0.1,0.1
0.3,6,2984.0,0,1,,1,0,0.2,0.1
0.3,6,2985.0,0,1,,0,0,0.2,0.1
0.3,6,2986.0,1,2,,1,0,0.3,0.1
0.3,6,2987.0,0,0,0.44023280199121473,0,2,0.3,0.3
0.3,6,2988.0,0,0,,0,0,0.3,0.3
0.3,6,2989.0,1,2,,2,0,0.5,0.3
0.3,6,2990.0,0,1,0.0,0,1,0.4,0.3
0.3,6,2991.0,0,0,0.6946157071733978,0,1,0.4,0.4
0.3,6,2992.0,0,0,,0,0,0.4,0.4
0.3,6,2993.0,0,0,,0,0,0.4,0.4
0.3,6,2994.0,0,0,,0,0,0.3,0.4
0.3,6,2995.0,0,0,,0,0,0.3,0.4
0.3,6,2996.0,0,0,,0,0,0.2,0.4
0.3,6,2997.0,0,0,,0,0,0.2,0.2
0.3,6,2998.0,0,0,,0,0,0.2,0.2
0.3,6,2999.0,0,0,,0,0,0.0,0.2
0.3,6,3000.0,1,2,,2,0,0.2,0.1
0.3,7,1.0,0,0,,0,0,0.2,0.3
0.3,7,2.0,0,0,,0,0,0.2,0.2
0.3,7,3.0,0,0,,0,0,0.2,0.2
0.3,7,4.0,0,1,,1,0,0.2,0.2
0.3,7,5.0,0,1,,0,0,0.2,0.2
0.3,7,6.0,0,0,0.0,0,1,0.2,0.3
0.3,7,7.0,0,0,,0,0,0.2,0.2
0.3,7,8.0,0,0,,0,0,0.2,0.2
0.3,7,9.0,0,0,,0,0,0.1,0.1
0.3,7,10.0,0,0,,0,0,0.1,0.1
0.3,7,11.0,0,0,0.0,1,1,0.2,0.2
0.3,7,12.0,0,0,,0,0,0.2,0.2
0.3,7,13.0,0,0,,0,0,0.2,0.2
0.3,7,14.0,0,1,,1,0,0.2,0.2
0.3,7,15.0,0,0,0.0,0,1,0.2,0.3
0.3,7,16.0,0,1,,1,0,0.3,0.2
0.3,7,17.0,0,0,0.0,0,1,0.3,0.3
0.3,7,18.0,0,0,,0,0,0.3,0.3
0.3,7,19.0,0,0,,0,0,0.3,0.3
0.3,7,20.0,0,1,,1,0,0.4,0.3
0.3,7,21.0,0,0,0.0,0,1,0.3,0.3
0.3,7,22.0,0,0,,0,0,0.3,0.3
0.3,7,23.0,0,0,0.0,1,1,0.4,0.4
0.3,7,24.0,0,0,,0,0,0.3,0.4
0.3,7,25.0,0,0,0.0,1,1,0.4,0.4
0.3,7,26.0,0,1,0.0,2,1,0.5,0.5
0.3,7,27.0,0,0,0.3591425728095601,0,1,0.5,0.5
0.3,7,28.0,0,0,,0,0,0.5,0.5
0.3,7,29.0,0,0,,0,0,0.5,0.5
0.3,7,30.0,0,0,,0,0,0.4,0.5
0.3,7,31.0,0,0,0.0,1,1,0.5,0.5
0.3,7,32.0,0,0,0.0,1,1,0.6,0.6
0.3,7,33.0,0,0,,0,0,0.5,0.5
0.3,7,34.0,0,0,,0,0,0.5,0.5
0.3,7,35.0,0,0,,0,0,0.4,0.4
0.3,7,36.0,0,0,,0,0,0.2,0.3
0.3,7,37.0,0,0,,0,0,0.2,0.2
0.3,7,38.0,0,0,,0,0,0.2,0.2
0.3,7,39.0,0,0,,0,0,0.2,0.2
0.3,7,40.0,0,0,0.0,1,1,0.3,0.3
0.3,7,41.0,0,0,,0,0,0.2,0.2
0.3,7,42.0,0,0,,0,0,0.1,0.1
0.3,7,43.0,0,0,,0,0,0.1,0.1
0.3,7,44.0,0,0,,0,0,0.1,0.1
0.3,7,45.0,0,0,,0,0,0.1,0.1
0.3,7,46.0,0,0,,0,0,0.1,0.1
0.3,7,47.0,0,0,,0,0,0.1,0.1
0.3,7,48.0,0,1,,1,0,0.2,0.1
0.3,7,49.0,0,1,0.0,1,1,0.3,0.2
0.3,7,50.0,0,1,0.3490873392832725,1,1,0.3,0.2
0.3,7,51.0,2,3,,2,0,0.5,0.2
0.3,7,52.0,2,3,,0,0,0.5,0.2
0.3,7,53.0,2,3,,0,0,0.5,0.2
0.3,7,54.0,0,0,2.08863842434668,0,3,0.5,0.5
0.3,7,55.0,0,0,,0,0,0.5,0.5
0.3,7,56.0,0,0,,0,0,0.5,0.5
0.3,7,57.0,0,0,0.0,1,1,0.6,0.6
0.3,7,58.0,0,0,,0,0,0.5,0.6
0.3,7,59.0,0,1,,1,0,0.5,0.5
0.3,7,60.0,0,1,,0,0,0.4,0.4
0.3,7,61.0,0,1,,0,0,0.2,0.4
0.3,7,62.0,0,0,0.0,0,1,0.2,0.5
0.3,7,63.0,0,0,,0,0,0.2,0.5
0.3,7,64.0,0,0,,0,0,0.2,0.2
0.3,7,65.0,0,0,,0,0,0.2,0.2
0.3,7,66.0,0,0,,0,0,0.2,0.2
0.3,7,67.0,0,0,0.0,1,1,0.2,0.2
0.3,7,68.0,0,0,,0,0,0.2,0.2
0.3,7,69.0,0,1,,1,0,0.2,0.2
0.3,7,70.0,0,1,,0,0,0.2,0.2
0.3,7,71.0,0,0,0.0,1,2,0.3,0.4
0.3,7,72.0,0,0,,0,0,0.3,0.3
0.3,7,73.0,0,0,,0,0,0.3,0.3
0.3,7,74.0,0,0,,0,0,0.3,0.3
0.3,7,75.0,0,0,,0,0,0.3,0.3
0.3,7,76.0,0,0,,0,0,0.3,0.3
0.3,7,77.0,0,0,,0,0,0.2,0.2
0.3,7,78.0,0,0,0.0,1,1,0.3,0.3
0.3,7,79.0,0,0,,0,0,0.2,0.3
0.3,7,80.0,0,0,,0,0,0.2,0.3
0.3,7,81.0,0,0,,0,0,0.1,0.1
0.3,7,82.0,0,1,,1,0,0.2,0.1
0.3,7,83.0,0,1,0.0,1,1,0.3,0.2
0.3,7,84.0,0,0,0.0,0,1,0.3,0.3
0.3,7,85.0,0,1,,1,0,0.4,0.3
0.3,7,86.0,0,0,0.0,0,1,0.4,0.4
0.3,7,87.0,0,0,0.0,1,1,0.5,0.5
0.3,7,88.0,0,0,,0,0,0.4,0.4
0.3,7,89.0,0,1,0.0,2,1,0.6,0.5
0.3,7,90.0,0,1,,0,0,0.6,0.5
0.3,7,91.0,1,2,,1,0,0.7,0.5
0.3,7,92.0,0,0,0.4450219592379767,0,2,0.6,0.7
0.3,7,93.0,0,0,0.0,1,1,0.6,0.7
0.3,7,94.0,0,0,,0,0,0.6,0.6
0.3,7,95.0,0,0,,0,0,0.5,0.6
0.3,7,96.0,0,0,,0,0,0.5,0.5
0.3,7,97.0,0,0,,0,0,0.4,0.4
0.3,7,98.0,0,0,,0,0,0.4,0.4
0.3,7,99.0,0,0,,0,0,0.2,0.3
0.3,7,100.0,0,0,,0,0,0.2,0.3
0.3,7,101.0,0,0,,0,0,0.1,0.3
0.3,7,102.0,0,0,,0,0,0.1,0.1
0.3,7,103.0,0,0,,0,0,0.0,0.0
0.3,7,104.0,0,0,,0,0,0.0,0.0
0.3,7,105.0,0,0,,0,0,0.0,0.0
0.3,7,106.0,0,0,,0,0,0.0,0.0
0.3,7,107.0,0,1,0.0,2,1,0.2,0.1
0.3,7,108.0,1,2,,1,0,0.3,0.1
0.3,7,109.0,0,0,0.3221955022026748,0,2,0.3,0.3
0.3,7,110.0,0,0,,0,0,0.3,0.3
0.3,7,111.0,0,0,0.0,1,1,0.4,0.4
0.3,7,112.0,0,0,0.0,2,2,0.6,0.6
0.3,7,113.0,0,0,,0,0,0.6,0.6
0.3,7,114.0,0,1,0.011504806159052805,3,2,0.9,0.8
0.3,7,115.0,0,1,,0,0,0.9,0.8
0.3,7,116.0,0,1,,0,0,0.9,0.8
0.3,7,117.0,1,2,0.1699199175833428,2,1,0.9,0.8
0.3,7,118.0,2,3,,1,0,0.9,0.8
0.3,7,119.0,1,2,0.0,0,1,0.9,0.7
0.3,7,120.0,0,1,1.7278677473369157,0,1,0.9,0.8
0.3,7,121.0,0,1,2.7688730936815205,1,1,0.9,0.8
0.3,7,122.0,0,1,,0,0,0.7,0.6
0.3,7,123.0,0,1,,0,0,0.7,0.6
0.3,7,124.0,0,0,0.0,0,1,0.4,0.5
0.3,7,125.0,0,0,,0,0,0.4,0.5
0.3,7,126.0,0,0,0.0,1,1,0.5,0.6
0.3,7,127.0,0,1,,1,0,0.4,0.5
0.3,7,128.0,0,1,,0,0,0.3,0.5
0.3,7,129.0,0,1,,0,0,0.3,0.4
0.3,7,130.0,1,2,,1,0,0.4,0.3
0.3,7,131.0,1,2,,0,0,0.3,0.2
0.3,7,132.0,0,0,0.7681613020633336,0,2,0.3,0.4
0.3,7,133.0,0,0,,0,0,0.3,0.4
0.3,7,134.0,0,0,,0,0,0.3,0.3
0.3,7,135.0,0,1,,1,0,0.4,0.3
0.3,7,136.0,0,1,,0,0,0.3,0.2
0.3,7,137.0,0,1,,0,0,0.2,0.2
0.3,7,138.0,1,2,,1,0,0.3,0.2
0.3,7,139.0,0,0,0.2809012734777525,0,2,0.3,0.4
0.3,7,140.0,0,0,,0,0,0.2,0.4
0.3,7,141.0,0,0,,0,0,0.2,0.4
0.3,7,142.0,0,1,,1,0,0.3,0.2
0.3,7,143.0,0,1,,0,0,0.3,0.2
0.3,7,144.0,0,0,0.0,0,1,0.3,0.3
0.3,7,145.0,0,1,0.0,2,1,0.4,0.4
0.3,7,146.0,0,1,,0,0,0.4,0.4
0.3,7,147.0,0,0,0.058679945742369455,0,1,0.4,0.5
0.3,7,148.0,0,0,,0,0,0.3,0.5
0.3,7,149.0,0,0,,0,0,0.3,0.3
0.3,7,150.0,0,0,,0,0,0.3,0.3
0.3,7,151.0,0,1,,1,0,0.4,0.3
0.3,7,152.0,0,0,0.0,0,1,0.3,0.4
0.3,7,153.0,0,0,,0,0,0.3,0.4
0.3,7,154.0,0,0,,0,0,0.3,0.3
0.3,7,155.0,0,0,,0,0,0.1,0.2
0.3,7,156.0,0,0,,0,0,0.1,0.2
0.3,7,157.0,0,1,,1,0,0.2,0.1
0.3,7,158.0,0,0,0.0,0,1,0.2,0.2
0.3,7,159.0,0,1,,1,0,0.3,0.2
0.3,7,160.0,1,2,0.0,2,1,0.5,0.3
0.3,7,161.0,0,1,0.7024288994302594,1,2,0.5,0.5
0.3,7,162.0,0,0,0.0,0,1,0.5,0.5
0.3,7,163.0,0,0,,0,0,0.5,0.5
0.3,7,164.0,0,0,,0,0,0.5,0.5
0.3,7,165.0,0,0,,0,0,0.5,0.5
0.3,7,166.0,0,0,,0,0,0.5,0.5
0.3,7,167.0,0,0,,0,0,0.4,0.5
0.3,7,168.0,0,0,,0,0,0.4,0.4
0.3,7,169.0,0,1,,1,0,0.4,0.4
0.3,7,170.0,1,2,0.0,2,1,0.4,0.4
0.3,7,171.0,0,0,0.305182468864615,0,2,0.3,0.4
0.3,7,172.0,0,0,,0,0,0.3,0.3
0.3,7,173.0,0,1,,1,0,0.4,0.3
0.3,7,174.0,0,0,0.0,0,1,0.4,0.4
0.3,7,175.0,0,0,,0,0,0.4,0.4
0.3,7,176.0,0,1,,1,0,0.5,0.4
0.3,7,177.0,1,2,0.0,2,1,0.7,0.5
0.3,7,178.0,0,0,0.1824738124813905,0,2,0.7,0.7
0.3,7,179.0,0,0,,0,0,0.6,0.7
0.3,7,180.0,0,0,0.0,1,1,0.5,0.7
0.3,7,181.0,0,0,0.0,1,1,0.6,0.6
0.3,7,182.0,0,0,,0,0,0.6,0.6
0.3,7,183.0,0,0,,0,0,0.5,0.6
0.3,7,184.0,0,0,,0,0,0.5,0.5
0.3,7,185.0,0,0,,0,0,0.5,0.5
0.3,7,186.0,0,0,,0,0,0.4,0.5
0.3,7,187.0,0,0,,0,0,0.2,0.4
0.3,7,188.0,0,0,,0,0,0.2,0.2
0.3,7,189.0,0,0,,0,0,0.2,0.2
0.3,7,190.0,0,1,,1,0,0.2,0.1
0.3,7,191.0,0,1,0.0,1,1,0.2,0.1
0.3,7,192.0,0,0,0.49811350862626114,0,1,0.2,0.2
0.3,7,193.0,0,0,,0,0,0.2,0.2
0.3,7,194.0,0,0,,0,0,0.2,0.2
0.3,7,195.0,0,0,,0,0,0.2,0.2
0.3,7,196.0,0,0,,0,0,0.2,0.2
0.3,7,197.0,0,0,,0,0,0.2,0.2
0.3,7,198.0,0,0,,0,0,0.2,0.2
0.3,7,199.0,0,0,,0,0,0.2,0.2
0.3,7,200.0,0,0,,0,0,0.1,0.2
0.3,7,201.0,0,0,,0,0,0.0,0.1
0.3,7,202.0,0,0,,0,0,0.0,0.0
0.3,7,203.0,0,0,,0,0,0.0,0.0
0.3,7,204.0,0,0,,0,0,0.0,0.0
0.3,7,205.0,0,0,,0,0,0.0,0.0
0.3,7,206.0,0,0,,0,0,0.0,0.0
0.3,7,207.0,0,0,,0,0,0.0,0.0
0.3,7,208.0,0,1,,1,0,0.1,0.0
0.3,7,209.0,2,3,,2,0,0.3,0.0
0.3,7,210.0,1,2,0.3510838887880823,1,2,0.4,0.2
0.3,7,211.0,2,3,,1,0,0.5,0.2
0.3,7,212.0,0,1,1.5376085962096226,0,2,0.5,0.4
0.3,7,213.0,0,1,,0,0,0.5,0.4
0.3,7,214.0,0,0,0.6501647780892768,0,1,0.5,0.5
0.3,7,215.0,0,0,,0,0,0.5,0.5
0.3,7,216.0,0,0,,0,0,0.5,0.5
0.3,7,217.0,0,0,0.0,1,1,0.6,0.6
0.3,7,218.0,0,0,,0,0,0.5,0.6
0.3,7,219.0,0,0,,0,0,0.3,0.6
0.3,7,220.0,0,0,,0,0,0.2,0.4
0.3,7,221.0,0,0,,0,0,0.1,0.4
0.3,7,222.0,0,0,,0,0,0.1,0.2
0.3,7,223.0,0,1,,1,0,0.2,0.2
0.3,7,224.0,0,1,,0,0,0.2,0.1
0.3,7,225.0,0,1,,0,0,0.2,0.1
0.3,7,226.0,0,1,,0,0,0.2,0.1
0.3,7,227.0,0,1,,0,0,0.1,0.0
0.3,7,228.0,0,0,0.0,0,1,0.1,0.1
0.3,7,229.0,0,0,,0,0,0.1,0.1
0.3,7,230.0,0,0,,0,0,0.1,0.1
0.3,7,231.0,0,0,,0,0,0.1,0.1
0.3,7,232.0,0,0,,0,0,0.1,0.1
0.3,7,233.0,0,0,0.0,1,1,0.1,0.2
0.3,7,234.0,0,0,,0,0,0.1,0.2
0.3,7,235.0,0,0,,0,0,0.1,0.2
0.3,7,236.0,0,0,,0,0,0.1,0.2
0.3,7,237.0,0,0,,0,0,0.1,0.2
0.3,7,238.0,0,1,,1,0,0.2,0.1
0.3,7,239.0,0,1,,0,0,0.2,0.1
0.3,7,240.0,0,1,,0,0,0.2,0.1
0.3,7,241.0,0,0,0.0,0,1,0.2,0.2
0.3,7,242.0,0,0,0.0,1,1,0.3,0.3
0.3,7,243.0,0,0,,0,0,0.2,0.2
0.3,7,244.0,0,0,,0,0,0.2,0.2
0.3,7,245.0,0,0,,0,0,0.2,0.2
0.3,7,246.0,0,0,,0,0,0.2,0.2
0.3,7,247.0,0,0,,0,0,0.2,0.2
0.3,7,248.0,0,1,,1,0,0.2,0.2
0.3,7,249.0,0,1,0.0,1,1,0.3,0.3
0.3,7,250.0,0,1,,0,0,0.3,0.3
0.3,7,251.0,0,0,0.0,0,1,0.3,0.3
0.3,7,252.0,0,0,,0,0,0.2,0.2
0.3,7,253.0,0,0,,0,0,0.2,0.2
0.3,7,254.0,0,0,,0,0,0.2,0.2
0.3,7,255.0,0,0,,0,0,0.2,0.2
0.3,7,256.0,0,0,,0,0,0.2,0.2
0.3,7,257.0,0,0,,0,0,0.2,0.2
0.3,7,258.0,0,0,,0,0,0.1,0.2
0.3,7,259.0,0,0,,0,0,0.0,0.1
0.3,7,260.0,0,0,0.0,1,1,0.1,0.2
0.3,7,261.0,0,0,,0,0,0.1,0.1
0.3,7,262.0,0,0,,0,0,0.1,0.1
0.3,7,263.0,0,1,,1,0,0.2,0.1
0.3,7,264.0,1,2,0.0,2,1,0.4,0.2
0.3,7,265.0,1,2,,0,0,0.4,0.2
0.3,7,266.0,0,1,0.0,0,1,0.4,0.3
0.3,7,267.0,0,0,2.2068179853434913,0,1,0.4,0.4
0.3,7,268.0,0,0,,0,0,0.4,0.4
0.3,7,269.0,0,0,,0,0,0.4,0.4
0.3,7,270.0,1,2,,2,0,0.5,0.3
0.3,7,271.0,1,2,0.0,1,1,0.6,0.4
0.3,7,272.0,0,1,0.4082676032198833,0,1,0.6,0.5
0.3,7,273.0,0,0,0.9125206014775813,0,1,0.5,0.6
0.3,7,274.0,1,2,,2,0,0.5,0.5
0.3,7,275.0,2,3,,1,0,0.6,0.5
0.3,7,276.0,2,3,,0,0,0.6,0.4
0.3,7,277.0,0,1,1.149316348651496,0,2,0.6,0.5
0.3,7,278.0,1,2,,1,0,0.7,0.5
0.3,7,279.0,0,1,1.694047920713274,0,1,0.7,0.6
0.3,7,280.0,0,1,,0,0,0.5,0.6
0.3,7,281.0,1,2,,1,0,0.5,0.5
0.3,7,282.0,1,2,,0,0,0.5,0.4
0.3,7,283.0,0,0,1.609432249020557,0,2,0.5,0.5
0.3,7,284.0,0,0,,0,0,0.3,0.5
0.3,7,285.0,0,0,,0,0,0.2,0.5
0.3,7,286.0,0,1,,1,0,0.3,0.5
0.3,7,287.0,0,1,,0,0,0.3,0.3
0.3,7,288.0,0,0,0.0,0,1,0.2,0.4
0.3,7,289.0,0,0,,0,0,0.2,0.3
0.3,7,290.0,0,1,,1,0,0.3,0.3
0.3,7,291.0,0,1,,0,0,0.2,0.3
0.3,7,292.0,0,1,,0,0,0.2,0.3
0.3,7,293.0,0,0,0.0,0,1,0.2,0.2
0.3,7,294.0,0,0,,0,0,0.2,0.2
0.3,7,295.0,0,0,,0,0,0.2,0.2
0.3,7,296.0,0,0,,0,0,0.1,0.2
0.3,7,297.0,0,0,,0,0,0.1,0.2
0.3,7,298.0,0,0,,0,0,0.1,0.1
0.3,7,299.0,0,0,,0,0,0.1,0.1
0.3,7,300.0,0,0,,0,0,0.0,0.1
0.3,7,301.0,0,1,,1,0,0.1,0.1
0.3,7,302.0,0,0,0.0,0,1,0.1,0.2
0.3,7,303.0,0,1,,1,0,0.2,0.1
0.3,7,304.0,0,0,0.0,0,1,0.2,0.2
0.3,7,305.0,0,0,,0,0,0.2,0.2
0.3,7,306.0,0,0,,0,0,0.2,0.2
0.3,7,307.0,0,0,,0,0,0.2,0.2
0.3,7,308.0,0,0,,0,0,0.2,0.2
0.3,7,309.0,0,0,0.0,2,2,0.4,0.4
0.3,7,310.0,1,2,,2,0,0.6,0.4
0.3,7,311.0,0,1,0.0,0,1,0.5,0.5
0.3,7,312.0,0,1,1.3031666167647131,1,1,0.6,0.5
0.3,7,313.0,0,0,0.0,0,1,0.5,0.6
0.3,7,314.0,0,1,,1,0,0.6,0.5
0.3,7,315.0,0,0,0.0,0,1,0.6,0.6
0.3,7,316.0,0,0,,0,0,0.6,0.6
0.3,7,317.0,0,0,,0,0,0.6,0.6
0.3,7,318.0,0,0,,0,0,0.6,0.6
0.3,7,319.0,0,0,0.0,1,1,0.5,0.5
0.3,7,320.0,0,1,,1,0,0.4,0.5
0.3,7,321.0,0,1,0.0,1,1,0.5,0.5
0.3,7,322.0,0,0,0.4442052754205861,0,1,0.4,0.5
0.3,7,323.0,0,0,,0,0,0.4,0.4
0.3,7,324.0,0,0,,0,0,0.3,0.4
0.3,7,325.0,0,1,0.0,2,1,0.5,0.4
0.3,7,326.0,0,1,,0,0,0.5,0.4
0.3,7,327.0,0,1,0.39355010612996466,1,1,0.6,0.5
0.3,7,328.0,0,0,0.0,0,1,0.6,0.6
0.3,7,329.0,0,0,,0,0,0.5,0.5
0.3,7,330.0,0,0,,0,0,0.4,0.5
0.3,7,331.0,0,0,,0,0,0.3,0.4
0.3,7,332.0,0,1,,1,0,0.4,0.3
0.3,7,333.0,0,0,0.0,0,1,0.4,0.4
0.3,7,334.0,0,0,,0,0,0.4,0.4
0.3,7,335.0,0,0,,0,0,0.2,0.3
0.3,7,336.0,0,0,,0,0,0.2,0.3
0.3,7,337.0,0,0,0.0,1,1,0.2,0.3
0.3,7,338.0,0,0,,0,0,0.2,0.2
0.3,7,339.0,0,0,,0,0,0.2,0.2
0.3,7,340.0,0,0,,0,0,0.2,0.2
0.3,7,341.0,0,0,,0,0,0.2,0.2
0.3,7,342.0,0,0,,0,0,0.1,0.2
0.3,7,343.0,0,0,,0,0,0.1,0.1
0.3,7,344.0,0,0,,0,0,0.1,0.1
0.3,7,345.0,0,0,,0,0,0.1,0.1
0.3,7,346.0,0,1,,1,0,0.2,0.1
0.3,7,347.0,0,0,0.0,0,1,0.1,0.1
0.3,7,348.0,0,0,,0,0,0.1,0.1
0.3,7,349.0,0,0,,0,0,0.1,0.1
0.3,7,350.0,0,0,,0,0,0.1,0.1
0.3,7,351.0,0,0,,0,0,0.1,0.1
0.3,7,352.0,0,0,,0,0,0.1,0.1
0.3,7,353.0,0,0,,0,0,0.1,0.1
0.3,7,354.0,0,0,,0,0,0.1,0.1
0.3,7,355.0,0,0,0.0,1,1,0.2,0.2
0.3,7,356.0,0,0,,0,0,0.1,0.2
0.3,7,357.0,0,0,,0,0,0.1,0.1
0.3,7,358.0,0,0,,0,0,0.1,0.1
0.3,7,359.0,0,0,,0,0,0.1,0.1
0.3,7,360.0,0,0,,0,0,0.1,0.1
0.3,7,361.0,0,0,,0,0,0.1,0.1
0.3,7,362.0,0,1,,1,0,0.2,0.1
0.3,7,363.0,0,0,0.0,0,1,0.2,0.2
0.3,7,364.0,0,0,,0,0,0.2,0.2
0.3,7,365.0,0,0,,0,0,0.1,0.1
0.3,7,366.0,0,0,,0,0,0.1,0.1
0.3,7,367.0,0,0,,0,0,0.1,0.1
0.3,7,368.0,0,0,,0,0,0.1,0.1
0.3,7,369.0,0,0,0.0,1,1,0.2,0.2
0.3,7,370.0,0,0,,0,0,0.2,0.2
0.3,7,371.0,0,0,,0,0,0.2,0.2
0.3,7,372.0,0,0,,0,0,0.1,0.2
0.3,7,373.0,0,0,,0,0,0.1,0.1
0.3,7,374.0,0,0,,0,0,0.1,0.1
0.3,7,375.0,0,0,,0,0,0.1,0.1
0.3,7,376.0,0,0,0.0,1,1,0.2,0.2
0.3,7,377.0,0,1,,1,0,0.3,0.2
0.3,7,378.0,0,0,0.0,1,2,0.4,0.4
0.3,7,379.0,0,0,,0,0,0.3,0.3
0.3,7,380.0,0,0,0.0,1,1,0.4,0.4
0.3,7,381.0,0,0,,0,0,0.4,0.4
0.3,7,382.0,0,0,0.0,1,1,0.5,0.5
0.3,7,383.0,0,0,,0,0,0.5,0.5
0.3,7,384.0,0,0,,0,0,0.5,0.5
0.3,7,385.0,0,0,,0,0,0.5,0.5
0.3,7,386.0,0,0,,0,0,0.4,0.4
0.3,7,387.0,0,0,,0,0,0.3,0.4
0.3,7,388.0,0,0,,0,0,0.2,0.2
0.3,7,389.0,0,0,,0,0,0.2,0.2
0.3,7,390.0,0,0,,0,0,0.1,0.1
0.3,7,391.0,0,0,,0,0,0.1,0.1
0.3,7,392.0,0,1,,1,0,0.1,0.0
0.3,7,393.0,0,0,0.0,0,1,0.1,0.1
0.3,7,394.0,0,0,,0,0,0.1,0.1
0.3,7,395.0,1,2,,2,0,0.3,0.1
0.3,7,396.0,1,2,,0,0,0.3,0.1
0.3,7,397.0,2,3,,1,0,0.4,0.1
0.3,7,398.0,2,3,0.0,1,1,0.5,0.2
0.3,7,399.0,1,2,2.0279625667537857,0,1,0.5,0.3
0.3,7,400.0,0,0,1.9711165958530046,0,2,0.5,0.5
0.3,7,401.0,0,0,0.0,1,1,0.6,0.6
0.3,7,402.0,0,0,,0,0,0.5,0.6
0.3,7,403.0,0,0,,0,0,0.5,0.5
0.3,7,404.0,0,0,,0,0,0.5,0.5
0.3,7,405.0,0,0,,0,0,0.3,0.5
0.3,7,406.0,0,0,,0,0,0.3,0.5
0.3,7,407.0,0,0,,0,0,0.2,0.5
0.3,7,408.0,0,0,,0,0,0.1,0.4
0.3,7,409.0,0,0,,0,0,0.1,0.3
0.3,7,410.0,0,0,,0,0,0.1,0.1
0.3,7,411.0,0,0,,0,0,0.0,0.0
0.3,7,412.0,0,0,,0,0,0.0,0.0
0.3,7,413.0,0,0,,0,0,0.0,0.0
0.3,7,414.0,0,1,,1,0,0.1,0.0
0.3,7,415.0,0,1,,0,0,0.1,0.0
0.3,7,416.0,0,1,0.0,1,1,0.2,0.1
0.3,7,417.0,0,1,0.0,1,1,0.3,0.2
0.3,7,418.0,0,1,,0,0,0.3,0.2
0.3,7,419.0,0,0,0.0,0,1,0.3,0.3
0.3,7,420.0,0,0,,0,0,0.3,0.3
0.3,7,421.0,0,0,,0,0,0.3,0.3
0.3,7,422.0,0,0,,0,0,0.3,0.3
0.3,7,423.0,0,0,,0,0,0.3,0.3
0.3,7,424.0,0,0,,0,0,0.2,0.3
0.3,7,425.0,0,1,,1,0,0.3,0.3
0.3,7,426.0,0,1,0.0,2,2,0.4,0.4
0.3,7,427.0,0,0,0.0,0,1,0.3,0.4
0.3,7,428.0,0,0,,0,0,0.3,0.4
0.3,7,429.0,0,0,,0,0,0.3,0.3
0.3,7,430.0,0,0,,0,0,0.3,0.3
0.3,7,431.0,0,1,,1,0,0.4,0.3
0.3,7,432.0,0,1,0.0,1,1,0.5,0.4
0.3,7,433.0,0,1,0.0,1,1,0.6,0.5
0.3,7,434.0,0,0,0.0,0,1,0.6,0.6
0.3,7,435.0,0,0,,0,0,0.5,0.6
0.3,7,436.0,0,0,,0,0,0.3,0.4
0.3,7,437.0,0,0,,0,0,0.3,0.3
0.3,7,438.0,0,1,,1,0,0.4,0.3
0.3,7,439.0,0,1,0.0,1,1,0.5,0.4
0.3,7,440.0,0,0,0.0,0,1,0.5,0.5
0.3,7,441.0,0,0,,0,0,0.4,0.5
0.3,7,442.0,0,1,,1,0,0.4,0.4
0.3,7,443.0,0,0,0.0,0,1,0.3,0.4
0.3,7,444.0,0,0,,0,0,0.3,0.3
0.3,7,445.0,0,0,,0,0,0.3,0.3
0.3,7,446.0,0,0,,0,0,0.3,0.3
0.3,7,447.0,0,1,,1,0,0.4,0.3
0.3,7,448.0,1,2,,1,0,0.4,0.3
0.3,7,449.0,0,0,0.6315063505668377,0,2,0.3,0.4
0.3,7,450.0,0,0,0.0,1,1,0.4,0.4
0.3,7,451.0,0,0,,0,0,0.4,0.4
0.3,7,452.0,1,2,,2,0,0.5,0.4
0.3,7,453.0,0,1,0.13318838178435044,1,2,0.6,0.5
0.3,7,454.0,0,1,0.0,1,1,0.7,0.6
0.3,7,455.0,0,1,,0,0,0.7,0.6
0.3,7,456.0,0,1,,0,0,0.7,0.6
0.3,7,457.0,0,1,,0,0,0.6,0.6
0.3,7,458.0,0,1,,0,0,0.5,0.6
0.3,7,459.0,0,0,0.05407109431138224,1,2,0.6,0.6
0.3,7,460.0,0,0,,0,0,0.5,0.5
0.3,7,461.0,0,1,,1,0,0.6,0.5
0.3,7,462.0,0,0,0.0,0,1,0.4,0.6
0.3,7,463.0,0,1,,1,0,0.4,0.4
0.3,7,464.0,0,1,,0,0,0.3,0.3
0.3,7,465.0,0,0,0.0,0,1,0.3,0.4
0.3,7,466.0,0,0,0.0,1,1,0.4,0.5
0.3,7,467.0,0,0,,0,0,0.4,0.5
0.3,7,468.0,0,0,,0,0,0.4,0.5
0.3,7,469.0,0,0,,0,0,0.3,0.3
0.3,7,470.0,0,0,,0,0,0.3,0.3
0.3,7,471.0,0,0,,0,0,0.2,0.3
0.3,7,472.0,0,0,,0,0,0.2,0.2
0.3,7,473.0,0,1,,1,0,0.2,0.2
0.3,7,474.0,0,0,0.0,0,1,0.2,0.3
0.3,7,475.0,0,0,0.0,1,1,0.3,0.3
0.3,7,476.0,0,0,0.0,1,1,0.3,0.3
0.3,7,477.0,0,0,,0,0,0.3,0.3
0.3,7,478.0,0,0,,0,0,0.3,0.3
0.3,7,479.0,1,2,,2,0,0.5,0.3
0.3,7,480.0,0,0,0.09526140322230958,0,2,0.5,0.5
0.3,7,481.0,0,0,,0,0,0.5,0.5
0.3,7,482.0,0,0,,0,0,0.5,0.5
0.3,7,483.0,0,0,,0,0,0.4,0.5
0.3,7,484.0,0,0,,0,0,0.4,0.4
0.3,7,485.0,0,0,,0,0,0.3,0.3
0.3,7,486.0,0,0,,0,0,0.2,0.2
0.3,7,487.0,0,0,,0,0,0.2,0.2
0.3,7,488.0,0,0,,0,0,0.2,0.2
0.3,7,489.0,0,1,,1,0,0.1,0.2
0.3,7,490.0,0,0,0.0,0,1,0.1,0.1
0.3,7,491.0,0,0,,0,0,0.1,0.1
0.3,7,492.0,0,1,,1,0,0.2,0.1
0.3,7,493.0,0,0,0.0,0,1,0.2,0.2
0.3,7,494.0,0,0,,0,0,0.2,0.2
0.3,7,495.0,0,1,,1,0,0.3,0.2
0.3,7,496.0,0,1,,0,0,0.3,0.2
0.3,7,497.0,2,3,,2,0,0.5,0.2
0.3,7,498.0,2,3,0.0,1,1,0.6,0.3
0.3,7,499.0,2,3,0.8877352518353518,1,1,0.6,0.4
0.3,7,500.0,1,2,2.272519058408818,1,2,0.7,0.5
0.3,7,501.0,1,2,,0,0,0.7,0.5
0.3,7,502.0,0,1,0.7919137291646621,0,1,0.6,0.6
0.3,7,503.0,0,0,1.548272784554456,0,1,0.6,0.6
0.3,7,504.0,0,1,,1,0,0.7,0.6
0.3,7,505.0,0,0,0.0,0,1,0.6,0.7
0.3,7,506.0,0,0,,0,0,0.6,0.7
0.3,7,507.0,0,0,,0,0,0.4,0.7
0.3,7,508.0,0,0,,0,0,0.3,0.6
0.3,7,509.0,0,0,,0,0,0.2,0.5
0.3,7,510.0,0,0,,0,0,0.1,0.3
0.3,7,511.0,0,0,,0,0,0.1,0.3
0.3,7,512.0,0,0,,0,0,0.1,0.2
0.3,7,513.0,0,1,,1,0,0.2,0.1
0.3,7,514.0,0,1,,0,0,0.1,0.1
0.3,7,515.0,0,0,0.0,0,1,0.1,0.1
0.3,7,516.0,0,0,,0,0,0.1,0.1
0.3,7,517.0,0,1,,1,0,0.2,0.1
0.3,7,518.0,0,1,,0,0,0.2,0.1
0.3,7,519.0,0,1,,0,0,0.2,0.1
0.3,7,520.0,0,1,,0,0,0.2,0.1
0.3,7,521.0,0,0,0.0,0,1,0.2,0.2
0.3,7,522.0,0,0,,0,0,0.2,0.2
0.3,7,523.0,0,0,,0,0,0.1,0.2
0.3,7,524.0,0,0,,0,0,0.1,0.2
0.3,7,525.0,0,0,,0,0,0.1,0.1
0.3,7,526.0,0,0,,0,0,0.1,0.1
0.3,7,527.0,0,0,,0,0,0.0,0.1
0.3,7,528.0,0,0,,0,0,0.0,0.1
0.3,7,529.0,0,0,,0,0,0.0,0.1
0.3,7,530.0,0,0,,0,0,0.0,0.1
0.3,7,531.0,0,0,,0,0,0.0,0.0
0.3,7,532.0,0,0,,0,0,0.0,0.0
0.3,7,533.0,0,1,0.0,2,1,0.2,0.1
0.3,7,534.0,0,0,0.3724977635023379,0,1,0.2,0.2
0.3,7,535.0,0,0,,0,0,0.2,0.2
0.3,7,536.0,0,0,,0,0,0.2,0.2
0.3,7,537.0,0,0,,0,0,0.2,0.2
0.3,7,538.0,1,2,,2,0,0.4,0.2
0.3,7,539.0,0,0,0.1087187507932299,0,2,0.4,0.4
0.3,7,540.0,0,0,,0,0,0.4,0.4
0.3,7,541.0,0,0,,0,0,0.4,0.4
0.3,7,542.0,1,2,,2,0,0.6,0.4
0.3,7,543.0,1,2,,0,0,0.4,0.3
0.3,7,544.0,1,2,,0,0,0.4,0.2
0.3,7,545.0,0,0,1.2294290152185,0,2,0.4,0.4
0.3,7,546.0,0,1,,1,0,0.5,0.4
0.3,7,547.0,0,1,,0,0,0.5,0.4
0.3,7,548.0,0,0,0.0,0,1,0.3,0.5
0.3,7,549.0,0,0,0.0,1,1,0.4,0.4
0.3,7,550.0,0,0,,0,0,0.4,0.4
0.3,7,551.0,0,0,,0,0,0.4,0.4
0.3,7,552.0,0,0,,0,0,0.2,0.4
0.3,7,553.0,0,0,0.0,1,1,0.3,0.5
0.3,7,554.0,0,0,,0,0,0.3,0.5
0.3,7,555.0,0,0,,0,0,0.3,0.3
0.3,7,556.0,0,0,0.0,1,1,0.3,0.4
0.3,7,557.0,0,0,,0,0,0.3,0.4
0.3,7,558.0,0,0,,0,0,0.3,0.3
0.3,7,559.0,0,1,0.0,2,1,0.4,0.3
0.3,7,560.0,0,0,0.49245305743374956,0,1,0.4,0.4
0.3,7,561.0,0,0,,0,0,0.4,0.4
0.3,7,562.0,0,0,,0,0,0.4,0.4
0.3,7,563.0,0,0,,0,0,0.3,0.3
0.3,7,564.0,0,1,,1,0,0.4,0.3
0.3,7,565.0,0,1,0.0,1,1,0.5,0.4
0.3,7,566.0,0,0,0.1695138295841616,0,1,0.4,0.4
0.3,7,567.0,0,0,0.0,1,1,0.5,0.5
0.3,7,568.0,0,0,,0,0,0.5,0.5
0.3,7,569.0,0,1,,1,0,0.4,0.4
0.3,7,570.0,0,0,0.0,0,1,0.4,0.4
0.3,7,571.0,0,0,,0,0,0.4,0.4
0.3,7,572.0,0,0,,0,0,0.4,0.4
0.3,7,573.0,0,1,,1,0,0.5,0.4
0.3,7,574.0,0,0,0.0,0,1,0.4,0.5
0.3,7,575.0,0,0,,0,0,0.3,0.4
0.3,7,576.0,0,0,,0,0,0.3,0.3
0.3,7,577.0,0,0,,0,0,0.2,0.2
0.3,7,578.0,0,0,,0,0,0.2,0.2
0.3,7,579.0,0,0,,0,0,0.1,0.2
0.3,7,580.0,0,1,,1,0,0.2,0.1
0.3,7,581.0,0,1,,0,0,0.2,0.1
0.3,7,582.0,0,0,0.0,0,1,0.2,0.2
0.3,7,583.0,0,0,,0,0,0.1,0.2
0.3,7,584.0,0,0,,0,0,0.1,0.1
0.3,7,585.0,0,1,0.0,2,1,0.3,0.2
0.3,7,586.0,0,0,0.0,0,1,0.3,0.3
0.3,7,587.0,0,0,0.0,1,1,0.4,0.4
0.3,7,588.0,0,0,,0,0,0.4,0.4
0.3,7,589.0,0,0,0.0,1,1,0.5,0.5
0.3,7,590.0,0,0,,0,0,0.4,0.5
0.3,7,591.0,0,0,,0,0,0.4,0.5
0.3,7,592.0,0,0,,0,0,0.4,0.4
0.3,7,593.0,0,0,,0,0,0.4,0.4
0.3,7,594.0,0,0,,0,0,0.4,0.4
0.3,7,595.0,0,0,,0,0,0.2,0.3
0.3,7,596.0,0,0,,0,0,0.2,0.2
0.3,7,597.0,0,0,,0,0,0.1,0.1
0.3,7,598.0,0,1,,1,0,0.2,0.1
0.3,7,599.0,0,1,0.0,1,1,0.2,0.1
0.3,7,600.0,0,0,0.0,0,1,0.2,0.2
0.3,7,601.0,0,0,,0,0,0.2,0.2
0.3,7,602.0,0,0,,0,0,0.2,0.2
0.3,7,603.0,0,0,,0,0,0.2,0.2
0.3,7,604.0,0,0,,0,0,0.2,0.2
0.3,7,605.0,0,0,,0,0,0.2,0.2
0.3,7,606.0,0,0,,0,0,0.2,0.2
0.3,7,607.0,0,1,,1,0,0.3,0.2
0.3,7,608.0,0,0,0.0,1,2,0.3,0.4
0.3,7,609.0,0,0,,0,0,0.2,0.3
0.3,7,610.0,0,1,,1,0,0.3,0.2
0.3,7,611.0,0,1,,0,0,0.3,0.2
0.3,7,612.0,0,0,0.0,0,1,0.3,0.3
0.3,7,613.0,0,0,,0,0,0.3,0.3
0.3,7,614.0,0,0,0.0,1,1,0.4,0.4
0.3,7,615.0,0,1,,1,0,0.5,0.4
0.3,7,616.0,0,0,0.0,0,1,0.5,0.5
0.3,7,617.0,0,1,,1,0,0.5,0.5
0.3,7,618.0,1,2,0.0,2,1,0.6,0.4
0.3,7,619.0,1,2,,0,0,0.6,0.4
0.3,7,620.0,1,2,,0,0,0.5,0.4
0.3,7,621.0,0,1,0.20422314522579654,0,1,0.5,0.5
0.3,7,622.0,0,0,1.4464189135624679,1,2,0.6,0.6
0.3,7,623.0,0,0,,0,0,0.6,0.6
0.3,7,624.0,0,0,,0,0,0.5,0.5
0.3,7,625.0,0,0,,0,0,0.4,0.5
0.3,7,626.0,0,0,,0,0,0.4,0.4
0.3,7,627.0,0,1,,1,0,0.4,0.4
0.3,7,628.0,0,1,,0,0,0.2,0.3
0.3,7,629.0,2,3,,2,0,0.4,0.3
0.3,7,630.0,1,2,0.0,0,1,0.4,0.4
0.3,7,631.0,1,2,,0,0,0.4,0.3
0.3,7,632.0,1,2,,0,0,0.3,0.1
0.3,7,633.0,0,0,2.8876202704018397,0,2,0.3,0.3
0.3,7,634.0,0,0,,0,0,0.3,0.3
0.3,7,635.0,0,0,,0,0,0.3,0.3
0.3,7,636.0,0,0,,0,0,0.3,0.3
0.3,7,637.0,0,0,,0,0,0.2,0.3
0.3,7,638.0,0,0,,0,0,0.2,0.3
0.3,7,639.0,0,1,,1,0,0.1,0.3
0.3,7,640.0,0,0,0.0,0,1,0.1,0.3
0.3,7,641.0,0,0,,0,0,0.1,0.3
0.3,7,642.0,0,0,,0,0,0.1,0.3
0.3,7,643.0,0,0,,0,0,0.1,0.1
0.3,7,644.0,0,0,,0,0,0.1,0.1
0.3,7,645.0,0,0,,0,0,0.1,0.1
0.3,7,646.0,0,0,,0,0,0.1,0.1
0.3,7,647.0,0,0,,0,0,0.1,0.1
0.3,7,648.0,0,0,0.0,1,1,0.2,0.2
0.3,7,649.0,0,0,,0,0,0.1,0.2
0.3,7,650.0,0,0,,0,0,0.1,0.1
0.3,7,651.0,0,0,,0,0,0.1,0.1
0.3,7,652.0,0,1,,1,0,0.2,0.1
0.3,7,653.0,0,1,,0,0,0.2,0.1
0.3,7,654.0,0,1,,0,0,0.2,0.1
0.3,7,655.0,0,0,0.0,0,1,0.2,0.2
0.3,7,656.0,0,1,0.0,2,1,0.4,0.3
0.3,7,657.0,0,1,,0,0,0.4,0.3
0.3,7,658.0,0,0,0.0,0,1,0.3,0.3
0.3,7,659.0,0,0,,0,0,0.3,0.3
0.3,7,660.0,0,0,,0,0,0.3,0.3
0.3,7,661.0,0,0,,0,0,0.3,0.3
0.3,7,662.0,0,0,,0,0,0.2,0.3
0.3,7,663.0,0,0,,0,0,0.2,0.3
0.3,7,664.0,0,0,,0,0,0.2,0.3
0.3,7,665.0,0,0,,0,0,0.2,0.2
0.3,7,666.0,0,0,,0,0,0.0,0.1
0.3,7,667.0,0,0,,0,0,0.0,0.1
0.3,7,668.0,0,0,,0,0,0.0,0.0
0.3,7,669.0,0,0,,0,0,0.0,0.0
0.3,7,670.0,0,0,,0,0,0.0,0.0
0.3,7,671.0,0,0,,0,0,0.0,0.0
0.3,7,672.0,0,1,,1,0,0.1,0.0
0.3,7,673.0,0,0,0.0,0,1,0.1,0.1
0.3,7,674.0,0,0,,0,0,0.1,0.1
0.3,7,675.0,0,0,,0,0,0.1,0.1
0.3,7,676.0,0,1,,1,0,0.2,0.1
0.3,7,677.0,1,2,,1,0,0.3,0.1
0.3,7,678.0,1,2,,0,0,0.3,0.1
0.3,7,679.0,1,2,,0,0,0.3,0.1
0.3,7,680.0,0,1,0.0,0,1,0.3,0.2
0.3,7,681.0,0,0,3.4434048407131286,0,1,0.3,0.3
0.3,7,682.0,0,0,0.0,1,1,0.3,0.4
0.3,7,683.0,0,0,0.08000434608203477,2,2,0.5,0.5
0.3,7,684.0,0,0,,0,0,0.5,0.5
0.3,7,685.0,0,0,,0,0,0.5,0.5
0.3,7,686.0,0,0,0.0,1,1,0.5,0.6
0.3,7,687.0,0,0,,0,0,0.4,0.6
0.3,7,688.0,0,0,,0,0,0.4,0.6
0.3,7,689.0,0,0,,0,0,0.4,0.6
0.3,7,690.0,0,0,,0,0,0.4,0.5
0.3,7,691.0,0,0,,0,0,0.4,0.4
0.3,7,692.0,0,0,,0,0,0.3,0.3
0.3,7,693.0,0,0,,0,0,0.1,0.1
0.3,7,694.0,0,0,,0,0,0.1,0.1
0.3,7,695.0,0,0,,0,0,0.1,0.1
0.3,7,696.0,0,1,,1,0,0.1,0.0
0.3,7,697.0,0,0,0.0,0,1,0.1,0.1
0.3,7,698.0,0,0,,0,0,0.1,0.1
0.3,7,699.0,0,0,,0,0,0.1,0.1
0.3,7,700.0,0,0,,0,0,0.1,0.1
0.3,7,701.0,0,0,0.0,1,1,0.2,0.2
0.3,7,702.0,0,0,0.0,1,1,0.3,0.3
0.3,7,703.0,1,2,,2,0,0.5,0.3
0.3,7,704.0,1,2,0.0,1,1,0.6,0.4
0.3,7,705.0,0,0,1.0729937310614446,0,2,0.6,0.6
0.3,7,706.0,0,0,,0,0,0.5,0.6
0.3,7,707.0,0,0,,0,0,0.5,0.5
0.3,7,708.0,0,1,,1,0,0.6,0.5
0.3,7,709.0,0,0,0.0,0,1,0.6,0.6
0.3,7,710.0,0,0,,0,0,0.6,0.6
0.3,7,711.0,0,0,,0,0,0.5,0.5
0.3,7,712.0,1,2,,2,0,0.6,0.4
0.3,7,713.0,1,2,,0,0,0.4,0.4
0.3,7,714.0,1,2,,0,0,0.3,0.3
0.3,7,715.0,0,0,1.3019326470176225,0,2,0.3,0.3
0.3,7,716.0,0,0,,0,0,0.3,0.3
0.3,7,717.0,0,0,0.0,1,1,0.4,0.4
0.3,7,718.0,0,0,,0,0,0.3,0.4
0.3,7,719.0,0,1,,1,0,0.4,0.3
0.3,7,720.0,0,0,0.0,0,1,0.4,0.4
0.3,7,721.0,0,0,,0,0,0.4,0.4
0.3,7,722.0,0,0,,0,0,0.2,0.4
0.3,7,723.0,0,0,,0,0,0.2,0.4
0.3,7,724.0,0,0,,0,0,0.2,0.4
0.3,7,725.0,0,0,0.0,1,1,0.3,0.3
0.3,7,726.0,0,0,,0,0,0.3,0.3
0.3,7,727.0,0,0,,0,0,0.2,0.2
0.3,7,728.0,0,0,,0,0,0.2,0.2
0.3,7,729.0,0,0,,0,0,0.1,0.2
0.3,7,730.0,0,0,,0,0,0.1,0.1
0.3,7,731.0,0,0,,0,0,0.1,0.1
0.3,7,732.0,0,0,,0,0,0.1,0.1
0.3,7,733.0,0,0,,0,0,0.1,0.1
0.3,7,734.0,0,0,,0,0,0.1,0.1
0.3,7,735.0,0,0,,0,0,0.0,0.0
0.3,7,736.0,0,0,,0,0,0.0,0.0
0.3,7,737.0,0,0,,0,0,0.0,0.0
0.3,7,738.0,0,0,0.0,1,1,0.1,0.1
0.3,7,739.0,0,0,,0,0,0.1,0.1
0.3,7,740.0,0,0,,0,0,0.1,0.1
0.3,7,741.0,0,0,,0,0,0.1,0.1
0.3,7,742.0,0,0,,0,0,0.1,0.1
0.3,7,743.0,0,0,,0,0,0.1,0.1
0.3,7,744.0,0,0,,0,0,0.1,0.1
0.3,7,745.0,0,0,,0,0,0.1,0.1
0.3,7,746.0,0,0,,0,0,0.1,0.1
0.3,7,747.0,0,0,,0,0,0.1,0.1
0.3,7,748.0,0,0,,0,0,0.0,0.0
0.3,7,749.0,0,0,,0,0,0.0,0.0
0.3,7,750.0,0,0,,0,0,0.0,0.0
0.3,7,751.0,0,0,,0,0,0.0,0.0
0.3,7,752.0,0,0,,0,0,0.0,0.0
0.3,7,753.0,0,0,0.0,1,1,0.1,0.1
0.3,7,754.0,0,0,,0,0,0.1,0.1
0.3,7,755.0,0,0,,0,0,0.1,0.1
0.3,7,756.0,0,0,,0,0,0.1,0.1
0.3,7,757.0,0,0,,0,0,0.1,0.1
0.3,7,758.0,0,0,,0,0,0.1,0.1
0.3,7,759.0,0,0,,0,0,0.1,0.1
0.3,7,760.0,0,0,,0,0,0.1,0.1
0.3,7,761.0,0,0,,0,0,0.1,0.1
0.3,7,762.0,0,0,0.005810200428243206,2,2,0.3,0.3
0.3,7,763.0,0,0,,0,0,0.2,0.2
0.3,7,764.0,0,0,,0,0,0.2,0.2
0.3,7,765.0,0,0,,0,0,0.2,0.2
0.3,7,766.0,0,0,,0,0,0.2,0.2
0.3,7,767.0,0,0,,0,0,0.2,0.2
0.3,7,768.0,0,0,,0,0,0.2,0.2
0.3,7,769.0,0,0,,0,0,0.2,0.2
0.3,7,770.0,0,1,,1,0,0.3,0.2
0.3,7,771.0,0,1,,0,0,0.3,0.2
0.3,7,772.0,0,0,0.0,0,1,0.1,0.1
0.3,7,773.0,0,1,,1,0,0.2,0.1
0.3,7,774.0,0,1,,0,0,0.2,0.1
0.3,7,775.0,0,1,,0,0,0.2,0.1
0.3,7,776.0,0,0,0.0,0,1,0.2,0.2
0.3,7,777.0,0,0,,0,0,0.2,0.2
0.3,7,778.0,0,0,,0,0,0.2,0.2
0.3,7,779.0,0,1,,1,0,0.3,0.2
0.3,7,780.0,0,0,0.0,0,1,0.2,0.3
0.3,7,781.0,0,0,,0,0,0.2,0.3
0.3,7,782.0,0,0,,0,0,0.2,0.2
0.3,7,783.0,0,0,,0,0,0.1,0.2
0.3,7,784.0,0,0,,0,0,0.1,0.2
0.3,7,785.0,0,0,,0,0,0.1,0.2
0.3,7,786.0,0,0,,0,0,0.1,0.1
0.3,7,787.0,0,1,,1,0,0.2,0.1
0.3,7,788.0,1,2,,1,0,0.3,0.1
0.3,7,789.0,2,3,,1,0,0.3,0.1
0.3,7,790.0,0,1,0.8983437134467067,0,2,0.3,0.2
0.3,7,791.0,0,1,,0,0,0.3,0.2
0.3,7,792.0,0,0,1.7805273683804899,0,1,0.3,0.3
0.3,7,793.0,0,1,0.0,2,1,0.5,0.4
0.3,7,794.0,0,0,0.0,0,1,0.5,0.5
0.3,7,795.0,0,0,,0,0,0.5,0.5
0.3,7,796.0,0,0,,0,0,0.5,0.5
0.3,7,797.0,0,0,,0,0,0.4,0.5
0.3,7,798.0,0,0,,0,0,0.3,0.5
0.3,7,799.0,0,0,,0,0,0.2,0.5
0.3,7,800.0,0,1,,1,0,0.3,0.3
0.3,7,801.0,0,0,0.0,0,1,0.3,0.4
0.3,7,802.0,0,0,,0,0,0.3,0.3
0.3,7,803.0,0,0,,0,0,0.1,0.2
0.3,7,804.0,0,0,,0,0,0.1,0.1
0.3,7,805.0,0,0,,0,0,0.1,0.1
0.3,7,806.0,0,0,,0,0,0.1,0.1
0.3,7,807.0,1,2,,2,0,0.3,0.1
0.3,7,808.0,0,1,0.6099297003917172,1,2,0.4,0.3
0.3,7,809.0,0,0,0.3898030292200474,0,1,0.4,0.4
0.3,7,810.0,0,0,0.0,1,1,0.4,0.5
0.3,7,811.0,0,1,,1,0,0.5,0.4
0.3,7,812.0,0,0,0.0,0,1,0.5,0.5
0.3,7,813.0,0,0,,0,0,0.5,0.5
0.3,7,814.0,0,0,,0,0,0.5,0.5
0.3,7,815.0,0,0,,0,0,0.5,0.5
0.3,7,816.0,0,0,,0,0,0.5,0.5
0.3,7,817.0,0,0,,0,0,0.3,0.5
0.3,7,818.0,0,0,,0,0,0.2,0.3
0.3,7,819.0,0,0,,0,0,0.2,0.2
0.3,7,820.0,0,0,0.0,1,1,0.2,0.2
0.3,7,821.0,0,0,,0,0,0.1,0.2
0.3,7,822.0,0,0,,0,0,0.1,0.1
0.3,7,823.0,0,0,,0,0,0.1,0.1
0.3,7,824.0,0,0,,0,0,0.1,0.1
0.3,7,825.0,0,0,,0,0,0.1,0.1
0.3,7,826.0,0,0,,0,0,0.1,0.1
0.3,7,827.0,0,1,,1,0,0.2,0.1
0.3,7,828.0,0,1,,0,0,0.2,0.1
0.3,7,829.0,0,0,0.0,0,1,0.2,0.2
0.3,7,830.0,0,0,,0,0,0.1,0.1
0.3,7,831.0,0,0,,0,0,0.1,0.1
0.3,7,832.0,0,0,,0,0,0.1,0.1
0.3,7,833.0,0,0,,0,0,0.1,0.1
0.3,7,834.0,0,0,,0,0,0.1,0.1
0.3,7,835.0,0,0,,0,0,0.1,0.1
0.3,7,836.0,0,0,,0,0,0.1,0.1
0.3,7,837.0,0,0,,0,0,0.0,0.1
0.3,7,838.0,0,0,,0,0,0.0,0.1
0.3,7,839.0,0,0,,0,0,0.0,0.0
0.3,7,840.0,0,0,,0,0,0.0,0.0
0.3,7,841.0,0,0,,0,0,0.0,0.0
0.3,7,842.0,0,0,,0,0,0.0,0.0
0.3,7,843.0,0,0,0.0,1,1,0.1,0.1
0.3,7,844.0,0,1,,1,0,0.2,0.1
0.3,7,845.0,0,0,0.0,0,1,0.2,0.2
0.3,7,846.0,0,0,,0,0,0.2,0.2
0.3,7,847.0,0,1,,1,0,0.3,0.2
0.3,7,848.0,0,1,0.0,1,1,0.4,0.3
0.3,7,849.0,0,0,0.1373932453661837,0,1,0.4,0.4
0.3,7,850.0,0,1,0.0,2,1,0.6,0.5
0.3,7,851.0,0,1,,0,0,0.6,0.5
0.3,7,852.0,0,1,,0,0,0.6,0.5
0.3,7,853.0,0,0,0.2522171053328748,0,1,0.5,0.5
0.3,7,854.0,0,0,,0,0,0.4,0.5
0.3,7,855.0,0,0,,0,0,0.4,0.4
0.3,7,856.0,0,0,,0,0,0.4,0.4
0.3,7,857.0,0,0,,0,0,0.3,0.4
0.3,7,858.0,0,0,,0,0,0.2,0.3
0.3,7,859.0,0,0,,0,0,0.2,0.2
0.3,7,860.0,0,0,,0,0,0.0,0.1
0.3,7,861.0,0,0,,0,0,0.0,0.1
0.3,7,862.0,0,0,,0,0,0.0,0.1
0.3,7,863.0,0,0,,0,0,0.0,0.0
0.3,7,864.0,0,0,,0,0,0.0,0.0
0.3,7,865.0,0,0,0.0,1,1,0.1,0.1
0.3,7,866.0,0,0,,0,0,0.1,0.1
0.3,7,867.0,0,0,,0,0,0.1,0.1
0.3,7,868.0,0,1,,1,0,0.2,0.1
0.3,7,869.0,0,1,0.0,1,1,0.3,0.2
0.3,7,870.0,0,1,0.0,1,1,0.4,0.3
0.3,7,871.0,0,1,,0,0,0.4,0.3
0.3,7,872.0,1,2,0.48385193139574767,2,1,0.6,0.4
0.3,7,873.0,0,1,0.0,0,1,0.6,0.5
0.3,7,874.0,0,1,,0,0,0.6,0.5
0.3,7,875.0,0,0,0.7166103325603217,0,1,0.5,0.5
0.3,7,876.0,0,1,0.0,2,1,0.7,0.6
0.3,7,877.0,0,0,0.44303227956675073,0,1,0.7,0.7
0.3,7,878.0,0,1,0.0,2,1,0.8,0.8
0.3,7,879.0,0,1,,0,0,0.7,0.7
0.3,7,880.0,0,0,0.14033406740236387,0,1,0.6,0.7
0.3,7,881.0,0,0,,0,0,0.6,0.7
0.3,7,882.0,0,1,,1,0,0.5,0.6
0.3,7,883.0,0,0,0.0,0,1,0.5,0.6
0.3,7,884.0,0,0,0.0,1,1,0.6,0.7
0.3,7,885.0,0,0,,0,0,0.6,0.6
0.3,7,886.0,0,0,,0,0,0.4,0.5
0.3,7,887.0,0,1,,1,0,0.5,0.4
0.3,7,888.0,0,0,0.0,0,1,0.3,0.4
0.3,7,889.0,0,0,,0,0,0.3,0.4
0.3,7,890.0,0,0,,0,0,0.3,0.3
0.3,7,891.0,0,0,,0,0,0.3,0.3
0.3,7,892.0,0,0,,0,0,0.2,0.3
0.3,7,893.0,0,0,,0,0,0.2,0.2
0.3,7,894.0,0,0,,0,0,0.1,0.1
0.3,7,895.0,0,0,,0,0,0.1,0.1
0.3,7,896.0,0,0,,0,0,0.1,0.1
0.3,7,897.0,0,1,,1,0,0.1,0.1
0.3,7,898.0,1,2,,1,0,0.2,0.0
0.3,7,899.0,1,2,,0,0,0.2,0.0
0.3,7,900.0,4,5,,3,0,0.5,0.0
0.3,7,901.0,5,6,,1,0,0.6,0.0
0.3,7,902.0,4,5,2.087830988812243,1,2,0.7,0.2
0.3,7,903.0,5,6,,1,0,0.8,0.2
0.3,7,904.0,6,7,,1,0,0.9,0.2
0.3,7,905.0,5,6,2.448858165333604,0,1,0.9,0.3
0.3,7,906.0,4,5,5.321226006384222,1,2,1.0,0.5
0.3,7,907.0,3,4,5.062161825020667,1,2,1.0,0.7
0.3,7,908.0,4,5,,1,0,1.0,0.7
0.3,7,909.0,3,4,4.563850608509938,0,1,1.0,0.8
0.3,7,910.0,4,5,,1,0,0.8,0.8
0.3,7,911.0,3,4,5.012360595195105,0,1,0.7,0.9
0.3,7,912.0,1,2,4.6891843900854155,0,2,0.6,0.9
0.3,7,913.0,1,2,,0,0,0.5,0.9
0.3,7,914.0,3,4,,2,0,0.6,0.9
0.3,7,915.0,3,4,,0,0,0.6,0.8
0.3,7,916.0,2,3,4.782101752966582,1,2,0.6,0.8
0.3,7,917.0,2,3,,0,0,0.5,0.6
0.3,7,918.0,2,3,,0,0,0.4,0.6
0.3,7,919.0,0,1,3.400427988031121,1,3,0.5,0.8
0.3,7,920.0,0,1,,0,0,0.4,0.8
0.3,7,921.0,0,1,0.2524317775655618,1,1,0.5,0.8
0.3,7,922.0,0,0,0.0,0,1,0.5,0.7
0.3,7,923.0,0,0,,0,0,0.5,0.7
0.3,7,924.0,0,0,,0,0,0.3,0.7
0.3,7,925.0,0,0,,0,0,0.3,0.7
0.3,7,926.0,0,1,,1,0,0.3,0.5
0.3,7,927.0,2,3,,2,0,0.5,0.5
0.3,7,928.0,0,0,0.43320810102598745,0,3,0.5,0.8
0.3,7,929.0,0,0,,0,0,0.4,0.5
0.3,7,930.0,0,1,,1,0,0.5,0.5
0.3,7,931.0,0,1,,0,0,0.4,0.4
0.3,7,932.0,0,1,,0,0,0.4,0.3
0.3,7,933.0,1,2,,1,0,0.5,0.3
0.3,7,934.0,0,0,0.35890852990348776,0,2,0.5,0.5
0.3,7,935.0,0,0,,0,0,0.5,0.5
0.3,7,936.0,0,0,0.0,1,1,0.5,0.6
0.3,7,937.0,0,0,,0,0,0.3,0.6
0.3,7,938.0,0,0,0.0,1,1,0.4,0.4
0.3,7,939.0,0,0,,0,0,0.4,0.4
0.3,7,940.0,0,0,,0,0,0.3,0.4
0.3,7,941.0,0,0,,0,0,0.3,0.4
0.3,7,942.0,0,1,,1,0,0.4,0.4
0.3,7,943.0,0,1,,0,0,0.3,0.4
0.3,7,944.0,0,1,,0,0,0.3,0.2
0.3,7,945.0,1,2,,1,0,0.4,0.2
0.3,7,946.0,0,1,0.0,0,1,0.3,0.2
0.3,7,947.0,0,0,0.7829272656588273,0,1,0.3,0.3
0.3,7,948.0,0,1,,1,0,0.3,0.2
0.3,7,949.0,0,1,0.0,1,1,0.4,0.3
0.3,7,950.0,0,1,0.1296603709502051,1,1,0.5,0.4
0.3,7,951.0,0,0,0.22636647358422124,0,1,0.5,0.5
0.3,7,952.0,1,2,,2,0,0.6,0.5
0.3,7,953.0,1,2,,0,0,0.6,0.5
0.3,7,954.0,0,0,0.9565545595344247,0,2,0.6,0.7
0.3,7,955.0,0,0,,0,0,0.5,0.7
0.3,7,956.0,0,0,0.0,1,1,0.6,0.7
0.3,7,957.0,0,0,,0,0,0.6,0.6
0.3,7,958.0,0,0,,0,0,0.5,0.6
0.3,7,959.0,0,0,,0,0,0.4,0.5
0.3,7,960.0,0,0,,0,0,0.3,0.4
0.3,7,961.0,0,0,,0,0,0.3,0.3
0.3,7,962.0,0,0,,0,0,0.1,0.3
0.3,7,963.0,0,1,0.0,2,1,0.3,0.4
0.3,7,964.0,0,0,0.0,0,1,0.3,0.3
0.3,7,965.0,0,0,,0,0,0.3,0.3
0.3,7,966.0,0,0,,0,0,0.2,0.2
0.3,7,967.0,0,0,,0,0,0.2,0.2
0.3,7,968.0,0,0,,0,0,0.2,0.2
0.3,7,969.0,0,0,,0,0,0.2,0.2
0.3,7,970.0,0,0,,0,0,0.2,0.2
0.3,7,971.0,0,0,,0,0,0.2,0.2
0.3,7,972.0,0,0,,0,0,0.2,0.2
0.3,7,973.0,0,1,,1,0,0.1,0.1
0.3,7,974.0,0,1,0.19888719030075208,2,2,0.3,0.2
0.3,7,975.0,0,1,,0,0,0.3,0.2
0.3,7,976.0,0,1,,0,0,0.3,0.2
0.3,7,977.0,0,0,0.04013577556565906,0,1,0.3,0.3
0.3,7,978.0,0,1,,1,0,0.4,0.3
0.3,7,979.0,0,0,0.0,0,1,0.4,0.4
0.3,7,980.0,0,0,,0,0,0.4,0.4
0.3,7,981.0,0,0,,0,0,0.4,0.4
0.3,7,982.0,0,0,,0,0,0.4,0.4
0.3,7,983.0,0,1,0.0,2,1,0.5,0.5
0.3,7,984.0,0,0,0.058195196661927184,0,1,0.3,0.4
0.3,7,985.0,0,1,,1,0,0.4,0.4
0.3,7,986.0,0,0,0.0,0,1,0.4,0.5
0.3,7,987.0,0,0,,0,0,0.4,0.4
0.3,7,988.0,0,0,,0,0,0.3,0.4
0.3,7,989.0,0,0,0.0,1,1,0.4,0.4
0.3,7,990.0,0,0,,0,0,0.4,0.4
0.3,7,991.0,0,0,,0,0,0.4,0.4
0.3,7,992.0,0,0,,0,0,0.4,0.4
0.3,7,993.0,0,0,,0,0,0.2,0.3
0.3,7,994.0,0,0,,0,0,0.2,0.2
0.3,7,995.0,0,0,,0,0,0.1,0.2
0.3,7,996.0,0,0,,0,0,0.1,0.1
0.3,7,997.0,0,0,,0,0,0.1,0.1
0.3,7,998.0,0,1,,1,0,0.2,0.1
0.3,7,999.0,0,0,0.0,0,1,0.1,0.1
0.3,7,1000.0,0,1,,1,0,0.2,0.1
0.3,7,1001.0,1,2,,1,0,0.3,0.1
0.3,7,1002.0,1,2,,0,0,0.3,0.1
0.3,7,1003.0,1,2,,0,0,0.3,0.1
0.3,7,1004.0,0,1,0.0,0,1,0.3,0.2
0.3,7,1005.0,0,0,1.7120962240222752,1,2,0.4,0.4
0.3,7,1006.0,0,0,0.0,1,1,0.5,0.5
0.3,7,1007.0,0,0,,0,0,0.5,0.5
0.3,7,1008.0,0,0,,0,0,0.4,0.5
0.3,7,1009.0,0,0,,0,0,0.4,0.4
0.3,7,1010.0,0,0,,0,0,0.3,0.4
0.3,7,1011.0,0,0,,0,0,0.2,0.4
0.3,7,1012.0,0,0,,0,0,0.2,0.4
0.3,7,1013.0,0,0,,0,0,0.2,0.4
0.3,7,1014.0,0,0,,0,0,0.2,0.3
0.3,7,1015.0,0,0,,0,0,0.1,0.1
0.3,7,1016.0,0,0,,0,0,0.0,0.0
0.3,7,1017.0,0,0,,0,0,0.0,0.0
0.3,7,1018.0,0,0,,0,0,0.0,0.0
0.3,7,1019.0,0,0,,0,0,0.0,0.0
0.3,7,1020.0,0,1,,1,0,0.1,0.0
0.3,7,1021.0,0,0,0.0,0,1,0.1,0.1
0.3,7,1022.0,0,0,,0,0,0.1,0.1
0.3,7,1023.0,0,1,,1,0,0.2,0.1
0.3,7,1024.0,0,0,0.0,0,1,0.2,0.2
0.3,7,1025.0,0,0,,0,0,0.2,0.2
0.3,7,1026.0,0,0,,0,0,0.2,0.2
0.3,7,1027.0,0,0,,0,0,0.2,0.2
0.3,7,1028.0,0,0,,0,0,0.2,0.2
0.3,7,1029.0,0,0,,0,0,0.2,0.2
0.3,7,1030.0,0,0,,0,0,0.1,0.2
0.3,7,1031.0,0,0,,0,0,0.1,0.1
0.3,7,1032.0,0,0,,0,0,0.1,0.1
0.3,7,1033.0,0,0,,0,0,0.0,0.1
0.3,7,1034.0,0,1,,1,0,0.1,0.0
0.3,7,1035.0,0,0,0.0,0,1,0.1,0.1
0.3,7,1036.0,0,0,,0,0,0.1,0.1
0.3,7,1037.0,0,0,,0,0,0.1,0.1
0.3,7,1038.0,0,0,,0,0,0.1,0.1
0.3,7,1039.0,0,0,,0,0,0.1,0.1
0.3,7,1040.0,0,0,,0,0,0.1,0.1
0.3,7,1041.0,0,0,,0,0,0.1,0.1
0.3,7,1042.0,0,0,,0,0,0.1,0.1
0.3,7,1043.0,0,0,,0,0,0.1,0.1
0.3,7,1044.0,0,0,,0,0,0.0,0.1
0.3,7,1045.0,0,1,,1,0,0.1,0.0
0.3,7,1046.0,0,1,,0,0,0.1,0.0
0.3,7,1047.0,0,0,0.0,0,1,0.1,0.1
0.3,7,1048.0,0,0,,0,0,0.1,0.1
0.3,7,1049.0,0,0,,0,0,0.1,0.1
0.3,7,1050.0,0,0,,0,0,0.1,0.1
0.3,7,1051.0,0,1,,1,0,0.2,0.1
0.3,7,1052.0,0,0,0.0,0,1,0.2,0.2
0.3,7,1053.0,0,0,,0,0,0.2,0.2
0.3,7,1054.0,0,0,,0,0,0.2,0.2
0.3,7,1055.0,0,0,0.0,1,1,0.2,0.3
0.3,7,1056.0,0,1,,1,0,0.3,0.3
0.3,7,1057.0,0,0,0.0,0,1,0.3,0.3
0.3,7,1058.0,0,0,,0,0,0.3,0.3
0.3,7,1059.0,0,0,,0,0,0.3,0.3
0.3,7,1060.0,1,2,,2,0,0.5,0.3
0.3,7,1061.0,1,2,,0,0,0.4,0.3
0.3,7,1062.0,0,0,0.8831094407333921,0,2,0.4,0.4
0.3,7,1063.0,0,0,,0,0,0.4,0.4
0.3,7,1064.0,0,0,,0,0,0.4,0.4
0.3,7,1065.0,0,0,,0,0,0.3,0.3
0.3,7,1066.0,0,0,,0,0,0.2,0.3
0.3,7,1067.0,0,1,,1,0,0.3,0.2
0.3,7,1068.0,0,1,0.0,1,1,0.4,0.3
0.3,7,1069.0,0,0,0.29184197905215115,1,2,0.5,0.5
0.3,7,1070.0,0,0,,0,0,0.3,0.5
0.3,7,1071.0,0,0,,0,0,0.3,0.5
0.3,7,1072.0,0,1,,1,0,0.4,0.3
0.3,7,1073.0,1,2,0.0,2,1,0.6,0.4
0.3,7,1074.0,0,1,0.7153878338795039,0,1,0.6,0.5
0.3,7,1075.0,0,1,,0,0,0.6,0.5
0.3,7,1076.0,0,0,1.4000830223114917,0,1,0.6,0.6
0.3,7,1077.0,0,0,,0,0,0.5,0.6
0.3,7,1078.0,0,0,,0,0,0.4,0.5
0.3,7,1079.0,0,0,,0,0,0.3,0.3
0.3,7,1080.0,0,0,,0,0,0.3,0.3
0.3,7,1081.0,0,0,,0,0,0.3,0.3
0.3,7,1082.0,0,0,,0,0,0.2,0.3
0.3,7,1083.0,0,0,,0,0,0.0,0.2
0.3,7,1084.0,0,0,,0,0,0.0,0.1
0.3,7,1085.0,0,0,,0,0,0.0,0.1
0.3,7,1086.0,0,0,0.0,1,1,0.1,0.1
0.3,7,1087.0,0,0,,0,0,0.1,0.1
0.3,7,1088.0,0,0,,0,0,0.1,0.1
0.3,7,1089.0,0,1,0.0,2,1,0.3,0.2
0.3,7,1090.0,0,0,0.16957585977229428,0,1,0.3,0.3
0.3,7,1091.0,0,0,,0,0,0.3,0.3
0.3,7,1092.0,0,1,,1,0,0.4,0.3
0.3,7,1093.0,0,1,0.0,1,1,0.5,0.4
0.3,7,1094.0,0,1,,0,0,0.5,0.4
0.3,7,1095.0,0,0,0.0,0,1,0.5,0.5
0.3,7,1096.0,0,0,,0,0,0.4,0.4
0.3,7,1097.0,0,0,,0,0,0.4,0.4
0.3,7,1098.0,0,0,,0,0,0.4,0.4
0.3,7,1099.0,0,0,,0,0,0.2,0.3
0.3,7,1100.0,0,0,0.0,1,1,0.3,0.3
0.3,7,1101.0,0,0,,0,0,0.3,0.3
0.3,7,1102.0,0,0,,0,0,0.2,0.3
0.3,7,1103.0,0,0,,0,0,0.1,0.2
0.3,7,1104.0,1,2,,2,0,0.3,0.2
0.3,7,1105.0,0,0,0.3677996442283984,0,2,0.3,0.3
0.3,7,1106.0,0,0,0.0,1,1,0.4,0.4
0.3,7,1107.0,0,1,,1,0,0.5,0.4
0.3,7,1108.0,0,1,,0,0,0.5,0.4
0.3,7,1109.0,0,1,,0,0,0.5,0.4
0.3,7,1110.0,0,0,0.0,0,1,0.4,0.4
0.3,7,1111.0,0,0,,0,0,0.4,0.4
0.3,7,1112.0,0,0,,0,0,0.4,0.4
0.3,7,1113.0,0,0,,0,0,0.4,0.4
0.3,7,1114.0,0,0,,0,0,0.2,0.4
0.3,7,1115.0,1,2,0.0,3,1,0.5,0.3
0.3,7,1116.0,0,1,0.0,0,1,0.4,0.3
0.3,7,1117.0,1,2,0.4888817117093822,2,1,0.5,0.4
0.3,7,1118.0,0,1,0.1692479808191365,0,1,0.5,0.5
0.3,7,1119.0,0,1,,0,0,0.5,0.5
0.3,7,1120.0,0,0,0.21326253307438492,0,1,0.5,0.5
0.3,7,1121.0,0,0,,0,0,0.5,0.5
0.3,7,1122.0,0,0,,0,0,0.5,0.5
0.3,7,1123.0,0,0,,0,0,0.5,0.5
0.3,7,1124.0,0,1,,1,0,0.6,0.5
0.3,7,1125.0,0,1,,0,0,0.3,0.4
0.3,7,1126.0,0,1,,0,0,0.3,0.3
0.3,7,1127.0,0,1,,0,0,0.1,0.2
0.3,7,1128.0,0,0,0.0,0,1,0.1,0.2
0.3,7,1129.0,0,0,,0,0,0.1,0.2
0.3,7,1130.0,0,0,0.0,1,1,0.2,0.2
0.3,7,1131.0,0,1,0.0,2,1,0.4,0.3
0.3,7,1132.0,0,1,,0,0,0.4,0.3
0.3,7,1133.0,0,0,0.0,0,1,0.4,0.4
0.3,7,1134.0,0,1,,1,0,0.4,0.4
0.3,7,1135.0,0,0,0.0,0,1,0.4,0.5
0.3,7,1136.0,0,0,,0,0,0.4,0.5
0.3,7,1137.0,0,1,0.0,2,1,0.6,0.6
0.3,7,1138.0,0,1,,0,0,0.6,0.5
0.3,7,1139.0,1,2,,1,0,0.7,0.5
0.3,7,1140.0,0,0,0.37589735028814175,0,2,0.6,0.6
0.3,7,1141.0,0,0,0.0,1,1,0.5,0.6
0.3,7,1142.0,0,0,,0,0,0.5,0.6
0.3,7,1143.0,0,0,,0,0,0.5,0.5
0.3,7,1144.0,0,0,0.0,1,1,0.5,0.6
0.3,7,1145.0,0,0,0.0,1,1,0.6,0.6
0.3,7,1146.0,0,1,,1,0,0.7,0.6
0.3,7,1147.0,0,1,,0,0,0.5,0.5
0.3,7,1148.0,0,1,,0,0,0.5,0.5
0.3,7,1149.0,0,0,0.0,0,1,0.4,0.6
0.3,7,1150.0,0,0,,0,0,0.4,0.4
0.3,7,1151.0,0,0,,0,0,0.3,0.3
0.3,7,1152.0,0,0,,0,0,0.3,0.3
0.3,7,1153.0,0,0,,0,0,0.3,0.3
0.3,7,1154.0,0,0,,0,0,0.2,0.2
0.3,7,1155.0,0,0,,0,0,0.1,0.1
0.3,7,1156.0,0,0,,0,0,0.0,0.1
0.3,7,1157.0,0,0,0.0,1,1,0.1,0.2
0.3,7,1158.0,0,0,,0,0,0.1,0.2
0.3,7,1159.0,0,0,,0,0,0.1,0.1
0.3,7,1160.0,0,0,,0,0,0.1,0.1
0.3,7,1161.0,0,1,,1,0,0.2,0.1
0.3,7,1162.0,0,1,,0,0,0.2,0.1
0.3,7,1163.0,1,2,,1,0,0.3,0.1
0.3,7,1164.0,1,2,0.0,1,1,0.4,0.2
0.3,7,1165.0,1,2,,0,0,0.4,0.2
0.3,7,1166.0,1,2,,0,0,0.4,0.2
0.3,7,1167.0,0,0,1.8373298469111887,0,2,0.3,0.3
0.3,7,1168.0,0,0,,0,0,0.3,0.3
0.3,7,1169.0,0,0,,0,0,0.3,0.3
0.3,7,1170.0,0,1,,1,0,0.4,0.3
0.3,7,1171.0,0,1,,0,0,0.3,0.3
0.3,7,1172.0,0,0,0.0,0,1,0.3,0.4
0.3,7,1173.0,0,1,,1,0,0.3,0.4
0.3,7,1174.0,0,0,0.0,0,1,0.2,0.4
0.3,7,1175.0,0,0,,0,0,0.2,0.4
0.3,7,1176.0,0,0,,0,0,0.2,0.4
0.3,7,1177.0,0,0,,0,0,0.2,0.2
0.3,7,1178.0,0,0,,0,0,0.2,0.2
0.3,7,1179.0,0,0,,0,0,0.2,0.2
0.3,7,1180.0,0,0,,0,0,0.1,0.2
0.3,7,1181.0,0,0,,0,0,0.1,0.2
0.3,7,1182.0,0,0,,0,0,0.1,0.1
0.3,7,1183.0,0,0,,0,0,0.0,0.1
0.3,7,1184.0,0,0,,0,0,0.0,0.0
0.3,7,1185.0,0,0,,0,0,0.0,0.0
0.3,7,1186.0,0,0,,0,0,0.0,0.0
0.3,7,1187.0,0,0,,0,0,0.0,0.0
0.3,7,1188.0,0,0,0.0,1,1,0.1,0.1
0.3,7,1189.0,0,0,,0,0,0.1,0.1
0.3,7,1190.0,1,2,,2,0,0.3,0.1
0.3,7,1191.0,0,1,0.0,0,1,0.3,0.2
0.3,7,1192.0,1,2,,1,0,0.4,0.2
0.3,7,1193.0,2,3,,1,0,0.5,0.2
0.3,7,1194.0,2,3,,0,0,0.5,0.2
0.3,7,1195.0,2,3,0.4920589458197355,1,1,0.6,0.3
0.3,7,1196.0,2,3,3.3955801882625565,1,1,0.7,0.4
0.3,7,1197.0,1,2,3.2595012034018964,0,1,0.7,0.5
0.3,7,1198.0,0,1,1.6083749115007322,0,1,0.6,0.5
0.3,7,1199.0,0,0,1.6209645027961415,0,1,0.6,0.6
0.3,7,1200.0,0,0,,0,0,0.4,0.6
0.3,7,1201.0,0,0,,0,0,0.4,0.5
0.3,7,1202.0,0,0,,0,0,0.3,0.5
0.3,7,1203.0,0,0,,0,0,0.2,0.5
0.3,7,1204.0,1,2,,2,0,0.4,0.5
0.3,7,1205.0,0,1,0.0,0,1,0.3,0.5
0.3,7,1206.0,0,0,0.25422717121205096,0,1,0.2,0.5
0.3,7,1207.0,0,0,,0,0,0.2,0.4
0.3,7,1208.0,0,0,0.0,1,1,0.3,0.4
0.3,7,1209.0,0,0,,0,0,0.3,0.3
0.3,7,1210.0,0,0,,0,0,0.3,0.3
0.3,7,1211.0,0,0,,0,0,0.3,0.3
0.3,7,1212.0,0,1,,1,0,0.4,0.3
0.3,7,1213.0,0,0,0.0,0,1,0.4,0.4
0.3,7,1214.0,0,1,,1,0,0.3,0.4
0.3,7,1215.0,0,0,0.0,0,1,0.3,0.4
0.3,7,1216.0,0,0,,0,0,0.3,0.3
0.3,7,1217.0,1,2,,2,0,0.5,0.3
0.3,7,1218.0,0,1,0.0,0,1,0.4,0.3
0.3,7,1219.0,0,0,0.4222172884715292,0,1,0.4,0.4
0.3,7,1220.0,0,0,,0,0,0.4,0.4
0.3,7,1221.0,0,1,,1,0,0.5,0.4
0.3,7,1222.0,0,1,,0,0,0.4,0.4
0.3,7,1223.0,0,0,0.0,0,1,0.4,0.4
0.3,7,1224.0,0,0,,0,0,0.3,0.4
0.3,7,1225.0,0,0,,0,0,0.3,0.3
0.3,7,1226.0,0,0,,0,0,0.3,0.3
0.3,7,1227.0,0,1,,1,0,0.2,0.3
0.3,7,1228.0,0,1,,0,0,0.2,0.2
0.3,7,1229.0,1,2,,1,0,0.3,0.1
0.3,7,1230.0,1,2,0.0,1,1,0.4,0.2
0.3,7,1231.0,0,1,1.2113581459093439,0,1,0.3,0.3
0.3,7,1232.0,0,0,1.051335578153612,0,1,0.3,0.4
0.3,7,1233.0,0,0,,0,0,0.3,0.3
0.3,7,1234.0,0,0,,0,0,0.3,0.3
0.3,7,1235.0,0,0,,0,0,0.3,0.3
0.3,7,1236.0,0,0,,0,0,0.3,0.3
0.3,7,1237.0,0,1,,1,0,0.3,0.3
0.3,7,1238.0,0,1,,0,0,0.3,0.3
0.3,7,1239.0,0,0,0.0,0,1,0.2,0.4
0.3,7,1240.0,0,0,,0,0,0.1,0.3
0.3,7,1241.0,0,0,,0,0,0.1,0.2
0.3,7,1242.0,0,1,,1,0,0.2,0.1
0.3,7,1243.0,0,0,0.0,0,1,0.2,0.2
0.3,7,1244.0,1,2,,2,0,0.4,0.2
0.3,7,1245.0,0,1,0.0,0,1,0.4,0.3
0.3,7,1246.0,0,0,0.6319161389924375,0,1,0.4,0.4
0.3,7,1247.0,0,1,,1,0,0.4,0.4
0.3,7,1248.0,1,2,,1,0,0.5,0.4
0.3,7,1249.0,3,4,,2,0,0.7,0.3
0.3,7,1250.0,2,3,0.0,0,1,0.7,0.4
0.3,7,1251.0,3,4,,1,0,0.8,0.4
0.3,7,1252.0,5,6,,2,0,0.9,0.4
0.3,7,1253.0,4,5,2.1382760983133267,0,1,0.9,0.4
0.3,7,1254.0,5,6,,1,0,0.8,0.4
0.3,7,1255.0,4,5,4.753407264960667,2,3,1.0,0.6
0.3,7,1256.0,3,4,3.192386848739716,0,1,1.0,0.6
0.3,7,1257.0,3,4,,0,0,0.9,0.6
0.3,7,1258.0,0,1,3.41334567565832,0,3,0.8,0.9
0.3,7,1259.0,0,0,2.517295169541285,0,1,0.6,1.0
0.3,7,1260.0,0,0,,0,0,0.6,0.9
0.3,7,1261.0,0,0,,0,0,0.5,0.9
0.3,7,1262.0,0,1,,1,0,0.4,0.9
0.3,7,1263.0,0,1,0.0,1,1,0.5,0.9
0.3,7,1264.0,0,1,,0,0,0.4,0.9
0.3,7,1265.0,0,1,,0,0,0.2,0.6
0.3,7,1266.0,0,0,0.0,0,1,0.2,0.6
0.3,7,1267.0,0,0,,0,0,0.2,0.6
0.3,7,1268.0,1,2,,2,0,0.4,0.3
0.3,7,1269.0,0,1,0.07778197920879393,1,2,0.5,0.4
0.3,7,1270.0,0,1,,0,0,0.5,0.4
0.3,7,1271.0,1,2,,1,0,0.6,0.4
0.3,7,1272.0,2,3,,1,0,0.6,0.4
0.3,7,1273.0,3,4,,1,0,0.6,0.3
0.3,7,1274.0,4,5,,1,0,0.7,0.3
0.3,7,1275.0,4,5,,0,0,0.7,0.3
0.3,7,1276.0,2,3,3.1627588860771993,1,3,0.8,0.5
0.3,7,1277.0,0,1,2.7469426780555657,1,3,0.9,0.8
0.3,7,1278.0,0,1,,0,0,0.7,0.8
0.3,7,1279.0,0,1,,0,0,0.6,0.6
0.3,7,1280.0,0,0,0.2692459657632753,0,1,0.6,0.7
0.3,7,1281.0,0,0,,0,0,0.5,0.7
0.3,7,1282.0,0,1,,1,0,0.5,0.7
0.3,7,1283.0,0,1,,0,0,0.4,0.7
0.3,7,1284.0,0,1,,0,0,0.3,0.7
0.3,7,1285.0,1,2,,1,0,0.4,0.7
0.3,7,1286.0,2,3,0.0,2,1,0.5,0.5
0.3,7,1287.0,2,3,,0,0,0.4,0.2
0.3,7,1288.0,0,1,1.415795731015237,0,2,0.4,0.4
0.3,7,1289.0,0,0,2.5786320272259218,0,1,0.4,0.5
0.3,7,1290.0,0,0,,0,0,0.4,0.4
0.3,7,1291.0,0,0,,0,0,0.4,0.4
0.3,7,1292.0,0,0,,0,0,0.3,0.4
0.3,7,1293.0,0,0,0.0,1,1,0.4,0.5
0.3,7,1294.0,0,1,,1,0,0.5,0.5
0.3,7,1295.0,0,0,0.0,0,1,0.4,0.6
0.3,7,1296.0,0,0,0.0,1,1,0.3,0.6
0.3,7,1297.0,0,0,,0,0,0.3,0.6
0.3,7,1298.0,0,1,,1,0,0.4,0.4
0.3,7,1299.0,0,1,,0,0,0.4,0.3
0.3,7,1300.0,0,1,0.0,1,1,0.5,0.4
0.3,7,1301.0,0,1,,0,0,0.5,0.4
0.3,7,1302.0,0,1,0.4124114019375611,1,1,0.6,0.5
0.3,7,1303.0,2,3,,2,0,0.7,0.4
0.3,7,1304.0,1,2,0.4574089676134463,0,1,0.6,0.5
0.3,7,1305.0,1,2,,0,0,0.6,0.4
0.3,7,1306.0,2,3,,1,0,0.6,0.3
0.3,7,1307.0,1,2,1.79790906272774,0,1,0.6,0.4
0.3,7,1308.0,0,1,3.1785045005802885,1,2,0.6,0.6
0.3,7,1309.0,1,2,,1,0,0.7,0.6
0.3,7,1310.0,0,1,0.0,0,1,0.6,0.6
0.3,7,1311.0,0,0,1.6202181395638036,0,1,0.6,0.7
0.3,7,1312.0,0,1,,1,0,0.6,0.6
0.3,7,1313.0,0,1,0.0,1,1,0.5,0.7
0.3,7,1314.0,0,0,0.0,0,1,0.5,0.7
0.3,7,1315.0,0,0,,0,0,0.5,0.7
0.3,7,1316.0,0,0,,0,0,0.4,0.7
0.3,7,1317.0,0,0,,0,0,0.4,0.6
0.3,7,1318.0,0,0,,0,0,0.3,0.4
0.3,7,1319.0,0,1,,1,0,0.3,0.4
0.3,7,1320.0,0,0,0.0,0,1,0.3,0.4
0.3,7,1321.0,0,0,,0,0,0.3,0.3
0.3,7,1322.0,0,0,,0,0,0.2,0.3
0.3,7,1323.0,0,0,,0,0,0.1,0.2
0.3,7,1324.0,0,0,,0,0,0.1,0.1
0.3,7,1325.0,0,0,,0,0,0.1,0.1
0.3,7,1326.0,0,0,0.0,1,1,0.2,0.2
0.3,7,1327.0,0,0,,0,0,0.2,0.2
0.3,7,1328.0,0,0,,0,0,0.2,0.2
0.3,7,1329.0,0,0,,0,0,0.1,0.2
0.3,7,1330.0,0,0,,0,0,0.1,0.1
0.3,7,1331.0,0,0,,0,0,0.1,0.1
0.3,7,1332.0,0,0,,0,0,0.1,0.1
0.3,7,1333.0,0,0,,0,0,0.1,0.1
0.3,7,1334.0,0,0,,0,0,0.1,0.1
0.3,7,1335.0,0,0,,0,0,0.1,0.1
0.3,7,1336.0,0,0,,0,0,0.0,0.0
0.3,7,1337.0,0,0,0.0,1,1,0.1,0.1
0.3,7,1338.0,0,0,,0,0,0.1,0.1
0.3,7,1339.0,0,0,,0,0,0.1,0.1
0.3,7,1340.0,0,1,,1,0,0.2,0.1
0.3,7,1341.0,0,1,,0,0,0.2,0.1
0.3,7,1342.0,0,1,,0,0,0.2,0.1
0.3,7,1343.0,0,1,,0,0,0.2,0.1
0.3,7,1344.0,0,1,,0,0,0.2,0.1
0.3,7,1345.0,0,1,,0,0,0.2,0.1
0.3,7,1346.0,1,2,,1,0,0.3,0.1
0.3,7,1347.0,0,1,0.0,0,1,0.2,0.1
0.3,7,1348.0,0,0,1.4911766899831491,0,1,0.2,0.2
0.3,7,1349.0,0,0,,0,0,0.2,0.2
0.3,7,1350.0,0,1,,1,0,0.2,0.2
0.3,7,1351.0,0,1,,0,0,0.2,0.2
0.3,7,1352.0,0,0,0.0,0,1,0.2,0.3
0.3,7,1353.0,0,0,0.0,1,1,0.3,0.4
0.3,7,1354.0,0,0,,0,0,0.3,0.4
0.3,7,1355.0,0,0,,0,0,0.3,0.4
0.3,7,1356.0,0,0,,0,0,0.2,0.4
0.3,7,1357.0,0,0,,0,0,0.2,0.3
0.3,7,1358.0,0,1,,1,0,0.3,0.2
0.3,7,1359.0,0,0,0.0,0,1,0.3,0.3
0.3,7,1360.0,0,1,,1,0,0.3,0.3
0.3,7,1361.0,0,0,0.0,0,1,0.3,0.4
0.3,7,1362.0,0,0,,0,0,0.3,0.3
0.3,7,1363.0,0,0,,0,0,0.2,0.2
0.3,7,1364.0,0,0,,0,0,0.2,0.2
0.3,7,1365.0,0,0,,0,0,0.2,0.2
0.3,7,1366.0,0,0,,0,0,0.2,0.2
0.3,7,1367.0,0,0,,0,0,0.2,0.2
0.3,7,1368.0,0,0,,0,0,0.1,0.2
0.3,7,1369.0,1,2,,2,0,0.3,0.1
0.3,7,1370.0,0,0,0.1757367522267259,0,2,0.2,0.3
0.3,7,1371.0,0,0,,0,0,0.2,0.2
0.3,7,1372.0,0,0,,0,0,0.2,0.2
0.3,7,1373.0,0,1,,1,0,0.3,0.2
0.3,7,1374.0,0,0,0.0,0,1,0.3,0.3
0.3,7,1375.0,0,0,,0,0,0.3,0.3
0.3,7,1376.0,0,1,,1,0,0.4,0.3
0.3,7,1377.0,0,0,0.0,0,1,0.4,0.4
0.3,7,1378.0,0,0,,0,0,0.4,0.4
0.3,7,1379.0,0,0,,0,0,0.2,0.4
0.3,7,1380.0,0,1,,1,0,0.3,0.2
0.3,7,1381.0,0,0,0.0,0,1,0.3,0.3
0.3,7,1382.0,1,2,,2,0,0.5,0.3
0.3,7,1383.0,1,2,,0,0,0.4,0.3
0.3,7,1384.0,1,2,,0,0,0.4,0.2
0.3,7,1385.0,1,2,,0,0,0.4,0.2
0.3,7,1386.0,1,2,,0,0,0.3,0.2
0.3,7,1387.0,0,1,0.0,0,1,0.3,0.2
0.3,7,1388.0,0,0,2.70238584689082,1,2,0.4,0.4
0.3,7,1389.0,0,0,,0,0,0.4,0.4
0.3,7,1390.0,0,0,,0,0,0.3,0.4
0.3,7,1391.0,0,0,,0,0,0.3,0.3
0.3,7,1392.0,0,0,,0,0,0.1,0.3
0.3,7,1393.0,0,1,,1,0,0.2,0.3
0.3,7,1394.0,0,1,,0,0,0.2,0.3
0.3,7,1395.0,0,0,0.0,0,1,0.2,0.4
0.3,7,1396.0,0,0,,0,0,0.2,0.4
0.3,7,1397.0,0,0,,0,0,0.2,0.3
0.3,7,1398.0,0,0,,0,0,0.1,0.1
0.3,7,1399.0,0,1,,1,0,0.2,0.1
0.3,7,1400.0,0,0,0.0,0,1,0.2,0.2
0.3,7,1401.0,0,0,,0,0,0.2,0.2
0.3,7,1402.0,0,0,0.0,1,1,0.3,0.3
0.3,7,1403.0,0,1,,1,0,0.3,0.3
0.3,7,1404.0,0,0,0.024785006508485214,2,3,0.5,0.6
0.3,7,1405.0,0,1,,1,0,0.6,0.5
0.3,7,1406.0,0,0,0.0,0,1,0.6,0.6
0.3,7,1407.0,0,0,,0,0,0.6,0.6
0.3,7,1408.0,0,0,,0,0,0.6,0.6
0.3,7,1409.0,0,1,,1,0,0.6,0.6
0.3,7,1410.0,0,0,0.0,0,1,0.6,0.6
0.3,7,1411.0,0,0,0.0,1,1,0.7,0.7
0.3,7,1412.0,0,0,,0,0,0.6,0.6
0.3,7,1413.0,0,1,,1,0,0.6,0.6
0.3,7,1414.0,0,0,0.0,0,1,0.4,0.4
0.3,7,1415.0,0,0,,0,0,0.3,0.4
0.3,7,1416.0,0,0,,0,0,0.3,0.3
0.3,7,1417.0,0,0,,0,0,0.3,0.3
0.3,7,1418.0,0,0,,0,0,0.3,0.3
0.3,7,1419.0,0,1,,1,0,0.3,0.3
0.3,7,1420.0,0,1,0.0,1,1,0.4,0.3
0.3,7,1421.0,0,0,0.1716152837016125,0,1,0.3,0.3
0.3,7,1422.0,0,0,,0,0,0.3,0.3
0.3,7,1423.0,0,0,,0,0,0.2,0.3
0.3,7,1424.0,0,0,,0,0,0.2,0.2
0.3,7,1425.0,0,0,,0,0,0.2,0.2
0.3,7,1426.0,0,0,,0,0,0.2,0.2
0.3,7,1427.0,0,1,,1,0,0.3,0.2
0.3,7,1428.0,0,1,,0,0,0.3,0.2
0.3,7,1429.0,0,0,0.0,0,1,0.2,0.3
0.3,7,1430.0,0,0,,0,0,0.1,0.2
0.3,7,1431.0,0,0,,0,0,0.1,0.1
0.3,7,1432.0,0,0,,0,0,0.1,0.1
0.3,7,1433.0,0,0,,0,0,0.1,0.1
0.3,7,1434.0,0,0,,0,0,0.1,0.1
0.3,7,1435.0,0,0,,0,0,0.1,0.1
0.3,7,1436.0,0,0,0.0,1,1,0.2,0.2
0.3,7,1437.0,0,0,,0,0,0.1,0.2
0.3,7,1438.0,0,0,,0,0,0.1,0.2
0.3,7,1439.0,0,0,,0,0,0.1,0.1
0.3,7,1440.0,0,0,,0,0,0.1,0.1
0.3,7,1441.0,0,0,,0,0,0.1,0.1
0.3,7,1442.0,0,0,,0,0,0.1,0.1
0.3,7,1443.0,0,1,,1,0,0.2,0.1
0.3,7,1444.0,0,0,0.0,0,1,0.2,0.2
0.3,7,1445.0,0,1,,1,0,0.3,0.2
0.3,7,1446.0,1,2,,1,0,0.3,0.1
0.3,7,1447.0,0,0,0.5229191921615666,0,2,0.3,0.3
0.3,7,1448.0,0,0,,0,0,0.3,0.3
0.3,7,1449.0,1,2,,2,0,0.5,0.3
0.3,7,1450.0,0,0,0.4040024785208516,0,2,0.5,0.5
0.3,7,1451.0,0,0,,0,0,0.5,0.5
0.3,7,1452.0,0,0,,0,0,0.5,0.5
0.3,7,1453.0,0,0,,0,0,0.4,0.5
0.3,7,1454.0,0,0,,0,0,0.4,0.4
0.3,7,1455.0,0,0,0.0,1,1,0.4,0.5
0.3,7,1456.0,0,1,,1,0,0.4,0.5
0.3,7,1457.0,0,0,0.0,0,1,0.4,0.4
0.3,7,1458.0,0,1,,1,0,0.5,0.4
0.3,7,1459.0,0,1,0.0,1,1,0.4,0.5
0.3,7,1460.0,0,0,0.2343473055677805,0,1,0.4,0.4
0.3,7,1461.0,0,0,,0,0,0.4,0.4
0.3,7,1462.0,0,0,0.0,1,1,0.5,0.5
0.3,7,1463.0,0,0,,0,0,0.5,0.5
0.3,7,1464.0,0,0,0.0,1,1,0.6,0.6
0.3,7,1465.0,0,0,,0,0,0.5,0.5
0.3,7,1466.0,1,2,,2,0,0.6,0.5
0.3,7,1467.0,0,1,0.0,0,1,0.6,0.5
0.3,7,1468.0,0,0,0.5301922950935705,1,2,0.6,0.7
0.3,7,1469.0,0,0,,0,0,0.5,0.6
0.3,7,1470.0,0,1,,1,0,0.6,0.5
0.3,7,1471.0,0,0,0.0,0,1,0.6,0.6
0.3,7,1472.0,0,0,,0,0,0.5,0.5
0.3,7,1473.0,0,0,,0,0,0.5,0.5
0.3,7,1474.0,0,0,,0,0,0.4,0.4
0.3,7,1475.0,0,0,0.0,1,1,0.5,0.5
0.3,7,1476.0,0,0,,0,0,0.3,0.5
0.3,7,1477.0,0,0,,0,0,0.3,0.4
0.3,7,1478.0,0,0,0.0,1,1,0.3,0.3
0.3,7,1479.0,0,0,,0,0,0.3,0.3
0.3,7,1480.0,0,0,,0,0,0.2,0.3
0.3,7,1481.0,0,1,,1,0,0.3,0.2
0.3,7,1482.0,1,2,,1,0,0.4,0.2
0.3,7,1483.0,1,2,,0,0,0.4,0.2
0.3,7,1484.0,1,2,0.0,1,1,0.5,0.3
0.3,7,1485.0,1,2,,0,0,0.4,0.2
0.3,7,1486.0,1,2,,0,0,0.4,0.2
0.3,7,1487.0,0,1,1.5854367607614677,0,1,0.4,0.3
0.3,7,1488.0,0,1,,0,0,0.3,0.2
0.3,7,1489.0,1,2,,1,0,0.4,0.2
0.3,7,1490.0,0,0,2.4500059790942714,0,2,0.4,0.4
0.3,7,1491.0,0,0,,0,0,0.3,0.4
0.3,7,1492.0,0,1,,1,0,0.3,0.4
0.3,7,1493.0,0,1,,0,0,0.3,0.4
0.3,7,1494.0,0,0,0.0,0,1,0.2,0.4
0.3,7,1495.0,0,0,,0,0,0.2,0.4
0.3,7,1496.0,0,0,,0,0,0.2,0.4
0.3,7,1497.0,0,0,,0,0,0.2,0.3
0.3,7,1498.0,0,0,,0,0,0.2,0.3
0.3,7,1499.0,0,0,,0,0,0.1,0.3
0.3,7,1500.0,0,0,,0,0,0.1,0.1
0.3,7,1501.0,0,1,,1,0,0.2,0.1
0.3,7,1502.0,0,1,0.0,1,1,0.2,0.2
0.3,7,1503.0,0,0,0.0,1,2,0.3,0.4
0.3,7,1504.0,0,1,,1,0,0.4,0.3
0.3,7,1505.0,0,0,0.0,1,2,0.5,0.5
0.3,7,1506.0,0,0,,0,0,0.5,0.5
0.3,7,1507.0,0,0,,0,0,0.5,0.5
0.3,7,1508.0,0,0,,0,0,0.5,0.5
0.3,7,1509.0,0,0,,0,0,0.5,0.5
0.3,7,1510.0,0,0,,0,0,0.5,0.5
0.3,7,1511.0,0,0,,0,0,0.4,0.5
0.3,7,1512.0,0,0,,0,0,0.3,0.4
0.3,7,1513.0,0,0,0.0,1,1,0.3,0.3
0.3,7,1514.0,0,0,,0,0,0.2,0.3
0.3,7,1515.0,0,1,,1,0,0.2,0.1
0.3,7,1516.0,0,1,,0,0,0.2,0.1
0.3,7,1517.0,0,1,0.0,1,1,0.3,0.2
0.3,7,1518.0,0,1,,0,0,0.3,0.2
0.3,7,1519.0,0,0,0.0,0,1,0.3,0.3
0.3,7,1520.0,0,0,,0,0,0.3,0.3
0.3,7,1521.0,0,0,,0,0,0.3,0.3
0.3,7,1522.0,0,1,,1,0,0.4,0.3
0.3,7,1523.0,0,1,,0,0,0.3,0.2
0.3,7,1524.0,0,0,0.0,0,1,0.3,0.3
0.3,7,1525.0,0,0,,0,0,0.2,0.3
0.3,7,1526.0,0,0,,0,0,0.2,0.3
0.3,7,1527.0,0,0,,0,0,0.1,0.2
0.3,7,1528.0,0,0,,0,0,0.1,0.2
0.3,7,1529.0,0,0,,0,0,0.1,0.1
0.3,7,1530.0,0,1,,1,0,0.2,0.1
0.3,7,1531.0,0,0,0.0,0,1,0.2,0.2
0.3,7,1532.0,0,0,,0,0,0.1,0.2
0.3,7,1533.0,0,0,,0,0,0.1,0.2
0.3,7,1534.0,0,0,,0,0,0.1,0.1
0.3,7,1535.0,0,0,,0,0,0.1,0.1
0.3,7,1536.0,0,0,,0,0,0.1,0.1
0.3,7,1537.0,0,0,,0,0,0.1,0.1
0.3,7,1538.0,0,0,,0,0,0.1,0.1
0.3,7,1539.0,0,0,,0,0,0.1,0.1
0.3,7,1540.0,0,0,,0,0,0.0,0.1
0.3,7,1541.0,0,0,,0,0,0.0,0.0
0.3,7,1542.0,0,0,,0,0,0.0,0.0
0.3,7,1543.0,0,0,,0,0,0.0,0.0
0.3,7,1544.0,0,0,,0,0,0.0,0.0
0.3,7,1545.0,0,1,,1,0,0.1,0.0
0.3,7,1546.0,0,0,0.0,0,1,0.1,0.1
0.3,7,1547.0,0,1,,1,0,0.2,0.1
0.3,7,1548.0,1,2,,1,0,0.3,0.1
0.3,7,1549.0,1,2,,0,0,0.3,0.1
0.3,7,1550.0,1,2,,0,0,0.3,0.1
0.3,7,1551.0,0,0,1.2077869368478105,0,2,0.3,0.3
0.3,7,1552.0,0,0,,0,0,0.3,0.3
0.3,7,1553.0,0,0,,0,0,0.3,0.3
0.3,7,1554.0,0,0,,0,0,0.3,0.3
0.3,7,1555.0,0,0,0.0,1,1,0.3,0.4
0.3,7,1556.0,0,0,,0,0,0.3,0.3
0.3,7,1557.0,0,0,,0,0,0.2,0.3
0.3,7,1558.0,0,1,,1,0,0.2,0.3
0.3,7,1559.0,1,2,,1,0,0.3,0.3
0.3,7,1560.0,0,1,0.4042454555273025,1,2,0.4,0.5
0.3,7,1561.0,0,0,0.2037967381954786,0,1,0.4,0.4
0.3,7,1562.0,0,0,,0,0,0.4,0.4
0.3,7,1563.0,0,0,0.0,1,1,0.5,0.5
0.3,7,1564.0,0,0,,0,0,0.5,0.5
0.3,7,1565.0,0,0,,0,0,0.4,0.4
0.3,7,1566.0,0,0,,0,0,0.4,0.4
0.3,7,1567.0,0,0,,0,0,0.4,0.4
0.3,7,1568.0,0,1,0.0,2,1,0.5,0.5
0.3,7,1569.0,0,0,0.15434069584910048,1,2,0.5,0.7
0.3,7,1570.0,0,0,,0,0,0.4,0.5
0.3,7,1571.0,0,0,,0,0,0.4,0.4
0.3,7,1572.0,0,0,,0,0,0.4,0.4
0.3,7,1573.0,0,0,,0,0,0.3,0.3
0.3,7,1574.0,0,0,,0,0,0.3,0.3
0.3,7,1575.0,0,0,,0,0,0.3,0.3
0.3,7,1576.0,0,0,,0,0,0.3,0.3
0.3,7,1577.0,0,0,,0,0,0.3,0.3
0.3,7,1578.0,0,0,0.0,1,1,0.2,0.3
0.3,7,1579.0,0,0,0.0,1,1,0.2,0.2
0.3,7,1580.0,0,0,,0,0,0.2,0.2
0.3,7,1581.0,0,0,,0,0,0.2,0.2
0.3,7,1582.0,0,0,,0,0,0.2,0.2
0.3,7,1583.0,0,0,,0,0,0.2,0.2
0.3,7,1584.0,0,0,,0,0,0.2,0.2
0.3,7,1585.0,0,0,0.0,1,1,0.3,0.3
0.3,7,1586.0,0,0,,0,0,0.3,0.3
0.3,7,1587.0,0,0,,0,0,0.3,0.3
0.3,7,1588.0,0,0,,0,0,0.2,0.2
0.3,7,1589.0,0,0,,0,0,0.1,0.1
0.3,7,1590.0,0,0,,0,0,0.1,0.1
0.3,7,1591.0,0,0,0.0,1,1,0.2,0.2
0.3,7,1592.0,0,0,,0,0,0.2,0.2
0.3,7,1593.0,0,0,,0,0,0.2,0.2
0.3,7,1594.0,0,0,,0,0,0.2,0.2
0.3,7,1595.0,0,0,,0,0,0.1,0.1
0.3,7,1596.0,0,0,0.0,1,1,0.2,0.2
0.3,7,1597.0,1,2,,2,0,0.4,0.2
0.3,7,1598.0,1,2,,0,0,0.4,0.2
0.3,7,1599.0,1,2,,0,0,0.4,0.2
0.3,7,1600.0,0,0,1.2911750871472805,0,2,0.4,0.4
0.3,7,1601.0,0,0,,0,0,0.3,0.3
0.3,7,1602.0,0,0,,0,0,0.3,0.3
0.3,7,1603.0,0,0,,0,0,0.3,0.3
0.3,7,1604.0,0,1,,1,0,0.4,0.3
0.3,7,1605.0,0,1,0.0,1,1,0.5,0.4
0.3,7,1606.0,0,0,0.0,0,1,0.4,0.4
0.3,7,1607.0,1,2,,2,0,0.4,0.4
0.3,7,1608.0,1,2,,0,0,0.4,0.4
0.3,7,1609.0,0,1,0.0,0,1,0.4,0.5
0.3,7,1610.0,0,0,1.870145851353982,0,1,0.4,0.4
0.3,7,1611.0,0,0,,0,0,0.4,0.4
0.3,7,1612.0,0,0,,0,0,0.4,0.4
0.3,7,1613.0,0,0,,0,0,0.4,0.4
0.3,7,1614.0,0,0,,0,0,0.3,0.4
0.3,7,1615.0,0,0,,0,0,0.2,0.3
0.3,7,1616.0,0,1,,1,0,0.3,0.2
0.3,7,1617.0,1,2,0.0,2,1,0.3,0.3
0.3,7,1618.0,1,2,0.2670754858352211,1,1,0.4,0.4
0.3,7,1619.0,0,0,0.7780323511532288,0,2,0.4,0.5
0.3,7,1620.0,0,0,,0,0,0.4,0.4
0.3,7,1621.0,0,0,,0,0,0.4,0.4
0.3,7,1622.0,0,0,,0,0,0.4,0.4
0.3,7,1623.0,0,0,,0,0,0.4,0.4
0.3,7,1624.0,0,0,,0,0,0.4,0.4
0.3,7,1625.0,0,0,,0,0,0.4,0.4
0.3,7,1626.0,0,1,,1,0,0.4,0.4
0.3,7,1627.0,0,1,,0,0,0.2,0.3
0.3,7,1628.0,0,0,0.0,0,1,0.1,0.3
0.3,7,1629.0,1,2,,2,0,0.3,0.1
0.3,7,1630.0,0,1,0.0,0,1,0.3,0.2
0.3,7,1631.0,0,0,0.5972384647000126,0,1,0.3,0.3
0.3,7,1632.0,0,1,,1,0,0.4,0.3
0.3,7,1633.0,1,2,,1,0,0.5,0.3
0.3,7,1634.0,1,2,,0,0,0.5,0.3
0.3,7,1635.0,1,2,,0,0,0.5,0.3
0.3,7,1636.0,1,2,,0,0,0.4,0.3
0.3,7,1637.0,1,2,,0,0,0.4,0.3
0.3,7,1638.0,0,0,2.173206450477096,0,2,0.4,0.4
0.3,7,1639.0,0,0,,0,0,0.2,0.4
0.3,7,1640.0,0,0,,0,0,0.2,0.3
0.3,7,1641.0,0,0,,0,0,0.2,0.2
0.3,7,1642.0,0,0,0.0,1,1,0.2,0.3
0.3,7,1643.0,0,0,0.0,1,1,0.2,0.4
0.3,7,1644.0,0,1,,1,0,0.3,0.4
0.3,7,1645.0,1,2,,1,0,0.4,0.4
0.3,7,1646.0,1,2,,0,0,0.4,0.4
0.3,7,1647.0,0,1,1.2908678583274877,1,2,0.5,0.6
0.3,7,1648.0,1,2,,1,0,0.6,0.4
0.3,7,1649.0,1,2,0.0,1,1,0.7,0.5
0.3,7,1650.0,1,2,,0,0,0.7,0.5
0.3,7,1651.0,0,1,0.6458788463978635,0,1,0.7,0.6
0.3,7,1652.0,0,1,1.9197935647971462,1,1,0.7,0.6
0.3,7,1653.0,0,0,0.0,0,1,0.6,0.6
0.3,7,1654.0,0,0,,0,0,0.5,0.6
0.3,7,1655.0,0,0,,0,0,0.4,0.6
0.3,7,1656.0,0,0,,0,0,0.4,0.6
0.3,7,1657.0,0,0,,0,0,0.3,0.4
0.3,7,1658.0,0,0,,0,0,0.2,0.4
0.3,7,1659.0,0,0,,0,0,0.1,0.3
0.3,7,1660.0,0,0,,0,0,0.1,0.3
0.3,7,1661.0,0,0,,0,0,0.1,0.2
0.3,7,1662.0,0,0,,0,0,0.0,0.1
0.3,7,1663.0,0,0,,0,0,0.0,0.0
0.3,7,1664.0,0,0,0.0,1,1,0.1,0.1
0.3,7,1665.0,0,0,,0,0,0.1,0.1
0.3,7,1666.0,0,1,,1,0,0.2,0.1
0.3,7,1667.0,1,2,,1,0,0.3,0.1
0.3,7,1668.0,0,0,0.48142389704457855,0,2,0.3,0.3
0.3,7,1669.0,0,0,,0,0,0.3,0.3
0.3,7,1670.0,0,0,,0,0,0.3,0.3
0.3,7,1671.0,0,0,,0,0,0.3,0.3
0.3,7,1672.0,0,0,,0,0,0.3,0.3
0.3,7,1673.0,0,0,,0,0,0.3,0.3
0.3,7,1674.0,0,0,,0,0,0.2,0.2
0.3,7,1675.0,0,0,,0,0,0.2,0.2
0.3,7,1676.0,0,1,,1,0,0.2,0.2
0.3,7,1677.0,0,0,0.0,0,1,0.1,0.3
0.3,7,1678.0,0,0,,0,0,0.1,0.1
0.3,7,1679.0,0,0,,0,0,0.1,0.1
0.3,7,1680.0,0,0,,0,0,0.1,0.1
0.3,7,1681.0,0,0,,0,0,0.1,0.1
0.3,7,1682.0,0,0,,0,0,0.1,0.1
0.3,7,1683.0,0,0,0.0,1,1,0.2,0.2
0.3,7,1684.0,0,0,,0,0,0.2,0.2
0.3,7,1685.0,0,1,,1,0,0.3,0.2
0.3,7,1686.0,0,0,0.0,0,1,0.2,0.3
0.3,7,1687.0,0,0,,0,0,0.2,0.2
0.3,7,1688.0,0,0,,0,0,0.2,0.2
0.3,7,1689.0,0,0,0.0,1,1,0.3,0.3
0.3,7,1690.0,0,0,,0,0,0.3,0.3
0.3,7,1691.0,0,0,,0,0,0.3,0.3
0.3,7,1692.0,0,0,,0,0,0.3,0.3
0.3,7,1693.0,0,0,,0,0,0.2,0.2
0.3,7,1694.0,0,0,,0,0,0.2,0.2
0.3,7,1695.0,0,0,,0,0,0.1,0.2
0.3,7,1696.0,0,0,,0,0,0.1,0.1
0.3,7,1697.0,0,0,,0,0,0.1,0.1
0.3,7,1698.0,0,0,,0,0,0.1,0.1
0.3,7,1699.0,0,1,,1,0,0.1,0.0
0.3,7,1700.0,0,0,0.0,0,1,0.1,0.1
0.3,7,1701.0,0,0,,0,0,0.1,0.1
0.3,7,1702.0,0,0,,0,0,0.1,0.1
0.3,7,1703.0,0,0,,0,0,0.1,0.1
0.3,7,1704.0,0,0,,0,0,0.1,0.1
0.3,7,1705.0,0,0,,0,0,0.1,0.1
0.3,7,1706.0,0,0,0.0,1,1,0.2,0.2
0.3,7,1707.0,0,0,,0,0,0.2,0.2
0.3,7,1708.0,0,1,,1,0,0.3,0.2
0.3,7,1709.0,0,1,0.0,1,1,0.3,0.3
0.3,7,1710.0,2,3,,2,0,0.5,0.2
0.3,7,1711.0,2,3,,0,0,0.5,0.2
0.3,7,1712.0,0,1,0.6615796123099926,0,2,0.5,0.4
0.3,7,1713.0,0,0,1.8312179325539546,0,1,0.5,0.5
0.3,7,1714.0,0,0,,0,0,0.5,0.5
0.3,7,1715.0,0,0,,0,0,0.5,0.5
0.3,7,1716.0,0,0,,0,0,0.4,0.4
0.3,7,1717.0,0,0,,0,0,0.4,0.4
0.3,7,1718.0,0,0,,0,0,0.3,0.4
0.3,7,1719.0,0,0,,0,0,0.2,0.3
0.3,7,1720.0,0,0,,0,0,0.0,0.3
0.3,7,1721.0,0,0,,0,0,0.0,0.3
0.3,7,1722.0,0,1,,1,0,0.1,0.1
0.3,7,1723.0,0,0,0.0,0,1,0.1,0.1
0.3,7,1724.0,0,0,,0,0,0.1,0.1
0.3,7,1725.0,0,0,,0,0,0.1,0.1
0.3,7,1726.0,0,0,0.0,2,2,0.3,0.3
0.3,7,1727.0,0,0,,0,0,0.3,0.3
0.3,7,1728.0,0,1,,1,0,0.4,0.3
0.3,7,1729.0,0,0,0.0,0,1,0.4,0.4
0.3,7,1730.0,0,0,0.0,1,1,0.5,0.5
0.3,7,1731.0,1,2,,2,0,0.7,0.5
0.3,7,1732.0,1,2,,0,0,0.6,0.5
0.3,7,1733.0,0,1,0.0,0,1,0.6,0.5
0.3,7,1734.0,0,0,1.3522453980440332,0,1,0.6,0.6
0.3,7,1735.0,0,1,,1,0,0.7,0.6
0.3,7,1736.0,0,0,0.0,0,1,0.5,0.5
0.3,7,1737.0,0,0,,0,0,0.5,0.5
0.3,7,1738.0,0,0,,0,0,0.4,0.5
0.3,7,1739.0,0,1,,1,0,0.5,0.4
0.3,7,1740.0,0,1,0.0,1,1,0.5,0.4
0.3,7,1741.0,1,2,,1,0,0.4,0.4
0.3,7,1742.0,1,2,,0,0,0.4,0.4
0.3,7,1743.0,1,2,1.0632224140803146,2,2,0.6,0.5
0.3,7,1744.0,3,4,,2,0,0.8,0.4
0.3,7,1745.0,2,3,0.008001358712590445,0,1,0.7,0.5
0.3,7,1746.0,2,3,,0,0,0.7,0.4
0.3,7,1747.0,1,2,1.56920621026984,0,1,0.7,0.5
0.3,7,1748.0,2,3,3.2754114489930544,2,1,0.9,0.6
0.3,7,1749.0,1,2,3.745412021627999,0,1,0.8,0.7
0.3,7,1750.0,0,0,1.7751169168917613,0,2,0.7,0.8
0.3,7,1751.0,0,0,,0,0,0.6,0.8
0.3,7,1752.0,0,0,,0,0,0.6,0.8
0.3,7,1753.0,0,0,,0,0,0.4,0.6
0.3,7,1754.0,0,0,,0,0,0.2,0.6
0.3,7,1755.0,0,0,0.0,1,1,0.3,0.6
0.3,7,1756.0,0,0,,0,0,0.3,0.6
0.3,7,1757.0,0,0,,0,0,0.3,0.5
0.3,7,1758.0,0,0,,0,0,0.1,0.4
0.3,7,1759.0,0,0,,0,0,0.1,0.3
0.3,7,1760.0,0,0,,0,0,0.1,0.1
0.3,7,1761.0,0,0,,0,0,0.1,0.1
0.3,7,1762.0,0,1,,1,0,0.2,0.1
0.3,7,1763.0,0,1,0.0,1,1,0.3,0.2
0.3,7,1764.0,0,0,0.0,0,1,0.3,0.3
0.3,7,1765.0,0,0,,0,0,0.2,0.2
0.3,7,1766.0,0,0,,0,0,0.2,0.2
0.3,7,1767.0,0,0,,0,0,0.2,0.2
0.3,7,1768.0,0,0,,0,0,0.2,0.2
0.3,7,1769.0,0,0,,0,0,0.2,0.2
0.3,7,1770.0,0,0,,0,0,0.2,0.2
0.3,7,1771.0,0,0,,0,0,0.2,0.2
0.3,7,1772.0,0,0,,0,0,0.1,0.2
0.3,7,1773.0,0,0,,0,0,0.0,0.1
0.3,7,1774.0,0,0,,0,0,0.0,0.0
0.3,7,1775.0,0,0,,0,0,0.0,0.0
0.3,7,1776.0,0,0,,0,0,0.0,0.0
0.3,7,1777.0,0,1,,1,0,0.1,0.0
0.3,7,1778.0,1,2,,1,0,0.2,0.0
0.3,7,1779.0,1,2,0.0,1,1,0.3,0.1
0.3,7,1780.0,0,0,0.8897222068180781,0,2,0.3,0.3
0.3,7,1781.0,0,0,,0,0,0.3,0.3
0.3,7,1782.0,0,0,,0,0,0.3,0.3
0.3,7,1783.0,0,0,,0,0,0.3,0.3
0.3,7,1784.0,0,1,,1,0,0.4,0.3
0.3,7,1785.0,0,1,,0,0,0.4,0.3
0.3,7,1786.0,0,1,,0,0,0.4,0.3
0.3,7,1787.0,0,1,,0,0,0.3,0.3
0.3,7,1788.0,0,1,,0,0,0.2,0.3
0.3,7,1789.0,0,0,0.0,0,1,0.1,0.3
0.3,7,1790.0,0,1,,1,0,0.2,0.1
0.3,7,1791.0,0,0,0.0,0,1,0.2,0.2
0.3,7,1792.0,0,0,,0,0,0.2,0.2
0.3,7,1793.0,0,0,,0,0,0.2,0.2
0.3,7,1794.0,0,0,,0,0,0.1,0.2
0.3,7,1795.0,0,0,,0,0,0.1,0.2
0.3,7,1796.0,0,1,,1,0,0.2,0.2
0.3,7,1797.0,0,1,,0,0,0.2,0.2
0.3,7,1798.0,0,0,0.0,0,1,0.2,0.3
0.3,7,1799.0,0,0,,0,0,0.2,0.2
0.3,7,1800.0,0,0,,0,0,0.1,0.2
0.3,7,1801.0,0,0,,0,0,0.1,0.1
0.3,7,1802.0,0,0,,0,0,0.1,0.1
0.3,7,1803.0,0,0,,0,0,0.1,0.1
0.3,7,1804.0,0,0,,0,0,0.1,0.1
0.3,7,1805.0,0,0,0.0,1,1,0.2,0.2
0.3,7,1806.0,0,0,,0,0,0.1,0.2
0.3,7,1807.0,0,1,,1,0,0.2,0.2
0.3,7,1808.0,1,2,,1,0,0.3,0.1
0.3,7,1809.0,0,1,0.0,0,1,0.3,0.2
0.3,7,1810.0,1,2,,1,0,0.4,0.2
0.3,7,1811.0,1,2,,0,0,0.4,0.2
0.3,7,1812.0,1,2,,0,0,0.4,0.2
0.3,7,1813.0,0,1,1.8159064219942138,0,1,0.4,0.3
0.3,7,1814.0,0,0,2.3085282507527154,0,1,0.4,0.4
0.3,7,1815.0,0,0,0.0,1,1,0.4,0.4
0.3,7,1816.0,0,0,0.0,1,1,0.5,0.5
0.3,7,1817.0,0,0,,0,0,0.4,0.5
0.3,7,1818.0,0,0,,0,0,0.3,0.5
0.3,7,1819.0,0,0,,0,0,0.3,0.4
0.3,7,1820.0,0,0,,0,0,0.2,0.4
0.3,7,1821.0,0,0,,0,0,0.2,0.4
0.3,7,1822.0,0,0,,0,0,0.2,0.4
0.3,7,1823.0,0,0,,0,0,0.2,0.3
0.3,7,1824.0,0,1,,1,0,0.3,0.2
0.3,7,1825.0,0,0,0.0,0,1,0.2,0.2
0.3,7,1826.0,0,0,,0,0,0.1,0.1
0.3,7,1827.0,0,1,,1,0,0.2,0.1
0.3,7,1828.0,0,0,0.0,0,1,0.2,0.2
0.3,7,1829.0,0,0,,0,0,0.2,0.2
0.3,7,1830.0,0,0,,0,0,0.2,0.2
0.3,7,1831.0,0,0,,0,0,0.2,0.2
0.3,7,1832.0,0,0,,0,0,0.2,0.2
0.3,7,1833.0,0,0,,0,0,0.2,0.2
0.3,7,1834.0,0,0,,0,0,0.1,0.2
0.3,7,1835.0,0,0,,0,0,0.1,0.1
0.3,7,1836.0,0,0,,0,0,0.1,0.1
0.3,7,1837.0,0,0,,0,0,0.0,0.1
0.3,7,1838.0,0,0,,0,0,0.0,0.0
0.3,7,1839.0,0,0,,0,0,0.0,0.0
0.3,7,1840.0,0,0,,0,0,0.0,0.0
0.3,7,1841.0,0,0,,0,0,0.0,0.0
0.3,7,1842.0,0,0,,0,0,0.0,0.0
0.3,7,1843.0,0,0,,0,0,0.0,0.0
0.3,7,1844.0,0,0,,0,0,0.0,0.0
0.3,7,1845.0,1,2,,2,0,0.2,0.0
0.3,7,1846.0,1,2,,0,0,0.2,0.0
0.3,7,1847.0,0,0,0.728243707528236,0,2,0.2,0.2
0.3,7,1848.0,0,0,,0,0,0.2,0.2
0.3,7,1849.0,0,0,,0,0,0.2,0.2
0.3,7,1850.0,0,0,,0,0,0.2,0.2
0.3,7,1851.0,0,1,,1,0,0.3,0.2
0.3,7,1852.0,0,0,0.0,0,1,0.3,0.3
0.3,7,1853.0,0,0,0.0,1,1,0.4,0.4
0.3,7,1854.0,0,1,,1,0,0.5,0.4
0.3,7,1855.0,0,0,0.0,0,1,0.3,0.5
0.3,7,1856.0,1,2,,2,0,0.5,0.5
0.3,7,1857.0,2,3,,1,0,0.6,0.3
0.3,7,1858.0,0,1,0.9998564490335866,0,2,0.6,0.5
0.3,7,1859.0,0,1,,0,0,0.6,0.5
0.3,7,1860.0,0,1,,0,0,0.6,0.5
0.3,7,1861.0,0,0,1.0061745993912155,0,1,0.5,0.6
0.3,7,1862.0,0,1,,1,0,0.6,0.5
0.3,7,1863.0,0,0,0.0,0,1,0.5,0.5
0.3,7,1864.0,0,0,0.0,1,1,0.5,0.6
0.3,7,1865.0,0,0,,0,0,0.5,0.5
0.3,7,1866.0,0,0,,0,0,0.3,0.5
0.3,7,1867.0,0,0,,0,0,0.2,0.5
0.3,7,1868.0,0,0,,0,0,0.2,0.3
0.3,7,1869.0,0,0,,0,0,0.2,0.3
0.3,7,1870.0,0,0,,0,0,0.2,0.3
0.3,7,1871.0,0,1,,1,0,0.3,0.2
0.3,7,1872.0,0,0,0.0,0,1,0.2,0.3
0.3,7,1873.0,0,1,,1,0,0.3,0.2
0.3,7,1874.0,0,1,,0,0,0.2,0.1
0.3,7,1875.0,0,1,,0,0,0.2,0.1
0.3,7,1876.0,0,0,0.0,0,1,0.2,0.2
0.3,7,1877.0,0,0,,0,0,0.2,0.2
0.3,7,1878.0,0,0,,0,0,0.2,0.2
0.3,7,1879.0,0,0,,0,0,0.2,0.2
0.3,7,1880.0,1,2,,2,0,0.4,0.2
0.3,7,1881.0,1,2,,0,0,0.3,0.2
0.3,7,1882.0,0,0,0.5965509315547024,0,2,0.3,0.3
0.3,7,1883.0,0,0,,0,0,0.2,0.3
0.3,7,1884.0,0,1,,1,0,0.3,0.3
0.3,7,1885.0,0,0,0.016732535611254207,1,2,0.4,0.5
0.3,7,1886.0,0,1,,1,0,0.5,0.4
0.3,7,1887.0,0,1,,0,0,0.5,0.4
0.3,7,1888.0,0,0,0.0,0,1,0.5,0.5
0.3,7,1889.0,0,0,,0,0,0.5,0.5
0.3,7,1890.0,0,0,,0,0,0.3,0.5
0.3,7,1891.0,0,0,,0,0,0.3,0.5
0.3,7,1892.0,0,0,0.0,1,1,0.4,0.4
0.3,7,1893.0,0,1,,1,0,0.5,0.4
0.3,7,1894.0,0,1,,0,0,0.4,0.4
0.3,7,1895.0,0,1,,0,0,0.3,0.2
0.3,7,1896.0,0,0,0.0,0,1,0.2,0.3
0.3,7,1897.0,0,0,0.0,1,1,0.3,0.4
0.3,7,1898.0,0,0,0.0,1,1,0.4,0.4
0.3,7,1899.0,0,0,,0,0,0.4,0.4
0.3,7,1900.0,0,0,,0,0,0.4,0.4
0.3,7,1901.0,0,1,,1,0,0.5,0.4
0.3,7,1902.0,0,0,0.0,1,2,0.5,0.5
0.3,7,1903.0,0,1,,1,0,0.5,0.5
0.3,7,1904.0,0,0,0.0,0,1,0.5,0.6
0.3,7,1905.0,0,0,,0,0,0.5,0.6
0.3,7,1906.0,0,0,,0,0,0.5,0.5
0.3,7,1907.0,0,0,0.0,1,1,0.5,0.5
0.3,7,1908.0,0,0,,0,0,0.4,0.4
0.3,7,1909.0,0,0,,0,0,0.4,0.4
0.3,7,1910.0,0,1,,1,0,0.5,0.4
0.3,7,1911.0,0,0,0.0,0,1,0.4,0.5
0.3,7,1912.0,0,0,,0,0,0.3,0.3
0.3,7,1913.0,0,0,,0,0,0.2,0.3
0.3,7,1914.0,0,0,0.0,2,2,0.4,0.4
0.3,7,1915.0,0,0,0.0,1,1,0.5,0.5
0.3,7,1916.0,0,0,,0,0,0.5,0.5
0.3,7,1917.0,0,0,,0,0,0.4,0.4
0.3,7,1918.0,0,1,,1,0,0.5,0.4
0.3,7,1919.0,0,0,0.0,0,1,0.5,0.5
0.3,7,1920.0,0,0,,0,0,0.4,0.5
0.3,7,1921.0,0,0,,0,0,0.4,0.4
0.3,7,1922.0,0,0,0.0,1,1,0.5,0.5
0.3,7,1923.0,0,0,,0,0,0.5,0.5
0.3,7,1924.0,0,0,,0,0,0.3,0.3
0.3,7,1925.0,0,0,,0,0,0.2,0.2
0.3,7,1926.0,0,1,,1,0,0.3,0.2
0.3,7,1927.0,0,1,0.0,1,1,0.4,0.3
0.3,7,1928.0,1,2,0.5703469539844264,2,1,0.5,0.4
0.3,7,1929.0,1,2,,0,0,0.5,0.3
0.3,7,1930.0,0,0,0.866588291700964,0,2,0.5,0.5
0.3,7,1931.0,0,0,,0,0,0.5,0.5
0.3,7,1932.0,0,0,,0,0,0.4,0.4
0.3,7,1933.0,0,0,0.0,1,1,0.5,0.5
0.3,7,1934.0,0,0,,0,0,0.5,0.5
0.3,7,1935.0,0,0,,0,0,0.5,0.5
0.3,7,1936.0,0,0,,0,0,0.4,0.5
0.3,7,1937.0,0,0,,0,0,0.3,0.4
0.3,7,1938.0,0,0,,0,0,0.1,0.3
0.3,7,1939.0,0,0,,0,0,0.1,0.3
0.3,7,1940.0,0,1,,1,0,0.2,0.1
0.3,7,1941.0,0,0,0.0,0,1,0.2,0.2
0.3,7,1942.0,0,0,,0,0,0.2,0.2
0.3,7,1943.0,0,0,,0,0,0.1,0.1
0.3,7,1944.0,0,0,,0,0,0.1,0.1
0.3,7,1945.0,0,0,,0,0,0.1,0.1
0.3,7,1946.0,0,0,,0,0,0.1,0.1
0.3,7,1947.0,0,0,,0,0,0.1,0.1
0.3,7,1948.0,0,0,,0,0,0.1,0.1
0.3,7,1949.0,0,0,,0,0,0.1,0.1
0.3,7,1950.0,0,0,,0,0,0.0,0.1
0.3,7,1951.0,0,0,,0,0,0.0,0.0
0.3,7,1952.0,0,0,,0,0,0.0,0.0
0.3,7,1953.0,0,0,,0,0,0.0,0.0
0.3,7,1954.0,0,0,,0,0,0.0,0.0
0.3,7,1955.0,0,0,,0,0,0.0,0.0
0.3,7,1956.0,0,0,,0,0,0.0,0.0
0.3,7,1957.0,0,1,,1,0,0.1,0.0
0.3,7,1958.0,0,1,0.0,1,1,0.2,0.1
0.3,7,1959.0,0,1,,0,0,0.2,0.1
0.3,7,1960.0,0,0,0.0,0,1,0.2,0.2
0.3,7,1961.0,0,0,0.0,1,1,0.3,0.3
0.3,7,1962.0,1,2,,2,0,0.5,0.3
0.3,7,1963.0,0,1,0.0,0,1,0.5,0.4
0.3,7,1964.0,0,1,,0,0,0.5,0.4
0.3,7,1965.0,0,1,,0,0,0.5,0.4
0.3,7,1966.0,0,1,,0,0,0.5,0.4
0.3,7,1967.0,0,0,1.312895654906697,0,1,0.4,0.5
0.3,7,1968.0,0,0,,0,0,0.3,0.4
0.3,7,1969.0,0,1,,1,0,0.4,0.4
0.3,7,1970.0,0,1,,0,0,0.4,0.3
0.3,7,1971.0,0,0,0.0,1,2,0.4,0.4
0.3,7,1972.0,0,0,,0,0,0.2,0.4
0.3,7,1973.0,0,0,,0,0,0.2,0.3
0.3,7,1974.0,0,0,0.0,1,1,0.3,0.4
0.3,7,1975.0,0,0,,0,0,0.3,0.4
0.3,7,1976.0,0,0,,0,0,0.3,0.4
0.3,7,1977.0,0,0,,0,0,0.3,0.3
0.3,7,1978.0,0,0,,0,0,0.3,0.3
0.3,7,1979.0,0,0,,0,0,0.2,0.3
0.3,7,1980.0,0,0,,0,0,0.2,0.3
0.3,7,1981.0,0,0,0.0,1,1,0.2,0.2
0.3,7,1982.0,0,0,,0,0,0.2,0.2
0.3,7,1983.0,0,0,,0,0,0.2,0.2
0.3,7,1984.0,0,0,,0,0,0.1,0.1
0.3,7,1985.0,0,0,,0,0,0.1,0.1
0.3,7,1986.0,0,0,,0,0,0.1,0.1
0.3,7,1987.0,0,0,,0,0,0.1,0.1
0.3,7,1988.0,0,0,,0,0,0.1,0.1
0.3,7,1989.0,0,0,,0,0,0.1,0.1
0.3,7,1990.0,0,0,,0,0,0.1,0.1
0.3,7,1991.0,0,0,,0,0,0.0,0.0
0.3,7,1992.0,0,1,0.0,2,1,0.2,0.1
0.3,7,1993.0,0,1,,0,0,0.2,0.1
0.3,7,1994.0,0,1,0.0,1,1,0.3,0.2
0.3,7,1995.0,0,0,0.22366592040225441,0,1,0.3,0.3
0.3,7,1996.0,0,0,,0,0,0.3,0.3
0.3,7,1997.0,0,0,,0,0,0.3,0.3
0.3,7,1998.0,0,0,,0,0,0.3,0.3
0.3,7,1999.0,0,1,,1,0,0.4,0.3
0.3,7,2000.0,3,4,,3,0,0.7,0.3
0.3,7,2001.0,0,1,0.8103629261381684,0,3,0.7,0.6
0.3,7,2002.0,0,1,,0,0,0.5,0.5
0.3,7,2003.0,0,0,1.3921284758484944,0,1,0.5,0.6
0.3,7,2004.0,0,0,,0,0,0.4,0.5
0.3,7,2005.0,0,0,,0,0,0.4,0.4
0.3,7,2006.0,0,0,,0,0,0.4,0.4
0.3,7,2007.0,0,0,,0,0,0.4,0.4
0.3,7,2008.0,0,0,0.0,1,1,0.5,0.5
0.3,7,2009.0,0,0,,0,0,0.4,0.5
0.3,7,2010.0,0,0,,0,0,0.1,0.5
0.3,7,2011.0,0,0,,0,0,0.1,0.2
0.3,7,2012.0,0,1,,1,0,0.2,0.2
0.3,7,2013.0,0,1,,0,0,0.2,0.1
0.3,7,2014.0,0,1,0.0,1,1,0.3,0.2
0.3,7,2015.0,0,0,0.3825996294044671,0,1,0.3,0.3
0.3,7,2016.0,0,0,,0,0,0.3,0.3
0.3,7,2017.0,0,0,0.0,1,1,0.4,0.4
0.3,7,2018.0,0,0,,0,0,0.3,0.3
0.3,7,2019.0,0,0,,0,0,0.3,0.3
0.3,7,2020.0,0,0,,0,0,0.3,0.3
0.3,7,2021.0,0,0,,0,0,0.3,0.3
0.3,7,2022.0,0,0,,0,0,0.2,0.3
0.3,7,2023.0,0,1,,1,0,0.3,0.3
0.3,7,2024.0,0,0,0.0,0,1,0.2,0.3
0.3,7,2025.0,0,0,,0,0,0.2,0.2
0.3,7,2026.0,0,0,,0,0,0.2,0.2
0.3,7,2027.0,0,0,,0,0,0.1,0.1
0.3,7,2028.0,0,0,,0,0,0.1,0.1
0.3,7,2029.0,0,0,,0,0,0.1,0.1
0.3,7,2030.0,0,0,,0,0,0.1,0.1
0.3,7,2031.0,0,0,,0,0,0.1,0.1
0.3,7,2032.0,0,0,0.0,1,1,0.2,0.2
0.3,7,2033.0,0,0,,0,0,0.1,0.2
0.3,7,2034.0,0,0,,0,0,0.1,0.1
0.3,7,2035.0,0,0,,0,0,0.1,0.1
0.3,7,2036.0,0,0,,0,0,0.1,0.1
0.3,7,2037.0,0,0,,0,0,0.1,0.1
0.3,7,2038.0,0,0,,0,0,0.1,0.1
0.3,7,2039.0,0,0,,0,0,0.1,0.1
0.3,7,2040.0,0,0,,0,0,0.1,0.1
0.3,7,2041.0,0,0,,0,0,0.1,0.1
0.3,7,2042.0,0,0,,0,0,0.0,0.0
0.3,7,2043.0,0,0,,0,0,0.0,0.0
0.3,7,2044.0,0,0,,0,0,0.0,0.0
0.3,7,2045.0,0,0,,0,0,0.0,0.0
0.3,7,2046.0,0,0,,0,0,0.0,0.0
0.3,7,2047.0,0,0,,0,0,0.0,0.0
0.3,7,2048.0,0,1,,1,0,0.1,0.0
0.3,7,2049.0,0,0,0.0,0,1,0.1,0.1
0.3,7,2050.0,0,0,,0,0,0.1,0.1
0.3,7,2051.0,0,0,0.0,1,1,0.2,0.2
0.3,7,2052.0,0,1,,1,0,0.3,0.2
0.3,7,2053.0,0,0,0.0,0,1,0.3,0.3
0.3,7,2054.0,0,0,,0,0,0.3,0.3
0.3,7,2055.0,0,0,0.0,1,1,0.4,0.4
0.3,7,2056.0,0,0,,0,0,0.4,0.4
0.3,7,2057.0,0,0,,0,0,0.4,0.4
0.3,7,2058.0,0,0,,0,0,0.3,0.4
0.3,7,2059.0,0,0,,0,0,0.3,0.3
0.3,7,2060.0,0,1,,1,0,0.4,0.3
0.3,7,2061.0,0,1,,0,0,0.3,0.2
0.3,7,2062.0,0,1,,0,0,0.2,0.2
0.3,7,2063.0,0,1,0.0,1,1,0.3,0.2
0.3,7,2064.0,0,0,0.0,0,1,0.3,0.3
0.3,7,2065.0,0,0,,0,0,0.2,0.2
0.3,7,2066.0,0,0,,0,0,0.2,0.2
0.3,7,2067.0,0,0,,0,0,0.2,0.2
0.3,7,2068.0,0,0,,0,0,0.2,0.2
0.3,7,2069.0,0,0,,0,0,0.2,0.2
0.3,7,2070.0,0,0,,0,0,0.1,0.2
0.3,7,2071.0,0,0,,0,0,0.1,0.2
0.3,7,2072.0,0,0,,0,0,0.1,0.2
0.3,7,2073.0,0,1,,1,0,0.1,0.1
0.3,7,2074.0,0,0,0.0,0,1,0.1,0.1
0.3,7,2075.0,0,1,,1,0,0.2,0.1
0.3,7,2076.0,0,0,0.0,0,1,0.2,0.2
0.3,7,2077.0,0,0,,0,0,0.2,0.2
0.3,7,2078.0,0,0,,0,0,0.2,0.2
0.3,7,2079.0,0,0,,0,0,0.2,0.2
0.3,7,2080.0,0,0,,0,0,0.2,0.2
0.3,7,2081.0,0,0,0.037087405290549214,2,2,0.4,0.4
0.3,7,2082.0,0,0,,0,0,0.4,0.4
0.3,7,2083.0,0,0,,0,0,0.3,0.4
0.3,7,2084.0,0,0,,0,0,0.3,0.3
0.3,7,2085.0,0,1,,1,0,0.3,0.3
0.3,7,2086.0,0,0,0.0,0,1,0.3,0.3
0.3,7,2087.0,0,0,,0,0,0.3,0.3
0.3,7,2088.0,0,1,,1,0,0.4,0.3
0.3,7,2089.0,0,0,0.0,0,1,0.4,0.4
0.3,7,2090.0,0,0,,0,0,0.4,0.4
0.3,7,2091.0,0,0,,0,0,0.2,0.2
0.3,7,2092.0,0,0,0.0,1,1,0.3,0.3
0.3,7,2093.0,0,0,,0,0,0.3,0.3
0.3,7,2094.0,0,0,0.0,1,1,0.4,0.4
0.3,7,2095.0,0,0,0.0,1,1,0.4,0.5
0.3,7,2096.0,0,0,0.0,1,1,0.5,0.5
0.3,7,2097.0,0,0,,0,0,0.5,0.5
0.3,7,2098.0,0,0,,0,0,0.4,0.5
0.3,7,2099.0,0,0,,0,0,0.4,0.4
0.3,7,2100.0,0,0,,0,0,0.4,0.4
0.3,7,2101.0,0,0,,0,0,0.4,0.4
0.3,7,2102.0,1,2,,2,0,0.5,0.3
0.3,7,2103.0,3,4,,2,0,0.7,0.3
0.3,7,2104.0,2,3,0.0,0,1,0.6,0.3
0.3,7,2105.0,1,2,2.0960410783986845,0,1,0.5,0.3
0.3,7,2106.0,1,2,,0,0,0.4,0.2
0.3,7,2107.0,1,2,,0,0,0.4,0.2
0.3,7,2108.0,2,3,,1,0,0.5,0.2
0.3,7,2109.0,3,4,,1,0,0.6,0.2
0.3,7,2110.0,0,0,3.0449951497855636,0,4,0.6,0.6
0.3,7,2111.0,0,0,,0,0,0.6,0.6
0.3,7,2112.0,0,0,,0,0,0.4,0.6
0.3,7,2113.0,0,0,,0,0,0.2,0.6
0.3,7,2114.0,0,0,,0,0,0.2,0.5
0.3,7,2115.0,0,1,,1,0,0.3,0.4
0.3,7,2116.0,0,1,,0,0,0.3,0.4
0.3,7,2117.0,0,1,0.0,1,1,0.4,0.5
0.3,7,2118.0,0,0,0.0,0,1,0.3,0.6
0.3,7,2119.0,0,0,0.0,1,1,0.3,0.7
0.3,7,2120.0,0,0,,0,0,0.3,0.3
0.3,7,2121.0,0,0,,0,0,0.3,0.3
0.3,7,2122.0,0,0,,0,0,0.3,0.3
0.3,7,2123.0,0,1,,1,0,0.4,0.3
0.3,7,2124.0,0,1,,0,0,0.4,0.3
0.3,7,2125.0,1,2,,1,0,0.4,0.3
0.3,7,2126.0,1,2,,0,0,0.4,0.3
0.3,7,2127.0,1,2,0.0,1,1,0.4,0.3
0.3,7,2128.0,0,0,1.487453483138097,0,2,0.4,0.4
0.3,7,2129.0,0,1,,1,0,0.4,0.3
0.3,7,2130.0,0,0,0.0,0,1,0.4,0.4
0.3,7,2131.0,0,0,,0,0,0.4,0.4
0.3,7,2132.0,0,0,,0,0,0.4,0.4
0.3,7,2133.0,1,2,,2,0,0.5,0.4
0.3,7,2134.0,0,1,0.0,0,1,0.5,0.5
0.3,7,2135.0,0,0,0.46292086060611837,0,1,0.4,0.6
0.3,7,2136.0,0,0,0.0,1,1,0.5,0.7
0.3,7,2137.0,0,0,,0,0,0.4,0.6
0.3,7,2138.0,0,0,0.0,1,1,0.5,0.5
0.3,7,2139.0,0,0,,0,0,0.4,0.5
0.3,7,2140.0,0,0,,0,0,0.4,0.4
0.3,7,2141.0,0,1,,1,0,0.5,0.4
0.3,7,2142.0,0,1,0.0,1,1,0.6,0.5
0.3,7,2143.0,0,0,0.21086935079938485,0,1,0.4,0.6
0.3,7,2144.0,0,0,,0,0,0.4,0.5
0.3,7,2145.0,0,0,,0,0,0.4,0.4
0.3,7,2146.0,0,0,,0,0,0.3,0.3
0.3,7,2147.0,0,0,,0,0,0.3,0.3
0.3,7,2148.0,0,0,,0,0,0.2,0.2
0.3,7,2149.0,0,0,,0,0,0.2,0.2
0.3,7,2150.0,0,0,,0,0,0.2,0.2
0.3,7,2151.0,0,0,,0,0,0.1,0.2
0.3,7,2152.0,0,1,,1,0,0.1,0.1
0.3,7,2153.0,0,1,,0,0,0.1,0.0
0.3,7,2154.0,0,1,,0,0,0.1,0.0
0.3,7,2155.0,0,0,0.0,0,1,0.1,0.1
0.3,7,2156.0,0,0,,0,0,0.1,0.1
0.3,7,2157.0,0,0,,0,0,0.1,0.1
0.3,7,2158.0,0,1,,1,0,0.2,0.1
0.3,7,2159.0,0,1,,0,0,0.2,0.1
0.3,7,2160.0,0,0,0.0,0,1,0.2,0.2
0.3,7,2161.0,0,0,,0,0,0.2,0.2
0.3,7,2162.0,0,0,,0,0,0.1,0.2
0.3,7,2163.0,0,0,0.0,1,1,0.2,0.3
0.3,7,2164.0,0,0,,0,0,0.2,0.3
0.3,7,2165.0,0,0,,0,0,0.2,0.2
0.3,7,2166.0,0,0,0.0,1,1,0.3,0.3
0.3,7,2167.0,0,0,,0,0,0.3,0.3
0.3,7,2168.0,0,0,0.0,1,1,0.3,0.4
0.3,7,2169.0,0,1,,1,0,0.4,0.4
0.3,7,2170.0,0,1,,0,0,0.4,0.3
0.3,7,2171.0,0,0,0.0,0,1,0.4,0.4
0.3,7,2172.0,0,0,,0,0,0.4,0.4
0.3,7,2173.0,0,0,,0,0,0.3,0.3
0.3,7,2174.0,0,1,,1,0,0.4,0.3
0.3,7,2175.0,0,0,0.0,0,1,0.4,0.4
0.3,7,2176.0,0,1,,1,0,0.4,0.3
0.3,7,2177.0,0,1,,0,0,0.4,0.3
0.3,7,2178.0,1,2,,1,0,0.4,0.2
0.3,7,2179.0,1,2,,0,0,0.3,0.2
0.3,7,2180.0,2,3,,1,0,0.4,0.2
0.3,7,2181.0,1,2,0.0,0,1,0.4,0.2
0.3,7,2182.0,0,1,3.4015307689746805,0,1,0.4,0.3
0.3,7,2183.0,1,2,,1,0,0.5,0.3
0.3,7,2184.0,0,1,2.348729805582934,0,1,0.4,0.4
0.3,7,2185.0,0,0,0.8832357900364514,0,1,0.4,0.4
0.3,7,2186.0,0,0,,0,0,0.3,0.4
0.3,7,2187.0,0,0,,0,0,0.3,0.4
0.3,7,2188.0,0,1,,1,0,0.3,0.4
0.3,7,2189.0,0,0,0.0,0,1,0.3,0.5
0.3,7,2190.0,0,1,,1,0,0.3,0.5
0.3,7,2191.0,0,0,0.0,0,1,0.3,0.5
0.3,7,2192.0,0,0,,0,0,0.3,0.4
0.3,7,2193.0,0,0,0.0,1,1,0.3,0.5
0.3,7,2194.0,0,0,,0,0,0.3,0.4
0.3,7,2195.0,0,0,,0,0,0.3,0.3
0.3,7,2196.0,0,0,,0,0,0.3,0.3
0.3,7,2197.0,0,0,,0,0,0.3,0.3
0.3,7,2198.0,0,0,,0,0,0.2,0.3
0.3,7,2199.0,0,0,,0,0,0.2,0.2
0.3,7,2200.0,0,0,,0,0,0.1,0.2
0.3,7,2201.0,0,0,,0,0,0.1,0.1
0.3,7,2202.0,0,1,,1,0,0.2,0.1
0.3,7,2203.0,1,2,,1,0,0.2,0.0
0.3,7,2204.0,0,0,0.5429859638898051,0,2,0.2,0.2
0.3,7,2205.0,0,0,,0,0,0.2,0.2
0.3,7,2206.0,0,0,,0,0,0.2,0.2
0.3,7,2207.0,0,0,,0,0,0.2,0.2
0.3,7,2208.0,0,1,,1,0,0.3,0.2
0.3,7,2209.0,0,0,0.0,0,1,0.3,0.3
0.3,7,2210.0,0,0,,0,0,0.3,0.3
0.3,7,2211.0,0,0,,0,0,0.3,0.3
0.3,7,2212.0,0,0,,0,0,0.2,0.3
0.3,7,2213.0,0,0,,0,0,0.1,0.3
0.3,7,2214.0,0,0,,0,0,0.1,0.1
0.3,7,2215.0,0,1,,1,0,0.2,0.1
0.3,7,2216.0,0,0,0.0,0,1,0.2,0.2
0.3,7,2217.0,0,0,,0,0,0.2,0.2
0.3,7,2218.0,0,1,,1,0,0.2,0.2
0.3,7,2219.0,0,0,0.0,0,1,0.2,0.2
0.3,7,2220.0,0,0,,0,0,0.2,0.2
0.3,7,2221.0,0,0,,0,0,0.2,0.2
0.3,7,2222.0,0,1,,1,0,0.3,0.2
0.3,7,2223.0,1,2,,1,0,0.4,0.2
0.3,7,2224.0,1,2,,0,0,0.4,0.2
0.3,7,2225.0,2,3,1.1044419449679026,3,2,0.6,0.4
0.3,7,2226.0,1,2,0.8808196034874527,0,1,0.6,0.4
0.3,7,2227.0,2,3,,1,0,0.7,0.4
0.3,7,2228.0,2,3,,0,0,0.6,0.4
0.3,7,2229.0,2,3,,0,0,0.6,0.3
0.3,7,2230.0,2,3,,0,0,0.6,0.3
0.3,7,2231.0,0,0,3.64164265599887,0,3,0.6,0.6
0.3,7,2232.0,0,0,,0,0,0.5,0.6
0.3,7,2233.0,1,2,,2,0,0.6,0.6
0.3,7,2234.0,2,3,,1,0,0.7,0.6
0.3,7,2235.0,0,0,0.5794106770581493,0,3,0.4,0.7
0.3,7,2236.0,0,0,,0,0,0.4,0.6
0.3,7,2237.0,0,1,0.0,2,1,0.5,0.7
0.3,7,2238.0,0,1,,0,0,0.5,0.7
0.3,7,2239.0,1,2,0.28119879236783163,2,1,0.7,0.8
0.3,7,2240.0,1,2,,0,0,0.7,0.8
0.3,7,2241.0,1,2,,0,0,0.7,0.5
0.3,7,2242.0,1,2,,0,0,0.7,0.5
0.3,7,2243.0,1,2,,0,0,0.5,0.5
0.3,7,2244.0,0,0,2.3921038502994634,0,2,0.4,0.7
0.3,7,2245.0,0,0,,0,0,0.4,0.4
0.3,7,2246.0,1,2,,2,0,0.6,0.4
0.3,7,2247.0,0,1,0.48400725395867994,1,2,0.5,0.5
0.3,7,2248.0,0,0,0.1466022247809633,0,1,0.5,0.6
0.3,7,2249.0,0,0,,0,0,0.3,0.5
0.3,7,2250.0,0,1,,1,0,0.4,0.5
0.3,7,2251.0,0,1,0.0,1,1,0.5,0.6
0.3,7,2252.0,1,2,,1,0,0.6,0.6
0.3,7,2253.0,2,3,0.942976829311192,2,1,0.8,0.7
0.3,7,2254.0,2,3,,0,0,0.8,0.5
0.3,7,2255.0,2,3,,0,0,0.8,0.5
0.3,7,2256.0,2,3,,0,0,0.6,0.5
0.3,7,2257.0,2,3,,0,0,0.5,0.3
0.3,7,2258.0,0,1,3.4281677748374477,0,2,0.5,0.4
0.3,7,2259.0,1,2,,1,0,0.6,0.4
0.3,7,2260.0,1,2,,0,0,0.5,0.4
0.3,7,2261.0,1,2,5.616878717001782,1,1,0.5,0.4
0.3,7,2262.0,1,2,0.75515766792599,3,3,0.7,0.7
0.3,7,2263.0,0,1,0.33480747301587144,1,2,0.6,0.8
0.3,7,2264.0,0,0,0.4004531097962172,0,1,0.6,0.9
0.3,7,2265.0,0,0,,0,0,0.6,0.9
0.3,7,2266.0,0,0,,0,0,0.6,0.9
0.3,7,2267.0,0,0,,0,0,0.6,0.9
0.3,7,2268.0,0,0,,0,0,0.6,0.7
0.3,7,2269.0,0,0,,0,0,0.5,0.7
0.3,7,2270.0,0,0,,0,0,0.5,0.7
0.3,7,2271.0,0,0,,0,0,0.4,0.6
0.3,7,2272.0,0,0,,0,0,0.1,0.3
0.3,7,2273.0,0,0,,0,0,0.0,0.1
0.3,7,2274.0,0,0,,0,0,0.0,0.0
0.3,7,2275.0,0,0,,0,0,0.0,0.0
0.3,7,2276.0,0,0,,0,0,0.0,0.0
0.3,7,2277.0,0,0,,0,0,0.0,0.0
0.3,7,2278.0,0,0,0.0,1,1,0.1,0.1
0.3,7,2279.0,0,0,,0,0,0.1,0.1
0.3,7,2280.0,0,0,0.0,1,1,0.2,0.2
0.3,7,2281.0,0,0,,0,0,0.2,0.2
0.3,7,2282.0,0,1,,1,0,0.3,0.2
0.3,7,2283.0,0,0,0.0,0,1,0.3,0.3
0.3,7,2284.0,0,0,,0,0,0.3,0.3
0.3,7,2285.0,0,0,,0,0,0.3,0.3
0.3,7,2286.0,0,0,,0,0,0.3,0.3
0.3,7,2287.0,0,0,,0,0,0.3,0.3
0.3,7,2288.0,0,0,,0,0,0.2,0.2
0.3,7,2289.0,0,0,,0,0,0.2,0.2
0.3,7,2290.0,0,0,,0,0,0.1,0.1
0.3,7,2291.0,0,0,,0,0,0.1,0.1
0.3,7,2292.0,0,0,,0,0,0.0,0.1
0.3,7,2293.0,0,0,,0,0,0.0,0.0
0.3,7,2294.0,0,0,,0,0,0.0,0.0
0.3,7,2295.0,0,0,,0,0,0.0,0.0
0.3,7,2296.0,0,1,,1,0,0.1,0.0
0.3,7,2297.0,0,1,,0,0,0.1,0.0
0.3,7,2298.0,0,1,0.0,1,1,0.2,0.1
0.3,7,2299.0,0,0,0.2570983634386721,0,1,0.2,0.2
0.3,7,2300.0,0,0,,0,0,0.2,0.2
0.3,7,2301.0,0,0,,0,0,0.2,0.2
0.3,7,2302.0,0,0,,0,0,0.2,0.2
0.3,7,2303.0,0,0,,0,0,0.2,0.2
0.3,7,2304.0,0,0,,0,0,0.2,0.2
0.3,7,2305.0,0,0,,0,0,0.2,0.2
0.3,7,2306.0,0,0,,0,0,0.1,0.2
0.3,7,2307.0,0,0,,0,0,0.1,0.2
0.3,7,2308.0,0,0,,0,0,0.0,0.1
0.3,7,2309.0,0,0,,0,0,0.0,0.0
0.3,7,2310.0,0,0,,0,0,0.0,0.0
0.3,7,2311.0,0,0,,0,0,0.0,0.0
0.3,7,2312.0,0,0,,0,0,0.0,0.0
0.3,7,2313.0,0,0,,0,0,0.0,0.0
0.3,7,2314.0,0,0,0.0,1,1,0.1,0.1
0.3,7,2315.0,0,1,0.0,2,1,0.3,0.2
0.3,7,2316.0,0,0,0.0,0,1,0.3,0.3
0.3,7,2317.0,0,1,,1,0,0.4,0.3
0.3,7,2318.0,0,0,0.0,1,2,0.5,0.5
0.3,7,2319.0,0,0,0.0,1,1,0.6,0.6
0.3,7,2320.0,0,1,,1,0,0.7,0.6
0.3,7,2321.0,1,2,,1,0,0.8,0.6
0.3,7,2322.0,1,2,,0,0,0.8,0.6
0.3,7,2323.0,0,1,0.0,0,1,0.8,0.7
0.3,7,2324.0,0,0,1.8379859069500526,0,1,0.7,0.7
0.3,7,2325.0,0,0,,0,0,0.5,0.6
0.3,7,2326.0,0,0,,0,0,0.5,0.5
0.3,7,2327.0,0,1,,1,0,0.5,0.5
0.3,7,2328.0,0,0,0.0,0,1,0.4,0.4
0.3,7,2329.0,0,0,,0,0,0.3,0.3
0.3,7,2330.0,0,0,0.0,1,1,0.3,0.4
0.3,7,2331.0,0,0,,0,0,0.2,0.4
0.3,7,2332.0,0,0,,0,0,0.2,0.4
0.3,7,2333.0,0,0,,0,0,0.2,0.3
0.3,7,2334.0,0,0,,0,0,0.2,0.2
0.3,7,2335.0,0,1,,1,0,0.3,0.2
0.3,7,2336.0,0,0,0.0,0,1,0.3,0.3
0.3,7,2337.0,0,1,,1,0,0.3,0.3
0.3,7,2338.0,0,1,,0,0,0.3,0.2
0.3,7,2339.0,0,1,,0,0,0.3,0.2
0.3,7,2340.0,0,0,0.0,0,1,0.2,0.2
0.3,7,2341.0,0,0,,0,0,0.2,0.2
0.3,7,2342.0,0,0,,0,0,0.2,0.2
0.3,7,2343.0,0,0,,0,0,0.2,0.2
0.3,7,2344.0,0,0,,0,0,0.2,0.2
0.3,7,2345.0,0,0,,0,0,0.1,0.2
0.3,7,2346.0,0,0,,0,0,0.1,0.1
0.3,7,2347.0,0,0,,0,0,0.0,0.1
0.3,7,2348.0,0,0,0.0,1,1,0.1,0.2
0.3,7,2349.0,0,0,,0,0,0.1,0.2
0.3,7,2350.0,0,1,0.0,2,1,0.3,0.2
0.3,7,2351.0,1,2,,1,0,0.4,0.2
0.3,7,2352.0,2,3,,1,0,0.5,0.2
0.3,7,2353.0,2,3,,0,0,0.5,0.2
0.3,7,2354.0,0,0,1.5611643255570016,0,3,0.5,0.5
0.3,7,2355.0,0,1,,1,0,0.6,0.5
0.3,7,2356.0,0,0,0.0,0,1,0.6,0.6
0.3,7,2357.0,0,0,0.0,1,1,0.7,0.7
0.3,7,2358.0,0,0,,0,0,0.6,0.6
0.3,7,2359.0,0,0,,0,0,0.6,0.6
0.3,7,2360.0,0,0,,0,0,0.4,0.5
0.3,7,2361.0,0,1,,1,0,0.4,0.5
0.3,7,2362.0,0,1,0.0,1,1,0.4,0.6
0.3,7,2363.0,0,1,,0,0,0.4,0.6
0.3,7,2364.0,0,0,0.0,0,1,0.4,0.4
0.3,7,2365.0,0,0,0.0,1,1,0.4,0.5
0.3,7,2366.0,0,0,,0,0,0.4,0.4
0.3,7,2367.0,0,0,,0,0,0.3,0.3
0.3,7,2368.0,0,1,,1,0,0.4,0.3
0.3,7,2369.0,1,2,,1,0,0.5,0.3
0.3,7,2370.0,0,1,0.0,0,1,0.5,0.4
0.3,7,2371.0,0,1,,0,0,0.4,0.4
0.3,7,2372.0,0,0,1.0884366539348775,0,1,0.3,0.4
0.3,7,2373.0,0,0,,0,0,0.3,0.4
0.3,7,2374.0,0,0,,0,0,0.3,0.3
0.3,7,2375.0,0,0,,0,0,0.2,0.2
0.3,7,2376.0,0,0,,0,0,0.2,0.2
0.3,7,2377.0,0,0,,0,0,0.2,0.2
0.3,7,2378.0,0,0,,0,0,0.1,0.2
0.3,7,2379.0,1,2,,2,0,0.2,0.2
0.3,7,2380.0,0,1,0.0,0,1,0.2,0.2
0.3,7,2381.0,0,1,,0,0,0.2,0.2
0.3,7,2382.0,0,1,,0,0,0.2,0.1
0.3,7,2383.0,0,0,0.7127486221702384,0,1,0.2,0.2
0.3,7,2384.0,0,0,,0,0,0.2,0.2
0.3,7,2385.0,0,0,,0,0,0.2,0.2
0.3,7,2386.0,0,0,,0,0,0.2,0.2
0.3,7,2387.0,0,0,,0,0,0.2,0.2
0.3,7,2388.0,0,0,,0,0,0.2,0.2
0.3,7,2389.0,0,1,,1,0,0.1,0.2
0.3,7,2390.0,0,0,0.0,0,1,0.1,0.2
0.3,7,2391.0,0,0,,0,0,0.1,0.2
0.3,7,2392.0,0,0,,0,0,0.1,0.2
0.3,7,2393.0,0,0,,0,0,0.1,0.1
0.3,7,2394.0,0,0,,0,0,0.1,0.1
0.3,7,2395.0,0,0,,0,0,0.1,0.1
0.3,7,2396.0,0,0,,0,0,0.1,0.1
0.3,7,2397.0,0,0,,0,0,0.1,0.1
0.3,7,2398.0,0,0,,0,0,0.1,0.1
0.3,7,2399.0,0,0,0.0,1,1,0.1,0.2
0.3,7,2400.0,0,0,,0,0,0.1,0.1
0.3,7,2401.0,0,1,,1,0,0.2,0.1
0.3,7,2402.0,0,0,0.0,0,1,0.2,0.2
0.3,7,2403.0,0,0,,0,0,0.2,0.2
0.3,7,2404.0,0,0,,0,0,0.2,0.2
0.3,7,2405.0,0,1,,1,0,0.3,0.2
0.3,7,2406.0,0,0,0.0,0,1,0.3,0.3
0.3,7,2407.0,0,0,,0,0,0.3,0.3
0.3,7,2408.0,0,1,,1,0,0.4,0.3
0.3,7,2409.0,0,1,,0,0,0.3,0.2
0.3,7,2410.0,0,1,,0,0,0.3,0.2
0.3,7,2411.0,0,0,0.09821586087878131,1,2,0.3,0.4
0.3,7,2412.0,0,0,,0,0,0.3,0.3
0.3,7,2413.0,0,0,,0,0,0.3,0.3
0.3,7,2414.0,0,0,,0,0,0.3,0.3
0.3,7,2415.0,0,0,,0,0,0.2,0.3
0.3,7,2416.0,0,0,0.0,1,1,0.3,0.3
0.3,7,2417.0,0,0,,0,0,0.3,0.3
0.3,7,2418.0,0,1,,1,0,0.3,0.3
0.3,7,2419.0,0,0,0.0,1,2,0.4,0.5
0.3,7,2420.0,0,1,,1,0,0.5,0.5
0.3,7,2421.0,0,1,0.0,1,1,0.5,0.4
0.3,7,2422.0,1,2,,1,0,0.6,0.4
0.3,7,2423.0,1,2,0.0,1,1,0.7,0.5
0.3,7,2424.0,1,2,1.284112085470042,1,1,0.8,0.6
0.3,7,2425.0,0,0,1.2175210783955208,0,2,0.8,0.8
0.3,7,2426.0,0,0,,0,0,0.7,0.7
0.3,7,2427.0,0,0,,0,0,0.7,0.7
0.3,7,2428.0,0,1,,1,0,0.7,0.7
0.3,7,2429.0,0,1,,0,0,0.6,0.5
0.3,7,2430.0,0,1,0.0,1,1,0.6,0.6
0.3,7,2431.0,0,0,0.0,0,1,0.5,0.6
0.3,7,2432.0,0,0,0.0,1,1,0.5,0.7
0.3,7,2433.0,0,0,,0,0,0.4,0.6
0.3,7,2434.0,0,0,,0,0,0.3,0.5
0.3,7,2435.0,0,0,,0,0,0.3,0.3
0.3,7,2436.0,0,0,,0,0,0.3,0.3
0.3,7,2437.0,0,0,,0,0,0.3,0.3
0.3,7,2438.0,0,0,,0,0,0.2,0.3
0.3,7,2439.0,0,0,,0,0,0.2,0.3
0.3,7,2440.0,0,0,,0,0,0.1,0.2
0.3,7,2441.0,0,0,,0,0,0.1,0.1
0.3,7,2442.0,0,0,,0,0,0.0,0.0
0.3,7,2443.0,0,0,,0,0,0.0,0.0
0.3,7,2444.0,0,0,,0,0,0.0,0.0
0.3,7,2445.0,0,0,,0,0,0.0,0.0
0.3,7,2446.0,0,0,,0,0,0.0,0.0
0.3,7,2447.0,0,1,,1,0,0.1,0.0
0.3,7,2448.0,0,1,,0,0,0.1,0.0
0.3,7,2449.0,0,0,0.0,0,1,0.1,0.1
0.3,7,2450.0,0,0,,0,0,0.1,0.1
0.3,7,2451.0,0,1,,1,0,0.2,0.1
0.3,7,2452.0,1,2,,1,0,0.3,0.1
0.3,7,2453.0,0,0,0.584975745985048,0,2,0.3,0.3
0.3,7,2454.0,0,0,,0,0,0.3,0.3
0.3,7,2455.0,0,0,,0,0,0.3,0.3
0.3,7,2456.0,0,0,,0,0,0.3,0.3
0.3,7,2457.0,0,0,,0,0,0.2,0.3
0.3,7,2458.0,0,1,,1,0,0.3,0.3
0.3,7,2459.0,0,0,0.0,1,2,0.4,0.4
0.3,7,2460.0,0,0,,0,0,0.4,0.4
0.3,7,2461.0,0,0,,0,0,0.3,0.4
0.3,7,2462.0,0,0,0.0,1,1,0.3,0.5
0.3,7,2463.0,0,0,,0,0,0.3,0.3
0.3,7,2464.0,0,1,,1,0,0.4,0.3
0.3,7,2465.0,0,1,,0,0,0.4,0.3
0.3,7,2466.0,0,1,,0,0,0.4,0.3
0.3,7,2467.0,0,0,0.0,0,1,0.4,0.4
0.3,7,2468.0,0,0,,0,0,0.3,0.4
0.3,7,2469.0,0,0,,0,0,0.2,0.2
0.3,7,2470.0,0,0,,0,0,0.2,0.2
0.3,7,2471.0,0,0,,0,0,0.2,0.2
0.3,7,2472.0,0,0,,0,0,0.1,0.1
0.3,7,2473.0,0,0,,0,0,0.1,0.1
0.3,7,2474.0,0,0,,0,0,0.0,0.1
0.3,7,2475.0,0,0,0.0,2,2,0.2,0.3
0.3,7,2476.0,0,0,,0,0,0.2,0.3
0.3,7,2477.0,0,0,,0,0,0.2,0.2
0.3,7,2478.0,0,0,0.0,1,1,0.3,0.3
0.3,7,2479.0,0,1,,1,0,0.4,0.3
0.3,7,2480.0,0,0,0.0,1,2,0.5,0.5
0.3,7,2481.0,0,0,,0,0,0.5,0.5
0.3,7,2482.0,0,0,,0,0,0.5,0.5
0.3,7,2483.0,0,0,,0,0,0.5,0.5
0.3,7,2484.0,0,1,0.0,2,1,0.7,0.6
0.3,7,2485.0,0,1,0.0,1,1,0.6,0.5
0.3,7,2486.0,0,0,0.35962741812863896,0,1,0.6,0.6
0.3,7,2487.0,0,0,,0,0,0.6,0.6
0.3,7,2488.0,0,0,,0,0,0.5,0.5
0.3,7,2489.0,0,0,,0,0,0.4,0.5
0.3,7,2490.0,0,0,,0,0,0.3,0.3
0.3,7,2491.0,0,0,,0,0,0.3,0.3
0.3,7,2492.0,1,2,,2,0,0.5,0.3
0.3,7,2493.0,1,2,,0,0,0.5,0.3
0.3,7,2494.0,0,1,0.0,0,1,0.3,0.3
0.3,7,2495.0,0,0,1.1131399029275144,1,2,0.3,0.4
0.3,7,2496.0,0,1,,1,0,0.4,0.3
0.3,7,2497.0,0,0,0.0,0,1,0.4,0.4
0.3,7,2498.0,0,0,,0,0,0.4,0.4
0.3,7,2499.0,0,1,,1,0,0.5,0.4
0.3,7,2500.0,1,2,,1,0,0.6,0.4
0.3,7,2501.0,0,0,0.5831003042146676,0,2,0.6,0.6
0.3,7,2502.0,0,0,,0,0,0.4,0.6
0.3,7,2503.0,0,0,,0,0,0.4,0.6
0.3,7,2504.0,0,0,,0,0,0.4,0.5
0.3,7,2505.0,0,0,,0,0,0.3,0.3
0.3,7,2506.0,0,0,,0,0,0.2,0.3
0.3,7,2507.0,0,0,,0,0,0.2,0.2
0.3,7,2508.0,0,0,,0,0,0.2,0.2
0.3,7,2509.0,0,0,0.0,1,1,0.2,0.3
0.3,7,2510.0,0,0,,0,0,0.1,0.3
0.3,7,2511.0,0,0,,0,0,0.1,0.1
0.3,7,2512.0,0,0,,0,0,0.1,0.1
0.3,7,2513.0,0,0,,0,0,0.1,0.1
0.3,7,2514.0,0,1,,1,0,0.2,0.1
0.3,7,2515.0,1,2,,1,0,0.3,0.1
0.3,7,2516.0,1,2,,0,0,0.3,0.1
0.3,7,2517.0,0,1,0.0,0,1,0.3,0.2
0.3,7,2518.0,0,0,0.8764834839787454,1,2,0.4,0.4
0.3,7,2519.0,0,0,0.0,1,1,0.4,0.4
0.3,7,2520.0,0,0,0.0,1,1,0.5,0.5
0.3,7,2521.0,0,0,,0,0,0.5,0.5
0.3,7,2522.0,0,0,,0,0,0.5,0.5
0.3,7,2523.0,0,1,,1,0,0.6,0.5
0.3,7,2524.0,0,0,0.0,0,1,0.5,0.6
0.3,7,2525.0,0,0,,0,0,0.4,0.6
0.3,7,2526.0,0,0,,0,0,0.4,0.6
0.3,7,2527.0,0,1,,1,0,0.5,0.5
0.3,7,2528.0,1,2,,1,0,0.5,0.3
0.3,7,2529.0,1,2,0.0,1,1,0.5,0.3
0.3,7,2530.0,0,1,1.638294959963332,0,1,0.4,0.3
0.3,7,2531.0,0,0,1.565227239644173,0,1,0.4,0.4
0.3,7,2532.0,0,0,,0,0,0.4,0.4
0.3,7,2533.0,0,0,,0,0,0.3,0.4
0.3,7,2534.0,0,1,,1,0,0.4,0.3
0.3,7,2535.0,0,1,,0,0,0.4,0.3
0.3,7,2536.0,0,1,,0,0,0.4,0.3
0.3,7,2537.0,0,1,,0,0,0.3,0.3
0.3,7,2538.0,0,0,0.0,0,1,0.2,0.4
0.3,7,2539.0,0,0,,0,0,0.1,0.3
0.3,7,2540.0,0,0,,0,0,0.1,0.2
0.3,7,2541.0,0,0,,0,0,0.1,0.1
0.3,7,2542.0,0,0,,0,0,0.1,0.1
0.3,7,2543.0,0,0,,0,0,0.1,0.1
0.3,7,2544.0,0,0,,0,0,0.0,0.1
0.3,7,2545.0,0,0,,0,0,0.0,0.1
0.3,7,2546.0,0,0,,0,0,0.0,0.1
0.3,7,2547.0,0,0,,0,0,0.0,0.1
0.3,7,2548.0,0,0,,0,0,0.0,0.0
0.3,7,2549.0,0,1,,1,0,0.1,0.0
0.3,7,2550.0,1,2,,1,0,0.2,0.0
0.3,7,2551.0,1,2,,0,0,0.2,0.0
0.3,7,2552.0,2,3,,1,0,0.3,0.0
0.3,7,2553.0,1,2,0.0,0,1,0.3,0.1
0.3,7,2554.0,0,1,3.0361754663199463,0,1,0.3,0.2
0.3,7,2555.0,0,1,,0,0,0.3,0.2
0.3,7,2556.0,2,3,,2,0,0.5,0.2
0.3,7,2557.0,2,3,,0,0,0.5,0.2
0.3,7,2558.0,2,3,1.7324631218530158,1,1,0.6,0.3
0.3,7,2559.0,2,3,2.2527258610475656,1,1,0.6,0.4
0.3,7,2560.0,2,3,,0,0,0.5,0.4
0.3,7,2561.0,4,5,,2,0,0.7,0.4
0.3,7,2562.0,3,4,2.4736040437069278,0,1,0.6,0.5
0.3,7,2563.0,2,3,3.68556660686545,0,1,0.6,0.5
0.3,7,2564.0,1,2,3.303847271564109,1,2,0.7,0.6
0.3,7,2565.0,0,1,3.4124078276540786,0,1,0.7,0.7
0.3,7,2566.0,0,0,1.0761149686663884,0,1,0.5,0.8
0.3,7,2567.0,0,0,,0,0,0.5,0.8
0.3,7,2568.0,0,0,,0,0,0.4,0.7
0.3,7,2569.0,0,0,0.0,1,1,0.4,0.7
0.3,7,2570.0,0,0,,0,0,0.4,0.7
0.3,7,2571.0,0,0,,0,0,0.2,0.7
0.3,7,2572.0,0,0,,0,0,0.2,0.6
0.3,7,2573.0,0,0,,0,0,0.2,0.5
0.3,7,2574.0,0,0,,0,0,0.1,0.3
0.3,7,2575.0,0,1,,1,0,0.2,0.2
0.3,7,2576.0,0,1,,0,0,0.2,0.1
0.3,7,2577.0,1,2,,1,0,0.3,0.1
0.3,7,2578.0,0,1,0.0,0,1,0.3,0.2
0.3,7,2579.0,0,0,0.8060590168020099,0,1,0.2,0.2
0.3,7,2580.0,0,0,,0,0,0.2,0.2
0.3,7,2581.0,0,1,,1,0,0.3,0.2
0.3,7,2582.0,0,0,0.0,0,1,0.3,0.3
0.3,7,2583.0,0,0,,0,0,0.3,0.3
0.3,7,2584.0,0,1,,1,0,0.4,0.3
0.3,7,2585.0,0,1,,0,0,0.3,0.3
0.3,7,2586.0,0,1,0.0,1,1,0.4,0.4
0.3,7,2587.0,0,0,0.09819920314976116,0,1,0.3,0.5
0.3,7,2588.0,0,0,,0,0,0.3,0.4
0.3,7,2589.0,0,1,,1,0,0.4,0.3
0.3,7,2590.0,1,2,0.0,2,1,0.6,0.4
0.3,7,2591.0,1,2,,0,0,0.5,0.4
0.3,7,2592.0,1,2,,0,0,0.5,0.3
0.3,7,2593.0,0,0,1.538793941131189,0,2,0.5,0.5
0.3,7,2594.0,0,1,,1,0,0.5,0.5
0.3,7,2595.0,0,0,0.0,0,1,0.5,0.6
0.3,7,2596.0,0,0,,0,0,0.4,0.5
0.3,7,2597.0,0,0,,0,0,0.4,0.4
0.3,7,2598.0,0,1,,1,0,0.5,0.4
0.3,7,2599.0,0,1,,0,0,0.4,0.4
0.3,7,2600.0,0,0,0.0,1,2,0.3,0.5
0.3,7,2601.0,0,0,,0,0,0.3,0.5
0.3,7,2602.0,0,0,,0,0,0.3,0.5
0.3,7,2603.0,0,0,,0,0,0.3,0.3
0.3,7,2604.0,0,0,,0,0,0.2,0.3
0.3,7,2605.0,0,0,,0,0,0.2,0.2
0.3,7,2606.0,0,0,,0,0,0.2,0.2
0.3,7,2607.0,0,0,,0,0,0.2,0.2
0.3,7,2608.0,0,0,,0,0,0.1,0.2
0.3,7,2609.0,0,0,,0,0,0.1,0.2
0.3,7,2610.0,0,0,,0,0,0.0,0.0
0.3,7,2611.0,0,0,,0,0,0.0,0.0
0.3,7,2612.0,0,0,,0,0,0.0,0.0
0.3,7,2613.0,0,0,,0,0,0.0,0.0
0.3,7,2614.0,0,0,,0,0,0.0,0.0
0.3,7,2615.0,0,0,,0,0,0.0,0.0
0.3,7,2616.0,0,0,,0,0,0.0,0.0
0.3,7,2617.0,0,0,,0,0,0.0,0.0
0.3,7,2618.0,0,0,,0,0,0.0,0.0
0.3,7,2619.0,0,0,,0,0,0.0,0.0
0.3,7,2620.0,0,0,,0,0,0.0,0.0
0.3,7,2621.0,0,0,,0,0,0.0,0.0
0.3,7,2622.0,0,0,,0,0,0.0,0.0
0.3,7,2623.0,0,1,,1,0,0.1,0.0
0.3,7,2624.0,0,1,,0,0,0.1,0.0
0.3,7,2625.0,0,0,0.0,0,1,0.1,0.1
0.3,7,2626.0,0,0,0.0,1,1,0.2,0.2
0.3,7,2627.0,0,0,,0,0,0.2,0.2
0.3,7,2628.0,0,0,,0,0,0.2,0.2
0.3,7,2629.0,0,1,,1,0,0.3,0.2
0.3,7,2630.0,0,0,0.0,0,1,0.3,0.3
0.3,7,2631.0,0,0,,0,0,0.3,0.3
0.3,7,2632.0,0,0,,0,0,0.3,0.3
0.3,7,2633.0,0,0,,0,0,0.2,0.3
0.3,7,2634.0,0,0,,0,0,0.2,0.3
0.3,7,2635.0,0,0,0.0,1,1,0.3,0.3
0.3,7,2636.0,0,0,,0,0,0.2,0.2
0.3,7,2637.0,0,0,,0,0,0.2,0.2
0.3,7,2638.0,0,0,,0,0,0.2,0.2
0.3,7,2639.0,0,0,,0,0,0.1,0.2
0.3,7,2640.0,0,0,,0,0,0.1,0.1
0.3,7,2641.0,0,0,,0,0,0.1,0.1
0.3,7,2642.0,0,1,,1,0,0.2,0.1
0.3,7,2643.0,0,0,0.0,0,1,0.2,0.2
0.3,7,2644.0,0,0,,0,0,0.2,0.2
0.3,7,2645.0,0,0,,0,0,0.1,0.1
0.3,7,2646.0,0,0,,0,0,0.1,0.1
0.3,7,2647.0,0,0,,0,0,0.1,0.1
0.3,7,2648.0,0,0,,0,0,0.1,0.1
0.3,7,2649.0,0,0,,0,0,0.1,0.1
0.3,7,2650.0,0,0,,0,0,0.1,0.1
0.3,7,2651.0,0,0,,0,0,0.1,0.1
0.3,7,2652.0,0,0,,0,0,0.0,0.1
0.3,7,2653.0,0,0,0.0,1,1,0.1,0.1
0.3,7,2654.0,0,1,,1,0,0.2,0.1
0.3,7,2655.0,2,3,0.0,3,1,0.5,0.2
0.3,7,2656.0,0,1,0.209359985406536,0,2,0.5,0.4
0.3,7,2657.0,2,3,,2,0,0.7,0.4
0.3,7,2658.0,2,3,,0,0,0.7,0.4
0.3,7,2659.0,0,1,1.5054098569958114,1,3,0.8,0.7
0.3,7,2660.0,0,0,0.6931696914875829,0,1,0.8,0.8
0.3,7,2661.0,0,0,,0,0,0.8,0.8
0.3,7,2662.0,0,0,,0,0,0.8,0.8
0.3,7,2663.0,0,0,,0,0,0.7,0.7
0.3,7,2664.0,0,0,,0,0,0.6,0.7
0.3,7,2665.0,0,1,,1,0,0.4,0.6
0.3,7,2666.0,0,1,,0,0,0.4,0.4
0.3,7,2667.0,2,3,,2,0,0.4,0.4
0.3,7,2668.0,1,2,0.0,0,1,0.4,0.5
0.3,7,2669.0,1,2,,0,0,0.3,0.2
0.3,7,2670.0,2,3,,1,0,0.4,0.1
0.3,7,2671.0,2,3,,0,0,0.4,0.1
0.3,7,2672.0,3,4,,1,0,0.5,0.1
0.3,7,2673.0,2,3,1.0326086260215561,0,1,0.5,0.2
0.3,7,2674.0,3,4,,1,0,0.6,0.2
0.3,7,2675.0,5,6,,2,0,0.7,0.2
0.3,7,2676.0,5,6,,0,0,0.7,0.2
0.3,7,2677.0,3,4,6.411993955643084,0,2,0.5,0.4
0.3,7,2678.0,3,4,,0,0,0.5,0.3
0.3,7,2679.0,2,3,5.931342619621319,0,1,0.5,0.4
0.3,7,2680.0,2,3,,0,0,0.4,0.4
0.3,7,2681.0,1,2,5.252539872086118,1,2,0.5,0.6
0.3,7,2682.0,1,2,5.606262730485014,1,1,0.5,0.7
0.3,7,2683.0,2,3,,1,0,0.6,0.6
0.3,7,2684.0,2,3,,0,0,0.5,0.6
0.3,7,2685.0,2,3,0.7138587274585007,1,1,0.4,0.7
0.3,7,2686.0,2,3,3.2942431287037834,1,1,0.5,0.8
0.3,7,2687.0,3,4,,1,0,0.6,0.6
0.3,7,2688.0,1,2,3.178984793852578,0,2,0.6,0.8
0.3,7,2689.0,0,0,2.076031409649204,0,2,0.6,0.9
0.3,7,2690.0,0,0,,0,0,0.6,0.9
0.3,7,2691.0,0,0,,0,0,0.5,0.7
0.3,7,2692.0,0,0,,0,0,0.4,0.6
0.3,7,2693.0,0,0,,0,0,0.3,0.6
0.3,7,2694.0,0,0,,0,0,0.3,0.6
0.3,7,2695.0,0,0,,0,0,0.2,0.5
0.3,7,2696.0,0,0,,0,0,0.1,0.4
0.3,7,2697.0,0,0,,0,0,0.0,0.4
0.3,7,2698.0,0,0,,0,0,0.0,0.2
0.3,7,2699.0,0,0,,0,0,0.0,0.0
0.3,7,2700.0,0,0,,0,0,0.0,0.0
0.3,7,2701.0,0,0,,0,0,0.0,0.0
0.3,7,2702.0,0,0,,0,0,0.0,0.0
0.3,7,2703.0,0,0,0.0,1,1,0.1,0.1
0.3,7,2704.0,0,0,,0,0,0.1,0.1
0.3,7,2705.0,0,0,0.0,1,1,0.2,0.2
0.3,7,2706.0,0,0,0.0,1,1,0.3,0.3
0.3,7,2707.0,0,0,,0,0,0.3,0.3
0.3,7,2708.0,0,1,,1,0,0.4,0.3
0.3,7,2709.0,1,2,,1,0,0.5,0.3
0.3,7,2710.0,0,1,0.0,0,1,0.5,0.4
0.3,7,2711.0,0,1,1.0367738063728211,1,1,0.6,0.5
0.3,7,2712.0,1,2,,1,0,0.7,0.5
0.3,7,2713.0,1,2,,0,0,0.6,0.4
0.3,7,2714.0,0,1,0.8206199159267271,1,2,0.7,0.6
0.3,7,2715.0,0,0,0.442026028543296,0,1,0.6,0.6
0.3,7,2716.0,0,0,,0,0,0.5,0.5
0.3,7,2717.0,0,0,0.0,1,1,0.6,0.6
0.3,7,2718.0,0,1,,1,0,0.6,0.6
0.3,7,2719.0,0,1,0.0,1,1,0.6,0.7
0.3,7,2720.0,0,1,,0,0,0.6,0.6
0.3,7,2721.0,0,1,0.6839300271703905,1,1,0.6,0.6
0.3,7,2722.0,0,1,,0,0,0.5,0.6
0.3,7,2723.0,0,0,0.017985902482905658,1,2,0.6,0.8
0.3,7,2724.0,0,0,,0,0,0.5,0.6
0.3,7,2725.0,0,0,,0,0,0.5,0.5
0.3,7,2726.0,0,1,,1,0,0.6,0.5
0.3,7,2727.0,0,0,0.0,0,1,0.5,0.5
0.3,7,2728.0,0,0,,0,0,0.4,0.5
0.3,7,2729.0,0,0,,0,0,0.3,0.4
0.3,7,2730.0,0,0,,0,0,0.3,0.4
0.3,7,2731.0,0,0,,0,0,0.2,0.3
0.3,7,2732.0,0,0,,0,0,0.2,0.3
0.3,7,2733.0,0,0,,0,0,0.1,0.1
0.3,7,2734.0,0,0,,0,0,0.1,0.1
0.3,7,2735.0,0,1,,1,0,0.2,0.1
0.3,7,2736.0,0,0,0.0,0,1,0.1,0.2
0.3,7,2737.0,0,1,,1,0,0.2,0.1
0.3,7,2738.0,0,0,0.0,0,1,0.2,0.2
0.3,7,2739.0,0,0,,0,0,0.2,0.2
0.3,7,2740.0,0,1,,1,0,0.3,0.2
0.3,7,2741.0,0,0,0.0,0,1,0.3,0.3
0.3,7,2742.0,0,0,0.0,1,1,0.4,0.4
0.3,7,2743.0,0,0,,0,0,0.4,0.4
0.3,7,2744.0,0,0,,0,0,0.4,0.4
0.3,7,2745.0,0,0,,0,0,0.3,0.4
0.3,7,2746.0,0,0,,0,0,0.3,0.3
0.3,7,2747.0,1,2,,2,0,0.4,0.3
0.3,7,2748.0,0,1,0.0,0,1,0.4,0.3
0.3,7,2749.0,0,0,0.9031204385901219,0,1,0.4,0.4
0.3,7,2750.0,0,0,,0,0,0.3,0.4
0.3,7,2751.0,0,0,,0,0,0.3,0.3
0.3,7,2752.0,0,1,,1,0,0.3,0.2
0.3,7,2753.0,2,3,,2,0,0.5,0.2
0.3,7,2754.0,2,3,0.697128122776121,2,2,0.7,0.4
0.3,7,2755.0,2,3,,0,0,0.7,0.4
0.3,7,2756.0,2,3,,0,0,0.7,0.4
0.3,7,2757.0,1,2,0.6926255857424621,0,1,0.5,0.5
0.3,7,2758.0,0,1,2.776958833489516,0,1,0.5,0.5
0.3,7,2759.0,0,0,3.3119583818506726,0,1,0.5,0.5
0.3,7,2760.0,0,1,0.0,2,1,0.7,0.6
0.3,7,2761.0,0,0,0.11678250067097906,0,1,0.7,0.7
0.3,7,2762.0,0,0,,0,0,0.6,0.7
0.3,7,2763.0,0,0,,0,0,0.4,0.7
0.3,7,2764.0,0,0,,0,0,0.2,0.5
0.3,7,2765.0,0,0,,0,0,0.2,0.5
0.3,7,2766.0,0,0,,0,0,0.2,0.5
0.3,7,2767.0,0,0,,0,0,0.2,0.4
0.3,7,2768.0,0,0,0.0,1,1,0.3,0.4
0.3,7,2769.0,0,0,,0,0,0.3,0.3
0.3,7,2770.0,0,0,,0,0,0.1,0.2
0.3,7,2771.0,0,0,,0,0,0.1,0.1
0.3,7,2772.0,0,0,,0,0,0.1,0.1
0.3,7,2773.0,0,0,0.0,1,1,0.2,0.2
0.3,7,2774.0,0,0,,0,0,0.2,0.2
0.3,7,2775.0,0,0,,0,0,0.2,0.2
0.3,7,2776.0,0,0,0.0,1,1,0.3,0.3
0.3,7,2777.0,0,1,,1,0,0.4,0.3
0.3,7,2778.0,0,0,0.0,0,1,0.3,0.3
0.3,7,2779.0,0,0,,0,0,0.3,0.3
0.3,7,2780.0,0,0,0.0,1,1,0.4,0.4
0.3,7,2781.0,0,0,,0,0,0.4,0.4
0.3,7,2782.0,0,0,,0,0,0.4,0.4
0.3,7,2783.0,0,0,,0,0,0.3,0.3
0.3,7,2784.0,0,0,,0,0,0.3,0.3
0.3,7,2785.0,0,0,,0,0,0.3,0.3
0.3,7,2786.0,0,0,,0,0,0.2,0.2
0.3,7,2787.0,0,1,,1,0,0.2,0.2
0.3,7,2788.0,0,0,0.0,0,1,0.2,0.2
0.3,7,2789.0,0,0,,0,0,0.2,0.2
0.3,7,2790.0,0,0,,0,0,0.1,0.1
0.3,7,2791.0,0,0,,0,0,0.1,0.1
0.3,7,2792.0,0,0,,0,0,0.1,0.1
0.3,7,2793.0,0,1,,1,0,0.2,0.1
0.3,7,2794.0,0,0,0.0,0,1,0.2,0.2
0.3,7,2795.0,0,0,,0,0,0.2,0.2
0.3,7,2796.0,0,0,,0,0,0.2,0.2
0.3,7,2797.0,0,0,,0,0,0.1,0.2
0.3,7,2798.0,0,1,0.0,2,1,0.3,0.2
0.3,7,2799.0,0,0,0.0,0,1,0.3,0.3
0.3,7,2800.0,0,0,0.0,1,1,0.4,0.4
0.3,7,2801.0,0,0,,0,0,0.4,0.4
0.3,7,2802.0,0,0,,0,0,0.4,0.4
0.3,7,2803.0,0,0,,0,0,0.3,0.4
0.3,7,2804.0,0,1,,1,0,0.4,0.3
0.3,7,2805.0,0,1,,0,0,0.4,0.3
0.3,7,2806.0,0,1,,0,0,0.4,0.3
0.3,7,2807.0,0,0,0.0,0,1,0.4,0.4
0.3,7,2808.0,0,1,,1,0,0.3,0.3
0.3,7,2809.0,0,1,,0,0,0.3,0.2
0.3,7,2810.0,0,1,,0,0,0.2,0.1
0.3,7,2811.0,0,0,0.0,0,1,0.2,0.2
0.3,7,2812.0,1,2,,2,0,0.4,0.2
0.3,7,2813.0,2,3,0.0,2,1,0.6,0.3
0.3,7,2814.0,2,3,,0,0,0.5,0.3
0.3,7,2815.0,2,3,,0,0,0.5,0.3
0.3,7,2816.0,1,2,0.47503142110417684,0,1,0.5,0.4
0.3,7,2817.0,1,2,,0,0,0.5,0.3
0.3,7,2818.0,0,1,3.645937276006862,0,1,0.4,0.4
0.3,7,2819.0,0,0,4.756885145724937,0,1,0.4,0.5
0.3,7,2820.0,0,1,,1,0,0.5,0.5
0.3,7,2821.0,0,1,0.0,1,1,0.6,0.5
0.3,7,2822.0,0,0,0.8333466068788766,0,1,0.4,0.6
0.3,7,2823.0,0,0,,0,0,0.2,0.5
0.3,7,2824.0,0,0,,0,0,0.2,0.5
0.3,7,2825.0,0,0,,0,0,0.2,0.5
0.3,7,2826.0,0,0,,0,0,0.2,0.4
0.3,7,2827.0,0,0,,0,0,0.2,0.4
0.3,7,2828.0,0,0,,0,0,0.2,0.3
0.3,7,2829.0,0,0,,0,0,0.2,0.2
0.3,7,2830.0,0,1,,1,0,0.2,0.2
0.3,7,2831.0,0,1,,0,0,0.1,0.1
0.3,7,2832.0,0,0,0.0,0,1,0.1,0.1
0.3,7,2833.0,0,0,,0,0,0.1,0.1
0.3,7,2834.0,0,0,0.0,1,1,0.2,0.2
0.3,7,2835.0,0,0,,0,0,0.2,0.2
0.3,7,2836.0,0,1,,1,0,0.3,0.2
0.3,7,2837.0,0,0,0.0,0,1,0.3,0.3
0.3,7,2838.0,0,0,,0,0,0.3,0.3
0.3,7,2839.0,0,0,,0,0,0.3,0.3
0.3,7,2840.0,0,1,,1,0,0.3,0.3
0.3,7,2841.0,0,1,,0,0,0.3,0.3
0.3,7,2842.0,0,1,,0,0,0.3,0.2
0.3,7,2843.0,1,2,,1,0,0.4,0.2
0.3,7,2844.0,1,2,,0,0,0.3,0.1
0.3,7,2845.0,1,2,0.0,1,1,0.4,0.2
0.3,7,2846.0,2,3,,1,0,0.4,0.2
0.3,7,2847.0,0,1,1.7355589598237202,0,2,0.4,0.3
0.3,7,2848.0,1,2,,1,0,0.5,0.3
0.3,7,2849.0,0,1,0.36404177225313106,0,1,0.5,0.4
0.3,7,2850.0,0,0,1.8552768014023968,0,1,0.4,0.5
0.3,7,2851.0,0,0,,0,0,0.4,0.5
0.3,7,2852.0,0,0,,0,0,0.4,0.5
0.3,7,2853.0,0,1,,1,0,0.4,0.5
0.3,7,2854.0,0,0,0.0,0,1,0.4,0.6
0.3,7,2855.0,0,1,,1,0,0.4,0.5
0.3,7,2856.0,0,1,0.0,1,1,0.4,0.6
0.3,7,2857.0,0,0,0.0,0,1,0.4,0.5
0.3,7,2858.0,0,0,0.0,1,1,0.4,0.6
0.3,7,2859.0,0,0,,0,0,0.4,0.5
0.3,7,2860.0,0,0,,0,0,0.4,0.4
0.3,7,2861.0,0,0,,0,0,0.4,0.4
0.3,7,2862.0,0,0,,0,0,0.4,0.4
0.3,7,2863.0,0,0,,0,0,0.3,0.4
0.3,7,2864.0,0,0,,0,0,0.3,0.3
0.3,7,2865.0,0,1,,1,0,0.3,0.3
0.3,7,2866.0,0,0,0.0,0,1,0.2,0.3
0.3,7,2867.0,0,0,,0,0,0.2,0.2
0.3,7,2868.0,0,0,,0,0,0.1,0.1
0.3,7,2869.0,0,0,,0,0,0.1,0.1
0.3,7,2870.0,0,0,,0,0,0.1,0.1
0.3,7,2871.0,0,0,,0,0,0.1,0.1
0.3,7,2872.0,0,1,,1,0,0.2,0.1
0.3,7,2873.0,0,0,0.0,0,1,0.2,0.2
0.3,7,2874.0,0,0,,0,0,0.2,0.2
0.3,7,2875.0,0,1,0.0,2,1,0.3,0.3
0.3,7,2876.0,0,0,0.5763140821377419,0,1,0.3,0.3
0.3,7,2877.0,0,1,,1,0,0.4,0.3
0.3,7,2878.0,3,4,,3,0,0.7,0.3
0.3,7,2879.0,4,5,0.0,2,1,0.9,0.4
0.3,7,2880.0,4,5,,0,0,0.9,0.4
0.3,7,2881.0,5,6,,1,0,1.0,0.4
0.3,7,2882.0,4,5,2.463968937958043,1,2,1.0,0.6
0.3,7,2883.0,1,2,3.97096381862472,0,3,1.0,0.8
0.3,7,2884.0,0,0,2.3219918757974938,0,2,1.0,1.0
0.3,7,2885.0,0,0,,0,0,0.8,0.9
0.3,7,2886.0,0,0,,0,0,0.8,0.8
0.3,7,2887.0,0,1,,1,0,0.8,0.8
0.3,7,2888.0,0,0,0.0,0,1,0.5,0.9
0.3,7,2889.0,0,0,,0,0,0.3,0.8
0.3,7,2890.0,0,0,0.0,1,1,0.4,0.9
0.3,7,2891.0,0,0,,0,0,0.3,0.9
0.3,7,2892.0,0,0,,0,0,0.2,0.7
0.3,7,2893.0,0,0,,0,0,0.2,0.4
0.3,7,2894.0,0,0,,0,0,0.2,0.2
0.3,7,2895.0,0,1,,1,0,0.3,0.2
0.3,7,2896.0,0,0,0.0,0,1,0.3,0.3
0.3,7,2897.0,0,0,,0,0,0.2,0.3
0.3,7,2898.0,0,0,,0,0,0.2,0.2
0.3,7,2899.0,0,1,,1,0,0.3,0.2
0.3,7,2900.0,0,1,,0,0,0.2,0.1
0.3,7,2901.0,0,1,,0,0,0.2,0.1
0.3,7,2902.0,0,0,0.0,0,1,0.2,0.2
0.3,7,2903.0,0,1,,1,0,0.3,0.2
0.3,7,2904.0,0,0,0.0,0,1,0.3,0.3
0.3,7,2905.0,0,0,,0,0,0.2,0.3
0.3,7,2906.0,0,0,,0,0,0.2,0.2
0.3,7,2907.0,0,0,,0,0,0.2,0.2
0.3,7,2908.0,0,0,,0,0,0.2,0.2
0.3,7,2909.0,0,0,,0,0,0.1,0.2
0.3,7,2910.0,0,0,,0,0,0.1,0.2
0.3,7,2911.0,0,0,,0,0,0.1,0.2
0.3,7,2912.0,0,0,0.0,1,1,0.2,0.2
0.3,7,2913.0,0,0,,0,0,0.1,0.2
0.3,7,2914.0,0,0,,0,0,0.1,0.1
0.3,7,2915.0,0,0,,0,0,0.1,0.1
0.3,7,2916.0,0,0,,0,0,0.1,0.1
0.3,7,2917.0,0,0,,0,0,0.1,0.1
0.3,7,2918.0,0,0,,0,0,0.1,0.1
0.3,7,2919.0,0,0,,0,0,0.1,0.1
0.3,7,2920.0,0,0,,0,0,0.1,0.1
0.3,7,2921.0,0,0,,0,0,0.1,0.1
0.3,7,2922.0,0,0,,0,0,0.0,0.0
0.3,7,2923.0,0,0,,0,0,0.0,0.0
0.3,7,2924.0,0,1,,1,0,0.1,0.0
0.3,7,2925.0,0,1,,0,0,0.1,0.0
0.3,7,2926.0,0,0,0.0,0,1,0.1,0.1
0.3,7,2927.0,0,0,,0,0,0.1,0.1
0.3,7,2928.0,0,1,,1,0,0.2,0.1
0.3,7,2929.0,1,2,,1,0,0.3,0.1
0.3,7,2930.0,0,1,0.0,0,1,0.3,0.2
0.3,7,2931.0,0,0,0.9220981758930975,0,1,0.3,0.3
0.3,7,2932.0,0,0,,0,0,0.3,0.3
0.3,7,2933.0,0,0,,0,0,0.3,0.3
0.3,7,2934.0,0,0,,0,0,0.2,0.3
0.3,7,2935.0,0,0,,0,0,0.2,0.3
0.3,7,2936.0,0,0,,0,0,0.2,0.2
0.3,7,2937.0,0,0,,0,0,0.2,0.2
0.3,7,2938.0,0,0,,0,0,0.1,0.2
0.3,7,2939.0,0,0,,0,0,0.0,0.2
0.3,7,2940.0,0,0,,0,0,0.0,0.1
0.3,7,2941.0,0,1,,1,0,0.1,0.0
0.3,7,2942.0,0,1,,0,0,0.1,0.0
0.3,7,2943.0,0,0,0.0,0,1,0.1,0.1
0.3,7,2944.0,0,0,0.0,1,1,0.2,0.2
0.3,7,2945.0,0,0,,0,0,0.2,0.2
0.3,7,2946.0,0,0,,0,0,0.2,0.2
0.3,7,2947.0,0,0,0.0,1,1,0.3,0.3
0.3,7,2948.0,0,1,,1,0,0.4,0.3
0.3,7,2949.0,0,0,0.0,0,1,0.4,0.4
0.3,7,2950.0,0,0,,0,0,0.4,0.4
0.3,7,2951.0,0,0,,0,0,0.3,0.4
0.3,7,2952.0,0,0,,0,0,0.3,0.4
0.3,7,2953.0,0,0,,0,0,0.3,0.3
0.3,7,2954.0,0,0,,0,0,0.2,0.2
0.3,7,2955.0,0,0,,0,0,0.2,0.2
0.3,7,2956.0,0,0,,0,0,0.2,0.2
0.3,7,2957.0,0,0,,0,0,0.1,0.1
0.3,7,2958.0,0,0,,0,0,0.0,0.1
0.3,7,2959.0,0,0,,0,0,0.0,0.0
0.3,7,2960.0,0,0,,0,0,0.0,0.0
0.3,7,2961.0,0,0,0.0,1,1,0.1,0.1
0.3,7,2962.0,0,0,,0,0,0.1,0.1
0.3,7,2963.0,0,1,,1,0,0.2,0.1
0.3,7,2964.0,1,2,,1,0,0.3,0.1
0.3,7,2965.0,0,1,0.0,0,1,0.3,0.2
0.3,7,2966.0,0,0,1.0696741894403203,0,1,0.3,0.3
0.3,7,2967.0,0,0,,0,0,0.3,0.3
0.3,7,2968.0,0,0,,0,0,0.3,0.3
0.3,7,2969.0,0,0,,0,0,0.3,0.3
0.3,7,2970.0,0,0,,0,0,0.3,0.3
0.3,7,2971.0,0,0,0.0,1,1,0.3,0.3
0.3,7,2972.0,0,0,,0,0,0.3,0.3
0.3,7,2973.0,0,0,,0,0,0.2,0.3
0.3,7,2974.0,0,0,0.0,1,1,0.2,0.4
0.3,7,2975.0,0,0,,0,0,0.2,0.3
0.3,7,2976.0,0,0,,0,0,0.2,0.2
0.3,7,2977.0,0,0,,0,0,0.2,0.2
0.3,7,2978.0,0,0,,0,0,0.2,0.2
0.3,7,2979.0,0,0,,0,0,0.2,0.2
0.3,7,2980.0,0,0,,0,0,0.2,0.2
0.3,7,2981.0,0,0,,0,0,0.1,0.1
0.3,7,2982.0,0,1,,1,0,0.2,0.1
0.3,7,2983.0,0,0,0.0,0,1,0.2,0.2
0.3,7,2984.0,0,0,,0,0,0.1,0.1
0.3,7,2985.0,0,1,,1,0,0.2,0.1
0.3,7,2986.0,0,0,0.0,0,1,0.2,0.2
0.3,7,2987.0,0,0,,0,0,0.2,0.2
0.3,7,2988.0,0,0,,0,0,0.2,0.2
0.3,7,2989.0,0,0,,0,0,0.2,0.2
0.3,7,2990.0,0,0,,0,0,0.2,0.2
0.3,7,2991.0,0,0,,0,0,0.2,0.2
0.3,7,2992.0,0,0,,0,0,0.1,0.2
0.3,7,2993.0,0,0,,0,0,0.1,0.1
0.3,7,2994.0,0,1,,1,0,0.2,0.1
0.3,7,2995.0,0,0,0.0,0,1,0.1,0.2
0.3,7,2996.0,0,0,,0,0,0.1,0.1
0.3,7,2997.0,0,0,,0,0,0.1,0.1
0.3,7,2998.0,0,0,,0,0,0.1,0.1
0.3,7,2999.0,0,0,,0,0,0.1,0.1
0.3,7,3000.0,0,0,,0,0,0.1,0.1
0.3,8,1.0,5,6,,0,0,0.9,0.3
0.3,8,2.0,5,6,,0,0,0.8,0.2
0.3,8,3.0,5,6,,0,0,0.8,0.2
0.3,8,4.0,5,6,,0,0,0.7,0.2
0.3,8,5.0,5,6,,0,0,0.6,0.1
0.3,8,6.0,6,7,0.0,2,1,0.8,0.1
0.3,8,7.0,6,7,8.29619535954734,1,1,0.9,0.2
0.3,8,8.0,4,5,8.098806562538556,0,2,0.7,0.4
0.3,8,9.0,3,4,8.0187225090215,0,1,0.6,0.5
0.3,8,10.0,3,4,,0,0,0.3,0.5
0.3,8,11.0,3,4,,0,0,0.3,0.5
0.3,8,12.0,3,4,,0,0,0.3,0.5
0.3,8,13.0,3,4,,0,0,0.3,0.5
0.3,8,14.0,3,4,,0,0,0.3,0.5
0.3,8,15.0,3,4,,0,0,0.3,0.5
0.3,8,16.0,2,3,8.48047610346967,0,1,0.1,0.5
0.3,8,17.0,3,4,,1,0,0.1,0.4
0.3,8,18.0,3,4,,0,0,0.1,0.2
0.3,8,19.0,1,2,11.443696074605484,0,2,0.1,0.3
0.3,8,20.0,1,2,,0,0,0.1,0.3
0.3,8,21.0,0,1,12.753789821969889,0,1,0.1,0.4
0.3,8,22.0,0,1,,0,0,0.1,0.4
0.3,8,23.0,0,1,4.83147946218898,1,1,0.2,0.5
0.3,8,24.0,2,3,,2,0,0.4,0.5
0.3,8,25.0,2,3,0.8739923749285055,1,1,0.5,0.6
0.3,8,26.0,2,3,,0,0,0.5,0.5
0.3,8,27.0,1,2,1.7263706144441926,0,1,0.4,0.6
0.3,8,28.0,0,0,2.738390030122204,0,2,0.4,0.8
0.3,8,29.0,0,0,,0,0,0.4,0.6
0.3,8,30.0,0,1,,1,0,0.5,0.6
0.3,8,31.0,0,1,,0,0,0.5,0.5
0.3,8,32.0,0,0,0.0,0,1,0.5,0.6
0.3,8,33.0,0,0,,0,0,0.4,0.5
0.3,8,34.0,0,0,,0,0,0.2,0.5
0.3,8,35.0,0,0,,0,0,0.1,0.4
0.3,8,36.0,0,1,,1,0,0.2,0.4
0.3,8,37.0,0,0,0.0,0,1,0.2,0.4
0.3,8,38.0,0,0,,0,0,0.2,0.2
0.3,8,39.0,0,1,,1,0,0.3,0.2
0.3,8,40.0,0,0,0.0,0,1,0.2,0.3
0.3,8,41.0,0,0,,0,0,0.2,0.3
0.3,8,42.0,0,1,,1,0,0.3,0.2
0.3,8,43.0,1,2,,1,0,0.4,0.2
0.3,8,44.0,1,2,0.0,1,1,0.5,0.3
0.3,8,45.0,1,2,0.554647605094118,1,1,0.6,0.4
0.3,8,46.0,3,4,,2,0,0.7,0.4
0.3,8,47.0,2,3,1.367898160057024,0,1,0.7,0.4
0.3,8,48.0,3,4,,1,0,0.8,0.4
0.3,8,49.0,3,4,,0,0,0.7,0.4
0.3,8,50.0,3,4,2.017947038689158,1,1,0.8,0.4
0.3,8,51.0,3,4,4.2430617532697,1,1,0.9,0.5
0.3,8,52.0,0,1,3.273241312796479,1,4,0.9,0.9
0.3,8,53.0,1,2,,1,0,0.9,0.9
0.3,8,54.0,0,0,0.5198357216328162,0,2,0.8,1.0
0.3,8,55.0,0,0,,0,0,0.7,0.9
0.3,8,56.0,0,0,,0,0,0.5,0.9
0.3,8,57.0,0,1,,1,0,0.6,0.8
0.3,8,58.0,0,0,0.0,0,1,0.5,0.9
0.3,8,59.0,0,0,0.0,1,1,0.6,1.0
0.3,8,60.0,0,0,,0,0,0.5,0.9
0.3,8,61.0,0,1,,1,0,0.5,0.8
0.3,8,62.0,1,2,,1,0,0.5,0.4
0.3,8,63.0,0,0,0.4417109727981199,0,2,0.4,0.6
0.3,8,64.0,0,1,,1,0,0.5,0.4
0.3,8,65.0,1,2,,1,0,0.6,0.4
0.3,8,66.0,2,3,,1,0,0.7,0.4
0.3,8,67.0,1,2,0.0,0,1,0.6,0.5
0.3,8,68.0,1,2,2.065897624718275,1,1,0.7,0.5
0.3,8,69.0,1,2,,0,0,0.6,0.4
0.3,8,70.0,0,0,1.9463565461732344,0,2,0.6,0.6
0.3,8,71.0,0,0,,0,0,0.5,0.6
0.3,8,72.0,0,0,,0,0,0.4,0.6
0.3,8,73.0,0,0,0.0,1,1,0.5,0.5
0.3,8,74.0,0,0,,0,0,0.4,0.5
0.3,8,75.0,0,0,,0,0,0.3,0.5
0.3,8,76.0,0,1,,1,0,0.3,0.5
0.3,8,77.0,0,1,,0,0,0.3,0.4
0.3,8,78.0,0,0,0.0,0,1,0.2,0.4
0.3,8,79.0,0,0,,0,0,0.2,0.4
0.3,8,80.0,0,0,,0,0,0.2,0.2
0.3,8,81.0,0,0,,0,0,0.2,0.2
0.3,8,82.0,0,0,,0,0,0.2,0.2
0.3,8,83.0,0,1,,1,0,0.2,0.1
0.3,8,84.0,0,1,,0,0,0.2,0.1
0.3,8,85.0,0,1,0.0,1,1,0.3,0.2
0.3,8,86.0,0,0,0.036733542559289845,1,2,0.3,0.4
0.3,8,87.0,0,0,,0,0,0.3,0.4
0.3,8,88.0,0,0,,0,0,0.3,0.3
0.3,8,89.0,0,0,,0,0,0.3,0.3
0.3,8,90.0,0,0,,0,0,0.3,0.3
0.3,8,91.0,0,0,,0,0,0.3,0.3
0.3,8,92.0,0,0,,0,0,0.3,0.3
0.3,8,93.0,0,0,0.0,1,1,0.3,0.4
0.3,8,94.0,0,0,,0,0,0.3,0.4
0.3,8,95.0,0,0,,0,0,0.2,0.3
0.3,8,96.0,0,0,,0,0,0.1,0.1
0.3,8,97.0,0,0,,0,0,0.1,0.1
0.3,8,98.0,0,0,,0,0,0.1,0.1
0.3,8,99.0,0,0,,0,0,0.1,0.1
0.3,8,100.0,0,1,,1,0,0.2,0.1
0.3,8,101.0,0,0,0.0,0,1,0.2,0.2
0.3,8,102.0,1,2,,2,0,0.4,0.2
0.3,8,103.0,1,2,,0,0,0.3,0.1
0.3,8,104.0,2,3,0.0,2,1,0.5,0.2
0.3,8,105.0,1,2,2.219322622851223,0,1,0.5,0.3
0.3,8,106.0,0,0,1.2535550402112108,0,2,0.5,0.5
0.3,8,107.0,0,0,,0,0,0.5,0.5
0.3,8,108.0,0,0,,0,0,0.5,0.5
0.3,8,109.0,0,0,,0,0,0.5,0.5
0.3,8,110.0,0,0,,0,0,0.4,0.5
0.3,8,111.0,0,1,,1,0,0.5,0.4
0.3,8,112.0,1,2,0.0,2,1,0.5,0.5
0.3,8,113.0,1,2,,0,0,0.5,0.5
0.3,8,114.0,0,1,0.0,0,1,0.3,0.5
0.3,8,115.0,0,1,,0,0,0.3,0.4
0.3,8,116.0,0,0,1.3373713418401394,0,1,0.3,0.3
0.3,8,117.0,0,0,,0,0,0.3,0.3
0.3,8,118.0,0,1,,1,0,0.4,0.3
0.3,8,119.0,0,0,0.0,0,1,0.4,0.4
0.3,8,120.0,0,0,0.0,1,1,0.5,0.5
0.3,8,121.0,0,0,,0,0,0.4,0.5
0.3,8,122.0,0,0,,0,0,0.2,0.4
0.3,8,123.0,0,0,,0,0,0.2,0.4
0.3,8,124.0,0,0,,0,0,0.2,0.3
0.3,8,125.0,0,0,0.0,1,1,0.3,0.4
0.3,8,126.0,0,0,,0,0,0.3,0.3
0.3,8,127.0,0,0,,0,0,0.3,0.3
0.3,8,128.0,0,0,,0,0,0.2,0.3
0.3,8,129.0,0,0,,0,0,0.2,0.2
0.3,8,130.0,0,0,,0,0,0.1,0.1
0.3,8,131.0,0,0,,0,0,0.1,0.1
0.3,8,132.0,0,0,,0,0,0.1,0.1
0.3,8,133.0,0,0,,0,0,0.1,0.1
0.3,8,134.0,0,0,,0,0,0.1,0.1
0.3,8,135.0,0,0,0.0,1,1,0.1,0.1
0.3,8,136.0,0,1,,1,0,0.2,0.1
0.3,8,137.0,0,0,0.0,1,2,0.3,0.3
0.3,8,138.0,0,0,,0,0,0.3,0.3
0.3,8,139.0,0,0,,0,0,0.3,0.3
0.3,8,140.0,0,1,,1,0,0.4,0.3
0.3,8,141.0,0,1,0.0,1,1,0.5,0.4
0.3,8,142.0,0,0,0.39588394557239326,0,1,0.5,0.5
0.3,8,143.0,0,0,,0,0,0.5,0.5
0.3,8,144.0,0,0,,0,0,0.5,0.5
0.3,8,145.0,0,0,,0,0,0.4,0.4
0.3,8,146.0,0,0,,0,0,0.3,0.4
0.3,8,147.0,0,0,,0,0,0.2,0.2
0.3,8,148.0,0,0,,0,0,0.2,0.2
0.3,8,149.0,0,0,0.0,1,1,0.3,0.3
0.3,8,150.0,0,0,,0,0,0.2,0.3
0.3,8,151.0,0,0,,0,0,0.1,0.2
0.3,8,152.0,0,1,,1,0,0.2,0.1
0.3,8,153.0,0,1,,0,0,0.2,0.1
0.3,8,154.0,0,0,0.0,0,1,0.2,0.2
0.3,8,155.0,0,0,,0,0,0.2,0.2
0.3,8,156.0,0,1,,1,0,0.3,0.2
0.3,8,157.0,1,2,,1,0,0.4,0.2
0.3,8,158.0,0,1,0.46087664103365,1,2,0.5,0.4
0.3,8,159.0,1,2,,1,0,0.5,0.3
0.3,8,160.0,1,2,0.0,1,1,0.6,0.4
0.3,8,161.0,0,1,0.9258449272100506,0,1,0.6,0.5
0.3,8,162.0,0,1,,0,0,0.5,0.5
0.3,8,163.0,1,2,,1,0,0.6,0.5
0.3,8,164.0,0,1,0.9702103544213969,0,1,0.6,0.5
0.3,8,165.0,0,1,,0,0,0.6,0.5
0.3,8,166.0,1,2,,1,0,0.6,0.5
0.3,8,167.0,2,3,,1,0,0.6,0.5
0.3,8,168.0,1,2,1.009105074364129,0,1,0.5,0.4
0.3,8,169.0,0,0,1.74823782936258,0,2,0.4,0.6
0.3,8,170.0,0,0,,0,0,0.3,0.5
0.3,8,171.0,0,0,0.0,1,1,0.4,0.5
0.3,8,172.0,0,0,,0,0,0.4,0.5
0.3,8,173.0,0,0,,0,0,0.3,0.5
0.3,8,174.0,0,0,,0,0,0.3,0.4
0.3,8,175.0,0,0,,0,0,0.3,0.4
0.3,8,176.0,0,0,,0,0,0.2,0.4
0.3,8,177.0,0,0,,0,0,0.1,0.4
0.3,8,178.0,0,0,,0,0,0.1,0.3
0.3,8,179.0,0,0,,0,0,0.1,0.1
0.3,8,180.0,0,0,,0,0,0.1,0.1
0.3,8,181.0,0,1,,1,0,0.1,0.0
0.3,8,182.0,0,0,0.0,0,1,0.1,0.1
0.3,8,183.0,0,0,,0,0,0.1,0.1
0.3,8,184.0,0,0,,0,0,0.1,0.1
0.3,8,185.0,0,0,,0,0,0.1,0.1
0.3,8,186.0,0,1,0.0,2,1,0.3,0.2
0.3,8,187.0,0,1,,0,0,0.3,0.2
0.3,8,188.0,2,3,,2,0,0.5,0.2
0.3,8,189.0,2,3,,0,0,0.5,0.2
0.3,8,190.0,2,3,,0,0,0.5,0.2
0.3,8,191.0,3,4,,1,0,0.5,0.2
0.3,8,192.0,3,4,0.35603102621860216,1,1,0.6,0.2
0.3,8,193.0,3,4,,0,0,0.6,0.2
0.3,8,194.0,0,0,3.543519175064901,0,4,0.6,0.6
0.3,8,195.0,0,1,,1,0,0.7,0.6
0.3,8,196.0,0,1,,0,0,0.5,0.5
0.3,8,197.0,0,0,0.0,0,1,0.5,0.6
0.3,8,198.0,0,0,,0,0,0.3,0.6
0.3,8,199.0,0,0,,0,0,0.3,0.6
0.3,8,200.0,0,0,,0,0,0.3,0.6
0.3,8,201.0,0,0,,0,0,0.2,0.6
0.3,8,202.0,0,0,,0,0,0.1,0.5
0.3,8,203.0,0,0,,0,0,0.1,0.5
0.3,8,204.0,0,0,,0,0,0.1,0.1
0.3,8,205.0,0,0,,0,0,0.0,0.1
0.3,8,206.0,0,0,,0,0,0.0,0.1
0.3,8,207.0,0,0,,0,0,0.0,0.0
0.3,8,208.0,0,1,,1,0,0.1,0.0
0.3,8,209.0,1,2,,1,0,0.2,0.0
0.3,8,210.0,1,2,,0,0,0.2,0.0
0.3,8,211.0,2,3,0.0,2,1,0.4,0.1
0.3,8,212.0,2,3,,0,0,0.4,0.1
0.3,8,213.0,2,3,2.2972013697166176,1,1,0.5,0.2
0.3,8,214.0,2,3,2.291514722689044,1,1,0.6,0.3
0.3,8,215.0,2,3,2.9520519646305843,1,1,0.7,0.4
0.3,8,216.0,0,1,2.6376662933778903,0,2,0.7,0.6
0.3,8,217.0,0,1,1.478241877995515,1,1,0.8,0.7
0.3,8,218.0,0,0,0.17347641052356266,0,1,0.7,0.8
0.3,8,219.0,0,0,,0,0,0.6,0.8
0.3,8,220.0,0,0,,0,0,0.6,0.8
0.3,8,221.0,0,0,0.0,1,1,0.5,0.8
0.3,8,222.0,1,2,,2,0,0.7,0.8
0.3,8,223.0,2,3,,1,0,0.7,0.7
0.3,8,224.0,2,3,0.0,1,1,0.7,0.7
0.3,8,225.0,0,1,1.7174908235634803,0,2,0.6,0.8
0.3,8,226.0,0,0,0.4939065596644241,1,2,0.7,0.8
0.3,8,227.0,0,0,,0,0,0.6,0.7
0.3,8,228.0,0,1,,1,0,0.7,0.6
0.3,8,229.0,0,0,0.0,0,1,0.7,0.7
0.3,8,230.0,0,0,,0,0,0.7,0.7
0.3,8,231.0,0,0,,0,0,0.6,0.6
0.3,8,232.0,0,0,,0,0,0.4,0.6
0.3,8,233.0,0,0,,0,0,0.3,0.6
0.3,8,234.0,0,1,,1,0,0.3,0.5
0.3,8,235.0,0,1,,0,0,0.3,0.3
0.3,8,236.0,0,1,,0,0,0.2,0.1
0.3,8,237.0,0,0,0.0,0,1,0.2,0.2
0.3,8,238.0,0,0,,0,0,0.1,0.2
0.3,8,239.0,0,1,0.0,2,1,0.3,0.2
0.3,8,240.0,0,0,0.0,0,1,0.3,0.3
0.3,8,241.0,1,2,,2,0,0.5,0.3
0.3,8,242.0,0,1,0.0,0,1,0.5,0.4
0.3,8,243.0,0,0,0.8602862113074821,0,1,0.5,0.5
0.3,8,244.0,0,0,,0,0,0.4,0.5
0.3,8,245.0,0,1,,1,0,0.5,0.5
0.3,8,246.0,0,1,,0,0,0.5,0.5
0.3,8,247.0,0,1,,0,0,0.5,0.4
0.3,8,248.0,0,1,0.0,1,1,0.6,0.5
0.3,8,249.0,0,0,0.16796332342255482,0,1,0.4,0.5
0.3,8,250.0,0,0,,0,0,0.4,0.4
0.3,8,251.0,0,0,,0,0,0.2,0.4
0.3,8,252.0,0,0,,0,0,0.2,0.3
0.3,8,253.0,0,0,,0,0,0.2,0.2
0.3,8,254.0,0,1,,1,0,0.3,0.2
0.3,8,255.0,0,0,0.0,0,1,0.2,0.3
0.3,8,256.0,0,0,,0,0,0.2,0.3
0.3,8,257.0,0,0,,0,0,0.2,0.3
0.3,8,258.0,0,0,0.0,1,1,0.2,0.3
0.3,8,259.0,0,0,,0,0,0.2,0.2
0.3,8,260.0,0,0,,0,0,0.2,0.2
0.3,8,261.0,0,0,,0,0,0.2,0.2
0.3,8,262.0,0,0,,0,0,0.2,0.2
0.3,8,263.0,0,0,,0,0,0.2,0.2
0.3,8,264.0,0,0,,0,0,0.1,0.2
0.3,8,265.0,0,1,,1,0,0.2,0.1
0.3,8,266.0,0,1,,0,0,0.2,0.1
0.3,8,267.0,0,1,0.0,1,1,0.3,0.2
0.3,8,268.0,0,0,0.0,0,1,0.2,0.2
0.3,8,269.0,0,0,,0,0,0.2,0.2
0.3,8,270.0,0,1,,1,0,0.3,0.2
0.3,8,271.0,0,0,0.0,0,1,0.3,0.3
0.3,8,272.0,0,0,,0,0,0.3,0.3
0.3,8,273.0,0,0,,0,0,0.3,0.3
0.3,8,274.0,0,0,,0,0,0.3,0.3
0.3,8,275.0,0,1,,1,0,0.3,0.3
0.3,8,276.0,0,1,0.0,1,1,0.4,0.4
0.3,8,277.0,0,0,0.0,0,1,0.3,0.4
0.3,8,278.0,0,1,,1,0,0.4,0.3
0.3,8,279.0,0,0,0.0,0,1,0.4,0.4
0.3,8,280.0,0,0,,0,0,0.3,0.4
0.3,8,281.0,0,0,,0,0,0.3,0.3
0.3,8,282.0,0,0,,0,0,0.3,0.3
0.3,8,283.0,0,0,,0,0,0.3,0.3
0.3,8,284.0,0,0,,0,0,0.3,0.3
0.3,8,285.0,0,0,,0,0,0.2,0.3
0.3,8,286.0,1,2,0.0,3,1,0.4,0.3
0.3,8,287.0,0,1,0.0,0,1,0.4,0.3
0.3,8,288.0,0,0,0.22138718426367632,0,1,0.3,0.4
0.3,8,289.0,0,0,,0,0,0.3,0.3
0.3,8,290.0,0,0,,0,0,0.3,0.3
0.3,8,291.0,0,0,0.0,1,1,0.4,0.4
0.3,8,292.0,0,0,,0,0,0.4,0.4
0.3,8,293.0,0,0,,0,0,0.4,0.4
0.3,8,294.0,0,0,,0,0,0.4,0.4
0.3,8,295.0,0,1,,1,0,0.5,0.4
0.3,8,296.0,0,1,,0,0,0.2,0.3
0.3,8,297.0,0,0,0.0,0,1,0.2,0.3
0.3,8,298.0,0,0,,0,0,0.2,0.2
0.3,8,299.0,0,0,,0,0,0.2,0.2
0.3,8,300.0,1,2,,2,0,0.4,0.2
0.3,8,301.0,0,0,0.3578357239767058,0,2,0.3,0.3
0.3,8,302.0,0,0,,0,0,0.3,0.3
0.3,8,303.0,0,0,,0,0,0.3,0.3
0.3,8,304.0,1,2,,2,0,0.5,0.3
0.3,8,305.0,0,1,0.0,0,1,0.4,0.4
0.3,8,306.0,0,0,0.11270960459899015,0,1,0.4,0.5
0.3,8,307.0,0,0,,0,0,0.4,0.4
0.3,8,308.0,0,0,,0,0,0.4,0.4
0.3,8,309.0,0,1,0.0,2,1,0.6,0.5
0.3,8,310.0,0,0,0.2999635560489651,0,1,0.4,0.6
0.3,8,311.0,0,0,,0,0,0.4,0.4
0.3,8,312.0,0,1,,1,0,0.5,0.4
0.3,8,313.0,0,1,,0,0,0.5,0.4
0.3,8,314.0,0,1,0.0,1,1,0.4,0.5
0.3,8,315.0,0,1,,0,0,0.4,0.4
0.3,8,316.0,0,1,,0,0,0.4,0.3
0.3,8,317.0,0,0,0.0991315004948774,0,1,0.4,0.4
0.3,8,318.0,0,0,,0,0,0.4,0.4
0.3,8,319.0,0,0,,0,0,0.2,0.3
0.3,8,320.0,0,0,,0,0,0.2,0.2
0.3,8,321.0,0,0,,0,0,0.2,0.2
0.3,8,322.0,0,0,,0,0,0.1,0.2
0.3,8,323.0,0,0,,0,0,0.1,0.2
0.3,8,324.0,0,0,,0,0,0.0,0.1
0.3,8,325.0,0,0,,0,0,0.0,0.1
0.3,8,326.0,0,0,,0,0,0.0,0.1
0.3,8,327.0,0,0,,0,0,0.0,0.0
0.3,8,328.0,0,1,,1,0,0.1,0.0
0.3,8,329.0,0,0,0.0713068633769467,1,2,0.2,0.2
0.3,8,330.0,0,1,,1,0,0.3,0.2
0.3,8,331.0,0,1,,0,0,0.3,0.2
0.3,8,332.0,0,1,,0,0,0.3,0.2
0.3,8,333.0,0,1,,0,0,0.3,0.2
0.3,8,334.0,0,0,0.0,0,1,0.3,0.3
0.3,8,335.0,0,0,,0,0,0.3,0.3
0.3,8,336.0,0,0,,0,0,0.3,0.3
0.3,8,337.0,0,0,,0,0,0.3,0.3
0.3,8,338.0,0,0,,0,0,0.2,0.3
0.3,8,339.0,0,1,,1,0,0.2,0.1
0.3,8,340.0,1,2,,1,0,0.2,0.1
0.3,8,341.0,0,1,0.0,0,1,0.2,0.2
0.3,8,342.0,0,0,1.9268806496058914,0,1,0.2,0.3
0.3,8,343.0,0,0,,0,0,0.2,0.3
0.3,8,344.0,0,0,,0,0,0.2,0.2
0.3,8,345.0,0,0,,0,0,0.2,0.2
0.3,8,346.0,0,0,,0,0,0.2,0.2
0.3,8,347.0,0,0,,0,0,0.2,0.2
0.3,8,348.0,0,1,,1,0,0.3,0.2
0.3,8,349.0,0,0,0.0,0,1,0.2,0.3
0.3,8,350.0,0,1,,1,0,0.2,0.3
0.3,8,351.0,1,2,0.0,2,1,0.4,0.3
0.3,8,352.0,3,4,,2,0,0.6,0.2
0.3,8,353.0,0,0,0.8380200029551474,0,4,0.6,0.6
0.3,8,354.0,0,0,,0,0,0.6,0.6
0.3,8,355.0,0,1,,1,0,0.7,0.6
0.3,8,356.0,0,1,0.0,1,1,0.8,0.7
0.3,8,357.0,0,0,0.0,0,1,0.8,0.8
0.3,8,358.0,1,2,,2,0,0.9,0.8
0.3,8,359.0,1,2,0.0,1,1,1.0,0.8
0.3,8,360.0,1,2,,0,0,0.9,0.8
0.3,8,361.0,0,1,0.5862818100385994,0,1,0.7,0.8
0.3,8,362.0,0,1,2.662996677105866,1,1,0.6,0.9
0.3,8,363.0,1,2,,1,0,0.7,0.5
0.3,8,364.0,0,1,0.0,0,1,0.7,0.6
0.3,8,365.0,0,1,,0,0,0.6,0.6
0.3,8,366.0,0,1,,0,0,0.5,0.5
0.3,8,367.0,0,0,0.3761371741753692,0,1,0.5,0.5
0.3,8,368.0,0,0,,0,0,0.3,0.5
0.3,8,369.0,0,0,,0,0,0.2,0.4
0.3,8,370.0,0,0,0.0,1,1,0.3,0.5
0.3,8,371.0,0,0,0.0,1,1,0.4,0.5
0.3,8,372.0,0,1,,1,0,0.4,0.4
0.3,8,373.0,0,1,,0,0,0.3,0.4
0.3,8,374.0,0,0,0.0,0,1,0.3,0.4
0.3,8,375.0,0,0,0.0,1,1,0.4,0.5
0.3,8,376.0,0,0,,0,0,0.4,0.5
0.3,8,377.0,0,0,,0,0,0.4,0.4
0.3,8,378.0,0,1,,1,0,0.5,0.4
0.3,8,379.0,0,0,0.0,0,1,0.5,0.5
0.3,8,380.0,0,0,0.0,1,1,0.5,0.5
0.3,8,381.0,0,0,,0,0,0.4,0.4
0.3,8,382.0,0,1,,1,0,0.4,0.4
0.3,8,383.0,1,2,,1,0,0.5,0.4
0.3,8,384.0,0,1,0.0,0,1,0.5,0.4
0.3,8,385.0,0,0,0.7737715729506363,0,1,0.4,0.4
0.3,8,386.0,0,0,0.0,1,1,0.5,0.5
0.3,8,387.0,0,0,,0,0,0.5,0.5
0.3,8,388.0,0,1,,1,0,0.5,0.5
0.3,8,389.0,1,2,,1,0,0.6,0.4
0.3,8,390.0,2,3,,1,0,0.6,0.3
0.3,8,391.0,2,3,,0,0,0.6,0.3
0.3,8,392.0,2,3,,0,0,0.5,0.3
0.3,8,393.0,0,1,1.699084882984721,0,2,0.4,0.5
0.3,8,394.0,0,0,2.6750257362253933,0,1,0.4,0.5
0.3,8,395.0,0,0,,0,0,0.4,0.4
0.3,8,396.0,0,0,,0,0,0.3,0.3
0.3,8,397.0,0,0,,0,0,0.3,0.3
0.3,8,398.0,0,0,0.0,1,1,0.3,0.4
0.3,8,399.0,0,0,,0,0,0.2,0.4
0.3,8,400.0,0,0,,0,0,0.1,0.4
0.3,8,401.0,0,0,,0,0,0.1,0.4
0.3,8,402.0,0,0,,0,0,0.1,0.4
0.3,8,403.0,0,1,,1,0,0.2,0.2
0.3,8,404.0,0,1,0.0,1,1,0.3,0.2
0.3,8,405.0,0,0,0.0,0,1,0.3,0.3
0.3,8,406.0,0,0,,0,0,0.3,0.3
0.3,8,407.0,0,0,,0,0,0.3,0.3
0.3,8,408.0,0,0,,0,0,0.2,0.2
0.3,8,409.0,0,0,,0,0,0.2,0.2
0.3,8,410.0,0,0,,0,0,0.2,0.2
0.3,8,411.0,0,1,,1,0,0.3,0.2
0.3,8,412.0,0,0,0.0,0,1,0.3,0.3
0.3,8,413.0,0,0,,0,0,0.2,0.3
0.3,8,414.0,0,0,,0,0,0.1,0.2
0.3,8,415.0,0,0,,0,0,0.1,0.1
0.3,8,416.0,0,0,,0,0,0.1,0.1
0.3,8,417.0,0,1,,1,0,0.2,0.1
0.3,8,418.0,0,0,0.0,0,1,0.2,0.2
0.3,8,419.0,0,1,,1,0,0.3,0.2
0.3,8,420.0,0,1,0.0,1,1,0.4,0.3
0.3,8,421.0,0,0,0.0,0,1,0.3,0.4
0.3,8,422.0,0,0,,0,0,0.3,0.3
0.3,8,423.0,0,0,,0,0,0.3,0.3
0.3,8,424.0,0,0,,0,0,0.3,0.3
0.3,8,425.0,0,0,,0,0,0.3,0.3
0.3,8,426.0,0,1,,1,0,0.4,0.3
0.3,8,427.0,0,0,0.0,0,1,0.3,0.4
0.3,8,428.0,0,0,,0,0,0.3,0.3
0.3,8,429.0,0,0,,0,0,0.2,0.3
0.3,8,430.0,0,1,,1,0,0.2,0.2
0.3,8,431.0,0,0,0.0,0,1,0.2,0.2
0.3,8,432.0,0,0,0.0,1,1,0.3,0.3
0.3,8,433.0,0,0,,0,0,0.3,0.3
0.3,8,434.0,0,0,,0,0,0.3,0.3
0.3,8,435.0,0,0,,0,0,0.3,0.3
0.3,8,436.0,0,0,,0,0,0.2,0.3
0.3,8,437.0,0,0,,0,0,0.2,0.2
0.3,8,438.0,0,0,,0,0,0.2,0.2
0.3,8,439.0,0,1,,1,0,0.3,0.2
0.3,8,440.0,0,1,0.0,1,1,0.3,0.3
0.3,8,441.0,1,2,,1,0,0.4,0.2
0.3,8,442.0,0,0,0.719695158355421,0,2,0.3,0.3
0.3,8,443.0,0,0,,0,0,0.3,0.3
0.3,8,444.0,0,0,,0,0,0.3,0.3
0.3,8,445.0,0,0,0.0,1,1,0.4,0.4
0.3,8,446.0,0,0,,0,0,0.4,0.4
0.3,8,447.0,0,0,,0,0,0.4,0.4
0.3,8,448.0,0,1,,1,0,0.5,0.4
0.3,8,449.0,0,0,0.0,0,1,0.4,0.5
0.3,8,450.0,0,0,,0,0,0.3,0.4
0.3,8,451.0,0,0,,0,0,0.2,0.4
0.3,8,452.0,0,0,,0,0,0.2,0.2
0.3,8,453.0,0,0,,0,0,0.2,0.2
0.3,8,454.0,0,1,,1,0,0.3,0.2
0.3,8,455.0,0,1,,0,0,0.2,0.1
0.3,8,456.0,0,0,0.0,0,1,0.2,0.2
0.3,8,457.0,0,0,,0,0,0.2,0.2
0.3,8,458.0,0,0,,0,0,0.1,0.2
0.3,8,459.0,0,0,,0,0,0.1,0.1
0.3,8,460.0,0,1,,1,0,0.2,0.1
0.3,8,461.0,0,0,0.0,0,1,0.2,0.2
0.3,8,462.0,0,0,,0,0,0.2,0.2
0.3,8,463.0,0,1,,1,0,0.3,0.2
0.3,8,464.0,0,0,0.0,0,1,0.2,0.3
0.3,8,465.0,0,0,,0,0,0.2,0.3
0.3,8,466.0,0,0,,0,0,0.2,0.2
0.3,8,467.0,0,1,,1,0,0.3,0.2
0.3,8,468.0,1,2,,1,0,0.4,0.2
0.3,8,469.0,0,1,0.0,0,1,0.4,0.3
0.3,8,470.0,0,0,0.688298416317366,0,1,0.3,0.4
0.3,8,471.0,0,0,,0,0,0.3,0.3
0.3,8,472.0,0,0,,0,0,0.3,0.3
0.3,8,473.0,0,1,0.0,2,1,0.4,0.4
0.3,8,474.0,0,0,0.3579317785845433,0,1,0.4,0.4
0.3,8,475.0,0,0,0.0,1,1,0.5,0.5
0.3,8,476.0,0,0,,0,0,0.5,0.5
0.3,8,477.0,0,0,,0,0,0.4,0.5
0.3,8,478.0,0,0,,0,0,0.3,0.5
0.3,8,479.0,0,0,,0,0,0.3,0.4
0.3,8,480.0,0,0,,0,0,0.3,0.3
0.3,8,481.0,0,0,,0,0,0.3,0.3
0.3,8,482.0,0,0,,0,0,0.3,0.3
0.3,8,483.0,0,0,0.0,1,1,0.2,0.3
0.3,8,484.0,0,0,,0,0,0.2,0.2
0.3,8,485.0,0,0,,0,0,0.1,0.1
0.3,8,486.0,0,0,,0,0,0.1,0.1
0.3,8,487.0,0,0,,0,0,0.1,0.1
0.3,8,488.0,0,1,,1,0,0.2,0.1
0.3,8,489.0,0,0,0.0,0,1,0.2,0.2
0.3,8,490.0,0,0,,0,0,0.2,0.2
0.3,8,491.0,0,0,,0,0,0.2,0.2
0.3,8,492.0,0,0,,0,0,0.2,0.2
0.3,8,493.0,0,0,0.0,1,1,0.2,0.2
0.3,8,494.0,0,0,,0,0,0.2,0.2
0.3,8,495.0,0,0,,0,0,0.2,0.2
0.3,8,496.0,0,0,,0,0,0.2,0.2
0.3,8,497.0,0,0,,0,0,0.2,0.2
0.3,8,498.0,0,0,,0,0,0.1,0.2
0.3,8,499.0,0,0,,0,0,0.1,0.1
0.3,8,500.0,0,0,,0,0,0.1,0.1
0.3,8,501.0,0,1,,1,0,0.2,0.1
0.3,8,502.0,0,1,,0,0,0.2,0.1
0.3,8,503.0,0,1,,0,0,0.1,0.0
0.3,8,504.0,0,0,0.0,0,1,0.1,0.1
0.3,8,505.0,0,1,,1,0,0.2,0.1
0.3,8,506.0,1,2,,1,0,0.3,0.1
0.3,8,507.0,1,2,0.0,1,1,0.4,0.2
0.3,8,508.0,1,2,,0,0,0.4,0.2
0.3,8,509.0,2,3,,1,0,0.5,0.2
0.3,8,510.0,1,2,0.9335548250155625,0,1,0.5,0.3
0.3,8,511.0,1,2,,0,0,0.4,0.3
0.3,8,512.0,2,3,,1,0,0.5,0.3
0.3,8,513.0,1,2,3.7049273981658644,0,1,0.5,0.4
0.3,8,514.0,0,1,4.144310249701448,0,1,0.5,0.4
0.3,8,515.0,0,0,1.4250764741557305,0,1,0.4,0.5
0.3,8,516.0,0,0,0.0,1,1,0.4,0.6
0.3,8,517.0,0,0,0.0,1,1,0.4,0.6
0.3,8,518.0,0,0,,0,0,0.4,0.6
0.3,8,519.0,0,1,,1,0,0.4,0.6
0.3,8,520.0,0,0,0.0,0,1,0.4,0.6
0.3,8,521.0,0,0,,0,0,0.4,0.6
0.3,8,522.0,0,0,0.0,1,1,0.4,0.7
0.3,8,523.0,0,0,,0,0,0.4,0.6
0.3,8,524.0,0,0,,0,0,0.4,0.5
0.3,8,525.0,0,1,,1,0,0.5,0.4
0.3,8,526.0,0,0,0.0,0,1,0.4,0.4
0.3,8,527.0,0,0,,0,0,0.3,0.3
0.3,8,528.0,0,0,,0,0,0.3,0.3
0.3,8,529.0,0,0,,0,0,0.2,0.3
0.3,8,530.0,0,0,,0,0,0.2,0.2
0.3,8,531.0,0,0,,0,0,0.2,0.2
0.3,8,532.0,0,1,,1,0,0.2,0.1
0.3,8,533.0,0,0,0.0,0,1,0.2,0.2
0.3,8,534.0,0,0,,0,0,0.2,0.2
0.3,8,535.0,0,1,0.0,2,1,0.3,0.3
0.3,8,536.0,0,0,0.0,0,1,0.3,0.3
0.3,8,537.0,0,0,,0,0,0.3,0.3
0.3,8,538.0,0,0,,0,0,0.3,0.3
0.3,8,539.0,0,0,0.0,1,1,0.4,0.4
0.3,8,540.0,0,0,0.0,1,1,0.5,0.5
0.3,8,541.0,0,0,,0,0,0.5,0.5
0.3,8,542.0,0,0,,0,0,0.4,0.5
0.3,8,543.0,0,0,,0,0,0.4,0.4
0.3,8,544.0,0,1,,1,0,0.5,0.4
0.3,8,545.0,0,1,0.0,1,1,0.4,0.4
0.3,8,546.0,0,1,,0,0,0.4,0.3
0.3,8,547.0,0,0,0.0,0,1,0.4,0.4
0.3,8,548.0,0,0,,0,0,0.4,0.4
0.3,8,549.0,0,0,,0,0,0.3,0.3
0.3,8,550.0,0,0,,0,0,0.2,0.2
0.3,8,551.0,0,1,,1,0,0.3,0.2
0.3,8,552.0,0,0,0.0,0,1,0.3,0.3
0.3,8,553.0,0,0,,0,0,0.3,0.3
0.3,8,554.0,0,0,,0,0,0.2,0.3
0.3,8,555.0,0,0,,0,0,0.1,0.2
0.3,8,556.0,0,0,,0,0,0.1,0.2
0.3,8,557.0,0,0,,0,0,0.1,0.1
0.3,8,558.0,0,0,,0,0,0.1,0.1
0.3,8,559.0,0,0,,0,0,0.1,0.1
0.3,8,560.0,0,0,,0,0,0.1,0.1
0.3,8,561.0,0,0,,0,0,0.0,0.1
0.3,8,562.0,0,0,,0,0,0.0,0.0
0.3,8,563.0,0,0,0.0,1,1,0.1,0.1
0.3,8,564.0,0,0,,0,0,0.1,0.1
0.3,8,565.0,0,0,,0,0,0.1,0.1
0.3,8,566.0,0,1,,1,0,0.2,0.1
0.3,8,567.0,0,1,,0,0,0.2,0.1
0.3,8,568.0,0,1,,0,0,0.2,0.1
0.3,8,569.0,0,0,0.0,0,1,0.2,0.2
0.3,8,570.0,0,0,,0,0,0.2,0.2
0.3,8,571.0,0,0,,0,0,0.2,0.2
0.3,8,572.0,0,0,,0,0,0.2,0.2
0.3,8,573.0,0,1,,1,0,0.2,0.1
0.3,8,574.0,0,0,0.0,0,1,0.2,0.2
0.3,8,575.0,0,1,,1,0,0.3,0.2
0.3,8,576.0,0,1,,0,0,0.2,0.2
0.3,8,577.0,0,1,,0,0,0.2,0.2
0.3,8,578.0,0,1,0.0,2,2,0.4,0.4
0.3,8,579.0,2,3,0.0,3,1,0.7,0.4
0.3,8,580.0,3,4,,1,0,0.8,0.4
0.3,8,581.0,2,3,0.17441258120300063,0,1,0.8,0.5
0.3,8,582.0,2,3,,0,0,0.8,0.5
0.3,8,583.0,1,2,2.648021160876908,1,2,0.8,0.7
0.3,8,584.0,3,4,,2,0,1.0,0.6
0.3,8,585.0,2,3,2.6109658024341797,1,2,1.0,0.8
0.3,8,586.0,1,2,1.36611609552358,0,1,1.0,0.9
0.3,8,587.0,1,2,,0,0,1.0,0.9
0.3,8,588.0,0,1,2.0810030879451915,0,1,0.8,0.8
0.3,8,589.0,1,2,2.938835361705401,2,1,0.7,0.8
0.3,8,590.0,0,1,0.6053266327814981,0,1,0.6,0.9
0.3,8,591.0,0,0,0.6782294336532004,0,1,0.6,0.9
0.3,8,592.0,0,0,,0,0,0.6,0.9
0.3,8,593.0,0,0,0.0,1,1,0.6,0.8
0.3,8,594.0,0,0,,0,0,0.4,0.8
0.3,8,595.0,0,0,,0,0,0.3,0.6
0.3,8,596.0,0,0,,0,0,0.3,0.5
0.3,8,597.0,0,0,,0,0,0.3,0.5
0.3,8,598.0,0,0,,0,0,0.3,0.4
0.3,8,599.0,0,0,,0,0,0.1,0.3
0.3,8,600.0,0,0,,0,0,0.1,0.2
0.3,8,601.0,0,0,,0,0,0.1,0.1
0.3,8,602.0,0,0,,0,0,0.1,0.1
0.3,8,603.0,0,0,,0,0,0.0,0.0
0.3,8,604.0,0,0,,0,0,0.0,0.0
0.3,8,605.0,0,0,,0,0,0.0,0.0
0.3,8,606.0,0,0,,0,0,0.0,0.0
0.3,8,607.0,0,1,,1,0,0.1,0.0
0.3,8,608.0,0,0,0.0,0,1,0.1,0.1
0.3,8,609.0,0,0,,0,0,0.1,0.1
0.3,8,610.0,0,0,,0,0,0.1,0.1
0.3,8,611.0,0,0,,0,0,0.1,0.1
0.3,8,612.0,0,1,,1,0,0.2,0.1
0.3,8,613.0,0,0,0.0,0,1,0.2,0.2
0.3,8,614.0,0,0,,0,0,0.2,0.2
0.3,8,615.0,0,1,,1,0,0.3,0.2
0.3,8,616.0,0,0,0.0,0,1,0.3,0.3
0.3,8,617.0,0,0,,0,0,0.2,0.3
0.3,8,618.0,0,0,,0,0,0.2,0.2
0.3,8,619.0,0,0,,0,0,0.2,0.2
0.3,8,620.0,0,0,,0,0,0.2,0.2
0.3,8,621.0,0,0,,0,0,0.2,0.2
0.3,8,622.0,0,0,,0,0,0.1,0.2
0.3,8,623.0,0,0,,0,0,0.1,0.1
0.3,8,624.0,0,1,,1,0,0.2,0.1
0.3,8,625.0,0,0,0.0,0,1,0.1,0.2
0.3,8,626.0,0,1,,1,0,0.2,0.1
0.3,8,627.0,0,0,0.0,0,1,0.2,0.2
0.3,8,628.0,0,0,,0,0,0.2,0.2
0.3,8,629.0,0,0,,0,0,0.2,0.2
0.3,8,630.0,0,1,,1,0,0.3,0.2
0.3,8,631.0,0,0,0.0,0,1,0.3,0.3
0.3,8,632.0,0,0,,0,0,0.3,0.3
0.3,8,633.0,0,0,0.0,1,1,0.4,0.4
0.3,8,634.0,0,0,,0,0,0.3,0.4
0.3,8,635.0,1,2,,2,0,0.5,0.3
0.3,8,636.0,1,2,,0,0,0.4,0.3
0.3,8,637.0,0,1,0.0,0,1,0.4,0.3
0.3,8,638.0,0,1,1.9311764610591808,1,1,0.5,0.4
0.3,8,639.0,0,0,0.0,0,1,0.5,0.5
0.3,8,640.0,0,0,,0,0,0.4,0.5
0.3,8,641.0,0,0,,0,0,0.4,0.4
0.3,8,642.0,0,0,,0,0,0.4,0.4
0.3,8,643.0,0,0,0.0,1,1,0.4,0.4
0.3,8,644.0,0,0,0.0,1,1,0.5,0.5
0.3,8,645.0,0,0,,0,0,0.3,0.5
0.3,8,646.0,0,0,,0,0,0.3,0.5
0.3,8,647.0,0,0,,0,0,0.3,0.4
0.3,8,648.0,0,0,,0,0,0.2,0.3
0.3,8,649.0,1,2,,2,0,0.4,0.2
0.3,8,650.0,1,2,,0,0,0.4,0.2
0.3,8,651.0,0,1,0.0,0,1,0.4,0.3
0.3,8,652.0,0,0,1.7094709030775448,0,1,0.4,0.4
0.3,8,653.0,0,1,,1,0,0.4,0.3
0.3,8,654.0,1,2,,1,0,0.4,0.2
0.3,8,655.0,0,0,0.5129522679869751,0,2,0.4,0.4
0.3,8,656.0,0,0,,0,0,0.4,0.4
0.3,8,657.0,0,0,,0,0,0.4,0.4
0.3,8,658.0,0,0,0.0,1,1,0.5,0.5
0.3,8,659.0,0,0,,0,0,0.3,0.5
0.3,8,660.0,0,0,,0,0,0.3,0.5
0.3,8,661.0,0,0,,0,0,0.3,0.4
0.3,8,662.0,0,0,,0,0,0.3,0.3
0.3,8,663.0,0,0,,0,0,0.2,0.3
0.3,8,664.0,0,0,,0,0,0.1,0.3
0.3,8,665.0,0,0,,0,0,0.1,0.1
0.3,8,666.0,0,0,,0,0,0.1,0.1
0.3,8,667.0,0,0,,0,0,0.1,0.1
0.3,8,668.0,0,0,,0,0,0.0,0.0
0.3,8,669.0,0,1,,1,0,0.1,0.0
0.3,8,670.0,0,0,0.0,0,1,0.1,0.1
0.3,8,671.0,0,0,,0,0,0.1,0.1
0.3,8,672.0,0,0,,0,0,0.1,0.1
0.3,8,673.0,0,0,,0,0,0.1,0.1
0.3,8,674.0,0,0,,0,0,0.1,0.1
0.3,8,675.0,0,0,,0,0,0.1,0.1
0.3,8,676.0,0,0,,0,0,0.1,0.1
0.3,8,677.0,0,0,,0,0,0.1,0.1
0.3,8,678.0,0,0,,0,0,0.1,0.1
0.3,8,679.0,0,0,,0,0,0.0,0.1
0.3,8,680.0,0,0,,0,0,0.0,0.0
0.3,8,681.0,0,0,,0,0,0.0,0.0
0.3,8,682.0,0,0,,0,0,0.0,0.0
0.3,8,683.0,0,1,,1,0,0.1,0.0
0.3,8,684.0,0,1,,0,0,0.1,0.0
0.3,8,685.0,0,0,0.0,0,1,0.1,0.1
0.3,8,686.0,0,1,,1,0,0.2,0.1
0.3,8,687.0,0,1,,0,0,0.2,0.1
0.3,8,688.0,0,0,0.0,0,1,0.2,0.2
0.3,8,689.0,0,1,,1,0,0.3,0.2
0.3,8,690.0,0,1,,0,0,0.3,0.2
0.3,8,691.0,0,0,0.0,0,1,0.3,0.3
0.3,8,692.0,0,0,,0,0,0.3,0.3
0.3,8,693.0,0,0,,0,0,0.2,0.3
0.3,8,694.0,0,0,,0,0,0.2,0.3
0.3,8,695.0,0,0,0.0,1,1,0.3,0.3
0.3,8,696.0,0,0,,0,0,0.2,0.3
0.3,8,697.0,0,0,,0,0,0.2,0.3
0.3,8,698.0,0,0,,0,0,0.2,0.2
0.3,8,699.0,0,0,,0,0,0.1,0.2
0.3,8,700.0,0,0,,0,0,0.1,0.2
0.3,8,701.0,0,0,,0,0,0.1,0.1
0.3,8,702.0,0,0,0.0,1,1,0.2,0.2
0.3,8,703.0,0,0,0.0,1,1,0.3,0.3
0.3,8,704.0,0,0,0.0,1,1,0.4,0.4
0.3,8,705.0,0,1,,1,0,0.4,0.3
0.3,8,706.0,0,1,,0,0,0.4,0.3
0.3,8,707.0,0,0,0.0,0,1,0.4,0.4
0.3,8,708.0,0,0,,0,0,0.4,0.4
0.3,8,709.0,0,1,,1,0,0.5,0.4
0.3,8,710.0,0,0,0.0,0,1,0.5,0.5
0.3,8,711.0,0,0,,0,0,0.5,0.5
0.3,8,712.0,0,0,,0,0,0.4,0.4
0.3,8,713.0,0,0,,0,0,0.3,0.3
0.3,8,714.0,0,0,,0,0,0.2,0.2
0.3,8,715.0,1,2,,2,0,0.3,0.2
0.3,8,716.0,1,2,,0,0,0.3,0.2
0.3,8,717.0,0,1,0.9203567120666776,1,2,0.4,0.3
0.3,8,718.0,1,2,,1,0,0.5,0.3
0.3,8,719.0,1,2,0.5626314027551871,1,1,0.5,0.4
0.3,8,720.0,2,3,,1,0,0.6,0.3
0.3,8,721.0,1,2,1.0839857940270576,0,1,0.6,0.4
0.3,8,722.0,2,3,,1,0,0.7,0.4
0.3,8,723.0,2,3,2.042665572969213,1,1,0.8,0.5
0.3,8,724.0,4,5,,2,0,1.0,0.5
0.3,8,725.0,2,3,2.458283560915504,0,2,0.8,0.7
0.3,8,726.0,1,2,1.8582973237258784,0,1,0.8,0.8
0.3,8,727.0,1,2,1.6080476656213705,1,1,0.8,0.7
0.3,8,728.0,2,3,,1,0,0.8,0.7
0.3,8,729.0,1,2,2.397056841915173,0,1,0.7,0.7
0.3,8,730.0,1,2,,0,0,0.6,0.7
0.3,8,731.0,2,3,,1,0,0.7,0.6
0.3,8,732.0,0,1,3.1083132451063875,0,2,0.6,0.8
0.3,8,733.0,0,0,1.9480414453568073,0,1,0.5,0.8
0.3,8,734.0,0,1,,1,0,0.4,0.8
0.3,8,735.0,0,0,0.0,0,1,0.4,0.7
0.3,8,736.0,0,0,,0,0,0.4,0.6
0.3,8,737.0,0,0,,0,0,0.3,0.5
0.3,8,738.0,0,1,,1,0,0.3,0.5
0.3,8,739.0,1,2,,1,0,0.4,0.4
0.3,8,740.0,0,1,0.0,0,1,0.4,0.5
0.3,8,741.0,0,0,0.4609644368924819,0,1,0.3,0.6
0.3,8,742.0,0,0,,0,0,0.3,0.4
0.3,8,743.0,0,0,,0,0,0.3,0.3
0.3,8,744.0,0,0,,0,0,0.2,0.3
0.3,8,745.0,0,0,,0,0,0.2,0.2
0.3,8,746.0,0,0,,0,0,0.2,0.2
0.3,8,747.0,0,0,,0,0,0.2,0.2
0.3,8,748.0,0,1,0.0,2,1,0.3,0.3
0.3,8,749.0,0,1,0.0,1,1,0.3,0.4
0.3,8,750.0,0,1,,0,0,0.3,0.3
0.3,8,751.0,0,0,0.48102673661719564,0,1,0.3,0.3
0.3,8,752.0,0,0,,0,0,0.3,0.3
0.3,8,753.0,0,0,0.0,1,1,0.4,0.4
0.3,8,754.0,0,0,,0,0,0.4,0.4
0.3,8,755.0,0,0,,0,0,0.4,0.4
0.3,8,756.0,0,0,0.0,1,1,0.5,0.5
0.3,8,757.0,0,0,,0,0,0.5,0.5
0.3,8,758.0,0,0,0.0,1,1,0.4,0.5
0.3,8,759.0,0,0,,0,0,0.3,0.4
0.3,8,760.0,0,0,,0,0,0.3,0.4
0.3,8,761.0,0,0,,0,0,0.3,0.3
0.3,8,762.0,0,0,,0,0,0.3,0.3
0.3,8,763.0,0,0,,0,0,0.2,0.2
0.3,8,764.0,0,0,,0,0,0.2,0.2
0.3,8,765.0,0,0,0.0,1,1,0.3,0.3
0.3,8,766.0,0,0,,0,0,0.2,0.2
0.3,8,767.0,0,0,,0,0,0.2,0.2
0.3,8,768.0,0,0,,0,0,0.1,0.1
0.3,8,769.0,0,0,,0,0,0.1,0.1
0.3,8,770.0,1,2,,2,0,0.3,0.1
0.3,8,771.0,0,0,0.38692227862213713,0,2,0.3,0.3
0.3,8,772.0,0,0,,0,0,0.3,0.3
0.3,8,773.0,0,1,,1,0,0.4,0.3
0.3,8,774.0,1,2,,1,0,0.5,0.3
0.3,8,775.0,0,1,0.0,0,1,0.4,0.3
0.3,8,776.0,1,2,,1,0,0.5,0.3
0.3,8,777.0,0,1,1.4131032685498894,0,1,0.5,0.4
0.3,8,778.0,0,1,,0,0,0.5,0.4
0.3,8,779.0,0,1,1.5008738070546315,1,1,0.6,0.5
0.3,8,780.0,0,1,0.311270287165371,1,1,0.5,0.6
0.3,8,781.0,0,0,0.0,0,1,0.5,0.5
0.3,8,782.0,0,0,,0,0,0.5,0.5
0.3,8,783.0,0,0,,0,0,0.4,0.5
0.3,8,784.0,0,0,,0,0,0.3,0.5
0.3,8,785.0,0,0,,0,0,0.3,0.4
0.3,8,786.0,0,1,,1,0,0.3,0.4
0.3,8,787.0,1,2,,1,0,0.4,0.3
0.3,8,788.0,1,2,0.0,1,1,0.5,0.4
0.3,8,789.0,0,0,0.3421880927417457,1,3,0.5,0.6
0.3,8,790.0,0,1,,1,0,0.5,0.5
0.3,8,791.0,0,1,,0,0,0.5,0.4
0.3,8,792.0,2,3,,2,0,0.7,0.4
0.3,8,793.0,1,2,0.0,0,1,0.7,0.5
0.3,8,794.0,2,3,,1,0,0.8,0.5
0.3,8,795.0,2,3,,0,0,0.8,0.5
0.3,8,796.0,2,3,,0,0,0.7,0.5
0.3,8,797.0,2,3,2.5849616895511645,2,2,0.8,0.7
0.3,8,798.0,0,1,1.863518443698884,1,3,0.8,0.9
0.3,8,799.0,0,1,,0,0,0.7,0.6
0.3,8,800.0,1,2,,1,0,0.7,0.6
0.3,8,801.0,0,0,0.6148749547294301,0,2,0.7,0.8
0.3,8,802.0,0,1,,1,0,0.6,0.8
0.3,8,803.0,0,0,0.0,0,1,0.6,0.8
0.3,8,804.0,0,0,,0,0,0.5,0.8
0.3,8,805.0,0,0,0.0,1,1,0.6,0.9
0.3,8,806.0,0,0,,0,0,0.6,0.9
0.3,8,807.0,0,0,,0,0,0.4,0.7
0.3,8,808.0,0,0,,0,0,0.3,0.4
0.3,8,809.0,0,0,,0,0,0.3,0.4
0.3,8,810.0,0,0,0.0,1,1,0.3,0.5
0.3,8,811.0,0,0,,0,0,0.3,0.3
0.3,8,812.0,0,0,,0,0,0.2,0.3
0.3,8,813.0,0,0,,0,0,0.2,0.2
0.3,8,814.0,0,1,,1,0,0.3,0.2
0.3,8,815.0,0,1,,0,0,0.2,0.1
0.3,8,816.0,0,1,,0,0,0.2,0.1
0.3,8,817.0,0,1,,0,0,0.2,0.1
0.3,8,818.0,0,1,,0,0,0.2,0.1
0.3,8,819.0,0,0,0.0,0,1,0.2,0.2
0.3,8,820.0,0,0,0.0,1,1,0.2,0.2
0.3,8,821.0,1,2,,2,0,0.4,0.2
0.3,8,822.0,0,1,0.0,0,1,0.4,0.3
0.3,8,823.0,0,1,,0,0,0.4,0.3
0.3,8,824.0,0,0,0.032777840479980114,1,2,0.4,0.5
0.3,8,825.0,0,0,,0,0,0.4,0.5
0.3,8,826.0,0,1,,1,0,0.5,0.5
0.3,8,827.0,0,0,0.0,0,1,0.5,0.6
0.3,8,828.0,0,0,,0,0,0.5,0.6
0.3,8,829.0,0,0,,0,0,0.5,0.5
0.3,8,830.0,0,0,,0,0,0.4,0.4
0.3,8,831.0,0,0,0.0,1,1,0.3,0.5
0.3,8,832.0,0,0,,0,0,0.3,0.4
0.3,8,833.0,0,0,,0,0,0.3,0.4
0.3,8,834.0,0,1,,1,0,0.3,0.2
0.3,8,835.0,0,0,0.0,0,1,0.3,0.3
0.3,8,836.0,0,0,,0,0,0.2,0.3
0.3,8,837.0,0,0,,0,0,0.2,0.2
0.3,8,838.0,0,0,,0,0,0.2,0.2
0.3,8,839.0,0,0,,0,0,0.2,0.2
0.3,8,840.0,0,0,,0,0,0.2,0.2
0.3,8,841.0,0,0,0.0,1,1,0.2,0.2
0.3,8,842.0,0,0,,0,0,0.2,0.2
0.3,8,843.0,0,0,,0,0,0.2,0.2
0.3,8,844.0,0,0,,0,0,0.1,0.2
0.3,8,845.0,0,1,,1,0,0.2,0.1
0.3,8,846.0,0,0,0.0,0,1,0.2,0.2
0.3,8,847.0,0,0,,0,0,0.2,0.2
0.3,8,848.0,0,0,,0,0,0.2,0.2
0.3,8,849.0,0,0,0.0,1,1,0.3,0.3
0.3,8,850.0,0,0,,0,0,0.3,0.3
0.3,8,851.0,0,0,,0,0,0.2,0.2
0.3,8,852.0,0,0,,0,0,0.2,0.2
0.3,8,853.0,0,0,0.0,1,1,0.3,0.3
0.3,8,854.0,0,0,,0,0,0.3,0.3
0.3,8,855.0,1,2,,2,0,0.4,0.3
0.3,8,856.0,0,0,0.17040422664342714,0,2,0.4,0.4
0.3,8,857.0,0,1,,1,0,0.5,0.4
0.3,8,858.0,0,0,0.0,0,1,0.5,0.5
0.3,8,859.0,0,0,,0,0,0.4,0.4
0.3,8,860.0,0,0,,0,0,0.4,0.4
0.3,8,861.0,1,2,,2,0,0.6,0.4
0.3,8,862.0,1,2,0.0,1,1,0.7,0.5
0.3,8,863.0,0,1,0.3231719083908047,1,2,0.7,0.6
0.3,8,864.0,0,0,0.0,0,1,0.7,0.7
0.3,8,865.0,0,0,,0,0,0.5,0.7
0.3,8,866.0,0,0,,0,0,0.5,0.5
0.3,8,867.0,0,0,,0,0,0.4,0.5
0.3,8,868.0,0,0,,0,0,0.4,0.4
0.3,8,869.0,0,0,,0,0,0.4,0.4
0.3,8,870.0,0,0,,0,0,0.4,0.4
0.3,8,871.0,0,0,,0,0,0.2,0.4
0.3,8,872.0,0,0,,0,0,0.1,0.3
0.3,8,873.0,0,0,,0,0,0.0,0.1
0.3,8,874.0,0,0,,0,0,0.0,0.0
0.3,8,875.0,0,0,,0,0,0.0,0.0
0.3,8,876.0,0,0,,0,0,0.0,0.0
0.3,8,877.0,0,0,,0,0,0.0,0.0
0.3,8,878.0,0,0,,0,0,0.0,0.0
0.3,8,879.0,0,0,,0,0,0.0,0.0
0.3,8,880.0,0,0,,0,0,0.0,0.0
0.3,8,881.0,0,1,,1,0,0.1,0.0
0.3,8,882.0,0,1,,0,0,0.1,0.0
0.3,8,883.0,0,0,0.0,0,1,0.1,0.1
0.3,8,884.0,0,0,,0,0,0.1,0.1
0.3,8,885.0,0,0,,0,0,0.1,0.1
0.3,8,886.0,0,0,,0,0,0.1,0.1
0.3,8,887.0,0,0,,0,0,0.1,0.1
0.3,8,888.0,0,0,,0,0,0.1,0.1
0.3,8,889.0,0,0,,0,0,0.1,0.1
0.3,8,890.0,0,0,0.0,1,1,0.2,0.2
0.3,8,891.0,0,0,0.0,1,1,0.2,0.3
0.3,8,892.0,0,0,,0,0,0.2,0.3
0.3,8,893.0,0,1,,1,0,0.3,0.2
0.3,8,894.0,0,0,0.0,0,1,0.3,0.3
0.3,8,895.0,0,0,,0,0,0.3,0.3
0.3,8,896.0,0,0,,0,0,0.3,0.3
0.3,8,897.0,0,0,,0,0,0.3,0.3
0.3,8,898.0,0,1,,1,0,0.4,0.3
0.3,8,899.0,0,1,,0,0,0.4,0.3
0.3,8,900.0,0,0,0.0,0,1,0.3,0.3
0.3,8,901.0,0,0,,0,0,0.2,0.2
0.3,8,902.0,0,0,,0,0,0.2,0.2
0.3,8,903.0,0,0,,0,0,0.1,0.2
0.3,8,904.0,0,0,,0,0,0.1,0.1
0.3,8,905.0,0,0,,0,0,0.1,0.1
0.3,8,906.0,0,0,,0,0,0.1,0.1
0.3,8,907.0,0,0,,0,0,0.1,0.1
0.3,8,908.0,0,0,,0,0,0.0,0.1
0.3,8,909.0,0,0,,0,0,0.0,0.1
0.3,8,910.0,0,0,,0,0,0.0,0.0
0.3,8,911.0,0,0,,0,0,0.0,0.0
0.3,8,912.0,0,0,,0,0,0.0,0.0
0.3,8,913.0,0,0,0.0,1,1,0.1,0.1
0.3,8,914.0,0,0,,0,0,0.1,0.1
0.3,8,915.0,0,0,,0,0,0.1,0.1
0.3,8,916.0,0,0,,0,0,0.1,0.1
0.3,8,917.0,0,0,,0,0,0.1,0.1
0.3,8,918.0,0,0,,0,0,0.1,0.1
0.3,8,919.0,0,0,,0,0,0.1,0.1
0.3,8,920.0,0,0,,0,0,0.1,0.1
0.3,8,921.0,0,0,,0,0,0.1,0.1
0.3,8,922.0,0,0,,0,0,0.1,0.1
0.3,8,923.0,0,0,,0,0,0.0,0.0
0.3,8,924.0,0,0,,0,0,0.0,0.0
0.3,8,925.0,0,0,,0,0,0.0,0.0
0.3,8,926.0,0,1,,1,0,0.1,0.0
0.3,8,927.0,0,1,,0,0,0.1,0.0
0.3,8,928.0,0,0,0.0,0,1,0.1,0.1
0.3,8,929.0,0,0,,0,0,0.1,0.1
0.3,8,930.0,0,0,,0,0,0.1,0.1
0.3,8,931.0,0,0,,0,0,0.1,0.1
0.3,8,932.0,0,1,,1,0,0.2,0.1
0.3,8,933.0,0,0,0.0,1,2,0.3,0.3
0.3,8,934.0,0,0,,0,0,0.3,0.3
0.3,8,935.0,0,1,,1,0,0.4,0.3
0.3,8,936.0,0,0,0.0,0,1,0.3,0.4
0.3,8,937.0,0,0,,0,0,0.3,0.4
0.3,8,938.0,0,0,,0,0,0.3,0.3
0.3,8,939.0,0,0,,0,0,0.3,0.3
0.3,8,940.0,0,0,,0,0,0.3,0.3
0.3,8,941.0,0,0,,0,0,0.3,0.3
0.3,8,942.0,0,0,,0,0,0.2,0.3
0.3,8,943.0,0,0,,0,0,0.1,0.1
0.3,8,944.0,0,0,,0,0,0.1,0.1
0.3,8,945.0,0,0,,0,0,0.0,0.1
0.3,8,946.0,0,0,,0,0,0.0,0.0
0.3,8,947.0,0,0,,0,0,0.0,0.0
0.3,8,948.0,0,1,,1,0,0.1,0.0
0.3,8,949.0,0,0,0.0,0,1,0.1,0.1
0.3,8,950.0,0,1,,1,0,0.2,0.1
0.3,8,951.0,0,0,0.0,0,1,0.2,0.2
0.3,8,952.0,0,0,,0,0,0.2,0.2
0.3,8,953.0,0,0,,0,0,0.2,0.2
0.3,8,954.0,0,0,,0,0,0.2,0.2
0.3,8,955.0,0,0,,0,0,0.2,0.2
0.3,8,956.0,0,1,,1,0,0.3,0.2
0.3,8,957.0,1,2,,1,0,0.4,0.2
0.3,8,958.0,0,1,0.0,0,1,0.3,0.3
0.3,8,959.0,0,0,0.8622040181144257,0,1,0.3,0.3
0.3,8,960.0,0,0,,0,0,0.2,0.3
0.3,8,961.0,0,0,0.0,1,1,0.3,0.3
0.3,8,962.0,0,0,,0,0,0.3,0.3
0.3,8,963.0,0,0,,0,0,0.3,0.3
0.3,8,964.0,0,0,,0,0,0.3,0.3
0.3,8,965.0,0,0,,0,0,0.3,0.3
0.3,8,966.0,0,0,,0,0,0.2,0.3
0.3,8,967.0,0,0,,0,0,0.1,0.3
0.3,8,968.0,0,0,,0,0,0.1,0.2
0.3,8,969.0,0,0,,0,0,0.1,0.1
0.3,8,970.0,0,0,,0,0,0.1,0.1
0.3,8,971.0,0,0,,0,0,0.0,0.0
0.3,8,972.0,1,2,,2,0,0.2,0.0
0.3,8,973.0,0,1,0.0,0,1,0.2,0.1
0.3,8,974.0,0,0,0.79601296825399,0,1,0.2,0.2
0.3,8,975.0,0,0,,0,0,0.2,0.2
0.3,8,976.0,0,0,,0,0,0.2,0.2
0.3,8,977.0,0,0,,0,0,0.2,0.2
0.3,8,978.0,0,0,,0,0,0.2,0.2
0.3,8,979.0,0,0,0.0,1,1,0.3,0.3
0.3,8,980.0,0,1,,1,0,0.4,0.3
0.3,8,981.0,0,1,,0,0,0.4,0.3
0.3,8,982.0,1,2,,1,0,0.3,0.3
0.3,8,983.0,0,0,0.27857253857200703,0,2,0.3,0.4
0.3,8,984.0,0,0,,0,0,0.3,0.3
0.3,8,985.0,0,0,,0,0,0.3,0.3
0.3,8,986.0,0,0,,0,0,0.3,0.3
0.3,8,987.0,0,0,,0,0,0.3,0.3
0.3,8,988.0,0,0,,0,0,0.3,0.3
0.3,8,989.0,0,1,0.0,2,1,0.4,0.3
0.3,8,990.0,0,1,,0,0,0.3,0.3
0.3,8,991.0,0,1,,0,0,0.3,0.3
0.3,8,992.0,0,0,0.20953841213190572,0,1,0.2,0.4
0.3,8,993.0,0,0,,0,0,0.2,0.2
0.3,8,994.0,0,0,,0,0,0.2,0.2
0.3,8,995.0,0,0,,0,0,0.2,0.2
0.3,8,996.0,0,0,,0,0,0.2,0.2
0.3,8,997.0,0,0,,0,0,0.2,0.2
0.3,8,998.0,0,0,,0,0,0.2,0.2
0.3,8,999.0,0,0,0.0,1,1,0.1,0.2
0.3,8,1000.0,0,0,,0,0,0.1,0.2
0.3,8,1001.0,0,0,,0,0,0.1,0.2
0.3,8,1002.0,0,0,,0,0,0.1,0.1
0.3,8,1003.0,0,0,,0,0,0.1,0.1
0.3,8,1004.0,0,1,0.0,2,1,0.3,0.2
0.3,8,1005.0,0,0,0.573228199638379,0,1,0.3,0.3
0.3,8,1006.0,0,0,,0,0,0.3,0.3
0.3,8,1007.0,0,0,,0,0,0.3,0.3
0.3,8,1008.0,0,0,,0,0,0.3,0.3
0.3,8,1009.0,0,0,,0,0,0.2,0.2
0.3,8,1010.0,0,0,,0,0,0.2,0.2
0.3,8,1011.0,0,0,,0,0,0.2,0.2
0.3,8,1012.0,0,0,,0,0,0.2,0.2
0.3,8,1013.0,0,0,,0,0,0.2,0.2
0.3,8,1014.0,0,1,,1,0,0.1,0.1
0.3,8,1015.0,0,0,0.0,0,1,0.1,0.1
0.3,8,1016.0,0,0,,0,0,0.1,0.1
0.3,8,1017.0,0,0,,0,0,0.1,0.1
0.3,8,1018.0,0,0,0.0,1,1,0.2,0.2
0.3,8,1019.0,0,0,,0,0,0.2,0.2
0.3,8,1020.0,0,0,,0,0,0.2,0.2
0.3,8,1021.0,0,0,,0,0,0.2,0.2
0.3,8,1022.0,0,0,,0,0,0.2,0.2
0.3,8,1023.0,0,0,,0,0,0.2,0.2
0.3,8,1024.0,0,0,0.0,1,1,0.2,0.3
0.3,8,1025.0,0,0,,0,0,0.2,0.2
0.3,8,1026.0,1,2,,2,0,0.4,0.2
0.3,8,1027.0,1,2,,0,0,0.4,0.2
0.3,8,1028.0,0,0,1.007017235367357,0,2,0.3,0.3
0.3,8,1029.0,0,0,,0,0,0.3,0.3
0.3,8,1030.0,0,0,,0,0,0.3,0.3
0.3,8,1031.0,0,0,0.0,1,1,0.4,0.4
0.3,8,1032.0,0,1,,1,0,0.5,0.4
0.3,8,1033.0,0,0,0.0,0,1,0.5,0.5
0.3,8,1034.0,0,0,,0,0,0.4,0.4
0.3,8,1035.0,0,0,,0,0,0.4,0.4
0.3,8,1036.0,0,0,,0,0,0.2,0.4
0.3,8,1037.0,0,0,0.0,1,1,0.3,0.5
0.3,8,1038.0,0,0,,0,0,0.3,0.3
0.3,8,1039.0,0,1,,1,0,0.4,0.3
0.3,8,1040.0,0,0,0.0,0,1,0.4,0.4
0.3,8,1041.0,0,0,,0,0,0.3,0.3
0.3,8,1042.0,0,0,,0,0,0.2,0.3
0.3,8,1043.0,0,0,,0,0,0.2,0.2
0.3,8,1044.0,0,1,,1,0,0.3,0.2
0.3,8,1045.0,0,1,,0,0,0.3,0.2
0.3,8,1046.0,0,0,0.0,0,1,0.3,0.3
0.3,8,1047.0,0,0,,0,0,0.2,0.2
0.3,8,1048.0,0,0,,0,0,0.2,0.2
0.3,8,1049.0,0,0,0.0,1,1,0.2,0.3
0.3,8,1050.0,0,0,,0,0,0.2,0.2
0.3,8,1051.0,0,0,,0,0,0.2,0.2
0.3,8,1052.0,0,0,,0,0,0.2,0.2
0.3,8,1053.0,0,1,,1,0,0.3,0.2
0.3,8,1054.0,0,0,0.0,0,1,0.2,0.3
0.3,8,1055.0,0,0,,0,0,0.2,0.3
0.3,8,1056.0,0,0,,0,0,0.2,0.2
0.3,8,1057.0,0,0,,0,0,0.2,0.2
0.3,8,1058.0,0,0,,0,0,0.2,0.2
0.3,8,1059.0,0,0,0.0,1,1,0.2,0.2
0.3,8,1060.0,0,0,,0,0,0.2,0.2
0.3,8,1061.0,0,1,,1,0,0.3,0.2
0.3,8,1062.0,0,1,,0,0,0.3,0.2
0.3,8,1063.0,0,0,0.0,0,1,0.2,0.3
0.3,8,1064.0,0,0,,0,0,0.2,0.2
0.3,8,1065.0,0,0,,0,0,0.2,0.2
0.3,8,1066.0,0,0,,0,0,0.2,0.2
0.3,8,1067.0,0,0,,0,0,0.2,0.2
0.3,8,1068.0,0,0,,0,0,0.2,0.2
0.3,8,1069.0,0,0,,0,0,0.1,0.1
0.3,8,1070.0,0,1,,1,0,0.2,0.1
0.3,8,1071.0,0,1,,0,0,0.1,0.1
0.3,8,1072.0,0,0,0.0,0,1,0.1,0.2
0.3,8,1073.0,0,0,,0,0,0.1,0.1
0.3,8,1074.0,0,0,0.0,1,1,0.2,0.2
0.3,8,1075.0,0,0,,0,0,0.2,0.2
0.3,8,1076.0,0,0,,0,0,0.2,0.2
0.3,8,1077.0,0,0,,0,0,0.2,0.2
0.3,8,1078.0,0,0,0.0,1,1,0.3,0.3
0.3,8,1079.0,0,0,,0,0,0.3,0.3
0.3,8,1080.0,0,1,,1,0,0.3,0.3
0.3,8,1081.0,0,0,0.0,0,1,0.3,0.4
0.3,8,1082.0,1,2,,2,0,0.5,0.3
0.3,8,1083.0,1,2,,0,0,0.5,0.3
0.3,8,1084.0,0,1,0.0,0,1,0.4,0.3
0.3,8,1085.0,0,0,2.139443622536419,0,1,0.4,0.4
0.3,8,1086.0,1,2,,2,0,0.6,0.4
0.3,8,1087.0,1,2,,0,0,0.6,0.4
0.3,8,1088.0,3,4,,2,0,0.7,0.3
0.3,8,1089.0,2,3,0.0,0,1,0.7,0.4
0.3,8,1090.0,1,2,2.169382573463963,0,1,0.6,0.5
0.3,8,1091.0,1,2,,0,0,0.6,0.4
0.3,8,1092.0,2,3,2.4923105930174643,2,1,0.6,0.5
0.3,8,1093.0,2,3,,0,0,0.6,0.5
0.3,8,1094.0,2,3,,0,0,0.6,0.4
0.3,8,1095.0,2,3,4.27843466581453,1,1,0.7,0.4
0.3,8,1096.0,1,2,3.660588425528772,1,2,0.6,0.6
0.3,8,1097.0,0,0,0.9795854241093593,0,2,0.6,0.8
0.3,8,1098.0,0,0,,0,0,0.4,0.8
0.3,8,1099.0,0,0,,0,0,0.4,0.7
0.3,8,1100.0,0,0,,0,0,0.4,0.6
0.3,8,1101.0,0,0,,0,0,0.4,0.6
0.3,8,1102.0,0,1,,1,0,0.3,0.5
0.3,8,1103.0,1,2,,1,0,0.4,0.5
0.3,8,1104.0,1,2,,0,0,0.4,0.5
0.3,8,1105.0,0,1,0.0,0,1,0.3,0.5
0.3,8,1106.0,0,0,2.054012528808016,0,1,0.2,0.4
0.3,8,1107.0,0,0,,0,0,0.2,0.2
0.3,8,1108.0,0,0,,0,0,0.2,0.2
0.3,8,1109.0,0,0,,0,0,0.2,0.2
0.3,8,1110.0,0,1,,1,0,0.3,0.2
0.3,8,1111.0,0,0,0.0,0,1,0.3,0.3
0.3,8,1112.0,0,1,,1,0,0.3,0.3
0.3,8,1113.0,0,0,0.0,0,1,0.2,0.4
0.3,8,1114.0,0,0,0.0,1,1,0.3,0.5
0.3,8,1115.0,0,1,0.0,2,1,0.5,0.5
0.3,8,1116.0,0,0,0.0,0,1,0.5,0.5
0.3,8,1117.0,0,0,,0,0,0.5,0.5
0.3,8,1118.0,0,0,,0,0,0.5,0.5
0.3,8,1119.0,0,0,,0,0,0.5,0.5
0.3,8,1120.0,0,0,,0,0,0.4,0.5
0.3,8,1121.0,0,0,,0,0,0.4,0.4
0.3,8,1122.0,0,0,,0,0,0.3,0.4
0.3,8,1123.0,0,0,0.0,2,2,0.5,0.5
0.3,8,1124.0,0,0,,0,0,0.4,0.4
0.3,8,1125.0,0,0,,0,0,0.2,0.3
0.3,8,1126.0,0,0,,0,0,0.2,0.2
0.3,8,1127.0,0,0,,0,0,0.2,0.2
0.3,8,1128.0,0,0,0.0,1,1,0.3,0.3
0.3,8,1129.0,0,1,,1,0,0.4,0.3
0.3,8,1130.0,0,0,0.0,0,1,0.4,0.4
0.3,8,1131.0,0,1,,1,0,0.5,0.4
0.3,8,1132.0,0,1,0.0,1,1,0.6,0.5
0.3,8,1133.0,0,1,0.0,1,1,0.5,0.4
0.3,8,1134.0,0,1,,0,0,0.5,0.4
0.3,8,1135.0,0,1,,0,0,0.5,0.4
0.3,8,1136.0,0,1,,0,0,0.5,0.4
0.3,8,1137.0,0,1,,0,0,0.5,0.4
0.3,8,1138.0,0,0,0.08917454190941498,1,2,0.5,0.5
0.3,8,1139.0,0,0,,0,0,0.4,0.5
0.3,8,1140.0,0,0,,0,0,0.4,0.4
0.3,8,1141.0,0,0,,0,0,0.3,0.4
0.3,8,1142.0,0,0,,0,0,0.2,0.3
0.3,8,1143.0,0,0,,0,0,0.1,0.2
0.3,8,1144.0,0,0,,0,0,0.1,0.2
0.3,8,1145.0,0,0,,0,0,0.1,0.2
0.3,8,1146.0,0,0,,0,0,0.1,0.2
0.3,8,1147.0,0,0,,0,0,0.1,0.2
0.3,8,1148.0,0,0,,0,0,0.0,0.0
0.3,8,1149.0,0,0,,0,0,0.0,0.0
0.3,8,1150.0,0,0,,0,0,0.0,0.0
0.3,8,1151.0,0,0,,0,0,0.0,0.0
0.3,8,1152.0,0,0,,0,0,0.0,0.0
0.3,8,1153.0,0,1,,1,0,0.1,0.0
0.3,8,1154.0,0,0,0.0,0,1,0.1,0.1
0.3,8,1155.0,1,2,,2,0,0.3,0.1
0.3,8,1156.0,0,0,0.44765578105534587,0,2,0.3,0.3
0.3,8,1157.0,0,0,,0,0,0.3,0.3
0.3,8,1158.0,0,0,0.0,1,1,0.4,0.4
0.3,8,1159.0,0,0,,0,0,0.4,0.4
0.3,8,1160.0,0,0,,0,0,0.4,0.4
0.3,8,1161.0,0,1,,1,0,0.5,0.4
0.3,8,1162.0,0,0,0.0,0,1,0.5,0.5
0.3,8,1163.0,0,0,,0,0,0.4,0.5
0.3,8,1164.0,0,0,0.0,1,1,0.5,0.5
0.3,8,1165.0,0,0,,0,0,0.3,0.5
0.3,8,1166.0,0,0,0.0,1,1,0.4,0.4
0.3,8,1167.0,0,0,,0,0,0.4,0.4
0.3,8,1168.0,0,0,,0,0,0.3,0.3
0.3,8,1169.0,0,0,,0,0,0.3,0.3
0.3,8,1170.0,0,0,,0,0,0.3,0.3
0.3,8,1171.0,0,1,0.0,2,1,0.4,0.4
0.3,8,1172.0,0,0,0.19574479071889073,0,1,0.4,0.4
0.3,8,1173.0,0,0,0.0,1,1,0.5,0.5
0.3,8,1174.0,0,0,0.14251191439029753,2,2,0.6,0.6
0.3,8,1175.0,0,0,,0,0,0.6,0.6
0.3,8,1176.0,0,0,,0,0,0.5,0.5
0.3,8,1177.0,0,0,,0,0,0.5,0.5
0.3,8,1178.0,0,0,,0,0,0.5,0.5
0.3,8,1179.0,0,0,,0,0,0.5,0.5
0.3,8,1180.0,0,0,0.0,1,1,0.6,0.6
0.3,8,1181.0,0,0,,0,0,0.4,0.5
0.3,8,1182.0,0,0,0.0,1,1,0.5,0.5
0.3,8,1183.0,0,0,,0,0,0.4,0.4
0.3,8,1184.0,0,1,0.0,2,1,0.4,0.3
0.3,8,1185.0,0,1,0.0,1,1,0.5,0.4
0.3,8,1186.0,0,0,0.2420133070452266,0,1,0.5,0.5
0.3,8,1187.0,0,0,,0,0,0.5,0.5
0.3,8,1188.0,1,2,,2,0,0.7,0.5
0.3,8,1189.0,0,1,0.0,0,1,0.7,0.6
0.3,8,1190.0,0,0,1.1094237183208406,0,1,0.6,0.6
0.3,8,1191.0,0,0,,0,0,0.6,0.6
0.3,8,1192.0,0,0,,0,0,0.5,0.5
0.3,8,1193.0,0,0,0.0,1,1,0.6,0.6
0.3,8,1194.0,0,0,,0,0,0.4,0.5
0.3,8,1195.0,0,0,,0,0,0.3,0.4
0.3,8,1196.0,0,0,,0,0,0.3,0.3
0.3,8,1197.0,0,0,,0,0,0.3,0.3
0.3,8,1198.0,0,1,,1,0,0.2,0.3
0.3,8,1199.0,0,0,0.0,0,1,0.2,0.3
0.3,8,1200.0,0,0,,0,0,0.2,0.2
0.3,8,1201.0,0,0,,0,0,0.2,0.2
0.3,8,1202.0,0,0,,0,0,0.2,0.2
0.3,8,1203.0,0,0,,0,0,0.1,0.1
0.3,8,1204.0,0,1,,1,0,0.2,0.1
0.3,8,1205.0,0,0,0.30023239663046297,1,2,0.3,0.3
0.3,8,1206.0,0,0,,0,0,0.3,0.3
0.3,8,1207.0,0,0,,0,0,0.3,0.3
0.3,8,1208.0,0,0,,0,0,0.2,0.3
0.3,8,1209.0,0,0,,0,0,0.2,0.2
0.3,8,1210.0,0,0,,0,0,0.2,0.2
0.3,8,1211.0,0,0,,0,0,0.2,0.2
0.3,8,1212.0,0,0,,0,0,0.2,0.2
0.3,8,1213.0,0,1,,1,0,0.3,0.2
0.3,8,1214.0,0,0,0.0,0,1,0.2,0.3
0.3,8,1215.0,0,0,,0,0,0.1,0.1
0.3,8,1216.0,0,0,,0,0,0.1,0.1
0.3,8,1217.0,1,2,,2,0,0.3,0.1
0.3,8,1218.0,0,0,0.06345172287933565,0,2,0.3,0.3
0.3,8,1219.0,0,1,,1,0,0.4,0.3
0.3,8,1220.0,0,1,0.0,1,1,0.5,0.4
0.3,8,1221.0,0,0,0.0,0,1,0.5,0.5
0.3,8,1222.0,0,0,0.0,1,1,0.6,0.6
0.3,8,1223.0,0,0,,0,0,0.5,0.6
0.3,8,1224.0,0,0,,0,0,0.5,0.5
0.3,8,1225.0,0,0,,0,0,0.5,0.5
0.3,8,1226.0,0,0,,0,0,0.5,0.5
0.3,8,1227.0,0,0,,0,0,0.3,0.5
0.3,8,1228.0,0,0,,0,0,0.3,0.3
0.3,8,1229.0,0,0,,0,0,0.2,0.3
0.3,8,1230.0,0,0,0.0,1,1,0.2,0.3
0.3,8,1231.0,0,0,,0,0,0.2,0.2
0.3,8,1232.0,0,0,,0,0,0.1,0.1
0.3,8,1233.0,0,1,,1,0,0.2,0.1
0.3,8,1234.0,0,0,0.0,0,1,0.2,0.2
0.3,8,1235.0,0,0,,0,0,0.2,0.2
0.3,8,1236.0,0,0,,0,0,0.2,0.2
0.3,8,1237.0,0,0,,0,0,0.2,0.2
0.3,8,1238.0,0,0,,0,0,0.2,0.2
0.3,8,1239.0,0,0,,0,0,0.2,0.2
0.3,8,1240.0,0,0,,0,0,0.1,0.1
0.3,8,1241.0,0,0,,0,0,0.1,0.1
0.3,8,1242.0,0,0,,0,0,0.1,0.1
0.3,8,1243.0,0,1,,1,0,0.1,0.1
0.3,8,1244.0,0,0,0.0,0,1,0.1,0.1
0.3,8,1245.0,0,0,,0,0,0.1,0.1
0.3,8,1246.0,0,0,,0,0,0.1,0.1
0.3,8,1247.0,0,0,,0,0,0.1,0.1
0.3,8,1248.0,0,0,,0,0,0.1,0.1
0.3,8,1249.0,0,0,0.0,1,1,0.2,0.2
0.3,8,1250.0,0,0,,0,0,0.2,0.2
0.3,8,1251.0,0,0,,0,0,0.2,0.2
0.3,8,1252.0,0,0,,0,0,0.2,0.2
0.3,8,1253.0,0,0,,0,0,0.1,0.2
0.3,8,1254.0,0,0,0.0,1,1,0.2,0.2
0.3,8,1255.0,0,0,0.0,1,1,0.3,0.3
0.3,8,1256.0,0,0,,0,0,0.3,0.3
0.3,8,1257.0,0,0,,0,0,0.3,0.3
0.3,8,1258.0,0,0,,0,0,0.3,0.3
0.3,8,1259.0,0,0,,0,0,0.2,0.2
0.3,8,1260.0,0,0,0.0,1,1,0.3,0.3
0.3,8,1261.0,0,0,,0,0,0.3,0.3
0.3,8,1262.0,0,0,,0,0,0.3,0.3
0.3,8,1263.0,0,0,0.0,1,1,0.4,0.4
0.3,8,1264.0,0,0,,0,0,0.3,0.3
0.3,8,1265.0,0,0,,0,0,0.2,0.2
0.3,8,1266.0,0,0,,0,0,0.2,0.2
0.3,8,1267.0,0,0,,0,0,0.2,0.2
0.3,8,1268.0,0,0,,0,0,0.2,0.2
0.3,8,1269.0,0,0,,0,0,0.2,0.2
0.3,8,1270.0,0,0,,0,0,0.1,0.1
0.3,8,1271.0,0,0,,0,0,0.1,0.1
0.3,8,1272.0,0,0,,0,0,0.1,0.1
0.3,8,1273.0,0,0,,0,0,0.0,0.0
0.3,8,1274.0,0,1,,1,0,0.1,0.0
0.3,8,1275.0,0,0,0.0,0,1,0.1,0.1
0.3,8,1276.0,0,1,,1,0,0.2,0.1
0.3,8,1277.0,0,0,0.0,0,1,0.2,0.2
0.3,8,1278.0,0,0,,0,0,0.2,0.2
0.3,8,1279.0,0,0,,0,0,0.2,0.2
0.3,8,1280.0,0,0,,0,0,0.2,0.2
0.3,8,1281.0,0,0,0.0,1,1,0.3,0.3
0.3,8,1282.0,0,0,,0,0,0.3,0.3
0.3,8,1283.0,0,1,,1,0,0.4,0.3
0.3,8,1284.0,0,1,,0,0,0.3,0.3
0.3,8,1285.0,0,0,0.03943111123419385,1,2,0.4,0.4
0.3,8,1286.0,0,0,,0,0,0.3,0.4
0.3,8,1287.0,0,1,,1,0,0.4,0.3
0.3,8,1288.0,0,0,0.0,0,1,0.4,0.4
0.3,8,1289.0,0,0,,0,0,0.4,0.4
0.3,8,1290.0,0,0,0.0,1,1,0.5,0.5
0.3,8,1291.0,0,0,,0,0,0.4,0.4
0.3,8,1292.0,0,1,,1,0,0.5,0.4
0.3,8,1293.0,0,1,,0,0,0.4,0.4
0.3,8,1294.0,0,0,0.0,0,1,0.4,0.5
0.3,8,1295.0,0,1,,1,0,0.4,0.3
0.3,8,1296.0,0,0,0.0,0,1,0.4,0.4
0.3,8,1297.0,0,1,0.0,2,1,0.5,0.5
0.3,8,1298.0,0,1,,0,0,0.5,0.4
0.3,8,1299.0,0,1,,0,0,0.5,0.4
0.3,8,1300.0,1,2,0.0,2,1,0.6,0.4
0.3,8,1301.0,1,2,0.2263213104768056,2,2,0.8,0.6
0.3,8,1302.0,0,1,0.6445810719246765,0,1,0.7,0.7
0.3,8,1303.0,0,1,0.8242499634134219,1,1,0.8,0.8
0.3,8,1304.0,0,1,,0,0,0.8,0.7
0.3,8,1305.0,0,1,,0,0,0.7,0.7
0.3,8,1306.0,0,0,0.0,0,1,0.7,0.7
0.3,8,1307.0,0,0,,0,0,0.5,0.6
0.3,8,1308.0,0,0,,0,0,0.5,0.6
0.3,8,1309.0,0,0,,0,0,0.5,0.6
0.3,8,1310.0,0,0,,0,0,0.3,0.5
0.3,8,1311.0,0,1,,1,0,0.2,0.3
0.3,8,1312.0,0,1,,0,0,0.2,0.2
0.3,8,1313.0,0,1,0.0,1,1,0.2,0.2
0.3,8,1314.0,0,0,0.0,1,2,0.3,0.4
0.3,8,1315.0,0,1,,1,0,0.4,0.4
0.3,8,1316.0,0,0,0.0,0,1,0.4,0.4
0.3,8,1317.0,0,0,,0,0,0.4,0.4
0.3,8,1318.0,0,0,,0,0,0.4,0.4
0.3,8,1319.0,0,0,,0,0,0.4,0.4
0.3,8,1320.0,0,0,,0,0,0.4,0.4
0.3,8,1321.0,0,0,,0,0,0.3,0.4
0.3,8,1322.0,0,1,,1,0,0.4,0.4
0.3,8,1323.0,0,1,,0,0,0.3,0.3
0.3,8,1324.0,0,1,,0,0,0.2,0.1
0.3,8,1325.0,0,0,0.0,0,1,0.1,0.2
0.3,8,1326.0,0,1,0.0,2,1,0.3,0.2
0.3,8,1327.0,0,1,0.0,1,1,0.4,0.3
0.3,8,1328.0,0,0,0.0,0,1,0.4,0.4
0.3,8,1329.0,0,0,,0,0,0.4,0.4
0.3,8,1330.0,0,1,,1,0,0.5,0.4
0.3,8,1331.0,0,1,,0,0,0.5,0.4
0.3,8,1332.0,0,1,0.0,1,1,0.5,0.5
0.3,8,1333.0,0,1,,0,0,0.5,0.5
0.3,8,1334.0,0,0,0.0,0,1,0.5,0.6
0.3,8,1335.0,0,0,,0,0,0.5,0.5
0.3,8,1336.0,0,0,,0,0,0.3,0.4
0.3,8,1337.0,0,0,,0,0,0.2,0.3
0.3,8,1338.0,0,0,,0,0,0.2,0.2
0.3,8,1339.0,0,0,,0,0,0.2,0.2
0.3,8,1340.0,0,0,,0,0,0.1,0.2
0.3,8,1341.0,0,0,,0,0,0.1,0.2
0.3,8,1342.0,0,0,,0,0,0.0,0.1
0.3,8,1343.0,0,0,,0,0,0.0,0.1
0.3,8,1344.0,0,0,0.0,1,1,0.1,0.1
0.3,8,1345.0,0,0,,0,0,0.1,0.1
0.3,8,1346.0,0,0,,0,0,0.1,0.1
0.3,8,1347.0,1,2,,2,0,0.3,0.1
0.3,8,1348.0,0,0,0.09496408562336,0,2,0.3,0.3
0.3,8,1349.0,0,0,,0,0,0.3,0.3
0.3,8,1350.0,0,0,,0,0,0.3,0.3
0.3,8,1351.0,0,0,,0,0,0.3,0.3
0.3,8,1352.0,0,1,,1,0,0.4,0.3
0.3,8,1353.0,0,0,0.0,0,1,0.4,0.4
0.3,8,1354.0,0,0,,0,0,0.3,0.3
0.3,8,1355.0,0,0,,0,0,0.3,0.3
0.3,8,1356.0,0,1,,1,0,0.4,0.3
0.3,8,1357.0,0,1,,0,0,0.2,0.3
0.3,8,1358.0,1,2,,1,0,0.3,0.1
0.3,8,1359.0,0,1,0.0,0,1,0.3,0.2
0.3,8,1360.0,0,0,1.0560269452587363,0,1,0.3,0.3
0.3,8,1361.0,0,1,,1,0,0.4,0.3
0.3,8,1362.0,0,1,,0,0,0.3,0.3
0.3,8,1363.0,0,0,0.0,0,1,0.3,0.3
0.3,8,1364.0,0,0,,0,0,0.3,0.3
0.3,8,1365.0,0,0,,0,0,0.3,0.3
0.3,8,1366.0,0,0,,0,0,0.2,0.3
0.3,8,1367.0,0,0,,0,0,0.2,0.3
0.3,8,1368.0,0,0,,0,0,0.1,0.3
0.3,8,1369.0,0,0,,0,0,0.1,0.2
0.3,8,1370.0,0,0,,0,0,0.1,0.1
0.3,8,1371.0,0,0,,0,0,0.0,0.1
0.3,8,1372.0,0,0,,0,0,0.0,0.1
0.3,8,1373.0,0,0,,0,0,0.0,0.0
0.3,8,1374.0,0,0,0.0,1,1,0.1,0.1
0.3,8,1375.0,0,1,,1,0,0.2,0.1
0.3,8,1376.0,0,0,0.0,0,1,0.2,0.2
0.3,8,1377.0,0,0,,0,0,0.2,0.2
0.3,8,1378.0,0,0,,0,0,0.2,0.2
0.3,8,1379.0,0,0,0.0,1,1,0.3,0.3
0.3,8,1380.0,0,0,0.0,1,1,0.4,0.4
0.3,8,1381.0,1,2,,2,0,0.6,0.4
0.3,8,1382.0,0,1,0.0,0,1,0.6,0.5
0.3,8,1383.0,1,2,,1,0,0.7,0.5
0.3,8,1384.0,0,0,0.47676334857840175,0,2,0.6,0.6
0.3,8,1385.0,0,0,,0,0,0.5,0.6
0.3,8,1386.0,0,0,,0,0,0.5,0.5
0.3,8,1387.0,0,0,0.0,1,1,0.6,0.6
0.3,8,1388.0,0,0,0.0,1,1,0.7,0.7
0.3,8,1389.0,0,0,,0,0,0.6,0.6
0.3,8,1390.0,0,0,,0,0,0.5,0.5
0.3,8,1391.0,0,0,0.0,1,1,0.4,0.6
0.3,8,1392.0,0,0,,0,0,0.4,0.5
0.3,8,1393.0,0,1,,1,0,0.4,0.5
0.3,8,1394.0,0,1,,0,0,0.4,0.3
0.3,8,1395.0,0,0,0.0,0,1,0.4,0.4
0.3,8,1396.0,0,0,,0,0,0.4,0.4
0.3,8,1397.0,0,1,,1,0,0.4,0.3
0.3,8,1398.0,0,0,0.0,0,1,0.3,0.3
0.3,8,1399.0,0,0,,0,0,0.3,0.3
0.3,8,1400.0,0,0,,0,0,0.3,0.3
0.3,8,1401.0,0,0,,0,0,0.2,0.2
0.3,8,1402.0,0,0,,0,0,0.2,0.2
0.3,8,1403.0,0,0,,0,0,0.1,0.2
0.3,8,1404.0,0,0,,0,0,0.1,0.2
0.3,8,1405.0,0,0,,0,0,0.1,0.1
0.3,8,1406.0,0,0,,0,0,0.1,0.1
0.3,8,1407.0,0,1,,1,0,0.1,0.1
0.3,8,1408.0,0,0,0.0,0,1,0.1,0.1
0.3,8,1409.0,0,0,,0,0,0.1,0.1
0.3,8,1410.0,0,0,,0,0,0.1,0.1
0.3,8,1411.0,0,0,,0,0,0.1,0.1
0.3,8,1412.0,0,0,,0,0,0.1,0.1
0.3,8,1413.0,0,1,,1,0,0.2,0.1
0.3,8,1414.0,0,1,,0,0,0.2,0.1
0.3,8,1415.0,0,1,,0,0,0.2,0.1
0.3,8,1416.0,0,1,0.0,1,1,0.3,0.2
0.3,8,1417.0,0,0,0.30922069785788153,0,1,0.2,0.3
0.3,8,1418.0,0,0,,0,0,0.2,0.2
0.3,8,1419.0,0,1,,1,0,0.3,0.2
0.3,8,1420.0,0,0,0.0,0,1,0.3,0.3
0.3,8,1421.0,0,0,,0,0,0.3,0.3
0.3,8,1422.0,0,1,,1,0,0.4,0.3
0.3,8,1423.0,0,0,0.0,0,1,0.3,0.4
0.3,8,1424.0,0,0,,0,0,0.3,0.4
0.3,8,1425.0,0,0,,0,0,0.3,0.4
0.3,8,1426.0,0,0,0.0,1,1,0.3,0.4
0.3,8,1427.0,0,0,,0,0,0.3,0.3
0.3,8,1428.0,0,1,,1,0,0.4,0.3
0.3,8,1429.0,0,0,0.0,0,1,0.3,0.4
0.3,8,1430.0,0,0,,0,0,0.3,0.3
0.3,8,1431.0,0,0,,0,0,0.3,0.3
0.3,8,1432.0,0,0,,0,0,0.2,0.3
0.3,8,1433.0,0,0,,0,0,0.2,0.2
0.3,8,1434.0,0,0,,0,0,0.2,0.2
0.3,8,1435.0,0,0,,0,0,0.2,0.2
0.3,8,1436.0,1,2,,2,0,0.3,0.1
0.3,8,1437.0,1,2,,0,0,0.3,0.1
0.3,8,1438.0,1,2,0.0,1,1,0.3,0.2
0.3,8,1439.0,0,1,2.049926255178889,0,1,0.3,0.2
0.3,8,1440.0,0,0,1.2504425327342688,0,1,0.3,0.3
0.3,8,1441.0,0,0,0.0,1,1,0.4,0.4
0.3,8,1442.0,0,1,,1,0,0.5,0.4
0.3,8,1443.0,0,1,,0,0,0.5,0.4
0.3,8,1444.0,2,3,,2,0,0.7,0.4
0.3,8,1445.0,1,2,0.0,0,1,0.7,0.5
0.3,8,1446.0,1,2,,0,0,0.5,0.5
0.3,8,1447.0,0,1,1.2254940338214055,0,1,0.5,0.6
0.3,8,1448.0,0,0,2.889830663454859,0,1,0.4,0.6
0.3,8,1449.0,0,0,,0,0,0.4,0.5
0.3,8,1450.0,0,0,,0,0,0.4,0.4
0.3,8,1451.0,0,0,0.0,1,1,0.4,0.4
0.3,8,1452.0,0,0,,0,0,0.3,0.4
0.3,8,1453.0,0,0,,0,0,0.3,0.4
0.3,8,1454.0,0,0,,0,0,0.1,0.4
0.3,8,1455.0,0,0,,0,0,0.1,0.3
0.3,8,1456.0,0,0,,0,0,0.1,0.3
0.3,8,1457.0,0,0,,0,0,0.1,0.2
0.3,8,1458.0,0,0,0.0,1,1,0.2,0.2
0.3,8,1459.0,0,1,,1,0,0.3,0.2
0.3,8,1460.0,0,0,0.0,0,1,0.3,0.3
0.3,8,1461.0,0,0,,0,0,0.2,0.2
0.3,8,1462.0,0,0,,0,0,0.2,0.2
0.3,8,1463.0,0,0,,0,0,0.2,0.2
0.3,8,1464.0,0,1,,1,0,0.3,0.2
0.3,8,1465.0,0,1,,0,0,0.3,0.2
0.3,8,1466.0,0,1,0.0,1,1,0.4,0.3
0.3,8,1467.0,0,0,0.46128006653407283,0,1,0.4,0.4
0.3,8,1468.0,0,0,0.0,1,1,0.4,0.4
0.3,8,1469.0,0,0,,0,0,0.3,0.4
0.3,8,1470.0,0,0,,0,0,0.3,0.3
0.3,8,1471.0,0,0,,0,0,0.3,0.3
0.3,8,1472.0,0,0,,0,0,0.3,0.3
0.3,8,1473.0,0,0,,0,0,0.3,0.3
0.3,8,1474.0,0,0,,0,0,0.2,0.3
0.3,8,1475.0,0,1,,1,0,0.3,0.3
0.3,8,1476.0,0,1,0.0,1,1,0.3,0.3
0.3,8,1477.0,0,1,,0,0,0.3,0.2
0.3,8,1478.0,1,2,,1,0,0.3,0.1
0.3,8,1479.0,0,1,0.6517849888609817,0,1,0.3,0.2
0.3,8,1480.0,0,1,,0,0,0.3,0.2
0.3,8,1481.0,0,0,1.2560589342408548,0,1,0.3,0.3
0.3,8,1482.0,0,1,,1,0,0.4,0.3
0.3,8,1483.0,1,2,,1,0,0.5,0.3
0.3,8,1484.0,1,2,,0,0,0.5,0.3
0.3,8,1485.0,2,3,,1,0,0.5,0.3
0.3,8,1486.0,2,3,,0,0,0.4,0.2
0.3,8,1487.0,2,3,,0,0,0.4,0.2
0.3,8,1488.0,2,3,,0,0,0.3,0.2
0.3,8,1489.0,0,1,2.9239972163995844,0,2,0.3,0.3
0.3,8,1490.0,0,0,4.254682834855885,0,1,0.3,0.4
0.3,8,1491.0,0,0,,0,0,0.3,0.3
0.3,8,1492.0,0,0,,0,0,0.2,0.3
0.3,8,1493.0,0,0,0.0,1,1,0.2,0.4
0.3,8,1494.0,0,0,,0,0,0.2,0.4
0.3,8,1495.0,1,2,,2,0,0.3,0.4
0.3,8,1496.0,0,1,0.0,0,1,0.3,0.5
0.3,8,1497.0,0,1,1.1354234343993994,1,1,0.4,0.6
0.3,8,1498.0,0,1,,0,0,0.4,0.6
0.3,8,1499.0,0,0,0.0,0,1,0.4,0.5
0.3,8,1500.0,0,0,,0,0,0.4,0.4
0.3,8,1501.0,0,1,,1,0,0.5,0.4
0.3,8,1502.0,0,0,0.0,0,1,0.5,0.5
0.3,8,1503.0,0,1,,1,0,0.5,0.4
0.3,8,1504.0,0,0,0.0,0,1,0.5,0.5
0.3,8,1505.0,0,0,0.0,1,1,0.4,0.6
0.3,8,1506.0,0,0,,0,0,0.4,0.5
0.3,8,1507.0,0,0,,0,0,0.3,0.4
0.3,8,1508.0,0,0,,0,0,0.3,0.4
0.3,8,1509.0,0,1,,1,0,0.4,0.3
0.3,8,1510.0,0,0,0.0,0,1,0.4,0.4
0.3,8,1511.0,0,0,,0,0,0.3,0.4
0.3,8,1512.0,0,0,,0,0,0.3,0.3
0.3,8,1513.0,0,0,,0,0,0.2,0.3
0.3,8,1514.0,0,1,,1,0,0.3,0.2
0.3,8,1515.0,2,3,,2,0,0.4,0.1
0.3,8,1516.0,0,0,0.3690652810683446,1,4,0.5,0.5
0.3,8,1517.0,0,0,,0,0,0.5,0.5
0.3,8,1518.0,0,0,,0,0,0.5,0.5
0.3,8,1519.0,0,0,,0,0,0.4,0.5
0.3,8,1520.0,0,0,,0,0,0.4,0.4
0.3,8,1521.0,0,0,,0,0,0.4,0.4
0.3,8,1522.0,0,0,0.0,1,1,0.5,0.5
0.3,8,1523.0,0,0,,0,0,0.5,0.5
0.3,8,1524.0,0,0,,0,0,0.4,0.5
0.3,8,1525.0,0,0,,0,0,0.2,0.5
0.3,8,1526.0,0,0,,0,0,0.1,0.1
0.3,8,1527.0,0,1,,1,0,0.2,0.1
0.3,8,1528.0,1,2,,1,0,0.3,0.1
0.3,8,1529.0,0,0,0.36525809072107523,1,3,0.4,0.4
0.3,8,1530.0,0,0,,0,0,0.4,0.4
0.3,8,1531.0,0,0,,0,0,0.4,0.4
0.3,8,1532.0,0,1,,1,0,0.4,0.3
0.3,8,1533.0,0,0,0.0,0,1,0.4,0.4
0.3,8,1534.0,0,0,,0,0,0.4,0.4
0.3,8,1535.0,0,1,,1,0,0.5,0.4
0.3,8,1536.0,0,0,0.0,0,1,0.5,0.5
0.3,8,1537.0,0,0,,0,0,0.4,0.5
0.3,8,1538.0,0,0,,0,0,0.3,0.5
0.3,8,1539.0,0,0,,0,0,0.2,0.2
0.3,8,1540.0,0,0,,0,0,0.2,0.2
0.3,8,1541.0,0,0,,0,0,0.2,0.2
0.3,8,1542.0,0,1,,1,0,0.2,0.2
0.3,8,1543.0,0,1,,0,0,0.2,0.1
0.3,8,1544.0,0,0,0.0,0,1,0.2,0.2
0.3,8,1545.0,0,0,,0,0,0.1,0.2
0.3,8,1546.0,0,0,,0,0,0.1,0.1
0.3,8,1547.0,0,0,,0,0,0.1,0.1
0.3,8,1548.0,0,0,,0,0,0.1,0.1
0.3,8,1549.0,0,0,,0,0,0.1,0.1
0.3,8,1550.0,0,0,,0,0,0.1,0.1
0.3,8,1551.0,0,0,,0,0,0.1,0.1
0.3,8,1552.0,0,0,,0,0,0.0,0.1
0.3,8,1553.0,0,1,,1,0,0.1,0.1
0.3,8,1554.0,0,0,0.0,0,1,0.1,0.1
0.3,8,1555.0,0,0,,0,0,0.1,0.1
0.3,8,1556.0,0,1,,1,0,0.2,0.1
0.3,8,1557.0,0,1,0.0,1,1,0.3,0.2
0.3,8,1558.0,0,1,,0,0,0.3,0.2
0.3,8,1559.0,0,0,0.0,0,1,0.3,0.3
0.3,8,1560.0,0,0,,0,0,0.3,0.3
0.3,8,1561.0,0,0,,0,0,0.3,0.3
0.3,8,1562.0,0,0,0.0,1,1,0.4,0.4
0.3,8,1563.0,0,0,0.0,1,1,0.4,0.5
0.3,8,1564.0,0,0,0.0,2,2,0.6,0.6
0.3,8,1565.0,0,0,,0,0,0.6,0.6
0.3,8,1566.0,0,0,,0,0,0.5,0.6
0.3,8,1567.0,0,0,,0,0,0.4,0.5
0.3,8,1568.0,0,0,,0,0,0.4,0.5
0.3,8,1569.0,0,1,,1,0,0.5,0.4
0.3,8,1570.0,0,0,0.0,0,1,0.5,0.5
0.3,8,1571.0,0,0,,0,0,0.5,0.5
0.3,8,1572.0,0,1,,1,0,0.5,0.4
0.3,8,1573.0,0,0,0.0,0,1,0.4,0.4
0.3,8,1574.0,0,0,,0,0,0.2,0.2
0.3,8,1575.0,0,0,,0,0,0.2,0.2
0.3,8,1576.0,0,0,,0,0,0.2,0.2
0.3,8,1577.0,0,0,,0,0,0.2,0.2
0.3,8,1578.0,0,0,,0,0,0.2,0.2
0.3,8,1579.0,0,0,,0,0,0.1,0.2
0.3,8,1580.0,0,0,0.0,1,1,0.2,0.2
0.3,8,1581.0,0,1,,1,0,0.3,0.2
0.3,8,1582.0,0,0,0.0,0,1,0.2,0.3
0.3,8,1583.0,0,0,,0,0,0.2,0.2
0.3,8,1584.0,0,0,,0,0,0.2,0.2
0.3,8,1585.0,0,0,,0,0,0.2,0.2
0.3,8,1586.0,0,0,,0,0,0.2,0.2
0.3,8,1587.0,0,0,,0,0,0.2,0.2
0.3,8,1588.0,0,0,,0,0,0.2,0.2
0.3,8,1589.0,0,0,0.0,2,2,0.4,0.4
0.3,8,1590.0,0,0,,0,0,0.3,0.3
0.3,8,1591.0,0,0,,0,0,0.2,0.3
0.3,8,1592.0,0,0,,0,0,0.2,0.2
0.3,8,1593.0,0,0,0.05181601077629239,2,2,0.4,0.4
0.3,8,1594.0,0,0,,0,0,0.4,0.4
0.3,8,1595.0,0,0,,0,0,0.4,0.4
0.3,8,1596.0,0,1,,1,0,0.5,0.4
0.3,8,1597.0,0,1,,0,0,0.5,0.4
0.3,8,1598.0,1,2,0.0,2,1,0.7,0.5
0.3,8,1599.0,2,3,,1,0,0.6,0.3
0.3,8,1600.0,1,2,0.11050707307890661,0,1,0.6,0.4
0.3,8,1601.0,2,3,,1,0,0.7,0.4
0.3,8,1602.0,2,3,,0,0,0.7,0.4
0.3,8,1603.0,0,1,2.544843390258393,0,2,0.5,0.4
0.3,8,1604.0,0,0,2.2011725241452496,0,1,0.5,0.5
0.3,8,1605.0,0,0,,0,0,0.5,0.5
0.3,8,1606.0,0,0,,0,0,0.4,0.5
0.3,8,1607.0,0,0,0.0,1,1,0.5,0.6
0.3,8,1608.0,0,1,,1,0,0.4,0.5
0.3,8,1609.0,0,0,0.0,0,1,0.3,0.6
0.3,8,1610.0,0,0,,0,0,0.3,0.5
0.3,8,1611.0,0,0,0.0,1,1,0.3,0.6
0.3,8,1612.0,0,0,0.0,1,1,0.4,0.7
0.3,8,1613.0,0,0,,0,0,0.4,0.5
0.3,8,1614.0,0,0,,0,0,0.4,0.4
0.3,8,1615.0,0,0,,0,0,0.4,0.4
0.3,8,1616.0,0,0,,0,0,0.4,0.4
0.3,8,1617.0,0,0,,0,0,0.3,0.3
0.3,8,1618.0,0,1,,1,0,0.3,0.3
0.3,8,1619.0,0,1,,0,0,0.3,0.2
0.3,8,1620.0,0,1,0.0030548885811185755,2,2,0.5,0.4
0.3,8,1621.0,0,0,0.0,0,1,0.4,0.4
0.3,8,1622.0,0,0,,0,0,0.3,0.3
0.3,8,1623.0,0,0,,0,0,0.3,0.3
0.3,8,1624.0,0,0,,0,0,0.3,0.3
0.3,8,1625.0,0,0,,0,0,0.3,0.3
0.3,8,1626.0,0,0,,0,0,0.3,0.3
0.3,8,1627.0,0,0,,0,0,0.3,0.3
0.3,8,1628.0,0,0,,0,0,0.2,0.3
0.3,8,1629.0,0,0,,0,0,0.2,0.3
0.3,8,1630.0,0,0,,0,0,0.0,0.1
0.3,8,1631.0,0,0,,0,0,0.0,0.0
0.3,8,1632.0,0,0,,0,0,0.0,0.0
0.3,8,1633.0,0,0,,0,0,0.0,0.0
0.3,8,1634.0,0,1,,1,0,0.1,0.0
0.3,8,1635.0,2,3,,2,0,0.3,0.0
0.3,8,1636.0,2,3,,0,0,0.3,0.0
0.3,8,1637.0,1,2,0.0,0,1,0.3,0.1
0.3,8,1638.0,0,1,2.02592694347868,0,1,0.3,0.2
0.3,8,1639.0,0,0,2.6696313380807624,0,1,0.3,0.3
0.3,8,1640.0,0,1,,1,0,0.4,0.3
0.3,8,1641.0,0,1,,0,0,0.4,0.3
0.3,8,1642.0,0,0,0.0,0,1,0.4,0.4
0.3,8,1643.0,1,2,,2,0,0.6,0.4
0.3,8,1644.0,1,2,,0,0,0.5,0.4
0.3,8,1645.0,0,0,0.8910778463110773,0,2,0.3,0.6
0.3,8,1646.0,0,0,,0,0,0.3,0.6
0.3,8,1647.0,0,0,,0,0,0.3,0.5
0.3,8,1648.0,0,0,0.0,1,1,0.4,0.5
0.3,8,1649.0,0,0,,0,0,0.4,0.4
0.3,8,1650.0,0,0,,0,0,0.3,0.4
0.3,8,1651.0,0,0,,0,0,0.3,0.4
0.3,8,1652.0,0,0,,0,0,0.3,0.3
0.3,8,1653.0,0,0,,0,0,0.1,0.3
0.3,8,1654.0,0,1,,1,0,0.2,0.3
0.3,8,1655.0,0,0,0.0,0,1,0.2,0.2
0.3,8,1656.0,0,1,,1,0,0.3,0.2
0.3,8,1657.0,2,3,,2,0,0.5,0.2
0.3,8,1658.0,1,2,0.0,0,1,0.4,0.2
0.3,8,1659.0,1,2,1.730269991367095,1,1,0.5,0.3
0.3,8,1660.0,0,0,0.9880588033370259,0,2,0.5,0.5
0.3,8,1661.0,0,0,,0,0,0.5,0.5
0.3,8,1662.0,0,0,,0,0,0.5,0.5
0.3,8,1663.0,0,0,,0,0,0.5,0.5
0.3,8,1664.0,0,0,,0,0,0.4,0.5
0.3,8,1665.0,0,0,,0,0,0.4,0.4
0.3,8,1666.0,0,0,,0,0,0.3,0.4
0.3,8,1667.0,0,0,0.0,1,1,0.2,0.5
0.3,8,1668.0,0,0,,0,0,0.2,0.4
0.3,8,1669.0,0,0,,0,0,0.1,0.3
0.3,8,1670.0,0,0,,0,0,0.1,0.1
0.3,8,1671.0,0,0,,0,0,0.1,0.1
0.3,8,1672.0,0,0,,0,0,0.1,0.1
0.3,8,1673.0,0,1,,1,0,0.2,0.1
0.3,8,1674.0,0,0,0.0,0,1,0.2,0.2
0.3,8,1675.0,0,0,,0,0,0.2,0.2
0.3,8,1676.0,0,0,,0,0,0.2,0.2
0.3,8,1677.0,0,0,,0,0,0.1,0.1
0.3,8,1678.0,0,1,,1,0,0.2,0.1
0.3,8,1679.0,0,0,0.0,0,1,0.2,0.2
0.3,8,1680.0,0,0,,0,0,0.2,0.2
0.3,8,1681.0,0,0,,0,0,0.2,0.2
0.3,8,1682.0,0,1,,1,0,0.3,0.2
0.3,8,1683.0,0,0,0.0,0,1,0.2,0.3
0.3,8,1684.0,0,0,0.0,1,1,0.3,0.3
0.3,8,1685.0,0,0,,0,0,0.3,0.3
0.3,8,1686.0,0,0,,0,0,0.3,0.3
0.3,8,1687.0,0,0,0.0,1,1,0.4,0.4
0.3,8,1688.0,0,0,,0,0,0.3,0.4
0.3,8,1689.0,0,0,,0,0,0.3,0.3
0.3,8,1690.0,0,0,0.0,1,1,0.4,0.4
0.3,8,1691.0,0,1,,1,0,0.5,0.4
0.3,8,1692.0,0,0,0.0,0,1,0.4,0.5
0.3,8,1693.0,0,0,,0,0,0.4,0.4
0.3,8,1694.0,0,1,0.0,2,1,0.5,0.4
0.3,8,1695.0,0,0,0.0,0,1,0.5,0.5
0.3,8,1696.0,0,0,0.0,1,1,0.6,0.6
0.3,8,1697.0,0,0,,0,0,0.5,0.5
0.3,8,1698.0,0,0,,0,0,0.5,0.5
0.3,8,1699.0,0,0,0.0,1,1,0.6,0.6
0.3,8,1700.0,0,0,,0,0,0.5,0.5
0.3,8,1701.0,0,0,,0,0,0.4,0.5
0.3,8,1702.0,0,0,,0,0,0.4,0.4
0.3,8,1703.0,0,1,,1,0,0.5,0.4
0.3,8,1704.0,0,1,,0,0,0.3,0.3
0.3,8,1705.0,0,0,0.0,0,1,0.3,0.3
0.3,8,1706.0,0,0,,0,0,0.2,0.2
0.3,8,1707.0,0,0,,0,0,0.2,0.2
0.3,8,1708.0,0,0,,0,0,0.2,0.2
0.3,8,1709.0,0,0,,0,0,0.1,0.1
0.3,8,1710.0,0,0,,0,0,0.1,0.1
0.3,8,1711.0,0,0,,0,0,0.1,0.1
0.3,8,1712.0,0,1,,1,0,0.2,0.1
0.3,8,1713.0,0,0,0.0,0,1,0.1,0.2
0.3,8,1714.0,0,0,,0,0,0.1,0.2
0.3,8,1715.0,0,0,,0,0,0.1,0.1
0.3,8,1716.0,0,0,,0,0,0.1,0.1
0.3,8,1717.0,0,0,,0,0,0.1,0.1
0.3,8,1718.0,0,1,,1,0,0.2,0.1
0.3,8,1719.0,0,1,,0,0,0.2,0.1
0.3,8,1720.0,0,0,0.0,0,1,0.2,0.2
0.3,8,1721.0,0,1,,1,0,0.3,0.2
0.3,8,1722.0,0,0,0.0,0,1,0.2,0.3
0.3,8,1723.0,0,0,,0,0,0.2,0.2
0.3,8,1724.0,0,0,,0,0,0.2,0.2
0.3,8,1725.0,0,0,,0,0,0.2,0.2
0.3,8,1726.0,0,0,,0,0,0.2,0.2
0.3,8,1727.0,0,1,0.0,2,1,0.4,0.3
0.3,8,1728.0,0,1,,0,0,0.3,0.3
0.3,8,1729.0,0,0,0.0,0,1,0.3,0.4
0.3,8,1730.0,0,0,,0,0,0.3,0.3
0.3,8,1731.0,0,0,,0,0,0.2,0.3
0.3,8,1732.0,0,1,,1,0,0.3,0.2
0.3,8,1733.0,0,1,,0,0,0.3,0.2
0.3,8,1734.0,0,1,,0,0,0.3,0.2
0.3,8,1735.0,0,1,,0,0,0.3,0.2
0.3,8,1736.0,0,0,0.0,0,1,0.3,0.3
0.3,8,1737.0,0,0,0.0,1,1,0.2,0.3
0.3,8,1738.0,0,0,,0,0,0.2,0.3
0.3,8,1739.0,0,0,,0,0,0.2,0.2
0.3,8,1740.0,0,0,,0,0,0.2,0.2
0.3,8,1741.0,0,0,,0,0,0.2,0.2
0.3,8,1742.0,0,0,,0,0,0.1,0.2
0.3,8,1743.0,0,0,,0,0,0.1,0.2
0.3,8,1744.0,0,0,,0,0,0.1,0.2
0.3,8,1745.0,0,0,,0,0,0.1,0.2
0.3,8,1746.0,0,0,,0,0,0.1,0.1
0.3,8,1747.0,0,0,,0,0,0.0,0.0
0.3,8,1748.0,0,0,,0,0,0.0,0.0
0.3,8,1749.0,0,0,,0,0,0.0,0.0
0.3,8,1750.0,0,0,,0,0,0.0,0.0
0.3,8,1751.0,0,0,,0,0,0.0,0.0
0.3,8,1752.0,0,0,,0,0,0.0,0.0
0.3,8,1753.0,0,0,,0,0,0.0,0.0
0.3,8,1754.0,0,0,,0,0,0.0,0.0
0.3,8,1755.0,0,0,,0,0,0.0,0.0
0.3,8,1756.0,0,0,,0,0,0.0,0.0
0.3,8,1757.0,0,0,,0,0,0.0,0.0
0.3,8,1758.0,0,0,,0,0,0.0,0.0
0.3,8,1759.0,0,1,,1,0,0.1,0.0
0.3,8,1760.0,0,0,0.0,0,1,0.1,0.1
0.3,8,1761.0,0,0,0.0,2,2,0.3,0.3
0.3,8,1762.0,0,0,0.0,1,1,0.4,0.4
0.3,8,1763.0,0,0,,0,0,0.4,0.4
0.3,8,1764.0,0,0,,0,0,0.4,0.4
0.3,8,1765.0,0,0,,0,0,0.4,0.4
0.3,8,1766.0,0,0,,0,0,0.4,0.4
0.3,8,1767.0,0,0,,0,0,0.4,0.4
0.3,8,1768.0,0,0,,0,0,0.4,0.4
0.3,8,1769.0,0,1,,1,0,0.4,0.4
0.3,8,1770.0,0,0,0.0,0,1,0.4,0.4
0.3,8,1771.0,0,0,,0,0,0.2,0.2
0.3,8,1772.0,0,0,,0,0,0.1,0.1
0.3,8,1773.0,0,0,,0,0,0.1,0.1
0.3,8,1774.0,0,0,0.0,1,1,0.2,0.2
0.3,8,1775.0,0,0,,0,0,0.2,0.2
0.3,8,1776.0,0,0,,0,0,0.2,0.2
0.3,8,1777.0,0,0,,0,0,0.2,0.2
0.3,8,1778.0,0,0,,0,0,0.2,0.2
0.3,8,1779.0,0,1,,1,0,0.2,0.2
0.3,8,1780.0,0,1,,0,0,0.2,0.1
0.3,8,1781.0,0,0,0.0,0,1,0.2,0.2
0.3,8,1782.0,0,0,,0,0,0.2,0.2
0.3,8,1783.0,0,0,,0,0,0.2,0.2
0.3,8,1784.0,0,0,0.0,1,1,0.2,0.2
0.3,8,1785.0,0,0,,0,0,0.2,0.2
0.3,8,1786.0,0,1,,1,0,0.3,0.2
0.3,8,1787.0,0,0,0.0,0,1,0.3,0.3
0.3,8,1788.0,0,0,,0,0,0.3,0.3
0.3,8,1789.0,0,0,,0,0,0.2,0.3
0.3,8,1790.0,0,0,,0,0,0.2,0.3
0.3,8,1791.0,0,1,,1,0,0.3,0.2
0.3,8,1792.0,0,0,0.0,0,1,0.3,0.3
0.3,8,1793.0,0,0,,0,0,0.3,0.3
0.3,8,1794.0,0,1,,1,0,0.3,0.2
0.3,8,1795.0,0,1,,0,0,0.3,0.2
0.3,8,1796.0,0,0,0.0,0,1,0.2,0.3
0.3,8,1797.0,0,0,,0,0,0.2,0.2
0.3,8,1798.0,0,0,,0,0,0.2,0.2
0.3,8,1799.0,0,0,,0,0,0.2,0.2
0.3,8,1800.0,0,0,,0,0,0.2,0.2
0.3,8,1801.0,0,0,,0,0,0.1,0.2
0.3,8,1802.0,0,0,,0,0,0.1,0.1
0.3,8,1803.0,0,0,,0,0,0.1,0.1
0.3,8,1804.0,0,0,,0,0,0.0,0.1
0.3,8,1805.0,0,0,,0,0,0.0,0.1
0.3,8,1806.0,0,0,,0,0,0.0,0.0
0.3,8,1807.0,0,1,,1,0,0.1,0.0
0.3,8,1808.0,0,0,0.0,0,1,0.1,0.1
0.3,8,1809.0,0,0,0.0,1,1,0.2,0.2
0.3,8,1810.0,0,0,,0,0,0.2,0.2
0.3,8,1811.0,0,0,,0,0,0.2,0.2
0.3,8,1812.0,0,0,,0,0,0.2,0.2
0.3,8,1813.0,0,0,,0,0,0.2,0.2
0.3,8,1814.0,0,0,,0,0,0.2,0.2
0.3,8,1815.0,0,0,,0,0,0.2,0.2
0.3,8,1816.0,0,0,,0,0,0.2,0.2
0.3,8,1817.0,0,0,,0,0,0.1,0.2
0.3,8,1818.0,0,0,,0,0,0.1,0.1
0.3,8,1819.0,0,1,,1,0,0.1,0.0
0.3,8,1820.0,0,0,0.0,0,1,0.1,0.1
0.3,8,1821.0,0,0,,0,0,0.1,0.1
0.3,8,1822.0,0,0,,0,0,0.1,0.1
0.3,8,1823.0,0,1,,1,0,0.2,0.1
0.3,8,1824.0,0,1,,0,0,0.2,0.1
0.3,8,1825.0,0,0,0.0,0,1,0.2,0.2
0.3,8,1826.0,0,0,,0,0,0.2,0.2
0.3,8,1827.0,0,0,,0,0,0.2,0.2
0.3,8,1828.0,0,1,,1,0,0.3,0.2
0.3,8,1829.0,0,0,0.0,0,1,0.2,0.3
0.3,8,1830.0,0,0,,0,0,0.2,0.2
0.3,8,1831.0,0,0,,0,0,0.2,0.2
0.3,8,1832.0,0,0,,0,0,0.2,0.2
0.3,8,1833.0,0,0,,0,0,0.1,0.2
0.3,8,1834.0,0,0,,0,0,0.1,0.2
0.3,8,1835.0,0,0,,0,0,0.1,0.1
0.3,8,1836.0,0,0,,0,0,0.1,0.1
0.3,8,1837.0,0,0,,0,0,0.1,0.1
0.3,8,1838.0,0,0,,0,0,0.0,0.1
0.3,8,1839.0,0,0,,0,0,0.0,0.0
0.3,8,1840.0,0,1,,1,0,0.1,0.0
0.3,8,1841.0,0,0,0.0,0,1,0.1,0.1
0.3,8,1842.0,0,0,,0,0,0.1,0.1
0.3,8,1843.0,0,0,,0,0,0.1,0.1
0.3,8,1844.0,0,0,,0,0,0.1,0.1
0.3,8,1845.0,0,0,,0,0,0.1,0.1
0.3,8,1846.0,0,0,0.0,1,1,0.2,0.2
0.3,8,1847.0,0,0,,0,0,0.2,0.2
0.3,8,1848.0,0,0,,0,0,0.2,0.2
0.3,8,1849.0,0,0,0.0,1,1,0.3,0.3
0.3,8,1850.0,0,0,,0,0,0.2,0.3
0.3,8,1851.0,0,0,,0,0,0.2,0.2
0.3,8,1852.0,0,0,,0,0,0.2,0.2
0.3,8,1853.0,0,0,,0,0,0.2,0.2
0.3,8,1854.0,0,0,,0,0,0.2,0.2
0.3,8,1855.0,0,0,0.0,1,1,0.3,0.3
0.3,8,1856.0,0,0,,0,0,0.2,0.2
0.3,8,1857.0,0,1,,1,0,0.3,0.2
0.3,8,1858.0,0,0,0.0,0,1,0.3,0.3
0.3,8,1859.0,0,0,,0,0,0.2,0.2
0.3,8,1860.0,0,0,,0,0,0.2,0.2
0.3,8,1861.0,0,0,,0,0,0.2,0.2
0.3,8,1862.0,0,0,,0,0,0.2,0.2
0.3,8,1863.0,0,0,,0,0,0.2,0.2
0.3,8,1864.0,0,1,,1,0,0.3,0.2
0.3,8,1865.0,0,0,0.0,0,1,0.2,0.2
0.3,8,1866.0,0,0,,0,0,0.2,0.2
0.3,8,1867.0,0,0,0.0,1,1,0.2,0.3
0.3,8,1868.0,0,1,,1,0,0.3,0.2
0.3,8,1869.0,0,0,0.0,0,1,0.3,0.3
0.3,8,1870.0,0,0,,0,0,0.3,0.3
0.3,8,1871.0,0,0,,0,0,0.3,0.3
0.3,8,1872.0,0,0,,0,0,0.3,0.3
0.3,8,1873.0,0,0,,0,0,0.3,0.3
0.3,8,1874.0,0,1,,1,0,0.3,0.3
0.3,8,1875.0,0,0,0.0,0,1,0.3,0.3
0.3,8,1876.0,0,0,,0,0,0.3,0.3
0.3,8,1877.0,0,0,,0,0,0.2,0.2
0.3,8,1878.0,0,0,0.0,1,1,0.2,0.3
0.3,8,1879.0,0,0,,0,0,0.2,0.2
0.3,8,1880.0,0,0,,0,0,0.2,0.2
0.3,8,1881.0,0,1,,1,0,0.3,0.2
0.3,8,1882.0,0,1,0.0,1,1,0.4,0.3
0.3,8,1883.0,0,0,0.1597355462190535,0,1,0.4,0.4
0.3,8,1884.0,0,0,,0,0,0.3,0.4
0.3,8,1885.0,0,0,,0,0,0.3,0.3
0.3,8,1886.0,0,0,,0,0,0.3,0.3
0.3,8,1887.0,0,0,,0,0,0.3,0.3
0.3,8,1888.0,0,1,,1,0,0.3,0.2
0.3,8,1889.0,0,1,0.0,1,1,0.4,0.3
0.3,8,1890.0,0,1,,0,0,0.4,0.3
0.3,8,1891.0,0,1,,0,0,0.3,0.3
0.3,8,1892.0,1,2,,1,0,0.3,0.2
0.3,8,1893.0,0,1,0.0,0,1,0.3,0.2
0.3,8,1894.0,0,0,0.8389740911457011,0,1,0.3,0.3
0.3,8,1895.0,0,0,,0,0,0.3,0.3
0.3,8,1896.0,0,0,,0,0,0.3,0.3
0.3,8,1897.0,0,0,,0,0,0.3,0.3
0.3,8,1898.0,0,0,,0,0,0.2,0.3
0.3,8,1899.0,0,0,,0,0,0.1,0.2
0.3,8,1900.0,0,0,,0,0,0.1,0.2
0.3,8,1901.0,0,0,,0,0,0.1,0.2
0.3,8,1902.0,0,1,,1,0,0.1,0.2
0.3,8,1903.0,0,0,0.0,0,1,0.1,0.2
0.3,8,1904.0,0,0,,0,0,0.1,0.1
0.3,8,1905.0,0,0,,0,0,0.1,0.1
0.3,8,1906.0,1,2,,2,0,0.3,0.1
0.3,8,1907.0,0,1,0.0,0,1,0.3,0.2
0.3,8,1908.0,0,0,1.1057125776978864,0,1,0.3,0.3
0.3,8,1909.0,0,1,,1,0,0.4,0.3
0.3,8,1910.0,0,0,0.0,0,1,0.4,0.4
0.3,8,1911.0,0,0,0.0,1,1,0.5,0.5
0.3,8,1912.0,0,0,,0,0,0.4,0.5
0.3,8,1913.0,0,0,,0,0,0.4,0.4
0.3,8,1914.0,0,1,0.0,2,1,0.6,0.5
0.3,8,1915.0,0,0,0.5161528461985654,0,1,0.6,0.6
0.3,8,1916.0,0,0,,0,0,0.4,0.6
0.3,8,1917.0,0,0,,0,0,0.4,0.5
0.3,8,1918.0,0,1,,1,0,0.5,0.4
0.3,8,1919.0,0,0,0.0,0,1,0.4,0.5
0.3,8,1920.0,0,1,,1,0,0.5,0.4
0.3,8,1921.0,0,0,0.0,0,1,0.4,0.4
0.3,8,1922.0,0,0,,0,0,0.4,0.4
0.3,8,1923.0,0,0,,0,0,0.4,0.4
0.3,8,1924.0,0,1,,1,0,0.3,0.3
0.3,8,1925.0,0,0,0.0,0,1,0.3,0.3
0.3,8,1926.0,0,0,,0,0,0.3,0.3
0.3,8,1927.0,0,0,,0,0,0.3,0.3
0.3,8,1928.0,0,1,,1,0,0.3,0.3
0.3,8,1929.0,0,1,,0,0,0.3,0.2
0.3,8,1930.0,0,0,0.0,0,1,0.2,0.3
0.3,8,1931.0,0,0,,0,0,0.2,0.2
0.3,8,1932.0,0,0,,0,0,0.2,0.2
0.3,8,1933.0,0,0,,0,0,0.2,0.2
0.3,8,1934.0,0,0,,0,0,0.1,0.2
0.3,8,1935.0,0,0,,0,0,0.1,0.1
0.3,8,1936.0,0,0,,0,0,0.1,0.1
0.3,8,1937.0,0,0,,0,0,0.1,0.1
0.3,8,1938.0,0,0,,0,0,0.0,0.1
0.3,8,1939.0,0,0,,0,0,0.0,0.1
0.3,8,1940.0,0,0,,0,0,0.0,0.0
0.3,8,1941.0,0,0,,0,0,0.0,0.0
0.3,8,1942.0,0,0,,0,0,0.0,0.0
0.3,8,1943.0,0,0,,0,0,0.0,0.0
0.3,8,1944.0,0,1,,1,0,0.1,0.0
0.3,8,1945.0,0,0,0.0,0,1,0.1,0.1
0.3,8,1946.0,0,0,,0,0,0.1,0.1
0.3,8,1947.0,0,0,,0,0,0.1,0.1
0.3,8,1948.0,0,0,,0,0,0.1,0.1
0.3,8,1949.0,0,1,,1,0,0.2,0.1
0.3,8,1950.0,0,0,0.0,1,2,0.3,0.3
0.3,8,1951.0,0,0,,0,0,0.3,0.3
0.3,8,1952.0,0,0,0.0,1,1,0.4,0.4
0.3,8,1953.0,0,0,,0,0,0.4,0.4
0.3,8,1954.0,0,0,,0,0,0.3,0.4
0.3,8,1955.0,0,0,,0,0,0.3,0.3
0.3,8,1956.0,0,0,,0,0,0.3,0.3
0.3,8,1957.0,0,1,,1,0,0.4,0.3
0.3,8,1958.0,0,1,,0,0,0.4,0.3
0.3,8,1959.0,0,1,0.0,1,1,0.4,0.4
0.3,8,1960.0,0,0,0.13082604559212996,0,1,0.3,0.3
0.3,8,1961.0,0,0,,0,0,0.3,0.3
0.3,8,1962.0,0,1,0.0,2,1,0.4,0.3
0.3,8,1963.0,0,1,,0,0,0.4,0.3
0.3,8,1964.0,0,1,,0,0,0.4,0.3
0.3,8,1965.0,0,0,0.0,0,1,0.4,0.4
0.3,8,1966.0,0,0,,0,0,0.4,0.4
0.3,8,1967.0,0,0,0.0,1,1,0.4,0.5
0.3,8,1968.0,0,0,,0,0,0.4,0.5
0.3,8,1969.0,0,0,,0,0,0.3,0.4
0.3,8,1970.0,0,0,,0,0,0.3,0.3
0.3,8,1971.0,0,0,0.0,1,1,0.4,0.4
0.3,8,1972.0,0,1,,1,0,0.3,0.3
0.3,8,1973.0,0,0,0.0,0,1,0.3,0.4
0.3,8,1974.0,0,0,,0,0,0.3,0.4
0.3,8,1975.0,0,0,,0,0,0.3,0.3
0.3,8,1976.0,0,0,,0,0,0.3,0.3
0.3,8,1977.0,0,0,,0,0,0.2,0.2
0.3,8,1978.0,0,0,,0,0,0.2,0.2
0.3,8,1979.0,0,1,,1,0,0.3,0.2
0.3,8,1980.0,0,0,0.0,0,1,0.3,0.3
0.3,8,1981.0,0,0,,0,0,0.2,0.2
0.3,8,1982.0,0,0,,0,0,0.1,0.2
0.3,8,1983.0,0,0,,0,0,0.1,0.1
0.3,8,1984.0,0,0,,0,0,0.1,0.1
0.3,8,1985.0,0,0,,0,0,0.1,0.1
0.3,8,1986.0,0,0,,0,0,0.1,0.1
0.3,8,1987.0,0,0,,0,0,0.1,0.1
0.3,8,1988.0,0,0,,0,0,0.1,0.1
0.3,8,1989.0,0,0,,0,0,0.0,0.1
0.3,8,1990.0,0,0,,0,0,0.0,0.0
0.3,8,1991.0,0,0,,0,0,0.0,0.0
0.3,8,1992.0,0,0,,0,0,0.0,0.0
0.3,8,1993.0,0,0,,0,0,0.0,0.0
0.3,8,1994.0,0,1,,1,0,0.1,0.0
0.3,8,1995.0,0,0,0.0,0,1,0.1,0.1
0.3,8,1996.0,0,0,,0,0,0.1,0.1
0.3,8,1997.0,0,1,,1,0,0.2,0.1
0.3,8,1998.0,0,1,,0,0,0.2,0.1
0.3,8,1999.0,0,1,0.0,1,1,0.3,0.2
0.3,8,2000.0,0,1,,0,0,0.3,0.2
0.3,8,2001.0,0,0,0.0,1,2,0.4,0.4
0.3,8,2002.0,0,0,,0,0,0.4,0.4
0.3,8,2003.0,0,0,,0,0,0.4,0.4
0.3,8,2004.0,0,0,,0,0,0.3,0.4
0.3,8,2005.0,0,0,0.0,1,1,0.4,0.4
0.3,8,2006.0,0,1,,1,0,0.5,0.4
0.3,8,2007.0,0,0,0.0,0,1,0.4,0.5
0.3,8,2008.0,0,0,,0,0,0.4,0.5
0.3,8,2009.0,0,0,0.0,1,1,0.4,0.5
0.3,8,2010.0,0,0,,0,0,0.4,0.5
0.3,8,2011.0,0,0,,0,0,0.3,0.3
0.3,8,2012.0,0,0,,0,0,0.3,0.3
0.3,8,2013.0,0,1,,1,0,0.4,0.3
0.3,8,2014.0,0,1,,0,0,0.4,0.3
0.3,8,2015.0,0,0,0.0,0,1,0.3,0.3
0.3,8,2016.0,0,0,,0,0,0.2,0.3
0.3,8,2017.0,0,0,,0,0,0.2,0.2
0.3,8,2018.0,0,0,,0,0,0.2,0.2
0.3,8,2019.0,0,0,,0,0,0.1,0.1
0.3,8,2020.0,0,0,,0,0,0.1,0.1
0.3,8,2021.0,0,1,,1,0,0.2,0.1
0.3,8,2022.0,0,1,,0,0,0.2,0.1
0.3,8,2023.0,1,2,,1,0,0.2,0.1
0.3,8,2024.0,0,0,0.4495786817926728,0,2,0.2,0.3
0.3,8,2025.0,0,0,,0,0,0.2,0.2
0.3,8,2026.0,0,0,,0,0,0.2,0.2
0.3,8,2027.0,0,0,,0,0,0.2,0.2
0.3,8,2028.0,0,0,,0,0,0.2,0.2
0.3,8,2029.0,0,0,,0,0,0.2,0.2
0.3,8,2030.0,1,2,,2,0,0.4,0.2
0.3,8,2031.0,1,2,,0,0,0.3,0.2
0.3,8,2032.0,0,0,0.8429219306297,0,2,0.3,0.4
0.3,8,2033.0,0,0,,0,0,0.2,0.4
0.3,8,2034.0,0,1,,1,0,0.3,0.2
0.3,8,2035.0,0,0,0.0,0,1,0.3,0.3
0.3,8,2036.0,0,0,,0,0,0.3,0.3
0.3,8,2037.0,1,2,,2,0,0.5,0.3
0.3,8,2038.0,0,0,0.32840543698648617,0,2,0.5,0.5
0.3,8,2039.0,0,0,,0,0,0.5,0.5
0.3,8,2040.0,0,0,,0,0,0.3,0.5
0.3,8,2041.0,0,0,0.0,1,1,0.4,0.6
0.3,8,2042.0,0,1,,1,0,0.5,0.4
0.3,8,2043.0,0,1,,0,0,0.5,0.4
0.3,8,2044.0,0,0,0.0,0,1,0.4,0.5
0.3,8,2045.0,0,0,,0,0,0.4,0.4
0.3,8,2046.0,0,0,,0,0,0.4,0.4
0.3,8,2047.0,0,0,,0,0,0.2,0.4
0.3,8,2048.0,0,1,,1,0,0.3,0.2
0.3,8,2049.0,0,1,,0,0,0.3,0.2
0.3,8,2050.0,0,0,0.0,0,1,0.3,0.3
0.3,8,2051.0,0,0,,0,0,0.2,0.2
0.3,8,2052.0,0,0,,0,0,0.1,0.2
0.3,8,2053.0,0,0,,0,0,0.1,0.2
0.3,8,2054.0,0,1,0.0,2,1,0.3,0.2
0.3,8,2055.0,0,1,,0,0,0.3,0.2
0.3,8,2056.0,0,0,0.0,0,1,0.3,0.3
0.3,8,2057.0,0,0,,0,0,0.3,0.3
0.3,8,2058.0,0,0,,0,0,0.2,0.3
0.3,8,2059.0,0,0,,0,0,0.2,0.3
0.3,8,2060.0,0,0,,0,0,0.2,0.2
0.3,8,2061.0,0,1,,1,0,0.3,0.2
0.3,8,2062.0,0,0,0.0,0,1,0.3,0.3
0.3,8,2063.0,0,0,,0,0,0.3,0.3
0.3,8,2064.0,0,1,,1,0,0.2,0.2
0.3,8,2065.0,0,1,0.0,1,1,0.3,0.3
0.3,8,2066.0,0,1,,0,0,0.3,0.2
0.3,8,2067.0,0,0,0.0,0,1,0.3,0.3
0.3,8,2068.0,0,0,,0,0,0.3,0.3
0.3,8,2069.0,0,0,,0,0,0.3,0.3
0.3,8,2070.0,0,0,,0,0,0.3,0.3
0.3,8,2071.0,0,0,,0,0,0.2,0.3
0.3,8,2072.0,0,0,,0,0,0.2,0.2
0.3,8,2073.0,0,1,,1,0,0.3,0.2
0.3,8,2074.0,0,0,0.0,0,1,0.2,0.3
0.3,8,2075.0,0,0,,0,0,0.1,0.2
0.3,8,2076.0,0,0,,0,0,0.1,0.2
0.3,8,2077.0,0,1,,1,0,0.2,0.1
0.3,8,2078.0,0,0,0.0,0,1,0.2,0.2
0.3,8,2079.0,0,1,,1,0,0.3,0.2
0.3,8,2080.0,1,2,,1,0,0.4,0.2
0.3,8,2081.0,2,3,0.0,2,1,0.6,0.3
0.3,8,2082.0,2,3,,0,0,0.6,0.3
0.3,8,2083.0,2,3,,0,0,0.5,0.3
0.3,8,2084.0,2,3,,0,0,0.5,0.2
0.3,8,2085.0,0,1,3.0407121674666087,0,2,0.5,0.4
0.3,8,2086.0,0,1,,0,0,0.5,0.4
0.3,8,2087.0,0,1,4.132880767139341,1,1,0.5,0.5
0.3,8,2088.0,0,0,0.0,0,1,0.5,0.5
0.3,8,2089.0,0,0,,0,0,0.4,0.5
0.3,8,2090.0,0,0,,0,0,0.3,0.5
0.3,8,2091.0,0,0,,0,0,0.1,0.4
0.3,8,2092.0,0,0,,0,0,0.1,0.4
0.3,8,2093.0,0,0,0.0,1,1,0.2,0.5
0.3,8,2094.0,0,0,,0,0,0.2,0.5
0.3,8,2095.0,0,0,,0,0,0.2,0.3
0.3,8,2096.0,0,0,,0,0,0.2,0.3
0.3,8,2097.0,0,1,,1,0,0.2,0.2
0.3,8,2098.0,0,0,0.0,1,2,0.3,0.3
0.3,8,2099.0,0,0,,0,0,0.3,0.3
0.3,8,2100.0,0,0,,0,0,0.3,0.3
0.3,8,2101.0,0,1,,1,0,0.4,0.3
0.3,8,2102.0,0,0,0.0,0,1,0.4,0.4
0.3,8,2103.0,0,0,,0,0,0.3,0.3
0.3,8,2104.0,0,0,,0,0,0.3,0.3
0.3,8,2105.0,0,0,,0,0,0.3,0.3
0.3,8,2106.0,0,0,,0,0,0.3,0.3
0.3,8,2107.0,0,1,,1,0,0.3,0.3
0.3,8,2108.0,0,0,0.0,0,1,0.2,0.2
0.3,8,2109.0,0,0,,0,0,0.2,0.2
0.3,8,2110.0,0,0,,0,0,0.2,0.2
0.3,8,2111.0,0,0,,0,0,0.1,0.2
0.3,8,2112.0,0,1,,1,0,0.2,0.1
0.3,8,2113.0,0,1,,0,0,0.2,0.1
0.3,8,2114.0,0,0,0.0,0,1,0.2,0.2
0.3,8,2115.0,0,0,,0,0,0.2,0.2
0.3,8,2116.0,0,0,,0,0,0.2,0.2
0.3,8,2117.0,0,0,,0,0,0.1,0.2
0.3,8,2118.0,0,0,,0,0,0.1,0.1
0.3,8,2119.0,0,0,,0,0,0.1,0.1
0.3,8,2120.0,0,0,,0,0,0.1,0.1
0.3,8,2121.0,0,1,,1,0,0.2,0.1
0.3,8,2122.0,0,0,0.0,0,1,0.1,0.2
0.3,8,2123.0,0,0,,0,0,0.1,0.2
0.3,8,2124.0,0,0,,0,0,0.1,0.1
0.3,8,2125.0,0,0,,0,0,0.1,0.1
0.3,8,2126.0,0,0,,0,0,0.1,0.1
0.3,8,2127.0,0,0,,0,0,0.1,0.1
0.3,8,2128.0,0,0,,0,0,0.1,0.1
0.3,8,2129.0,0,0,,0,0,0.1,0.1
0.3,8,2130.0,0,1,,1,0,0.2,0.1
0.3,8,2131.0,0,0,0.0,0,1,0.1,0.2
0.3,8,2132.0,0,0,,0,0,0.1,0.1
0.3,8,2133.0,0,0,,0,0,0.1,0.1
0.3,8,2134.0,0,0,,0,0,0.1,0.1
0.3,8,2135.0,0,0,,0,0,0.1,0.1
0.3,8,2136.0,0,0,,0,0,0.1,0.1
0.3,8,2137.0,0,0,,0,0,0.1,0.1
0.3,8,2138.0,0,0,,0,0,0.1,0.1
0.3,8,2139.0,0,0,,0,0,0.1,0.1
0.3,8,2140.0,0,0,,0,0,0.0,0.1
0.3,8,2141.0,0,0,,0,0,0.0,0.0
0.3,8,2142.0,0,1,,1,0,0.1,0.0
0.3,8,2143.0,0,1,,0,0,0.1,0.0
0.3,8,2144.0,0,1,0.0,1,1,0.2,0.1
0.3,8,2145.0,0,1,,0,0,0.2,0.1
0.3,8,2146.0,0,0,0.0,0,1,0.2,0.2
0.3,8,2147.0,0,0,,0,0,0.2,0.2
0.3,8,2148.0,0,0,,0,0,0.2,0.2
0.3,8,2149.0,0,0,,0,0,0.2,0.2
0.3,8,2150.0,0,0,,0,0,0.2,0.2
0.3,8,2151.0,0,0,,0,0,0.2,0.2
0.3,8,2152.0,0,0,,0,0,0.1,0.2
0.3,8,2153.0,0,0,,0,0,0.1,0.2
0.3,8,2154.0,0,0,,0,0,0.0,0.1
0.3,8,2155.0,0,0,,0,0,0.0,0.1
0.3,8,2156.0,0,0,,0,0,0.0,0.0
0.3,8,2157.0,0,0,,0,0,0.0,0.0
0.3,8,2158.0,0,0,,0,0,0.0,0.0
0.3,8,2159.0,0,1,,1,0,0.1,0.0
0.3,8,2160.0,1,2,,1,0,0.2,0.0
0.3,8,2161.0,0,1,0.0,0,1,0.2,0.1
0.3,8,2162.0,0,0,1.5695863250034563,0,1,0.2,0.2
0.3,8,2163.0,0,1,,1,0,0.3,0.2
0.3,8,2164.0,0,1,,0,0,0.3,0.2
0.3,8,2165.0,0,0,0.0,0,1,0.3,0.3
0.3,8,2166.0,0,0,,0,0,0.3,0.3
0.3,8,2167.0,0,0,,0,0,0.3,0.3
0.3,8,2168.0,0,0,,0,0,0.3,0.3
0.3,8,2169.0,0,0,,0,0,0.2,0.3
0.3,8,2170.0,0,1,0.0,2,1,0.3,0.4
0.3,8,2171.0,0,1,,0,0,0.3,0.3
0.3,8,2172.0,0,0,0.4069543128653095,1,2,0.4,0.4
0.3,8,2173.0,0,0,0.0,1,1,0.4,0.5
0.3,8,2174.0,0,0,,0,0,0.4,0.5
0.3,8,2175.0,0,0,,0,0,0.4,0.4
0.3,8,2176.0,0,0,,0,0,0.4,0.4
0.3,8,2177.0,0,1,,1,0,0.5,0.4
0.3,8,2178.0,0,1,,0,0,0.5,0.4
0.3,8,2179.0,0,0,0.0,0,1,0.5,0.5
0.3,8,2180.0,0,0,,0,0,0.3,0.4
0.3,8,2181.0,0,1,,1,0,0.4,0.4
0.3,8,2182.0,2,3,,2,0,0.5,0.2
0.3,8,2183.0,0,1,0.42647312815415717,0,2,0.4,0.3
0.3,8,2184.0,0,1,0.892024051367116,1,1,0.5,0.4
0.3,8,2185.0,0,0,0.0,0,1,0.5,0.5
0.3,8,2186.0,0,1,,1,0,0.6,0.5
0.3,8,2187.0,0,0,0.0,0,1,0.5,0.6
0.3,8,2188.0,0,1,,1,0,0.6,0.6
0.3,8,2189.0,1,2,,1,0,0.7,0.5
0.3,8,2190.0,0,1,0.0,0,1,0.7,0.6
0.3,8,2191.0,2,3,,2,0,0.8,0.6
0.3,8,2192.0,1,2,0.9338924376856994,1,2,0.7,0.8
0.3,8,2193.0,1,2,,0,0,0.7,0.6
0.3,8,2194.0,3,4,,2,0,0.8,0.5
0.3,8,2195.0,2,3,0.5166542682586623,0,1,0.8,0.5
0.3,8,2196.0,2,3,3.3756311747124528,1,1,0.8,0.6
0.3,8,2197.0,1,2,2.220538268357359,0,1,0.8,0.6
0.3,8,2198.0,1,2,,0,0,0.7,0.6
0.3,8,2199.0,2,3,2.677685553003812,2,1,0.8,0.7
0.3,8,2200.0,1,2,2.972940865626242,0,1,0.8,0.7
0.3,8,2201.0,0,1,0.13758541564084226,0,1,0.6,0.8
0.3,8,2202.0,0,1,1.3113994106665814,1,1,0.6,0.7
0.3,8,2203.0,0,0,0.0,0,1,0.6,0.8
0.3,8,2204.0,0,0,,0,0,0.4,0.8
0.3,8,2205.0,0,0,,0,0,0.4,0.7
0.3,8,2206.0,0,0,,0,0,0.3,0.6
0.3,8,2207.0,0,0,,0,0,0.3,0.5
0.3,8,2208.0,0,0,,0,0,0.3,0.5
0.3,8,2209.0,0,0,,0,0,0.1,0.4
0.3,8,2210.0,0,0,,0,0,0.1,0.3
0.3,8,2211.0,0,1,,1,0,0.2,0.2
0.3,8,2212.0,0,1,,0,0,0.1,0.1
0.3,8,2213.0,0,0,0.0,0,1,0.1,0.1
0.3,8,2214.0,0,0,,0,0,0.1,0.1
0.3,8,2215.0,0,0,,0,0,0.1,0.1
0.3,8,2216.0,0,0,,0,0,0.1,0.1
0.3,8,2217.0,0,0,,0,0,0.1,0.1
0.3,8,2218.0,0,1,,1,0,0.2,0.1
0.3,8,2219.0,0,1,,0,0,0.2,0.1
0.3,8,2220.0,0,1,,0,0,0.2,0.1
0.3,8,2221.0,0,0,0.0,0,1,0.1,0.2
0.3,8,2222.0,0,0,,0,0,0.1,0.2
0.3,8,2223.0,0,0,,0,0,0.1,0.1
0.3,8,2224.0,0,0,,0,0,0.1,0.1
0.3,8,2225.0,0,0,0.0,1,1,0.2,0.2
0.3,8,2226.0,0,0,,0,0,0.2,0.2
0.3,8,2227.0,0,0,,0,0,0.2,0.2
0.3,8,2228.0,0,0,,0,0,0.1,0.2
0.3,8,2229.0,0,0,0.0,1,1,0.2,0.3
0.3,8,2230.0,0,0,,0,0,0.2,0.3
0.3,8,2231.0,0,0,,0,0,0.2,0.2
0.3,8,2232.0,0,0,,0,0,0.2,0.2
0.3,8,2233.0,0,0,,0,0,0.2,0.2
0.3,8,2234.0,0,0,,0,0,0.2,0.2
0.3,8,2235.0,0,0,,0,0,0.1,0.1
0.3,8,2236.0,0,0,,0,0,0.1,0.1
0.3,8,2237.0,1,2,,2,0,0.3,0.1
0.3,8,2238.0,0,1,0.2694134932187353,1,2,0.4,0.3
0.3,8,2239.0,0,1,,0,0,0.3,0.2
0.3,8,2240.0,0,1,,0,0,0.3,0.2
0.3,8,2241.0,0,0,0.0,0,1,0.3,0.3
0.3,8,2242.0,0,0,,0,0,0.3,0.3
0.3,8,2243.0,0,0,,0,0,0.3,0.3
0.3,8,2244.0,0,0,,0,0,0.3,0.3
0.3,8,2245.0,0,0,,0,0,0.3,0.3
0.3,8,2246.0,0,0,,0,0,0.3,0.3
0.3,8,2247.0,0,1,,1,0,0.2,0.3
0.3,8,2248.0,0,0,0.0,0,1,0.1,0.2
0.3,8,2249.0,0,0,,0,0,0.1,0.2
0.3,8,2250.0,0,0,,0,0,0.1,0.2
0.3,8,2251.0,0,0,,0,0,0.1,0.1
0.3,8,2252.0,0,1,,1,0,0.2,0.1
0.3,8,2253.0,0,1,,0,0,0.2,0.1
0.3,8,2254.0,0,0,0.0,0,1,0.2,0.2
0.3,8,2255.0,0,0,,0,0,0.2,0.2
0.3,8,2256.0,0,0,0.0,1,1,0.3,0.3
0.3,8,2257.0,0,0,,0,0,0.2,0.3
0.3,8,2258.0,0,0,,0,0,0.2,0.2
0.3,8,2259.0,0,0,,0,0,0.2,0.2
0.3,8,2260.0,0,0,,0,0,0.2,0.2
0.3,8,2261.0,0,0,,0,0,0.2,0.2
0.3,8,2262.0,0,0,,0,0,0.1,0.2
0.3,8,2263.0,0,0,,0,0,0.1,0.2
0.3,8,2264.0,0,0,,0,0,0.1,0.1
0.3,8,2265.0,0,0,,0,0,0.1,0.1
0.3,8,2266.0,0,1,,1,0,0.1,0.0
0.3,8,2267.0,0,0,0.0,0,1,0.1,0.1
0.3,8,2268.0,0,1,,1,0,0.2,0.1
0.3,8,2269.0,0,0,0.0685588545295559,1,2,0.3,0.3
0.3,8,2270.0,0,0,,0,0,0.3,0.3
0.3,8,2271.0,0,1,,1,0,0.4,0.3
0.3,8,2272.0,0,1,,0,0,0.4,0.3
0.3,8,2273.0,1,2,0.0,2,1,0.6,0.4
0.3,8,2274.0,1,2,,0,0,0.6,0.4
0.3,8,2275.0,1,2,0.0,1,1,0.7,0.5
0.3,8,2276.0,2,3,,1,0,0.7,0.5
0.3,8,2277.0,2,3,,0,0,0.7,0.4
0.3,8,2278.0,0,1,1.4513017049887367,2,4,0.8,0.8
0.3,8,2279.0,0,1,,0,0,0.7,0.6
0.3,8,2280.0,0,0,0.0,1,2,0.8,0.8
0.3,8,2281.0,0,0,,0,0,0.7,0.8
0.3,8,2282.0,0,0,,0,0,0.7,0.8
0.3,8,2283.0,0,0,,0,0,0.5,0.7
0.3,8,2284.0,0,1,,1,0,0.6,0.7
0.3,8,2285.0,0,0,0.0,0,1,0.5,0.7
0.3,8,2286.0,0,0,,0,0,0.4,0.7
0.3,8,2287.0,0,0,,0,0,0.4,0.7
0.3,8,2288.0,0,0,,0,0,0.2,0.3
0.3,8,2289.0,0,0,,0,0,0.2,0.3
0.3,8,2290.0,0,0,,0,0,0.1,0.1
0.3,8,2291.0,0,0,,0,0,0.1,0.1
0.3,8,2292.0,0,0,,0,0,0.1,0.1
0.3,8,2293.0,0,0,,0,0,0.1,0.1
0.3,8,2294.0,0,0,,0,0,0.0,0.1
0.3,8,2295.0,0,0,,0,0,0.0,0.0
0.3,8,2296.0,0,0,,0,0,0.0,0.0
0.3,8,2297.0,0,1,,1,0,0.1,0.0
0.3,8,2298.0,0,1,,0,0,0.1,0.0
0.3,8,2299.0,0,0,0.0,0,1,0.1,0.1
0.3,8,2300.0,0,0,,0,0,0.1,0.1
0.3,8,2301.0,0,1,,1,0,0.2,0.1
0.3,8,2302.0,0,0,0.0,0,1,0.2,0.2
0.3,8,2303.0,0,1,,1,0,0.3,0.2
0.3,8,2304.0,0,0,0.0,0,1,0.3,0.3
0.3,8,2305.0,0,0,,0,0,0.3,0.3
0.3,8,2306.0,0,0,,0,0,0.3,0.3
0.3,8,2307.0,0,1,,1,0,0.3,0.3
0.3,8,2308.0,0,1,,0,0,0.3,0.3
0.3,8,2309.0,0,1,0.0,1,1,0.4,0.3
0.3,8,2310.0,0,0,0.0,0,1,0.4,0.4
0.3,8,2311.0,0,1,,1,0,0.4,0.4
0.3,8,2312.0,0,0,0.0,0,1,0.4,0.4
0.3,8,2313.0,2,3,,3,0,0.6,0.4
0.3,8,2314.0,2,3,,0,0,0.6,0.3
0.3,8,2315.0,2,3,,0,0,0.6,0.3
0.3,8,2316.0,1,2,0.0,0,1,0.6,0.4
0.3,8,2317.0,1,2,2.9971313640080552,1,1,0.6,0.5
0.3,8,2318.0,1,2,,0,0,0.6,0.5
0.3,8,2319.0,0,0,3.0072445144203357,0,2,0.5,0.6
0.3,8,2320.0,0,0,,0,0,0.5,0.5
0.3,8,2321.0,0,0,0.0,1,1,0.5,0.6
0.3,8,2322.0,0,0,,0,0,0.5,0.5
0.3,8,2323.0,0,0,,0,0,0.2,0.5
0.3,8,2324.0,0,0,,0,0,0.2,0.5
0.3,8,2325.0,0,0,,0,0,0.2,0.5
0.3,8,2326.0,0,0,,0,0,0.2,0.4
0.3,8,2327.0,0,0,,0,0,0.1,0.3
0.3,8,2328.0,0,0,,0,0,0.1,0.3
0.3,8,2329.0,0,0,,0,0,0.1,0.1
0.3,8,2330.0,0,0,,0,0,0.1,0.1
0.3,8,2331.0,0,0,,0,0,0.0,0.0
0.3,8,2332.0,0,0,0.0,1,1,0.1,0.1
0.3,8,2333.0,0,0,,0,0,0.1,0.1
0.3,8,2334.0,0,1,,1,0,0.2,0.1
0.3,8,2335.0,0,1,,0,0,0.2,0.1
0.3,8,2336.0,0,1,,0,0,0.2,0.1
0.3,8,2337.0,0,0,0.0,0,1,0.2,0.2
0.3,8,2338.0,0,0,,0,0,0.2,0.2
0.3,8,2339.0,0,0,,0,0,0.2,0.2
0.3,8,2340.0,0,0,,0,0,0.2,0.2
0.3,8,2341.0,0,0,,0,0,0.2,0.2
0.3,8,2342.0,0,0,,0,0,0.1,0.1
0.3,8,2343.0,0,0,,0,0,0.1,0.1
0.3,8,2344.0,0,0,,0,0,0.0,0.1
0.3,8,2345.0,0,0,,0,0,0.0,0.1
0.3,8,2346.0,0,0,,0,0,0.0,0.1
0.3,8,2347.0,0,0,,0,0,0.0,0.0
0.3,8,2348.0,0,0,,0,0,0.0,0.0
0.3,8,2349.0,0,0,,0,0,0.0,0.0
0.3,8,2350.0,0,0,0.0,1,1,0.1,0.1
0.3,8,2351.0,0,0,0.0,1,1,0.2,0.2
0.3,8,2352.0,0,0,,0,0,0.2,0.2
0.3,8,2353.0,0,0,,0,0,0.2,0.2
0.3,8,2354.0,0,0,,0,0,0.2,0.2
0.3,8,2355.0,0,0,,0,0,0.2,0.2
0.3,8,2356.0,0,0,,0,0,0.2,0.2
0.3,8,2357.0,0,0,,0,0,0.2,0.2
0.3,8,2358.0,0,0,,0,0,0.2,0.2
0.3,8,2359.0,0,0,,0,0,0.2,0.2
0.3,8,2360.0,0,0,,0,0,0.1,0.1
0.3,8,2361.0,0,0,,0,0,0.0,0.0
0.3,8,2362.0,0,0,,0,0,0.0,0.0
0.3,8,2363.0,0,1,,1,0,0.1,0.0
0.3,8,2364.0,0,1,,0,0,0.1,0.0
0.3,8,2365.0,0,0,0.0,0,1,0.1,0.1
0.3,8,2366.0,0,0,,0,0,0.1,0.1
0.3,8,2367.0,0,1,,1,0,0.2,0.1
0.3,8,2368.0,0,0,0.0,0,1,0.2,0.2
0.3,8,2369.0,0,1,,1,0,0.3,0.2
0.3,8,2370.0,0,0,0.0,0,1,0.3,0.3
0.3,8,2371.0,0,0,,0,0,0.3,0.3
0.3,8,2372.0,0,0,,0,0,0.3,0.3
0.3,8,2373.0,0,0,0.0,1,1,0.3,0.4
0.3,8,2374.0,0,0,,0,0,0.3,0.4
0.3,8,2375.0,0,0,,0,0,0.3,0.3
0.3,8,2376.0,0,0,,0,0,0.3,0.3
0.3,8,2377.0,0,0,,0,0,0.2,0.3
0.3,8,2378.0,0,0,,0,0,0.2,0.2
0.3,8,2379.0,0,0,,0,0,0.1,0.2
0.3,8,2380.0,0,1,,1,0,0.2,0.1
0.3,8,2381.0,0,0,0.0,0,1,0.2,0.2
0.3,8,2382.0,0,1,,1,0,0.3,0.2
0.3,8,2383.0,0,0,0.0,0,1,0.2,0.2
0.3,8,2384.0,0,0,0.0,1,1,0.3,0.3
0.3,8,2385.0,0,0,,0,0,0.3,0.3
0.3,8,2386.0,0,0,,0,0,0.3,0.3
0.3,8,2387.0,0,0,,0,0,0.3,0.3
0.3,8,2388.0,0,0,,0,0,0.3,0.3
0.3,8,2389.0,0,0,,0,0,0.3,0.3
0.3,8,2390.0,0,0,,0,0,0.2,0.3
0.3,8,2391.0,0,0,,0,0,0.2,0.2
0.3,8,2392.0,0,0,,0,0,0.1,0.2
0.3,8,2393.0,0,0,,0,0,0.1,0.1
0.3,8,2394.0,0,0,,0,0,0.0,0.0
0.3,8,2395.0,0,0,,0,0,0.0,0.0
0.3,8,2396.0,0,0,,0,0,0.0,0.0
0.3,8,2397.0,0,0,,0,0,0.0,0.0
0.3,8,2398.0,0,1,,1,0,0.1,0.0
0.3,8,2399.0,0,0,0.0,0,1,0.1,0.1
0.3,8,2400.0,0,0,,0,0,0.1,0.1
0.3,8,2401.0,0,0,,0,0,0.1,0.1
0.3,8,2402.0,0,0,,0,0,0.1,0.1
0.3,8,2403.0,0,0,0.0,1,1,0.2,0.2
0.3,8,2404.0,0,0,,0,0,0.2,0.2
0.3,8,2405.0,0,0,,0,0,0.2,0.2
0.3,8,2406.0,0,0,,0,0,0.2,0.2
0.3,8,2407.0,0,0,,0,0,0.2,0.2
0.3,8,2408.0,0,0,,0,0,0.1,0.2
0.3,8,2409.0,0,0,,0,0,0.1,0.1
0.3,8,2410.0,0,1,,1,0,0.2,0.1
0.3,8,2411.0,0,1,,0,0,0.2,0.1
0.3,8,2412.0,0,0,0.0,0,1,0.2,0.2
0.3,8,2413.0,0,0,,0,0,0.1,0.1
0.3,8,2414.0,0,0,,0,0,0.1,0.1
0.3,8,2415.0,0,0,,0,0,0.1,0.1
0.3,8,2416.0,0,0,,0,0,0.1,0.1
0.3,8,2417.0,0,0,,0,0,0.1,0.1
0.3,8,2418.0,0,0,,0,0,0.1,0.1
0.3,8,2419.0,0,0,,0,0,0.1,0.1
0.3,8,2420.0,0,0,,0,0,0.0,0.1
0.3,8,2421.0,0,0,,0,0,0.0,0.1
0.3,8,2422.0,0,0,,0,0,0.0,0.0
0.3,8,2423.0,0,0,,0,0,0.0,0.0
0.3,8,2424.0,0,0,,0,0,0.0,0.0
0.3,8,2425.0,0,0,,0,0,0.0,0.0
0.3,8,2426.0,0,0,,0,0,0.0,0.0
0.3,8,2427.0,0,0,,0,0,0.0,0.0
0.3,8,2428.0,0,0,,0,0,0.0,0.0
0.3,8,2429.0,0,0,,0,0,0.0,0.0
0.3,8,2430.0,0,0,,0,0,0.0,0.0
0.3,8,2431.0,0,1,,1,0,0.1,0.0
0.3,8,2432.0,1,2,,1,0,0.2,0.0
0.3,8,2433.0,1,2,,0,0,0.2,0.0
0.3,8,2434.0,1,2,,0,0,0.2,0.0
0.3,8,2435.0,0,1,0.0,0,1,0.2,0.1
0.3,8,2436.0,0,0,3.060691094764934,0,1,0.2,0.2
0.3,8,2437.0,0,0,,0,0,0.2,0.2
0.3,8,2438.0,0,0,0.0,2,2,0.4,0.4
0.3,8,2439.0,0,0,,0,0,0.4,0.4
0.3,8,2440.0,0,1,,1,0,0.5,0.4
0.3,8,2441.0,0,0,0.0,0,1,0.4,0.5
0.3,8,2442.0,0,0,,0,0,0.3,0.5
0.3,8,2443.0,0,0,,0,0,0.3,0.5
0.3,8,2444.0,0,0,0.0,1,1,0.4,0.6
0.3,8,2445.0,0,0,,0,0,0.4,0.5
0.3,8,2446.0,0,0,,0,0,0.4,0.4
0.3,8,2447.0,0,0,,0,0,0.4,0.4
0.3,8,2448.0,0,0,,0,0,0.2,0.2
0.3,8,2449.0,0,0,0.0,1,1,0.3,0.3
0.3,8,2450.0,0,0,,0,0,0.2,0.3
0.3,8,2451.0,0,0,,0,0,0.2,0.2
0.3,8,2452.0,0,0,,0,0,0.2,0.2
0.3,8,2453.0,0,0,,0,0,0.2,0.2
0.3,8,2454.0,0,0,,0,0,0.1,0.1
0.3,8,2455.0,0,0,,0,0,0.1,0.1
0.3,8,2456.0,0,0,,0,0,0.1,0.1
0.3,8,2457.0,0,0,,0,0,0.1,0.1
0.3,8,2458.0,0,0,,0,0,0.1,0.1
0.3,8,2459.0,0,0,,0,0,0.0,0.0
0.3,8,2460.0,0,0,0.0,1,1,0.1,0.1
0.3,8,2461.0,0,0,,0,0,0.1,0.1
0.3,8,2462.0,0,0,,0,0,0.1,0.1
0.3,8,2463.0,0,0,,0,0,0.1,0.1
0.3,8,2464.0,0,0,,0,0,0.1,0.1
0.3,8,2465.0,0,0,,0,0,0.1,0.1
0.3,8,2466.0,0,1,,1,0,0.2,0.1
0.3,8,2467.0,0,1,,0,0,0.2,0.1
0.3,8,2468.0,0,0,0.0,0,1,0.2,0.2
0.3,8,2469.0,0,0,,0,0,0.2,0.2
0.3,8,2470.0,0,0,,0,0,0.1,0.1
0.3,8,2471.0,0,0,,0,0,0.1,0.1
0.3,8,2472.0,0,0,0.0,1,1,0.2,0.2
0.3,8,2473.0,0,0,,0,0,0.2,0.2
0.3,8,2474.0,0,1,,1,0,0.3,0.2
0.3,8,2475.0,0,1,,0,0,0.3,0.2
0.3,8,2476.0,0,0,0.0,1,2,0.3,0.4
0.3,8,2477.0,0,0,,0,0,0.3,0.4
0.3,8,2478.0,0,0,,0,0,0.3,0.3
0.3,8,2479.0,0,0,,0,0,0.3,0.3
0.3,8,2480.0,0,0,,0,0,0.3,0.3
0.3,8,2481.0,0,0,,0,0,0.3,0.3
0.3,8,2482.0,0,0,0.0,1,1,0.3,0.3
0.3,8,2483.0,0,1,,1,0,0.4,0.3
0.3,8,2484.0,0,0,0.0,0,1,0.3,0.4
0.3,8,2485.0,0,0,,0,0,0.3,0.4
0.3,8,2486.0,0,0,,0,0,0.2,0.2
0.3,8,2487.0,0,0,,0,0,0.2,0.2
0.3,8,2488.0,0,0,,0,0,0.2,0.2
0.3,8,2489.0,0,0,,0,0,0.2,0.2
0.3,8,2490.0,0,0,,0,0,0.2,0.2
0.3,8,2491.0,0,0,,0,0,0.2,0.2
0.3,8,2492.0,0,0,0.0,1,1,0.2,0.2
0.3,8,2493.0,0,0,,0,0,0.1,0.2
0.3,8,2494.0,0,0,,0,0,0.1,0.1
0.3,8,2495.0,0,0,,0,0,0.1,0.1
0.3,8,2496.0,0,0,,0,0,0.1,0.1
0.3,8,2497.0,0,1,,1,0,0.2,0.1
0.3,8,2498.0,0,1,,0,0,0.2,0.1
0.3,8,2499.0,0,0,0.0,0,1,0.2,0.2
0.3,8,2500.0,0,0,,0,0,0.2,0.2
0.3,8,2501.0,0,0,,0,0,0.2,0.2
0.3,8,2502.0,0,0,0.0,1,1,0.2,0.2
0.3,8,2503.0,0,0,0.0,1,1,0.3,0.3
0.3,8,2504.0,0,0,,0,0,0.3,0.3
0.3,8,2505.0,0,0,,0,0,0.3,0.3
0.3,8,2506.0,0,0,,0,0,0.3,0.3
0.3,8,2507.0,0,1,,1,0,0.3,0.3
0.3,8,2508.0,2,3,,2,0,0.5,0.3
0.3,8,2509.0,2,3,0.0,1,1,0.6,0.3
0.3,8,2510.0,2,3,,0,0,0.6,0.3
0.3,8,2511.0,0,1,1.8869468780820473,1,3,0.7,0.6
0.3,8,2512.0,0,0,0.5076141588415339,0,1,0.6,0.6
0.3,8,2513.0,0,0,,0,0,0.5,0.5
0.3,8,2514.0,0,0,,0,0,0.5,0.5
0.3,8,2515.0,0,0,0.0,1,1,0.6,0.6
0.3,8,2516.0,0,0,,0,0,0.6,0.6
0.3,8,2517.0,0,1,,1,0,0.6,0.6
0.3,8,2518.0,0,0,0.0,0,1,0.4,0.7
0.3,8,2519.0,0,0,,0,0,0.3,0.6
0.3,8,2520.0,0,0,,0,0,0.3,0.6
0.3,8,2521.0,0,0,,0,0,0.2,0.3
0.3,8,2522.0,0,0,0.0,1,1,0.3,0.3
0.3,8,2523.0,0,0,,0,0,0.3,0.3
0.3,8,2524.0,0,0,0.0,1,1,0.4,0.4
0.3,8,2525.0,0,0,,0,0,0.3,0.3
0.3,8,2526.0,0,0,,0,0,0.3,0.3
0.3,8,2527.0,0,0,,0,0,0.2,0.3
0.3,8,2528.0,0,0,,0,0,0.2,0.2
0.3,8,2529.0,0,0,,0,0,0.2,0.2
0.3,8,2530.0,0,0,0.0,1,1,0.3,0.3
0.3,8,2531.0,0,0,,0,0,0.3,0.3
0.3,8,2532.0,0,1,,1,0,0.3,0.2
0.3,8,2533.0,2,3,0.0,3,1,0.6,0.3
0.3,8,2534.0,4,5,,2,0,0.7,0.2
0.3,8,2535.0,2,3,0.8041650073330402,0,2,0.7,0.4
0.3,8,2536.0,2,3,1.4688867288973597,1,1,0.8,0.5
0.3,8,2537.0,1,2,1.7481268637452558,0,1,0.8,0.6
0.3,8,2538.0,1,2,2.9684951376507343,1,1,0.9,0.7
0.3,8,2539.0,1,2,,0,0,0.9,0.7
0.3,8,2540.0,1,2,,0,0,0.8,0.6
0.3,8,2541.0,0,0,2.311242583045896,0,2,0.8,0.8
0.3,8,2542.0,0,0,,0,0,0.7,0.8
0.3,8,2543.0,0,0,,0,0,0.4,0.7
0.3,8,2544.0,0,1,,1,0,0.3,0.7
0.3,8,2545.0,0,0,0.0,0,1,0.3,0.6
0.3,8,2546.0,0,0,,0,0,0.2,0.5
0.3,8,2547.0,0,0,,0,0,0.2,0.4
0.3,8,2548.0,0,0,,0,0,0.1,0.3
0.3,8,2549.0,0,1,,1,0,0.2,0.3
0.3,8,2550.0,0,0,0.0,0,1,0.2,0.4
0.3,8,2551.0,0,0,,0,0,0.2,0.2
0.3,8,2552.0,0,0,,0,0,0.2,0.2
0.3,8,2553.0,0,0,,0,0,0.2,0.2
0.3,8,2554.0,0,0,,0,0,0.1,0.2
0.3,8,2555.0,0,0,,0,0,0.1,0.1
0.3,8,2556.0,0,0,,0,0,0.1,0.1
0.3,8,2557.0,0,1,,1,0,0.2,0.1
0.3,8,2558.0,0,1,,0,0,0.2,0.1
0.3,8,2559.0,0,0,0.0,1,2,0.2,0.3
0.3,8,2560.0,0,0,,0,0,0.2,0.2
0.3,8,2561.0,0,0,,0,0,0.2,0.2
0.3,8,2562.0,2,3,,3,0,0.5,0.2
0.3,8,2563.0,1,2,0.0,0,1,0.5,0.3
0.3,8,2564.0,0,1,0.7793391697750849,0,1,0.5,0.4
0.3,8,2565.0,0,1,,0,0,0.5,0.4
0.3,8,2566.0,0,1,,0,0,0.5,0.4
0.3,8,2567.0,0,1,,0,0,0.4,0.4
0.3,8,2568.0,0,0,0.9397380540428912,1,2,0.5,0.6
0.3,8,2569.0,0,0,,0,0,0.4,0.4
0.3,8,2570.0,0,0,,0,0,0.4,0.4
0.3,8,2571.0,0,1,,1,0,0.5,0.4
0.3,8,2572.0,0,0,0.0,0,1,0.2,0.5
0.3,8,2573.0,0,0,,0,0,0.2,0.4
0.3,8,2574.0,0,0,,0,0,0.2,0.3
0.3,8,2575.0,0,0,,0,0,0.2,0.3
0.3,8,2576.0,0,1,,1,0,0.3,0.3
0.3,8,2577.0,0,0,0.0,0,1,0.3,0.4
0.3,8,2578.0,0,1,,1,0,0.3,0.2
0.3,8,2579.0,0,0,0.0,0,1,0.3,0.3
0.3,8,2580.0,0,0,0.0,1,1,0.4,0.4
0.3,8,2581.0,0,0,,0,0,0.3,0.4
0.3,8,2582.0,0,0,,0,0,0.3,0.3
0.3,8,2583.0,0,1,,1,0,0.4,0.3
0.3,8,2584.0,0,0,0.0,0,1,0.4,0.4
0.3,8,2585.0,0,0,,0,0,0.4,0.4
0.3,8,2586.0,0,0,,0,0,0.3,0.4
0.3,8,2587.0,0,0,,0,0,0.3,0.3
0.3,8,2588.0,0,0,,0,0,0.2,0.3
0.3,8,2589.0,0,0,,0,0,0.2,0.2
0.3,8,2590.0,0,0,,0,0,0.1,0.1
0.3,8,2591.0,0,0,,0,0,0.1,0.1
0.3,8,2592.0,0,0,,0,0,0.1,0.1
0.3,8,2593.0,0,1,0.0,2,1,0.2,0.2
0.3,8,2594.0,0,0,0.0,0,1,0.2,0.2
0.3,8,2595.0,1,2,,2,0,0.4,0.2
0.3,8,2596.0,1,2,,0,0,0.4,0.2
0.3,8,2597.0,0,0,0.7647822145600003,0,2,0.4,0.4
0.3,8,2598.0,0,0,,0,0,0.4,0.4
0.3,8,2599.0,0,0,,0,0,0.4,0.4
0.3,8,2600.0,0,0,,0,0,0.4,0.4
0.3,8,2601.0,0,0,,0,0,0.4,0.4
0.3,8,2602.0,0,0,,0,0,0.4,0.4
0.3,8,2603.0,0,0,0.0,1,1,0.3,0.4
0.3,8,2604.0,0,0,,0,0,0.3,0.3
0.3,8,2605.0,0,1,,1,0,0.2,0.3
0.3,8,2606.0,0,1,,0,0,0.2,0.3
0.3,8,2607.0,0,0,0.0,0,1,0.2,0.2
0.3,8,2608.0,0,1,,1,0,0.3,0.2
0.3,8,2609.0,1,2,,1,0,0.4,0.2
0.3,8,2610.0,1,2,,0,0,0.4,0.2
0.3,8,2611.0,1,2,,0,0,0.4,0.2
0.3,8,2612.0,0,0,1.5005689199113021,0,2,0.4,0.4
0.3,8,2613.0,0,0,,0,0,0.3,0.3
0.3,8,2614.0,0,0,,0,0,0.3,0.3
0.3,8,2615.0,0,0,,0,0,0.2,0.3
0.3,8,2616.0,0,0,,0,0,0.2,0.3
0.3,8,2617.0,0,0,,0,0,0.2,0.2
0.3,8,2618.0,0,0,,0,0,0.1,0.2
0.3,8,2619.0,0,0,,0,0,0.0,0.2
0.3,8,2620.0,0,0,,0,0,0.0,0.2
0.3,8,2621.0,0,1,,1,0,0.1,0.2
0.3,8,2622.0,0,0,0.0,0,1,0.1,0.1
0.3,8,2623.0,0,0,,0,0,0.1,0.1
0.3,8,2624.0,0,1,,1,0,0.2,0.1
0.3,8,2625.0,0,1,,0,0,0.2,0.1
0.3,8,2626.0,0,0,0.0,0,1,0.2,0.2
0.3,8,2627.0,0,0,,0,0,0.2,0.2
0.3,8,2628.0,0,0,,0,0,0.2,0.2
0.3,8,2629.0,0,0,,0,0,0.2,0.2
0.3,8,2630.0,0,0,,0,0,0.2,0.2
0.3,8,2631.0,0,0,,0,0,0.1,0.2
0.3,8,2632.0,0,0,,0,0,0.1,0.1
0.3,8,2633.0,0,0,,0,0,0.1,0.1
0.3,8,2634.0,0,0,,0,0,0.0,0.1
0.3,8,2635.0,0,0,,0,0,0.0,0.1
0.3,8,2636.0,1,2,0.0,4,2,0.4,0.2
0.3,8,2637.0,0,1,0.20448776489047304,2,3,0.6,0.5
0.3,8,2638.0,0,0,0.02757964041620653,1,2,0.7,0.7
0.3,8,2639.0,0,0,,0,0,0.7,0.7
0.3,8,2640.0,0,0,,0,0,0.7,0.7
0.3,8,2641.0,0,0,,0,0,0.7,0.7
0.3,8,2642.0,0,1,,1,0,0.8,0.7
0.3,8,2643.0,0,0,0.0,0,1,0.8,0.8
0.3,8,2644.0,0,0,,0,0,0.8,0.8
0.3,8,2645.0,0,1,,1,0,0.9,0.8
0.3,8,2646.0,0,1,,0,0,0.5,0.6
0.3,8,2647.0,0,0,0.0,0,1,0.3,0.4
0.3,8,2648.0,0,1,,1,0,0.3,0.2
0.3,8,2649.0,0,0,0.0,0,1,0.3,0.3
0.3,8,2650.0,0,0,,0,0,0.3,0.3
0.3,8,2651.0,0,0,0.0,1,1,0.4,0.4
0.3,8,2652.0,0,0,,0,0,0.3,0.4
0.3,8,2653.0,0,0,,0,0,0.3,0.3
0.3,8,2654.0,0,0,0.0,1,1,0.4,0.4
0.3,8,2655.0,0,0,,0,0,0.3,0.4
0.3,8,2656.0,0,0,,0,0,0.3,0.4
0.3,8,2657.0,0,0,,0,0,0.3,0.3
0.3,8,2658.0,0,0,,0,0,0.2,0.3
0.3,8,2659.0,0,0,,0,0,0.2,0.2
0.3,8,2660.0,0,0,,0,0,0.2,0.2
0.3,8,2661.0,0,0,,0,0,0.1,0.1
0.3,8,2662.0,0,0,,0,0,0.1,0.1
0.3,8,2663.0,0,0,,0,0,0.1,0.1
0.3,8,2664.0,0,0,,0,0,0.0,0.0
0.3,8,2665.0,0,1,,1,0,0.1,0.0
0.3,8,2666.0,0,0,0.0,0,1,0.1,0.1
0.3,8,2667.0,0,1,,1,0,0.2,0.1
0.3,8,2668.0,0,1,0.0,1,1,0.3,0.2
0.3,8,2669.0,0,0,0.1969369383098183,1,2,0.4,0.4
0.3,8,2670.0,0,0,,0,0,0.4,0.4
0.3,8,2671.0,0,0,,0,0,0.4,0.4
0.3,8,2672.0,0,0,,0,0,0.4,0.4
0.3,8,2673.0,0,0,,0,0,0.4,0.4
0.3,8,2674.0,0,1,,1,0,0.5,0.4
0.3,8,2675.0,2,3,0.0,3,1,0.7,0.5
0.3,8,2676.0,3,4,,1,0,0.8,0.4
0.3,8,2677.0,1,2,1.0198980278723866,0,2,0.7,0.6
0.3,8,2678.0,1,2,,0,0,0.6,0.5
0.3,8,2679.0,1,2,,0,0,0.5,0.3
0.3,8,2680.0,0,0,2.5756956298539535,0,2,0.5,0.5
0.3,8,2681.0,0,0,,0,0,0.5,0.5
0.3,8,2682.0,0,0,,0,0,0.5,0.5
0.3,8,2683.0,0,0,,0,0,0.5,0.5
0.3,8,2684.0,0,0,,0,0,0.4,0.5
0.3,8,2685.0,0,0,,0,0,0.1,0.4
0.3,8,2686.0,0,1,,1,0,0.1,0.4
0.3,8,2687.0,0,1,,0,0,0.1,0.2
0.3,8,2688.0,0,0,0.0,0,1,0.1,0.3
0.3,8,2689.0,0,0,,0,0,0.1,0.3
0.3,8,2690.0,0,0,,0,0,0.1,0.1
0.3,8,2691.0,0,0,0.0,1,1,0.2,0.2
0.3,8,2692.0,0,0,,0,0,0.2,0.2
0.3,8,2693.0,0,0,,0,0,0.2,0.2
0.3,8,2694.0,0,0,,0,0,0.2,0.2
0.3,8,2695.0,0,0,,0,0,0.2,0.2
0.3,8,2696.0,0,0,,0,0,0.1,0.2
0.3,8,2697.0,0,1,,1,0,0.2,0.2
0.3,8,2698.0,0,0,0.0,0,1,0.2,0.2
0.3,8,2699.0,0,0,,0,0,0.2,0.2
0.3,8,2700.0,0,0,,0,0,0.2,0.2
0.3,8,2701.0,0,0,,0,0,0.1,0.1
0.3,8,2702.0,0,0,,0,0,0.1,0.1
0.3,8,2703.0,0,0,,0,0,0.1,0.1
0.3,8,2704.0,1,2,,2,0,0.3,0.1
0.3,8,2705.0,1,2,,0,0,0.3,0.1
0.3,8,2706.0,0,1,0.0,0,1,0.3,0.2
0.3,8,2707.0,2,3,,2,0,0.4,0.2
0.3,8,2708.0,1,2,1.628776039616696,1,2,0.5,0.3
0.3,8,2709.0,1,2,,0,0,0.5,0.3
0.3,8,2710.0,2,3,,1,0,0.6,0.3
0.3,8,2711.0,2,3,,0,0,0.6,0.3
0.3,8,2712.0,3,4,,1,0,0.7,0.3
0.3,8,2713.0,3,4,,0,0,0.7,0.3
0.3,8,2714.0,2,3,1.209306255980664,0,1,0.5,0.4
0.3,8,2715.0,1,2,5.53317038740397,1,2,0.6,0.6
0.3,8,2716.0,0,1,3.558728687972234,0,1,0.6,0.6
0.3,8,2717.0,1,2,,1,0,0.5,0.6
0.3,8,2718.0,0,0,0.6688480401878678,0,2,0.4,0.6
0.3,8,2719.0,0,0,,0,0,0.4,0.6
0.3,8,2720.0,0,0,,0,0,0.3,0.6
0.3,8,2721.0,0,0,,0,0,0.3,0.6
0.3,8,2722.0,0,0,,0,0,0.2,0.6
0.3,8,2723.0,0,0,,0,0,0.2,0.6
0.3,8,2724.0,0,0,,0,0,0.2,0.5
0.3,8,2725.0,0,1,,1,0,0.2,0.3
0.3,8,2726.0,0,0,0.0,0,1,0.2,0.3
0.3,8,2727.0,0,1,,1,0,0.2,0.3
0.3,8,2728.0,0,0,0.0,0,1,0.2,0.2
0.3,8,2729.0,0,0,,0,0,0.2,0.2
0.3,8,2730.0,0,0,0.0,1,1,0.3,0.3
0.3,8,2731.0,0,0,,0,0,0.3,0.3
0.3,8,2732.0,0,0,,0,0,0.3,0.3
0.3,8,2733.0,0,1,,1,0,0.4,0.3
0.3,8,2734.0,0,1,,0,0,0.4,0.3
0.3,8,2735.0,0,1,,0,0,0.3,0.3
0.3,8,2736.0,0,0,0.0,1,2,0.4,0.4
0.3,8,2737.0,0,0,,0,0,0.3,0.4
0.3,8,2738.0,0,0,,0,0,0.3,0.3
0.3,8,2739.0,0,0,,0,0,0.3,0.3
0.3,8,2740.0,0,0,,0,0,0.2,0.2
0.3,8,2741.0,0,0,,0,0,0.2,0.2
0.3,8,2742.0,0,0,,0,0,0.2,0.2
0.3,8,2743.0,0,0,,0,0,0.1,0.2
0.3,8,2744.0,0,1,0.0,2,1,0.3,0.3
0.3,8,2745.0,0,0,0.0,0,1,0.3,0.4
0.3,8,2746.0,0,0,,0,0,0.2,0.2
0.3,8,2747.0,0,0,,0,0,0.2,0.2
0.3,8,2748.0,0,0,,0,0,0.2,0.2
0.3,8,2749.0,0,1,,1,0,0.3,0.2
0.3,8,2750.0,0,1,,0,0,0.3,0.2
0.3,8,2751.0,0,0,0.0,0,1,0.3,0.3
0.3,8,2752.0,0,0,,0,0,0.3,0.3
0.3,8,2753.0,0,0,,0,0,0.3,0.3
0.3,8,2754.0,0,0,,0,0,0.1,0.2
0.3,8,2755.0,0,0,,0,0,0.1,0.1
0.3,8,2756.0,0,0,,0,0,0.1,0.1
0.3,8,2757.0,0,0,,0,0,0.1,0.1
0.3,8,2758.0,0,0,,0,0,0.1,0.1
0.3,8,2759.0,0,1,,1,0,0.1,0.1
0.3,8,2760.0,0,1,0.0,1,1,0.2,0.2
0.3,8,2761.0,0,1,0.0,1,1,0.3,0.2
0.3,8,2762.0,0,0,0.0,0,1,0.3,0.3
0.3,8,2763.0,0,0,,0,0,0.3,0.3
0.3,8,2764.0,0,0,,0,0,0.3,0.3
0.3,8,2765.0,0,0,,0,0,0.3,0.3
0.3,8,2766.0,0,0,,0,0,0.3,0.3
0.3,8,2767.0,0,0,,0,0,0.3,0.3
0.3,8,2768.0,0,0,,0,0,0.3,0.3
0.3,8,2769.0,0,0,,0,0,0.2,0.3
0.3,8,2770.0,0,0,,0,0,0.1,0.2
0.3,8,2771.0,0,0,,0,0,0.0,0.1
0.3,8,2772.0,0,0,,0,0,0.0,0.0
0.3,8,2773.0,0,0,,0,0,0.0,0.0
0.3,8,2774.0,0,0,,0,0,0.0,0.0
0.3,8,2775.0,0,1,,1,0,0.1,0.0
0.3,8,2776.0,1,2,,1,0,0.2,0.0
0.3,8,2777.0,0,0,0.354619671114051,1,3,0.3,0.3
0.3,8,2778.0,0,0,,0,0,0.3,0.3
0.3,8,2779.0,0,0,,0,0,0.3,0.3
0.3,8,2780.0,0,0,,0,0,0.3,0.3
0.3,8,2781.0,0,0,,0,0,0.3,0.3
0.3,8,2782.0,0,0,,0,0,0.3,0.3
0.3,8,2783.0,0,0,,0,0,0.3,0.3
0.3,8,2784.0,0,0,,0,0,0.3,0.3
0.3,8,2785.0,0,0,,0,0,0.2,0.3
0.3,8,2786.0,0,0,,0,0,0.1,0.3
0.3,8,2787.0,0,1,,1,0,0.1,0.0
0.3,8,2788.0,0,0,0.0,0,1,0.1,0.1
0.3,8,2789.0,0,1,,1,0,0.2,0.1
0.3,8,2790.0,0,0,0.0,0,1,0.2,0.2
0.3,8,2791.0,0,1,,1,0,0.3,0.2
0.3,8,2792.0,0,1,,0,0,0.3,0.2
0.3,8,2793.0,0,1,,0,0,0.3,0.2
0.3,8,2794.0,0,0,0.0,0,1,0.3,0.3
0.3,8,2795.0,0,1,,1,0,0.4,0.3
0.3,8,2796.0,0,1,,0,0,0.4,0.3
0.3,8,2797.0,0,0,0.0,0,1,0.3,0.4
0.3,8,2798.0,0,0,,0,0,0.3,0.3
0.3,8,2799.0,0,0,,0,0,0.2,0.3
0.3,8,2800.0,0,0,0.0,1,1,0.3,0.3
0.3,8,2801.0,0,0,,0,0,0.2,0.3
0.3,8,2802.0,0,0,,0,0,0.2,0.3
0.3,8,2803.0,0,0,,0,0,0.2,0.3
0.3,8,2804.0,0,0,,0,0,0.2,0.2
0.3,8,2805.0,0,1,,1,0,0.2,0.2
0.3,8,2806.0,0,0,0.0,0,1,0.2,0.3
0.3,8,2807.0,0,0,0.0,1,1,0.3,0.3
0.3,8,2808.0,0,0,,0,0,0.3,0.3
0.3,8,2809.0,0,0,,0,0,0.3,0.3
0.3,8,2810.0,0,0,,0,0,0.2,0.2
0.3,8,2811.0,0,0,,0,0,0.2,0.2
0.3,8,2812.0,0,0,,0,0,0.2,0.2
0.3,8,2813.0,0,0,,0,0,0.2,0.2
0.3,8,2814.0,0,0,,0,0,0.2,0.2
0.3,8,2815.0,0,0,,0,0,0.1,0.2
0.3,8,2816.0,0,0,,0,0,0.1,0.1
0.3,8,2817.0,0,0,,0,0,0.0,0.0
0.3,8,2818.0,0,1,,1,0,0.1,0.0
0.3,8,2819.0,0,0,0.0,0,1,0.1,0.1
0.3,8,2820.0,0,1,,1,0,0.2,0.1
0.3,8,2821.0,0,1,0.0,1,1,0.3,0.2
0.3,8,2822.0,0,0,0.18424396320278902,0,1,0.3,0.3
0.3,8,2823.0,0,0,,0,0,0.3,0.3
0.3,8,2824.0,0,0,,0,0,0.3,0.3
0.3,8,2825.0,0,1,0.0,2,1,0.5,0.4
0.3,8,2826.0,0,0,0.0,1,2,0.6,0.6
0.3,8,2827.0,0,1,,1,0,0.7,0.6
0.3,8,2828.0,0,1,0.0,1,1,0.7,0.7
0.3,8,2829.0,0,1,0.0,1,1,0.8,0.7
0.3,8,2830.0,0,0,0.0,0,1,0.7,0.8
0.3,8,2831.0,0,1,,1,0,0.7,0.7
0.3,8,2832.0,0,0,0.0,0,1,0.7,0.7
0.3,8,2833.0,0,0,,0,0,0.7,0.7
0.3,8,2834.0,0,0,,0,0,0.7,0.7
0.3,8,2835.0,0,1,0.0,2,1,0.7,0.7
0.3,8,2836.0,0,0,0.0,0,1,0.6,0.6
0.3,8,2837.0,0,1,,1,0,0.6,0.6
0.3,8,2838.0,0,0,0.0,1,2,0.6,0.7
0.3,8,2839.0,0,0,,0,0,0.5,0.6
0.3,8,2840.0,0,0,,0,0,0.5,0.5
0.3,8,2841.0,0,0,0.0,1,1,0.5,0.6
0.3,8,2842.0,0,0,0.0,1,1,0.6,0.6
0.3,8,2843.0,1,2,0.0,3,1,0.9,0.7
0.3,8,2844.0,2,3,,1,0,1.0,0.7
0.3,8,2845.0,2,3,,0,0,0.8,0.6
0.3,8,2846.0,1,2,0.0,0,1,0.8,0.6
0.3,8,2847.0,2,3,,1,0,0.8,0.6
0.3,8,2848.0,1,2,2.832019438505995,0,1,0.7,0.5
0.3,8,2849.0,1,2,,0,0,0.7,0.5
0.3,8,2850.0,0,1,3.719632800899035,0,1,0.7,0.6
0.3,8,2851.0,1,2,,1,0,0.7,0.5
0.3,8,2852.0,0,0,2.1159148059659856,0,2,0.6,0.6
0.3,8,2853.0,0,1,,1,0,0.4,0.5
0.3,8,2854.0,0,1,0.0,1,1,0.4,0.6
0.3,8,2855.0,0,0,0.0,0,1,0.4,0.7
0.3,8,2856.0,0,1,0.0,2,1,0.6,0.7
0.3,8,2857.0,0,0,0.08317868713675125,0,1,0.5,0.8
0.3,8,2858.0,0,1,,1,0,0.6,0.7
0.3,8,2859.0,0,0,0.0,0,1,0.6,0.8
0.3,8,2860.0,0,1,,1,0,0.7,0.7
0.3,8,2861.0,0,1,,0,0,0.6,0.7
0.3,8,2862.0,0,1,,0,0,0.6,0.5
0.3,8,2863.0,1,2,,1,0,0.6,0.5
0.3,8,2864.0,1,2,0.0,1,1,0.6,0.5
0.3,8,2865.0,0,1,1.6654808729949764,0,1,0.6,0.5
0.3,8,2866.0,1,2,,1,0,0.5,0.4
0.3,8,2867.0,2,3,,1,0,0.6,0.3
0.3,8,2868.0,0,0,1.270893600044019,0,3,0.5,0.6
0.3,8,2869.0,0,0,,0,0,0.5,0.5
0.3,8,2870.0,0,0,,0,0,0.4,0.5
0.3,8,2871.0,0,0,,0,0,0.4,0.5
0.3,8,2872.0,0,0,0.0,1,1,0.5,0.6
0.3,8,2873.0,0,0,0.0,2,2,0.6,0.8
0.3,8,2874.0,0,0,,0,0,0.5,0.7
0.3,8,2875.0,0,0,,0,0,0.5,0.6
0.3,8,2876.0,0,0,,0,0,0.4,0.6
0.3,8,2877.0,0,1,,1,0,0.4,0.6
0.3,8,2878.0,0,0,0.0,0,1,0.4,0.4
0.3,8,2879.0,0,0,,0,0,0.4,0.4
0.3,8,2880.0,0,0,,0,0,0.4,0.4
0.3,8,2881.0,0,1,,1,0,0.5,0.4
0.3,8,2882.0,2,3,,2,0,0.6,0.3
0.3,8,2883.0,2,3,,0,0,0.4,0.1
0.3,8,2884.0,3,4,,1,0,0.5,0.1
0.3,8,2885.0,1,2,1.8260461041220424,0,2,0.5,0.3
0.3,8,2886.0,0,1,2.9110751525950036,0,1,0.5,0.4
0.3,8,2887.0,0,0,1.9279485141291843,0,1,0.4,0.5
0.3,8,2888.0,0,1,,1,0,0.5,0.4
0.3,8,2889.0,0,1,,0,0,0.5,0.4
0.3,8,2890.0,0,0,0.0,0,1,0.5,0.5
0.3,8,2891.0,0,1,,1,0,0.5,0.5
0.3,8,2892.0,0,0,0.0,0,1,0.3,0.6
0.3,8,2893.0,0,0,,0,0,0.3,0.6
0.3,8,2894.0,0,0,,0,0,0.2,0.6
0.3,8,2895.0,0,0,0.0,1,1,0.3,0.5
0.3,8,2896.0,0,1,,1,0,0.4,0.4
0.3,8,2897.0,0,0,0.0,0,1,0.4,0.4
0.3,8,2898.0,1,2,0.0,3,1,0.6,0.5
0.3,8,2899.0,2,3,,1,0,0.7,0.5
0.3,8,2900.0,1,2,0.0,0,1,0.7,0.5
0.3,8,2901.0,0,1,1.896473511072145,0,1,0.6,0.6
0.3,8,2902.0,1,2,,1,0,0.7,0.5
0.3,8,2903.0,3,4,,2,0,0.9,0.5
0.3,8,2904.0,1,2,1.4610949520499616,0,2,0.9,0.7
0.3,8,2905.0,0,1,0.7352756404898173,0,1,0.8,0.7
0.3,8,2906.0,0,0,1.4098181870062945,0,1,0.7,0.8
0.3,8,2907.0,0,0,,0,0,0.7,0.7
0.3,8,2908.0,0,0,,0,0,0.4,0.6
0.3,8,2909.0,0,0,,0,0,0.3,0.6
0.3,8,2910.0,0,0,,0,0,0.3,0.5
0.3,8,2911.0,0,0,,0,0,0.3,0.4
0.3,8,2912.0,0,0,,0,0,0.2,0.4
0.3,8,2913.0,0,0,,0,0,0.0,0.4
0.3,8,2914.0,0,0,,0,0,0.0,0.2
0.3,8,2915.0,0,0,,0,0,0.0,0.1
0.3,8,2916.0,0,0,,0,0,0.0,0.0
0.3,8,2917.0,0,1,,1,0,0.1,0.0
0.3,8,2918.0,0,1,0.0,1,1,0.2,0.1
0.3,8,2919.0,0,0,0.0,0,1,0.2,0.2
0.3,8,2920.0,0,0,,0,0,0.2,0.2
0.3,8,2921.0,0,1,,1,0,0.3,0.2
0.3,8,2922.0,1,2,,1,0,0.4,0.2
0.3,8,2923.0,0,0,0.43140188660678785,1,3,0.5,0.5
0.3,8,2924.0,0,0,,0,0,0.5,0.5
0.3,8,2925.0,0,0,,0,0,0.5,0.5
0.3,8,2926.0,0,1,,1,0,0.6,0.5
0.3,8,2927.0,0,0,0.0,0,1,0.5,0.6
0.3,8,2928.0,0,0,,0,0,0.4,0.5
0.3,8,2929.0,0,0,,0,0,0.4,0.4
0.3,8,2930.0,0,0,,0,0,0.4,0.4
0.3,8,2931.0,0,0,,0,0,0.3,0.4
0.3,8,2932.0,0,0,,0,0,0.2,0.4
0.3,8,2933.0,1,2,,2,0,0.3,0.1
0.3,8,2934.0,1,2,,0,0,0.3,0.1
0.3,8,2935.0,0,1,0.0,0,1,0.3,0.2
0.3,8,2936.0,0,0,1.6137219428369463,0,1,0.2,0.3
0.3,8,2937.0,0,1,,1,0,0.3,0.2
0.3,8,2938.0,1,2,,1,0,0.4,0.2
0.3,8,2939.0,1,2,0.0,1,1,0.5,0.3
0.3,8,2940.0,1,2,,0,0,0.5,0.3
0.3,8,2941.0,0,1,1.1283055295693885,0,1,0.5,0.4
0.3,8,2942.0,0,1,,0,0,0.5,0.4
0.3,8,2943.0,0,1,2.1115891028271108,1,1,0.4,0.5
0.3,8,2944.0,0,0,0.3549382060377866,1,2,0.5,0.7
0.3,8,2945.0,0,0,,0,0,0.5,0.6
0.3,8,2946.0,0,0,,0,0,0.5,0.5
0.3,8,2947.0,0,0,,0,0,0.4,0.5
0.3,8,2948.0,0,0,,0,0,0.3,0.5
0.3,8,2949.0,0,0,0.0,1,1,0.3,0.5
0.3,8,2950.0,0,1,,1,0,0.4,0.5
0.3,8,2951.0,0,1,,0,0,0.4,0.4
0.3,8,2952.0,0,0,0.0,0,1,0.4,0.5
0.3,8,2953.0,0,0,,0,0,0.3,0.4
0.3,8,2954.0,0,0,,0,0,0.2,0.2
0.3,8,2955.0,0,0,,0,0,0.2,0.2
0.3,8,2956.0,0,0,0.0,1,1,0.3,0.3
0.3,8,2957.0,0,0,,0,0,0.3,0.3
0.3,8,2958.0,0,0,,0,0,0.3,0.3
0.3,8,2959.0,0,0,,0,0,0.2,0.2
0.3,8,2960.0,0,0,,0,0,0.1,0.2
0.3,8,2961.0,0,0,,0,0,0.1,0.2
0.3,8,2962.0,0,0,,0,0,0.1,0.1
0.3,8,2963.0,0,1,0.0,2,1,0.3,0.2
0.3,8,2964.0,0,1,,0,0,0.3,0.2
0.3,8,2965.0,0,1,0.0,1,1,0.4,0.3
0.3,8,2966.0,0,1,,0,0,0.3,0.2
0.3,8,2967.0,0,1,0.2391760929845077,1,1,0.4,0.3
0.3,8,2968.0,0,1,0.0,1,1,0.5,0.4
0.3,8,2969.0,0,1,,0,0,0.5,0.4
0.3,8,2970.0,0,1,,0,0,0.5,0.4
0.3,8,2971.0,1,2,,1,0,0.6,0.4
0.3,8,2972.0,0,0,0.14218460995653004,0,2,0.6,0.6
0.3,8,2973.0,0,0,,0,0,0.4,0.5
0.3,8,2974.0,0,0,,0,0,0.4,0.5
0.3,8,2975.0,0,0,,0,0,0.3,0.4
0.3,8,2976.0,0,0,,0,0,0.3,0.4
0.3,8,2977.0,0,0,,0,0,0.2,0.3
0.3,8,2978.0,0,0,,0,0,0.1,0.2
0.3,8,2979.0,0,0,,0,0,0.1,0.2
0.3,8,2980.0,0,0,,0,0,0.1,0.2
0.3,8,2981.0,0,0,,0,0,0.0,0.2
0.3,8,2982.0,0,0,,0,0,0.0,0.0
0.3,8,2983.0,0,0,,0,0,0.0,0.0
0.3,8,2984.0,0,0,,0,0,0.0,0.0
0.3,8,2985.0,0,0,,0,0,0.0,0.0
0.3,8,2986.0,0,0,,0,0,0.0,0.0
0.3,8,2987.0,0,0,,0,0,0.0,0.0
0.3,8,2988.0,0,0,,0,0,0.0,0.0
0.3,8,2989.0,0,0,,0,0,0.0,0.0
0.3,8,2990.0,0,0,,0,0,0.0,0.0
0.3,8,2991.0,0,0,,0,0,0.0,0.0
0.3,8,2992.0,0,0,,0,0,0.0,0.0
0.3,8,2993.0,0,0,,0,0,0.0,0.0
0.3,8,2994.0,0,0,,0,0,0.0,0.0
0.3,8,2995.0,0,1,,1,0,0.1,0.0
0.3,8,2996.0,1,2,,1,0,0.2,0.0
0.3,8,2997.0,0,1,0.0,0,1,0.2,0.1
0.3,8,2998.0,0,1,,0,0,0.2,0.1
0.3,8,2999.0,0,0,0.8126991862209252,0,1,0.2,0.2
0.3,8,3000.0,0,0,,0,0,0.2,0.2
0.3,9,1.0,0,0,,0,0,0.1,0.1
0.3,9,2.0,0,0,,0,0,0.1,0.1
0.3,9,3.0,0,0,,0,0,0.1,0.1
0.3,9,4.0,0,0,0.0,1,1,0.2,0.2
0.3,9,5.0,0,0,,0,0,0.2,0.2
0.3,9,6.0,0,0,,0,0,0.2,0.2
0.3,9,7.0,0,0,0.0,1,1,0.3,0.3
0.3,9,8.0,0,0,,0,0,0.2,0.3
0.3,9,9.0,0,0,,0,0,0.2,0.2
0.3,9,10.0,0,0,,0,0,0.2,0.2
0.3,9,11.0,0,0,,0,0,0.2,0.2
0.3,9,12.0,0,0,,0,0,0.2,0.2
0.3,9,13.0,0,0,,0,0,0.2,0.2
0.3,9,14.0,0,0,,0,0,0.1,0.1
0.3,9,15.0,0,0,,0,0,0.1,0.1
0.3,9,16.0,0,0,,0,0,0.1,0.1
0.3,9,17.0,0,0,,0,0,0.0,0.0
0.3,9,18.0,0,0,,0,0,0.0,0.0
0.3,9,19.0,0,1,,1,0,0.1,0.0
0.3,9,20.0,0,0,0.0,1,2,0.2,0.2
0.3,9,21.0,0,1,,1,0,0.3,0.2
0.3,9,22.0,0,0,0.0,0,1,0.3,0.3
0.3,9,23.0,0,0,,0,0,0.3,0.3
0.3,9,24.0,0,0,,0,0,0.3,0.3
0.3,9,25.0,0,0,,0,0,0.3,0.3
0.3,9,26.0,0,0,,0,0,0.3,0.3
0.3,9,27.0,0,0,,0,0,0.3,0.3
0.3,9,28.0,0,0,,0,0,0.3,0.3
0.3,9,29.0,0,0,,0,0,0.2,0.3
0.3,9,30.0,0,0,0.0,1,1,0.2,0.2
0.3,9,31.0,0,0,,0,0,0.1,0.2
0.3,9,32.0,0,0,,0,0,0.1,0.1
0.3,9,33.0,0,0,,0,0,0.1,0.1
0.3,9,34.0,0,0,,0,0,0.1,0.1
0.3,9,35.0,0,0,,0,0,0.1,0.1
0.3,9,36.0,0,0,,0,0,0.1,0.1
0.3,9,37.0,0,0,,0,0,0.1,0.1
0.3,9,38.0,0,0,,0,0,0.1,0.1
0.3,9,39.0,0,0,,0,0,0.1,0.1
0.3,9,40.0,0,0,,0,0,0.0,0.0
0.3,9,41.0,0,0,,0,0,0.0,0.0
0.3,9,42.0,0,0,0.0,1,1,0.1,0.1
0.3,9,43.0,0,0,,0,0,0.1,0.1
0.3,9,44.0,2,3,,3,0,0.4,0.1
0.3,9,45.0,0,0,0.4208876160853284,0,3,0.4,0.4
0.3,9,46.0,0,1,,1,0,0.5,0.4
0.3,9,47.0,1,2,,1,0,0.6,0.4
0.3,9,48.0,0,1,0.0,0,1,0.6,0.5
0.3,9,49.0,0,0,1.5409182682835763,0,1,0.6,0.6
0.3,9,50.0,0,0,,0,0,0.6,0.6
0.3,9,51.0,0,0,,0,0,0.6,0.6
0.3,9,52.0,0,0,,0,0,0.5,0.5
0.3,9,53.0,0,0,,0,0,0.5,0.5
0.3,9,54.0,0,0,,0,0,0.2,0.5
0.3,9,55.0,0,0,,0,0,0.2,0.2
0.3,9,56.0,0,0,,0,0,0.1,0.2
0.3,9,57.0,0,0,,0,0,0.0,0.2
0.3,9,58.0,0,0,,0,0,0.0,0.1
0.3,9,59.0,0,0,,0,0,0.0,0.0
0.3,9,60.0,0,1,,1,0,0.1,0.0
0.3,9,61.0,0,0,0.0,0,1,0.1,0.1
0.3,9,62.0,0,1,,1,0,0.2,0.1
0.3,9,63.0,0,1,,0,0,0.2,0.1
0.3,9,64.0,0,1,0.0,1,1,0.3,0.2
0.3,9,65.0,0,0,0.0,1,2,0.4,0.4
0.3,9,66.0,0,0,,0,0,0.4,0.4
0.3,9,67.0,0,0,,0,0,0.4,0.4
0.3,9,68.0,0,0,,0,0,0.4,0.4
0.3,9,69.0,0,0,,0,0,0.4,0.4
0.3,9,70.0,0,0,,0,0,0.3,0.4
0.3,9,71.0,0,0,,0,0,0.3,0.3
0.3,9,72.0,0,0,,0,0,0.2,0.3
0.3,9,73.0,1,2,,2,0,0.4,0.3
0.3,9,74.0,2,3,,1,0,0.4,0.2
0.3,9,75.0,2,3,,0,0,0.3,0.0
0.3,9,76.0,2,3,0.0,1,1,0.4,0.1
0.3,9,77.0,1,2,2.6137548121153316,1,2,0.5,0.3
0.3,9,78.0,1,2,,0,0,0.5,0.3
0.3,9,79.0,0,1,1.3194986909218755,1,2,0.6,0.5
0.3,9,80.0,0,0,0.32496255725271794,0,1,0.6,0.6
0.3,9,81.0,0,0,,0,0,0.6,0.6
0.3,9,82.0,0,0,,0,0,0.6,0.6
0.3,9,83.0,0,0,,0,0,0.4,0.6
0.3,9,84.0,0,0,0.0,1,1,0.4,0.7
0.3,9,85.0,0,0,,0,0,0.4,0.7
0.3,9,86.0,0,0,0.0,1,1,0.4,0.7
0.3,9,87.0,0,0,,0,0,0.3,0.5
0.3,9,88.0,0,0,,0,0,0.3,0.5
0.3,9,89.0,0,0,,0,0,0.2,0.3
0.3,9,90.0,0,0,,0,0,0.2,0.2
0.3,9,91.0,0,0,,0,0,0.2,0.2
0.3,9,92.0,0,0,,0,0,0.2,0.2
0.3,9,93.0,0,0,,0,0,0.2,0.2
0.3,9,94.0,0,0,,0,0,0.1,0.1
0.3,9,95.0,0,0,,0,0,0.1,0.1
0.3,9,96.0,0,1,,1,0,0.1,0.0
0.3,9,97.0,0,1,0.0,1,1,0.2,0.1
0.3,9,98.0,0,0,0.11947955956827627,0,1,0.2,0.2
0.3,9,99.0,0,0,,0,0,0.2,0.2
0.3,9,100.0,0,0,,0,0,0.2,0.2
0.3,9,101.0,0,0,,0,0,0.2,0.2
0.3,9,102.0,0,0,0.0,1,1,0.3,0.3
0.3,9,103.0,0,1,,1,0,0.4,0.3
0.3,9,104.0,0,1,0.0,1,1,0.5,0.4
0.3,9,105.0,0,1,,0,0,0.5,0.4
0.3,9,106.0,0,1,0.18004350442402028,1,1,0.5,0.5
0.3,9,107.0,0,0,0.0,0,1,0.4,0.5
0.3,9,108.0,0,0,,0,0,0.4,0.4
0.3,9,109.0,0,0,,0,0,0.4,0.4
0.3,9,110.0,0,1,,1,0,0.5,0.4
0.3,9,111.0,0,0,0.0,0,1,0.5,0.5
0.3,9,112.0,0,0,,0,0,0.4,0.4
0.3,9,113.0,0,0,,0,0,0.3,0.4
0.3,9,114.0,0,0,,0,0,0.2,0.3
0.3,9,115.0,0,0,,0,0,0.2,0.3
0.3,9,116.0,0,0,,0,0,0.1,0.2
0.3,9,117.0,0,1,,1,0,0.2,0.1
0.3,9,118.0,0,1,,0,0,0.2,0.1
0.3,9,119.0,0,1,,0,0,0.2,0.1
0.3,9,120.0,0,0,0.0,0,1,0.1,0.2
0.3,9,121.0,0,0,,0,0,0.1,0.1
0.3,9,122.0,0,0,,0,0,0.1,0.1
0.3,9,123.0,0,0,,0,0,0.1,0.1
0.3,9,124.0,0,1,,1,0,0.2,0.1
0.3,9,125.0,0,0,0.0,0,1,0.2,0.2
0.3,9,126.0,0,0,,0,0,0.2,0.2
0.3,9,127.0,0,0,,0,0,0.1,0.2
0.3,9,128.0,0,0,0.0,1,1,0.2,0.3
0.3,9,129.0,0,0,0.0,1,1,0.3,0.4
0.3,9,130.0,0,0,,0,0,0.3,0.3
0.3,9,131.0,0,0,,0,0,0.3,0.3
0.3,9,132.0,0,1,,1,0,0.4,0.3
0.3,9,133.0,0,1,,0,0,0.4,0.3
0.3,9,134.0,0,1,,0,0,0.3,0.3
0.3,9,135.0,0,1,,0,0,0.3,0.2
0.3,9,136.0,0,1,,0,0,0.3,0.2
0.3,9,137.0,0,0,0.0,0,1,0.3,0.3
0.3,9,138.0,0,0,,0,0,0.2,0.2
0.3,9,139.0,0,1,,1,0,0.2,0.1
0.3,9,140.0,0,1,,0,0,0.2,0.1
0.3,9,141.0,0,0,0.0,0,1,0.2,0.2
0.3,9,142.0,0,0,,0,0,0.1,0.2
0.3,9,143.0,0,0,,0,0,0.1,0.2
0.3,9,144.0,0,0,,0,0,0.1,0.2
0.3,9,145.0,0,0,,0,0,0.1,0.2
0.3,9,146.0,0,0,,0,0,0.1,0.2
0.3,9,147.0,0,1,,1,0,0.2,0.1
0.3,9,148.0,0,1,,0,0,0.2,0.1
0.3,9,149.0,0,0,0.0,0,1,0.1,0.2
0.3,9,150.0,0,0,,0,0,0.1,0.2
0.3,9,151.0,0,0,,0,0,0.1,0.1
0.3,9,152.0,0,0,,0,0,0.1,0.1
0.3,9,153.0,0,0,,0,0,0.1,0.1
0.3,9,154.0,0,0,,0,0,0.1,0.1
0.3,9,155.0,0,1,,1,0,0.2,0.1
0.3,9,156.0,0,0,0.0,0,1,0.2,0.2
0.3,9,157.0,0,0,,0,0,0.1,0.2
0.3,9,158.0,0,0,,0,0,0.1,0.2
0.3,9,159.0,0,0,,0,0,0.1,0.1
0.3,9,160.0,0,0,,0,0,0.1,0.1
0.3,9,161.0,0,0,,0,0,0.1,0.1
0.3,9,162.0,0,1,,1,0,0.2,0.1
0.3,9,163.0,0,0,0.0,0,1,0.2,0.2
0.3,9,164.0,0,1,,1,0,0.3,0.2
0.3,9,165.0,0,0,0.0,0,1,0.2,0.3
0.3,9,166.0,0,0,,0,0,0.2,0.2
0.3,9,167.0,0,1,0.0,2,1,0.4,0.3
0.3,9,168.0,0,0,0.0,0,1,0.4,0.4
0.3,9,169.0,0,0,,0,0,0.4,0.4
0.3,9,170.0,0,0,,0,0,0.4,0.4
0.3,9,171.0,0,0,,0,0,0.4,0.4
0.3,9,172.0,0,0,,0,0,0.3,0.4
0.3,9,173.0,0,0,,0,0,0.3,0.3
0.3,9,174.0,0,0,,0,0,0.2,0.3
0.3,9,175.0,0,0,,0,0,0.2,0.2
0.3,9,176.0,0,0,,0,0,0.2,0.2
0.3,9,177.0,0,0,0.0,1,1,0.1,0.2
0.3,9,178.0,0,0,,0,0,0.1,0.1
0.3,9,179.0,0,0,0.0,1,1,0.2,0.2
0.3,9,180.0,0,0,,0,0,0.2,0.2
0.3,9,181.0,0,1,,1,0,0.3,0.2
0.3,9,182.0,0,0,0.0,0,1,0.3,0.3
0.3,9,183.0,0,0,0.0,1,1,0.4,0.4
0.3,9,184.0,0,0,,0,0,0.4,0.4
0.3,9,185.0,0,1,,1,0,0.5,0.4
0.3,9,186.0,0,1,0.0,1,1,0.6,0.5
0.3,9,187.0,0,0,0.7337071727042144,0,1,0.5,0.5
0.3,9,188.0,0,0,,0,0,0.5,0.5
0.3,9,189.0,0,0,,0,0,0.4,0.4
0.3,9,190.0,0,0,,0,0,0.4,0.4
0.3,9,191.0,0,0,,0,0,0.3,0.4
0.3,9,192.0,0,0,,0,0,0.3,0.3
0.3,9,193.0,0,0,,0,0,0.2,0.2
0.3,9,194.0,0,0,,0,0,0.2,0.2
0.3,9,195.0,0,0,,0,0,0.1,0.2
0.3,9,196.0,0,0,,0,0,0.0,0.1
0.3,9,197.0,0,0,,0,0,0.0,0.0
0.3,9,198.0,0,0,,0,0,0.0,0.0
0.3,9,199.0,0,1,,1,0,0.1,0.0
0.3,9,200.0,0,0,0.11027831870683258,1,2,0.2,0.2
0.3,9,201.0,0,0,,0,0,0.2,0.2
0.3,9,202.0,0,0,,0,0,0.2,0.2
0.3,9,203.0,0,1,,1,0,0.3,0.2
0.3,9,204.0,0,0,0.0,0,1,0.3,0.3
0.3,9,205.0,0,0,,0,0,0.3,0.3
0.3,9,206.0,0,1,,1,0,0.4,0.3
0.3,9,207.0,0,0,0.0,0,1,0.4,0.4
0.3,9,208.0,0,0,,0,0,0.4,0.4
0.3,9,209.0,0,0,,0,0,0.3,0.4
0.3,9,210.0,0,0,,0,0,0.2,0.2
0.3,9,211.0,0,0,,0,0,0.2,0.2
0.3,9,212.0,0,0,,0,0,0.2,0.2
0.3,9,213.0,0,0,0.0,1,1,0.2,0.3
0.3,9,214.0,0,1,,1,0,0.3,0.2
0.3,9,215.0,0,1,,0,0,0.3,0.2
0.3,9,216.0,0,1,,0,0,0.2,0.2
0.3,9,217.0,0,0,0.0,0,1,0.2,0.2
0.3,9,218.0,0,0,,0,0,0.2,0.2
0.3,9,219.0,0,1,,1,0,0.3,0.2
0.3,9,220.0,0,0,0.0,0,1,0.3,0.3
0.3,9,221.0,0,0,0.0,1,1,0.4,0.4
0.3,9,222.0,0,0,,0,0,0.4,0.4
0.3,9,223.0,0,0,,0,0,0.3,0.3
0.3,9,224.0,0,0,0.0,1,1,0.3,0.4
0.3,9,225.0,0,0,0.0,1,1,0.4,0.5
0.3,9,226.0,0,0,,0,0,0.4,0.5
0.3,9,227.0,0,1,,1,0,0.5,0.4
0.3,9,228.0,0,1,,0,0,0.5,0.4
0.3,9,229.0,0,0,0.0,0,1,0.4,0.5
0.3,9,230.0,0,0,0.0,1,1,0.5,0.5
0.3,9,231.0,0,0,,0,0,0.4,0.4
0.3,9,232.0,0,0,,0,0,0.4,0.4
0.3,9,233.0,0,0,,0,0,0.4,0.4
0.3,9,234.0,0,0,,0,0,0.3,0.3
0.3,9,235.0,0,0,,0,0,0.2,0.2
0.3,9,236.0,0,0,,0,0,0.2,0.2
0.3,9,237.0,0,0,,0,0,0.1,0.2
0.3,9,238.0,1,2,,2,0,0.3,0.2
0.3,9,239.0,1,2,,0,0,0.3,0.1
0.3,9,240.0,1,2,,0,0,0.2,0.0
0.3,9,241.0,1,2,,0,0,0.2,0.0
0.3,9,242.0,1,2,,0,0,0.2,0.0
0.3,9,243.0,1,2,,0,0,0.2,0.0
0.3,9,244.0,0,0,2.731684706108437,0,2,0.2,0.2
0.3,9,245.0,0,0,,0,0,0.2,0.2
0.3,9,246.0,0,0,,0,0,0.2,0.2
0.3,9,247.0,0,1,,1,0,0.3,0.2
0.3,9,248.0,0,0,0.0,0,1,0.1,0.3
0.3,9,249.0,0,0,,0,0,0.1,0.3
0.3,9,250.0,0,1,0.0,2,1,0.3,0.4
0.3,9,251.0,0,1,,0,0,0.3,0.4
0.3,9,252.0,0,0,0.1659661105513237,0,1,0.3,0.5
0.3,9,253.0,0,0,,0,0,0.3,0.5
0.3,9,254.0,0,0,0.0,1,1,0.4,0.4
0.3,9,255.0,0,0,,0,0,0.4,0.4
0.3,9,256.0,0,0,,0,0,0.4,0.4
0.3,9,257.0,0,0,,0,0,0.3,0.4
0.3,9,258.0,0,1,,1,0,0.4,0.3
0.3,9,259.0,0,1,,0,0,0.4,0.3
0.3,9,260.0,0,1,,0,0,0.2,0.2
0.3,9,261.0,0,1,,0,0,0.2,0.2
0.3,9,262.0,0,1,,0,0,0.2,0.1
0.3,9,263.0,0,0,0.0,0,1,0.2,0.2
0.3,9,264.0,0,0,,0,0,0.1,0.1
0.3,9,265.0,0,0,,0,0,0.1,0.1
0.3,9,266.0,0,0,0.0,1,1,0.2,0.2
0.3,9,267.0,0,0,,0,0,0.2,0.2
0.3,9,268.0,0,0,,0,0,0.1,0.2
0.3,9,269.0,0,0,,0,0,0.1,0.2
0.3,9,270.0,0,0,,0,0,0.1,0.2
0.3,9,271.0,0,0,,0,0,0.1,0.2
0.3,9,272.0,0,0,,0,0,0.1,0.2
0.3,9,273.0,0,0,0.0,1,1,0.2,0.2
0.3,9,274.0,0,0,,0,0,0.2,0.2
0.3,9,275.0,0,0,,0,0,0.2,0.2
0.3,9,276.0,0,0,,0,0,0.1,0.1
0.3,9,277.0,0,0,,0,0,0.1,0.1
0.3,9,278.0,0,0,0.0,1,1,0.2,0.2
0.3,9,279.0,0,0,,0,0,0.2,0.2
0.3,9,280.0,0,0,,0,0,0.2,0.2
0.3,9,281.0,0,0,,0,0,0.2,0.2
0.3,9,282.0,0,0,,0,0,0.2,0.2
0.3,9,283.0,0,0,,0,0,0.1,0.1
0.3,9,284.0,0,0,,0,0,0.1,0.1
0.3,9,285.0,0,0,,0,0,0.1,0.1
0.3,9,286.0,0,0,,0,0,0.1,0.1
0.3,9,287.0,0,0,,0,0,0.1,0.1
0.3,9,288.0,0,0,,0,0,0.0,0.0
0.3,9,289.0,0,0,,0,0,0.0,0.0
0.3,9,290.0,0,0,,0,0,0.0,0.0
0.3,9,291.0,0,0,,0,0,0.0,0.0
0.3,9,292.0,0,1,,1,0,0.1,0.0
0.3,9,293.0,0,0,0.0,0,1,0.1,0.1
0.3,9,294.0,0,0,,0,0,0.1,0.1
0.3,9,295.0,0,1,,1,0,0.2,0.1
0.3,9,296.0,0,0,0.0,0,1,0.2,0.2
0.3,9,297.0,0,0,,0,0,0.2,0.2
0.3,9,298.0,0,0,,0,0,0.2,0.2
0.3,9,299.0,1,2,,2,0,0.4,0.2
0.3,9,300.0,0,0,0.3361974653497839,0,2,0.4,0.4
0.3,9,301.0,0,0,,0,0,0.4,0.4
0.3,9,302.0,0,0,,0,0,0.3,0.4
0.3,9,303.0,0,0,,0,0,0.3,0.3
0.3,9,304.0,1,2,,2,0,0.5,0.3
0.3,9,305.0,1,2,,0,0,0.4,0.3
0.3,9,306.0,0,0,0.6657125111383948,0,2,0.4,0.4
0.3,9,307.0,0,0,,0,0,0.4,0.4
0.3,9,308.0,0,0,0.0,1,1,0.5,0.5
0.3,9,309.0,0,0,,0,0,0.3,0.5
0.3,9,310.0,0,0,,0,0,0.3,0.3
0.3,9,311.0,0,0,0.0,1,1,0.4,0.4
0.3,9,312.0,0,0,,0,0,0.4,0.4
0.3,9,313.0,0,0,,0,0,0.4,0.4
0.3,9,314.0,0,0,,0,0,0.2,0.4
0.3,9,315.0,0,0,,0,0,0.2,0.4
0.3,9,316.0,0,0,,0,0,0.2,0.2
0.3,9,317.0,0,1,,1,0,0.3,0.2
0.3,9,318.0,0,0,0.0,0,1,0.2,0.2
0.3,9,319.0,0,0,,0,0,0.2,0.2
0.3,9,320.0,0,0,,0,0,0.2,0.2
0.3,9,321.0,0,0,,0,0,0.1,0.1
0.3,9,322.0,0,0,,0,0,0.1,0.1
0.3,9,323.0,0,0,,0,0,0.1,0.1
0.3,9,324.0,0,0,,0,0,0.1,0.1
0.3,9,325.0,0,0,,0,0,0.1,0.1
0.3,9,326.0,0,0,0.0,1,1,0.2,0.2
0.3,9,327.0,0,0,0.0,1,1,0.2,0.3
0.3,9,328.0,0,0,,0,0,0.2,0.2
0.3,9,329.0,0,0,,0,0,0.2,0.2
0.3,9,330.0,0,0,,0,0,0.2,0.2
0.3,9,331.0,0,0,0.0,1,1,0.3,0.3
0.3,9,332.0,0,0,,0,0,0.3,0.3
0.3,9,333.0,0,0,,0,0,0.3,0.3
0.3,9,334.0,0,0,,0,0,0.3,0.3
0.3,9,335.0,0,0,,0,0,0.3,0.3
0.3,9,336.0,0,0,,0,0,0.2,0.2
0.3,9,337.0,0,0,0.0,1,1,0.2,0.2
0.3,9,338.0,0,0,,0,0,0.2,0.2
0.3,9,339.0,0,0,,0,0,0.2,0.2
0.3,9,340.0,0,0,,0,0,0.2,0.2
0.3,9,341.0,0,0,,0,0,0.1,0.1
0.3,9,342.0,0,1,,1,0,0.2,0.1
0.3,9,343.0,0,0,0.0,0,1,0.2,0.2
0.3,9,344.0,0,1,,1,0,0.3,0.2
0.3,9,345.0,1,2,,1,0,0.4,0.2
0.3,9,346.0,1,2,,0,0,0.4,0.2
0.3,9,347.0,0,1,0.0,0,1,0.3,0.2
0.3,9,348.0,0,1,,0,0,0.3,0.2
0.3,9,349.0,0,1,,0,0,0.3,0.2
0.3,9,350.0,0,1,,0,0,0.3,0.2
0.3,9,351.0,0,1,1.4837197750357518,1,1,0.4,0.3
0.3,9,352.0,1,2,,1,0,0.4,0.3
0.3,9,353.0,1,2,0.0,1,1,0.5,0.3
0.3,9,354.0,0,1,1.0963046853867127,1,2,0.5,0.5
0.3,9,355.0,0,0,0.0,0,1,0.4,0.6
0.3,9,356.0,0,0,,0,0,0.4,0.6
0.3,9,357.0,0,0,,0,0,0.4,0.5
0.3,9,358.0,0,0,,0,0,0.4,0.5
0.3,9,359.0,1,2,,2,0,0.6,0.5
0.3,9,360.0,1,2,,0,0,0.6,0.5
0.3,9,361.0,1,2,,0,0,0.5,0.4
0.3,9,362.0,1,2,0.0,1,1,0.5,0.5
0.3,9,363.0,1,2,3.30254891128493,1,1,0.5,0.5
0.3,9,364.0,0,1,0.8802079641827731,0,1,0.4,0.4
0.3,9,365.0,0,0,1.3649038406312002,0,1,0.4,0.4
0.3,9,366.0,0,0,,0,0,0.4,0.4
0.3,9,367.0,0,0,,0,0,0.4,0.4
0.3,9,368.0,0,0,,0,0,0.4,0.4
0.3,9,369.0,0,0,,0,0,0.2,0.4
0.3,9,370.0,0,0,,0,0,0.2,0.4
0.3,9,371.0,2,3,,3,0,0.5,0.4
0.3,9,372.0,2,3,,0,0,0.4,0.3
0.3,9,373.0,0,1,1.2753151193997496,0,2,0.3,0.4
0.3,9,374.0,0,0,1.9395623849568437,0,1,0.3,0.4
0.3,9,375.0,0,0,,0,0,0.3,0.3
0.3,9,376.0,0,0,,0,0,0.3,0.3
0.3,9,377.0,0,0,,0,0,0.3,0.3
0.3,9,378.0,0,0,,0,0,0.3,0.3
0.3,9,379.0,0,0,,0,0,0.3,0.3
0.3,9,380.0,0,0,,0,0,0.3,0.3
0.3,9,381.0,0,0,,0,0,0.0,0.3
0.3,9,382.0,2,3,,3,0,0.3,0.3
0.3,9,383.0,0,1,0.33500681821521994,0,2,0.3,0.3
0.3,9,384.0,0,0,1.3168730334087968,0,1,0.3,0.3
0.3,9,385.0,0,0,,0,0,0.3,0.3
0.3,9,386.0,0,0,,0,0,0.3,0.3
0.3,9,387.0,0,0,,0,0,0.3,0.3
0.3,9,388.0,0,0,,0,0,0.3,0.3
0.3,9,389.0,0,0,0.0,1,1,0.4,0.4
0.3,9,390.0,0,0,,0,0,0.4,0.4
0.3,9,391.0,0,0,,0,0,0.4,0.4
0.3,9,392.0,0,0,,0,0,0.1,0.4
0.3,9,393.0,0,0,,0,0,0.1,0.2
0.3,9,394.0,0,0,0.0,1,1,0.2,0.2
0.3,9,395.0,0,0,,0,0,0.2,0.2
0.3,9,396.0,0,0,,0,0,0.2,0.2
0.3,9,397.0,0,0,0.0,1,1,0.3,0.3
0.3,9,398.0,0,0,,0,0,0.3,0.3
0.3,9,399.0,0,0,,0,0,0.2,0.2
0.3,9,400.0,0,0,,0,0,0.2,0.2
0.3,9,401.0,0,0,,0,0,0.2,0.2
0.3,9,402.0,0,0,,0,0,0.2,0.2
0.3,9,403.0,0,0,0.0,1,1,0.3,0.3
0.3,9,404.0,0,0,,0,0,0.2,0.2
0.3,9,405.0,0,0,,0,0,0.2,0.2
0.3,9,406.0,0,0,,0,0,0.2,0.2
0.3,9,407.0,0,0,,0,0,0.1,0.1
0.3,9,408.0,0,0,,0,0,0.1,0.1
0.3,9,409.0,0,1,,1,0,0.2,0.1
0.3,9,410.0,0,0,0.0,0,1,0.2,0.2
0.3,9,411.0,0,0,,0,0,0.2,0.2
0.3,9,412.0,0,1,,1,0,0.3,0.2
0.3,9,413.0,0,0,0.0,0,1,0.2,0.2
0.3,9,414.0,0,1,,1,0,0.3,0.2
0.3,9,415.0,0,0,0.0,0,1,0.3,0.3
0.3,9,416.0,0,1,,1,0,0.4,0.3
0.3,9,417.0,0,1,0.0,1,1,0.5,0.4
0.3,9,418.0,0,1,,0,0,0.5,0.4
0.3,9,419.0,0,1,,0,0,0.4,0.4
0.3,9,420.0,0,0,0.3532516284359417,0,1,0.4,0.4
0.3,9,421.0,0,0,0.0,1,1,0.5,0.5
0.3,9,422.0,0,0,0.0,1,1,0.5,0.6
0.3,9,423.0,0,0,,0,0,0.5,0.5
0.3,9,424.0,0,0,,0,0,0.4,0.5
0.3,9,425.0,1,2,,2,0,0.6,0.4
0.3,9,426.0,0,0,0.22425511962575229,0,2,0.5,0.6
0.3,9,427.0,0,1,,1,0,0.5,0.5
0.3,9,428.0,0,0,0.0,0,1,0.5,0.6
0.3,9,429.0,0,0,,0,0,0.5,0.6
0.3,9,430.0,0,1,,1,0,0.6,0.5
0.3,9,431.0,0,1,,0,0,0.5,0.4
0.3,9,432.0,0,0,0.0,0,1,0.4,0.4
0.3,9,433.0,0,0,0.0,1,1,0.5,0.5
0.3,9,434.0,0,0,0.0,1,1,0.6,0.6
0.3,9,435.0,0,0,,0,0,0.4,0.6
0.3,9,436.0,0,0,,0,0,0.4,0.4
0.3,9,437.0,0,0,,0,0,0.3,0.4
0.3,9,438.0,0,0,,0,0,0.3,0.3
0.3,9,439.0,0,1,,1,0,0.4,0.3
0.3,9,440.0,0,0,0.0,0,1,0.3,0.4
0.3,9,441.0,0,0,,0,0,0.3,0.4
0.3,9,442.0,0,0,0.0,1,1,0.4,0.4
0.3,9,443.0,0,1,,1,0,0.4,0.3
0.3,9,444.0,0,1,,0,0,0.3,0.2
0.3,9,445.0,0,1,,0,0,0.3,0.2
0.3,9,446.0,0,1,,0,0,0.3,0.2
0.3,9,447.0,1,2,,1,0,0.4,0.2
0.3,9,448.0,1,2,0.0,1,1,0.5,0.3
0.3,9,449.0,0,0,0.5391796104142941,0,2,0.4,0.5
0.3,9,450.0,0,0,,0,0,0.4,0.4
0.3,9,451.0,0,0,,0,0,0.4,0.4
0.3,9,452.0,0,1,,1,0,0.4,0.3
0.3,9,453.0,0,0,0.0,0,1,0.3,0.4
0.3,9,454.0,0,0,,0,0,0.3,0.4
0.3,9,455.0,0,0,,0,0,0.3,0.4
0.3,9,456.0,0,0,,0,0,0.3,0.4
0.3,9,457.0,0,0,,0,0,0.2,0.4
0.3,9,458.0,0,0,,0,0,0.1,0.3
0.3,9,459.0,0,0,,0,0,0.1,0.1
0.3,9,460.0,0,0,,0,0,0.1,0.1
0.3,9,461.0,0,0,,0,0,0.1,0.1
0.3,9,462.0,0,0,,0,0,0.0,0.1
0.3,9,463.0,0,1,,1,0,0.1,0.0
0.3,9,464.0,0,0,0.0,0,1,0.1,0.1
0.3,9,465.0,0,0,,0,0,0.1,0.1
0.3,9,466.0,0,0,,0,0,0.1,0.1
0.3,9,467.0,0,0,,0,0,0.1,0.1
0.3,9,468.0,0,0,,0,0,0.1,0.1
0.3,9,469.0,0,0,,0,0,0.1,0.1
0.3,9,470.0,0,0,,0,0,0.1,0.1
0.3,9,471.0,0,1,,1,0,0.2,0.1
0.3,9,472.0,1,2,,1,0,0.3,0.1
0.3,9,473.0,0,1,0.0,0,1,0.2,0.2
0.3,9,474.0,0,1,,0,0,0.2,0.1
0.3,9,475.0,0,0,0.557952328719125,0,1,0.2,0.2
0.3,9,476.0,0,0,,0,0,0.2,0.2
0.3,9,477.0,0,0,,0,0,0.2,0.2
0.3,9,478.0,0,0,,0,0,0.2,0.2
0.3,9,479.0,0,0,,0,0,0.2,0.2
0.3,9,480.0,0,0,,0,0,0.2,0.2
0.3,9,481.0,0,0,,0,0,0.1,0.2
0.3,9,482.0,0,0,,0,0,0.0,0.2
0.3,9,483.0,0,0,,0,0,0.0,0.1
0.3,9,484.0,0,0,,0,0,0.0,0.1
0.3,9,485.0,0,0,,0,0,0.0,0.0
0.3,9,486.0,0,0,,0,0,0.0,0.0
0.3,9,487.0,0,0,,0,0,0.0,0.0
0.3,9,488.0,0,0,,0,0,0.0,0.0
0.3,9,489.0,0,1,,1,0,0.1,0.0
0.3,9,490.0,0,1,,0,0,0.1,0.0
0.3,9,491.0,0,0,0.0,0,1,0.1,0.1
0.3,9,492.0,0,0,0.0,1,1,0.2,0.2
0.3,9,493.0,0,0,0.0,1,1,0.3,0.3
0.3,9,494.0,0,0,0.0,1,1,0.4,0.4
0.3,9,495.0,0,0,,0,0,0.4,0.4
0.3,9,496.0,0,1,,1,0,0.5,0.4
0.3,9,497.0,0,1,,0,0,0.5,0.4
0.3,9,498.0,0,0,0.0,0,1,0.5,0.5
0.3,9,499.0,0,0,,0,0,0.4,0.5
0.3,9,500.0,0,0,0.0,1,1,0.5,0.6
0.3,9,501.0,0,0,,0,0,0.5,0.5
0.3,9,502.0,0,0,,0,0,0.4,0.4
0.3,9,503.0,0,0,,0,0,0.3,0.3
0.3,9,504.0,0,0,,0,0,0.2,0.2
0.3,9,505.0,0,0,,0,0,0.2,0.2
0.3,9,506.0,0,0,,0,0,0.1,0.2
0.3,9,507.0,0,0,,0,0,0.1,0.2
0.3,9,508.0,0,0,,0,0,0.1,0.1
0.3,9,509.0,0,0,,0,0,0.1,0.1
0.3,9,510.0,0,0,,0,0,0.0,0.0
0.3,9,511.0,0,0,,0,0,0.0,0.0
0.3,9,512.0,0,0,,0,0,0.0,0.0
0.3,9,513.0,0,0,,0,0,0.0,0.0
0.3,9,514.0,0,1,,1,0,0.1,0.0
0.3,9,515.0,1,2,,1,0,0.2,0.0
0.3,9,516.0,1,2,0.0,1,1,0.3,0.1
0.3,9,517.0,0,0,0.6107732965129458,0,2,0.3,0.3
0.3,9,518.0,0,0,,0,0,0.3,0.3
0.3,9,519.0,0,0,,0,0,0.3,0.3
0.3,9,520.0,0,0,,0,0,0.3,0.3
0.3,9,521.0,0,0,,0,0,0.3,0.3
0.3,9,522.0,0,0,,0,0,0.3,0.3
0.3,9,523.0,0,1,,1,0,0.4,0.3
0.3,9,524.0,1,2,,1,0,0.4,0.3
0.3,9,525.0,0,0,0.5988601351082821,0,2,0.3,0.5
0.3,9,526.0,0,0,,0,0,0.2,0.4
0.3,9,527.0,0,0,0.0,1,1,0.3,0.3
0.3,9,528.0,0,0,,0,0,0.3,0.3
0.3,9,529.0,0,0,,0,0,0.3,0.3
0.3,9,530.0,0,0,,0,0,0.3,0.3
0.3,9,531.0,0,0,,0,0,0.3,0.3
0.3,9,532.0,0,0,,0,0,0.3,0.3
0.3,9,533.0,0,0,,0,0,0.2,0.3
0.3,9,534.0,0,0,,0,0,0.1,0.3
0.3,9,535.0,0,0,,0,0,0.1,0.1
0.3,9,536.0,0,0,,0,0,0.1,0.1
0.3,9,537.0,0,0,0.0,1,1,0.1,0.1
0.3,9,538.0,0,0,,0,0,0.1,0.1
0.3,9,539.0,0,0,0.0,1,1,0.2,0.2
0.3,9,540.0,0,0,,0,0,0.2,0.2
0.3,9,541.0,0,0,,0,0,0.2,0.2
0.3,9,542.0,0,0,,0,0,0.2,0.2
0.3,9,543.0,0,0,,0,0,0.2,0.2
0.3,9,544.0,0,0,,0,0,0.2,0.2
0.3,9,545.0,0,0,0.0,1,1,0.3,0.3
0.3,9,546.0,0,1,,1,0,0.4,0.3
0.3,9,547.0,0,0,0.0,0,1,0.3,0.3
0.3,9,548.0,0,0,,0,0,0.3,0.3
0.3,9,549.0,0,0,,0,0,0.2,0.2
0.3,9,550.0,0,0,0.0,1,1,0.3,0.3
0.3,9,551.0,0,1,,1,0,0.4,0.3
0.3,9,552.0,0,0,0.0,0,1,0.4,0.4
0.3,9,553.0,0,0,,0,0,0.4,0.4
0.3,9,554.0,0,0,,0,0,0.4,0.4
0.3,9,555.0,0,0,,0,0,0.3,0.3
0.3,9,556.0,0,0,,0,0,0.2,0.3
0.3,9,557.0,0,1,,1,0,0.3,0.2
0.3,9,558.0,0,0,0.0,0,1,0.3,0.3
0.3,9,559.0,0,0,0.0,1,1,0.4,0.4
0.3,9,560.0,0,0,,0,0,0.3,0.3
0.3,9,561.0,0,0,,0,0,0.2,0.3
0.3,9,562.0,0,0,,0,0,0.2,0.2
0.3,9,563.0,0,0,,0,0,0.2,0.2
0.3,9,564.0,0,0,0.0,2,2,0.4,0.4
0.3,9,565.0,0,0,0.0,1,1,0.5,0.5
0.3,9,566.0,0,0,,0,0,0.5,0.5
0.3,9,567.0,0,0,,0,0,0.4,0.5
0.3,9,568.0,0,0,,0,0,0.4,0.4
0.3,9,569.0,0,0,,0,0,0.3,0.3
0.3,9,570.0,0,0,,0,0,0.3,0.3
0.3,9,571.0,0,0,,0,0,0.3,0.3
0.3,9,572.0,0,0,,0,0,0.3,0.3
0.3,9,573.0,0,0,,0,0,0.3,0.3
0.3,9,574.0,0,1,,1,0,0.2,0.1
0.3,9,575.0,0,0,0.0,1,2,0.2,0.2
0.3,9,576.0,0,0,,0,0,0.2,0.2
0.3,9,577.0,0,1,0.0,2,1,0.4,0.3
0.3,9,578.0,0,1,,0,0,0.4,0.3
0.3,9,579.0,0,0,0.0,0,1,0.4,0.4
0.3,9,580.0,0,0,,0,0,0.4,0.4
0.3,9,581.0,0,0,,0,0,0.4,0.4
0.3,9,582.0,0,0,,0,0,0.4,0.4
0.3,9,583.0,1,2,,2,0,0.6,0.4
0.3,9,584.0,0,0,0.12586978947325633,0,2,0.5,0.6
0.3,9,585.0,0,0,,0,0,0.4,0.4
0.3,9,586.0,0,0,,0,0,0.4,0.4
0.3,9,587.0,0,0,,0,0,0.2,0.3
0.3,9,588.0,0,1,,1,0,0.3,0.3
0.3,9,589.0,0,0,0.0,0,1,0.3,0.3
0.3,9,590.0,0,0,0.0,1,1,0.4,0.4
0.3,9,591.0,0,0,,0,0,0.4,0.4
0.3,9,592.0,0,1,,1,0,0.5,0.4
0.3,9,593.0,0,0,0.0,0,1,0.3,0.5
0.3,9,594.0,1,2,,2,0,0.5,0.3
0.3,9,595.0,0,0,0.29094054962439486,0,2,0.5,0.5
0.3,9,596.0,0,1,,1,0,0.6,0.5
0.3,9,597.0,0,0,0.0,0,1,0.6,0.6
0.3,9,598.0,0,0,,0,0,0.5,0.6
0.3,9,599.0,0,0,,0,0,0.5,0.5
0.3,9,600.0,0,0,,0,0,0.4,0.4
0.3,9,601.0,0,0,,0,0,0.4,0.4
0.3,9,602.0,0,0,,0,0,0.3,0.4
0.3,9,603.0,0,0,,0,0,0.3,0.3
0.3,9,604.0,0,0,,0,0,0.1,0.3
0.3,9,605.0,0,0,,0,0,0.1,0.1
0.3,9,606.0,0,0,,0,0,0.0,0.1
0.3,9,607.0,0,1,,1,0,0.1,0.0
0.3,9,608.0,0,0,0.0,0,1,0.1,0.1
0.3,9,609.0,0,0,,0,0,0.1,0.1
0.3,9,610.0,0,0,,0,0,0.1,0.1
0.3,9,611.0,0,0,,0,0,0.1,0.1
0.3,9,612.0,0,0,,0,0,0.1,0.1
0.3,9,613.0,0,0,,0,0,0.1,0.1
0.3,9,614.0,0,1,,1,0,0.2,0.1
0.3,9,615.0,0,1,0.0,1,1,0.3,0.2
0.3,9,616.0,0,0,0.0,0,1,0.3,0.3
0.3,9,617.0,0,0,,0,0,0.2,0.3
0.3,9,618.0,0,0,,0,0,0.2,0.2
0.3,9,619.0,0,0,,0,0,0.2,0.2
0.3,9,620.0,0,0,,0,0,0.2,0.2
0.3,9,621.0,0,0,,0,0,0.2,0.2
0.3,9,622.0,0,0,,0,0,0.2,0.2
0.3,9,623.0,1,2,,2,0,0.4,0.2
0.3,9,624.0,0,0,0.24193658399855167,0,2,0.3,0.4
0.3,9,625.0,0,0,,0,0,0.2,0.3
0.3,9,626.0,0,0,,0,0,0.2,0.2
0.3,9,627.0,0,0,,0,0,0.2,0.2
0.3,9,628.0,0,0,,0,0,0.2,0.2
0.3,9,629.0,0,0,,0,0,0.2,0.2
0.3,9,630.0,0,0,,0,0,0.2,0.2
0.3,9,631.0,0,0,,0,0,0.2,0.2
0.3,9,632.0,0,0,,0,0,0.2,0.2
0.3,9,633.0,0,0,,0,0,0.0,0.2
0.3,9,634.0,0,0,,0,0,0.0,0.0
0.3,9,635.0,0,0,,0,0,0.0,0.0
0.3,9,636.0,0,0,0.0,1,1,0.1,0.1
0.3,9,637.0,0,0,,0,0,0.1,0.1
0.3,9,638.0,0,0,,0,0,0.1,0.1
0.3,9,639.0,0,1,,1,0,0.2,0.1
0.3,9,640.0,0,0,0.0,0,1,0.2,0.2
0.3,9,641.0,0,0,,0,0,0.2,0.2
0.3,9,642.0,0,0,,0,0,0.2,0.2
0.3,9,643.0,1,2,,2,0,0.4,0.2
0.3,9,644.0,1,2,,0,0,0.4,0.2
0.3,9,645.0,0,1,0.0,0,1,0.4,0.3
0.3,9,646.0,0,0,2.5891253554025297,0,1,0.3,0.3
0.3,9,647.0,0,0,,0,0,0.3,0.3
0.3,9,648.0,0,0,,0,0,0.3,0.3
0.3,9,649.0,0,0,,0,0,0.2,0.3
0.3,9,650.0,0,0,,0,0,0.2,0.2
0.3,9,651.0,0,1,,1,0,0.3,0.2
0.3,9,652.0,0,1,,0,0,0.3,0.2
0.3,9,653.0,0,0,0.0,0,1,0.1,0.3
0.3,9,654.0,0,0,,0,0,0.1,0.3
0.3,9,655.0,0,0,,0,0,0.1,0.2
0.3,9,656.0,0,0,,0,0,0.1,0.1
0.3,9,657.0,0,0,,0,0,0.1,0.1
0.3,9,658.0,0,0,,0,0,0.1,0.1
0.3,9,659.0,0,0,,0,0,0.1,0.1
0.3,9,660.0,0,0,,0,0,0.1,0.1
0.3,9,661.0,0,1,,1,0,0.1,0.1
0.3,9,662.0,0,0,0.0,0,1,0.1,0.2
0.3,9,663.0,0,0,,0,0,0.1,0.1
0.3,9,664.0,0,0,,0,0,0.1,0.1
0.3,9,665.0,0,1,,1,0,0.2,0.1
0.3,9,666.0,0,0,0.0,0,1,0.2,0.2
0.3,9,667.0,0,1,,1,0,0.3,0.2
0.3,9,668.0,0,1,,0,0,0.3,0.2
0.3,9,669.0,0,0,0.0,0,1,0.3,0.3
0.3,9,670.0,0,1,,1,0,0.4,0.3
0.3,9,671.0,0,1,0.0,1,1,0.4,0.4
0.3,9,672.0,1,2,,1,0,0.5,0.3
0.3,9,673.0,3,4,,2,0,0.7,0.3
0.3,9,674.0,4,5,,1,0,0.8,0.3
0.3,9,675.0,5,6,,1,0,0.8,0.3
0.3,9,676.0,5,6,0.317108637193769,1,1,0.9,0.3
0.3,9,677.0,3,4,4.428274285148007,0,2,0.8,0.5
0.3,9,678.0,4,5,,1,0,0.9,0.5
0.3,9,679.0,5,6,,1,0,1.0,0.4
0.3,9,680.0,4,5,4.111659519481918,0,1,0.9,0.5
0.3,9,681.0,3,4,5.830851436009084,0,1,0.8,0.5
0.3,9,682.0,1,2,5.846588624850881,0,2,0.7,0.7
0.3,9,683.0,0,1,4.64756947448268,0,1,0.5,0.8
0.3,9,684.0,0,0,4.638240771680444,0,1,0.4,0.9
0.3,9,685.0,0,0,,0,0,0.3,0.9
0.3,9,686.0,0,0,0.0,1,1,0.3,0.9
0.3,9,687.0,0,0,,0,0,0.3,0.7
0.3,9,688.0,0,0,,0,0,0.2,0.7
0.3,9,689.0,0,0,,0,0,0.1,0.7
0.3,9,690.0,0,0,,0,0,0.1,0.6
0.3,9,691.0,0,0,,0,0,0.1,0.5
0.3,9,692.0,0,0,,0,0,0.1,0.3
0.3,9,693.0,0,0,,0,0,0.1,0.2
0.3,9,694.0,0,1,,1,0,0.2,0.1
0.3,9,695.0,0,0,0.0,0,1,0.2,0.2
0.3,9,696.0,0,0,,0,0,0.1,0.1
0.3,9,697.0,0,0,,0,0,0.1,0.1
0.3,9,698.0,0,0,,0,0,0.1,0.1
0.3,9,699.0,0,0,,0,0,0.1,0.1
0.3,9,700.0,0,1,,1,0,0.2,0.1
0.3,9,701.0,0,0,0.0,0,1,0.2,0.2
0.3,9,702.0,0,0,,0,0,0.2,0.2
0.3,9,703.0,0,0,,0,0,0.2,0.2
0.3,9,704.0,0,1,,1,0,0.2,0.2
0.3,9,705.0,0,1,,0,0,0.2,0.1
0.3,9,706.0,0,0,0.0,0,1,0.2,0.2
0.3,9,707.0,0,0,,0,0,0.2,0.2
0.3,9,708.0,0,0,,0,0,0.2,0.2
0.3,9,709.0,0,0,,0,0,0.2,0.2
0.3,9,710.0,0,0,,0,0,0.1,0.2
0.3,9,711.0,1,2,,2,0,0.3,0.1
0.3,9,712.0,0,1,0.0,0,1,0.3,0.2
0.3,9,713.0,0,0,1.4151600934776525,0,1,0.3,0.3
0.3,9,714.0,0,0,,0,0,0.2,0.3
0.3,9,715.0,0,0,,0,0,0.2,0.3
0.3,9,716.0,0,0,,0,0,0.2,0.2
0.3,9,717.0,0,0,,0,0,0.2,0.2
0.3,9,718.0,0,0,0.0,1,1,0.3,0.3
0.3,9,719.0,0,0,0.0,1,1,0.4,0.4
0.3,9,720.0,0,0,,0,0,0.4,0.4
0.3,9,721.0,0,0,,0,0,0.2,0.4
0.3,9,722.0,0,0,,0,0,0.2,0.3
0.3,9,723.0,0,0,,0,0,0.2,0.2
0.3,9,724.0,0,0,,0,0,0.2,0.2
0.3,9,725.0,0,0,,0,0,0.2,0.2
0.3,9,726.0,0,0,,0,0,0.2,0.2
0.3,9,727.0,0,0,,0,0,0.2,0.2
0.3,9,728.0,0,0,,0,0,0.1,0.1
0.3,9,729.0,0,0,,0,0,0.0,0.0
0.3,9,730.0,0,0,,0,0,0.0,0.0
0.3,9,731.0,0,0,,0,0,0.0,0.0
0.3,9,732.0,0,0,,0,0,0.0,0.0
0.3,9,733.0,0,0,0.0,1,1,0.1,0.1
0.3,9,734.0,0,0,,0,0,0.1,0.1
0.3,9,735.0,0,0,,0,0,0.1,0.1
0.3,9,736.0,0,0,,0,0,0.1,0.1
0.3,9,737.0,0,0,,0,0,0.1,0.1
0.3,9,738.0,0,0,,0,0,0.1,0.1
0.3,9,739.0,0,0,,0,0,0.1,0.1
0.3,9,740.0,0,0,,0,0,0.1,0.1
0.3,9,741.0,0,0,,0,0,0.1,0.1
0.3,9,742.0,1,2,,2,0,0.3,0.1
0.3,9,743.0,2,3,,1,0,0.3,0.0
0.3,9,744.0,1,2,0.0,0,1,0.3,0.1
0.3,9,745.0,0,1,1.7851091408666662,0,1,0.3,0.2
0.3,9,746.0,0,0,2.8297332518734493,0,1,0.3,0.3
0.3,9,747.0,0,0,,0,0,0.3,0.3
0.3,9,748.0,0,0,,0,0,0.3,0.3
0.3,9,749.0,0,0,,0,0,0.3,0.3
0.3,9,750.0,0,0,,0,0,0.3,0.3
0.3,9,751.0,0,1,,1,0,0.4,0.3
0.3,9,752.0,0,1,0.0,1,1,0.3,0.4
0.3,9,753.0,0,0,0.007509831472702899,0,1,0.2,0.5
0.3,9,754.0,0,0,0.0,1,1,0.3,0.5
0.3,9,755.0,0,0,,0,0,0.3,0.4
0.3,9,756.0,0,0,,0,0,0.3,0.3
0.3,9,757.0,0,0,,0,0,0.3,0.3
0.3,9,758.0,0,0,,0,0,0.3,0.3
0.3,9,759.0,0,0,,0,0,0.3,0.3
0.3,9,760.0,0,1,,1,0,0.4,0.3
0.3,9,761.0,0,0,0.0,0,1,0.3,0.4
0.3,9,762.0,0,0,,0,0,0.2,0.3
0.3,9,763.0,0,1,0.0,2,1,0.4,0.3
0.3,9,764.0,0,0,0.018872533168519112,0,1,0.3,0.3
0.3,9,765.0,0,0,,0,0,0.3,0.3
0.3,9,766.0,0,0,0.0,1,1,0.4,0.4
0.3,9,767.0,0,0,,0,0,0.4,0.4
0.3,9,768.0,0,1,,1,0,0.5,0.4
0.3,9,769.0,0,0,0.0,0,1,0.5,0.5
0.3,9,770.0,0,0,,0,0,0.4,0.5
0.3,9,771.0,0,0,0.0,1,1,0.5,0.5
0.3,9,772.0,0,0,,0,0,0.5,0.5
0.3,9,773.0,0,1,0.0,2,1,0.5,0.5
0.3,9,774.0,0,0,0.04363752474205285,0,1,0.5,0.5
0.3,9,775.0,0,0,,0,0,0.5,0.5
0.3,9,776.0,0,0,,0,0,0.4,0.4
0.3,9,777.0,0,1,,1,0,0.5,0.4
0.3,9,778.0,0,0,0.0,0,1,0.4,0.5
0.3,9,779.0,0,0,,0,0,0.4,0.4
0.3,9,780.0,0,0,0.0,1,1,0.5,0.5
0.3,9,781.0,0,1,,1,0,0.5,0.4
0.3,9,782.0,0,0,0.0,0,1,0.5,0.5
0.3,9,783.0,0,0,,0,0,0.3,0.4
0.3,9,784.0,0,1,,1,0,0.4,0.3
0.3,9,785.0,1,2,,1,0,0.5,0.3
0.3,9,786.0,1,2,,0,0,0.5,0.3
0.3,9,787.0,0,1,0.9984111995366334,1,2,0.5,0.5
0.3,9,788.0,0,1,0.7025818899248861,1,1,0.6,0.5
0.3,9,789.0,0,0,0.0,0,1,0.6,0.6
0.3,9,790.0,0,0,,0,0,0.5,0.5
0.3,9,791.0,0,0,,0,0,0.4,0.5
0.3,9,792.0,0,0,,0,0,0.4,0.4
0.3,9,793.0,0,0,,0,0,0.4,0.4
0.3,9,794.0,0,0,,0,0,0.3,0.4
0.3,9,795.0,0,1,,1,0,0.3,0.4
0.3,9,796.0,0,1,,0,0,0.3,0.4
0.3,9,797.0,0,0,0.0,0,1,0.2,0.3
0.3,9,798.0,0,0,,0,0,0.1,0.2
0.3,9,799.0,0,0,,0,0,0.1,0.1
0.3,9,800.0,0,1,,1,0,0.2,0.1
0.3,9,801.0,0,0,0.0,0,1,0.2,0.2
0.3,9,802.0,0,1,,1,0,0.3,0.2
0.3,9,803.0,0,0,0.0,0,1,0.3,0.3
0.3,9,804.0,0,0,,0,0,0.3,0.3
0.3,9,805.0,0,0,,0,0,0.2,0.3
0.3,9,806.0,0,1,,1,0,0.3,0.3
0.3,9,807.0,0,1,,0,0,0.3,0.2
0.3,9,808.0,0,1,,0,0,0.3,0.2
0.3,9,809.0,0,0,0.05606843460878963,1,2,0.4,0.4
0.3,9,810.0,0,0,0.0,1,1,0.4,0.5
0.3,9,811.0,0,0,,0,0,0.4,0.4
0.3,9,812.0,0,1,,1,0,0.4,0.4
0.3,9,813.0,0,1,0.0,1,1,0.5,0.4
0.3,9,814.0,0,0,0.0,0,1,0.5,0.5
0.3,9,815.0,0,0,0.0,1,1,0.6,0.6
0.3,9,816.0,0,0,,0,0,0.5,0.6
0.3,9,817.0,0,0,,0,0,0.5,0.6
0.3,9,818.0,0,1,,1,0,0.6,0.6
0.3,9,819.0,0,1,,0,0,0.5,0.4
0.3,9,820.0,0,1,,0,0,0.4,0.3
0.3,9,821.0,0,1,,0,0,0.4,0.3
0.3,9,822.0,0,0,0.0,0,1,0.3,0.4
0.3,9,823.0,0,0,,0,0,0.2,0.3
0.3,9,824.0,0,0,,0,0,0.2,0.2
0.3,9,825.0,0,0,,0,0,0.1,0.1
0.3,9,826.0,0,0,,0,0,0.1,0.1
0.3,9,827.0,0,0,0.0,1,1,0.2,0.2
0.3,9,828.0,0,0,,0,0,0.1,0.2
0.3,9,829.0,0,0,0.0,1,1,0.2,0.3
0.3,9,830.0,0,0,0.0,1,1,0.3,0.4
0.3,9,831.0,0,0,,0,0,0.3,0.4
0.3,9,832.0,0,0,0.0,1,1,0.4,0.4
0.3,9,833.0,0,0,,0,0,0.4,0.4
0.3,9,834.0,0,0,,0,0,0.4,0.4
0.3,9,835.0,0,0,,0,0,0.4,0.4
0.3,9,836.0,0,0,,0,0,0.4,0.4
0.3,9,837.0,0,0,,0,0,0.3,0.3
0.3,9,838.0,1,2,,2,0,0.5,0.3
0.3,9,839.0,0,1,0.0,0,1,0.4,0.3
0.3,9,840.0,0,1,,0,0,0.3,0.2
0.3,9,841.0,0,0,1.279456322457463,0,1,0.3,0.3
0.3,9,842.0,0,0,,0,0,0.2,0.2
0.3,9,843.0,0,0,,0,0,0.2,0.2
0.3,9,844.0,0,0,,0,0,0.2,0.2
0.3,9,845.0,0,0,,0,0,0.2,0.2
0.3,9,846.0,0,0,,0,0,0.2,0.2
0.3,9,847.0,0,1,,1,0,0.3,0.2
0.3,9,848.0,0,0,0.0,1,2,0.2,0.4
0.3,9,849.0,0,0,0.0,1,1,0.3,0.4
0.3,9,850.0,0,0,,0,0,0.3,0.4
0.3,9,851.0,0,0,0.0,2,2,0.5,0.5
0.3,9,852.0,0,0,,0,0,0.5,0.5
0.3,9,853.0,0,0,,0,0,0.5,0.5
0.3,9,854.0,0,1,,1,0,0.6,0.5
0.3,9,855.0,0,1,0.0,1,1,0.7,0.6
0.3,9,856.0,0,0,0.6825603291251809,0,1,0.7,0.7
0.3,9,857.0,0,0,,0,0,0.6,0.7
0.3,9,858.0,0,0,,0,0,0.5,0.5
0.3,9,859.0,0,0,,0,0,0.4,0.4
0.3,9,860.0,0,0,,0,0,0.4,0.4
0.3,9,861.0,0,0,0.0,1,1,0.3,0.3
0.3,9,862.0,0,0,,0,0,0.3,0.3
0.3,9,863.0,0,0,,0,0,0.3,0.3
0.3,9,864.0,0,0,,0,0,0.2,0.3
0.3,9,865.0,0,0,,0,0,0.1,0.2
0.3,9,866.0,1,2,0.0,3,1,0.4,0.2
0.3,9,867.0,1,2,,0,0,0.4,0.2
0.3,9,868.0,2,3,,1,0,0.5,0.2
0.3,9,869.0,2,3,0.3095573619661991,1,1,0.6,0.3
0.3,9,870.0,0,0,1.751770749437507,0,3,0.6,0.6
0.3,9,871.0,0,0,,0,0,0.5,0.5
0.3,9,872.0,0,0,,0,0,0.5,0.5
0.3,9,873.0,0,0,,0,0,0.5,0.5
0.3,9,874.0,0,1,,1,0,0.6,0.5
0.3,9,875.0,0,0,0.0,0,1,0.6,0.6
0.3,9,876.0,0,1,,1,0,0.4,0.5
0.3,9,877.0,0,0,0.08730988860577327,1,2,0.5,0.7
0.3,9,878.0,0,0,,0,0,0.4,0.7
0.3,9,879.0,0,0,,0,0,0.3,0.6
0.3,9,880.0,0,0,0.0,1,1,0.4,0.4
0.3,9,881.0,0,1,,1,0,0.5,0.4
0.3,9,882.0,0,0,0.0,0,1,0.5,0.5
0.3,9,883.0,0,0,,0,0,0.5,0.5
0.3,9,884.0,0,0,,0,0,0.4,0.5
0.3,9,885.0,0,0,,0,0,0.4,0.4
0.3,9,886.0,0,0,,0,0,0.3,0.4
0.3,9,887.0,0,0,,0,0,0.2,0.2
0.3,9,888.0,0,1,,1,0,0.3,0.2
0.3,9,889.0,1,2,,1,0,0.4,0.2
0.3,9,890.0,1,2,,0,0,0.3,0.1
0.3,9,891.0,0,1,0.0,0,1,0.2,0.2
0.3,9,892.0,0,1,,0,0,0.2,0.1
0.3,9,893.0,0,1,,0,0,0.2,0.1
0.3,9,894.0,0,0,1.7175990977580113,0,1,0.2,0.2
0.3,9,895.0,0,0,,0,0,0.2,0.2
0.3,9,896.0,0,0,,0,0,0.2,0.2
0.3,9,897.0,0,0,,0,0,0.2,0.2
0.3,9,898.0,0,0,,0,0,0.1,0.2
0.3,9,899.0,0,0,,0,0,0.0,0.2
0.3,9,900.0,0,1,,1,0,0.1,0.2
0.3,9,901.0,0,0,0.0,0,1,0.1,0.2
0.3,9,902.0,0,0,,0,0,0.1,0.2
0.3,9,903.0,0,0,,0,0,0.1,0.2
0.3,9,904.0,0,0,,0,0,0.1,0.1
0.3,9,905.0,0,0,,0,0,0.1,0.1
0.3,9,906.0,1,2,,2,0,0.3,0.1
0.3,9,907.0,1,2,0.0,1,1,0.4,0.2
0.3,9,908.0,1,2,,0,0,0.4,0.2
0.3,9,909.0,0,0,1.3266276113396316,0,2,0.4,0.4
0.3,9,910.0,0,0,,0,0,0.3,0.4
0.3,9,911.0,0,0,,0,0,0.3,0.3
0.3,9,912.0,0,0,0.0,1,1,0.4,0.4
0.3,9,913.0,0,0,0.0,1,1,0.5,0.5
0.3,9,914.0,0,0,,0,0,0.5,0.5
0.3,9,915.0,0,0,,0,0,0.5,0.5
0.3,9,916.0,0,1,,1,0,0.4,0.5
0.3,9,917.0,0,1,,0,0,0.3,0.4
0.3,9,918.0,0,0,0.0,0,1,0.3,0.5
0.3,9,919.0,0,0,,0,0,0.3,0.3
0.3,9,920.0,0,0,,0,0,0.3,0.3
0.3,9,921.0,0,1,,1,0,0.4,0.3
0.3,9,922.0,0,0,0.0,1,2,0.4,0.4
0.3,9,923.0,0,0,,0,0,0.3,0.3
0.3,9,924.0,0,0,,0,0,0.3,0.3
0.3,9,925.0,0,0,,0,0,0.3,0.3
0.3,9,926.0,0,0,,0,0,0.2,0.3
0.3,9,927.0,0,0,,0,0,0.2,0.3
0.3,9,928.0,0,0,,0,0,0.2,0.2
0.3,9,929.0,0,0,0.0,1,1,0.3,0.3
0.3,9,930.0,0,0,,0,0,0.3,0.3
0.3,9,931.0,0,0,,0,0,0.2,0.3
0.3,9,932.0,0,1,,1,0,0.2,0.1
0.3,9,933.0,0,0,0.0,0,1,0.2,0.2
0.3,9,934.0,0,0,,0,0,0.2,0.2
0.3,9,935.0,0,0,,0,0,0.2,0.2
0.3,9,936.0,0,0,,0,0,0.2,0.2
0.3,9,937.0,0,1,,1,0,0.3,0.2
0.3,9,938.0,0,1,,0,0,0.3,0.2
0.3,9,939.0,1,2,,1,0,0.3,0.1
0.3,9,940.0,2,3,,1,0,0.4,0.1
0.3,9,941.0,2,3,,0,0,0.4,0.1
0.3,9,942.0,1,2,0.0,0,1,0.3,0.2
0.3,9,943.0,0,0,2.700672874959423,0,2,0.3,0.3
0.3,9,944.0,0,0,,0,0,0.3,0.3
0.3,9,945.0,0,0,,0,0,0.3,0.3
0.3,9,946.0,0,0,0.0,1,1,0.4,0.4
0.3,9,947.0,0,0,,0,0,0.3,0.4
0.3,9,948.0,0,0,,0,0,0.3,0.4
0.3,9,949.0,0,0,,0,0,0.2,0.4
0.3,9,950.0,0,0,,0,0,0.1,0.4
0.3,9,951.0,0,0,,0,0,0.1,0.4
0.3,9,952.0,0,0,,0,0,0.1,0.3
0.3,9,953.0,0,0,0.0,1,1,0.2,0.2
0.3,9,954.0,0,0,,0,0,0.2,0.2
0.3,9,955.0,0,0,,0,0,0.2,0.2
0.3,9,956.0,0,0,,0,0,0.1,0.1
0.3,9,957.0,0,0,,0,0,0.1,0.1
0.3,9,958.0,0,0,,0,0,0.1,0.1
0.3,9,959.0,0,1,,1,0,0.2,0.1
0.3,9,960.0,0,0,0.0,0,1,0.2,0.2
0.3,9,961.0,0,0,,0,0,0.2,0.2
0.3,9,962.0,0,0,,0,0,0.2,0.2
0.3,9,963.0,0,0,,0,0,0.1,0.1
0.3,9,964.0,0,0,,0,0,0.1,0.1
0.3,9,965.0,0,0,,0,0,0.1,0.1
0.3,9,966.0,0,0,,0,0,0.1,0.1
0.3,9,967.0,0,0,,0,0,0.1,0.1
0.3,9,968.0,0,1,,1,0,0.2,0.1
0.3,9,969.0,0,0,0.0,0,1,0.1,0.2
0.3,9,970.0,0,0,,0,0,0.1,0.1
0.3,9,971.0,0,1,,1,0,0.2,0.1
0.3,9,972.0,0,0,0.09765733541087229,1,2,0.3,0.3
0.3,9,973.0,0,1,,1,0,0.4,0.3
0.3,9,974.0,0,0,0.0,0,1,0.4,0.4
0.3,9,975.0,0,0,,0,0,0.4,0.4
0.3,9,976.0,0,1,,1,0,0.5,0.4
0.3,9,977.0,0,0,0.0,0,1,0.5,0.5
0.3,9,978.0,0,0,,0,0,0.4,0.5
0.3,9,979.0,0,0,,0,0,0.4,0.4
0.3,9,980.0,0,0,,0,0,0.4,0.4
0.3,9,981.0,0,1,,1,0,0.4,0.4
0.3,9,982.0,0,0,0.0,0,1,0.3,0.3
0.3,9,983.0,0,0,,0,0,0.2,0.3
0.3,9,984.0,0,1,0.0,2,1,0.4,0.3
0.3,9,985.0,0,1,,0,0,0.4,0.3
0.3,9,986.0,0,1,0.0,1,1,0.4,0.4
0.3,9,987.0,1,2,,1,0,0.5,0.3
0.3,9,988.0,2,3,,1,0,0.6,0.3
0.3,9,989.0,1,2,0.0,0,1,0.6,0.4
0.3,9,990.0,0,1,1.8234910207083885,0,1,0.6,0.5
0.3,9,991.0,0,0,1.6261002220874161,0,1,0.5,0.6
0.3,9,992.0,0,0,,0,0,0.5,0.5
0.3,9,993.0,0,0,,0,0,0.5,0.5
0.3,9,994.0,0,0,,0,0,0.3,0.4
0.3,9,995.0,0,0,0.0,1,1,0.4,0.5
0.3,9,996.0,0,0,,0,0,0.3,0.4
0.3,9,997.0,0,0,,0,0,0.2,0.4
0.3,9,998.0,0,0,,0,0,0.1,0.4
0.3,9,999.0,0,0,,0,0,0.1,0.3
0.3,9,1000.0,0,0,,0,0,0.1,0.2
0.3,9,1001.0,0,0,,0,0,0.1,0.1
0.3,9,1002.0,0,0,,0,0,0.1,0.1
0.3,9,1003.0,0,1,,1,0,0.2,0.1
0.3,9,1004.0,0,0,0.0,0,1,0.2,0.2
0.3,9,1005.0,0,0,,0,0,0.1,0.1
0.3,9,1006.0,1,2,,2,0,0.3,0.1
0.3,9,1007.0,0,1,0.0,0,1,0.3,0.2
0.3,9,1008.0,0,0,0.3486767707031504,0,1,0.3,0.3
0.3,9,1009.0,0,0,,0,0,0.3,0.3
0.3,9,1010.0,0,0,,0,0,0.3,0.3
0.3,9,1011.0,0,0,,0,0,0.3,0.3
0.3,9,1012.0,0,0,,0,0,0.3,0.3
0.3,9,1013.0,0,0,,0,0,0.2,0.3
0.3,9,1014.0,0,0,,0,0,0.2,0.2
0.3,9,1015.0,0,0,,0,0,0.2,0.2
0.3,9,1016.0,0,0,,0,0,0.0,0.2
0.3,9,1017.0,0,0,,0,0,0.0,0.1
0.3,9,1018.0,0,0,,0,0,0.0,0.0
0.3,9,1019.0,0,0,0.0,1,1,0.1,0.1
0.3,9,1020.0,0,1,,1,0,0.2,0.1
0.3,9,1021.0,0,0,0.0,0,1,0.2,0.2
0.3,9,1022.0,0,1,,1,0,0.3,0.2
0.3,9,1023.0,1,2,,1,0,0.4,0.2
0.3,9,1024.0,3,4,,2,0,0.6,0.2
0.3,9,1025.0,1,2,1.0377973740651214,0,2,0.6,0.4
0.3,9,1026.0,2,3,,1,0,0.7,0.4
0.3,9,1027.0,1,2,1.032450995049885,0,1,0.7,0.5
0.3,9,1028.0,1,2,,0,0,0.7,0.5
0.3,9,1029.0,2,3,,1,0,0.7,0.4
0.3,9,1030.0,1,2,2.535818132591203,0,1,0.6,0.5
0.3,9,1031.0,1,2,,0,0,0.6,0.4
0.3,9,1032.0,1,2,,0,0,0.5,0.4
0.3,9,1033.0,1,2,3.972896435536086,1,1,0.5,0.5
0.3,9,1034.0,1,2,4.309525332333578,1,1,0.4,0.6
0.3,9,1035.0,0,1,1.1255423226027688,0,1,0.4,0.5
0.3,9,1036.0,0,0,1.3950287394591214,0,1,0.3,0.6
0.3,9,1037.0,0,0,,0,0,0.3,0.5
0.3,9,1038.0,0,1,,1,0,0.4,0.5
0.3,9,1039.0,0,1,0.0,1,1,0.4,0.6
0.3,9,1040.0,1,2,0.23882657693047804,2,1,0.6,0.6
0.3,9,1041.0,1,2,,0,0,0.6,0.6
0.3,9,1042.0,1,2,,0,0,0.6,0.6
0.3,9,1043.0,0,0,1.3304877383203575,0,2,0.5,0.7
0.3,9,1044.0,0,1,,1,0,0.5,0.6
0.3,9,1045.0,0,1,,0,0,0.5,0.5
0.3,9,1046.0,0,0,0.0,0,1,0.5,0.5
0.3,9,1047.0,0,0,,0,0,0.5,0.5
0.3,9,1048.0,0,0,,0,0,0.4,0.5
0.3,9,1049.0,0,0,,0,0,0.3,0.4
0.3,9,1050.0,0,0,,0,0,0.1,0.3
0.3,9,1051.0,0,0,,0,0,0.1,0.3
0.3,9,1052.0,0,1,,1,0,0.2,0.3
0.3,9,1053.0,0,0,0.0,0,1,0.2,0.2
0.3,9,1054.0,0,0,,0,0,0.1,0.2
0.3,9,1055.0,0,1,,1,0,0.2,0.2
0.3,9,1056.0,0,1,,0,0,0.2,0.1
0.3,9,1057.0,0,0,0.0,0,1,0.2,0.2
0.3,9,1058.0,0,0,,0,0,0.2,0.2
0.3,9,1059.0,0,0,,0,0,0.2,0.2
0.3,9,1060.0,0,0,,0,0,0.2,0.2
0.3,9,1061.0,0,0,,0,0,0.2,0.2
0.3,9,1062.0,0,0,,0,0,0.1,0.2
0.3,9,1063.0,0,0,,0,0,0.1,0.1
0.3,9,1064.0,0,0,,0,0,0.1,0.1
0.3,9,1065.0,1,2,,2,0,0.2,0.1
0.3,9,1066.0,1,2,,0,0,0.2,0.1
0.3,9,1067.0,1,2,0.0,1,1,0.3,0.1
0.3,9,1068.0,1,2,1.8775534790518122,1,1,0.4,0.2
0.3,9,1069.0,0,0,0.9644796877050794,0,2,0.4,0.4
0.3,9,1070.0,0,0,,0,0,0.4,0.4
0.3,9,1071.0,0,0,0.0,1,1,0.5,0.5
0.3,9,1072.0,0,0,,0,0,0.5,0.5
0.3,9,1073.0,0,0,0.0,1,1,0.6,0.6
0.3,9,1074.0,0,0,,0,0,0.6,0.6
0.3,9,1075.0,0,1,,1,0,0.5,0.6
0.3,9,1076.0,0,1,,0,0,0.5,0.6
0.3,9,1077.0,1,2,,1,0,0.5,0.5
0.3,9,1078.0,1,2,,0,0,0.4,0.4
0.3,9,1079.0,1,2,,0,0,0.4,0.2
0.3,9,1080.0,0,1,0.0,0,1,0.4,0.3
0.3,9,1081.0,0,0,2.842702429639985,0,1,0.3,0.3
0.3,9,1082.0,0,0,,0,0,0.3,0.3
0.3,9,1083.0,0,0,,0,0,0.2,0.2
0.3,9,1084.0,0,0,,0,0,0.2,0.2
0.3,9,1085.0,0,0,,0,0,0.1,0.2
0.3,9,1086.0,0,0,,0,0,0.1,0.2
0.3,9,1087.0,0,0,,0,0,0.0,0.2
0.3,9,1088.0,0,0,,0,0,0.0,0.2
0.3,9,1089.0,0,0,,0,0,0.0,0.2
0.3,9,1090.0,0,0,,0,0,0.0,0.1
0.3,9,1091.0,0,0,,0,0,0.0,0.0
0.3,9,1092.0,0,0,0.0,1,1,0.1,0.1
0.3,9,1093.0,0,0,,0,0,0.1,0.1
0.3,9,1094.0,0,1,,1,0,0.2,0.1
0.3,9,1095.0,1,2,,1,0,0.3,0.1
0.3,9,1096.0,0,1,0.39213030710652674,1,2,0.4,0.3
0.3,9,1097.0,1,2,,1,0,0.5,0.3
0.3,9,1098.0,0,1,0.0,0,1,0.5,0.4
0.3,9,1099.0,0,0,0.9829324924610319,0,1,0.5,0.5
0.3,9,1100.0,0,0,,0,0,0.5,0.5
0.3,9,1101.0,0,0,,0,0,0.5,0.5
0.3,9,1102.0,0,0,,0,0,0.4,0.4
0.3,9,1103.0,0,0,0.0,1,1,0.5,0.5
0.3,9,1104.0,0,1,,1,0,0.5,0.5
0.3,9,1105.0,0,0,0.13630424078348824,1,2,0.5,0.7
0.3,9,1106.0,0,0,,0,0,0.4,0.5
0.3,9,1107.0,0,0,,0,0,0.3,0.5
0.3,9,1108.0,0,0,0.0,1,1,0.4,0.5
0.3,9,1109.0,0,0,,0,0,0.4,0.4
0.3,9,1110.0,0,0,,0,0,0.4,0.4
0.3,9,1111.0,1,2,,2,0,0.6,0.4
0.3,9,1112.0,2,3,,1,0,0.7,0.4
0.3,9,1113.0,0,1,0.724709481675518,0,2,0.6,0.5
0.3,9,1114.0,1,2,,1,0,0.6,0.5
0.3,9,1115.0,1,2,,0,0,0.5,0.3
0.3,9,1116.0,0,0,1.312634804871891,0,2,0.5,0.5
0.3,9,1117.0,0,0,,0,0,0.5,0.5
0.3,9,1118.0,0,0,,0,0,0.4,0.4
0.3,9,1119.0,0,0,,0,0,0.4,0.4
0.3,9,1120.0,0,0,,0,0,0.4,0.4
0.3,9,1121.0,0,0,,0,0,0.2,0.4
0.3,9,1122.0,0,0,0.0,1,1,0.2,0.5
0.3,9,1123.0,0,0,,0,0,0.2,0.3
0.3,9,1124.0,0,0,,0,0,0.1,0.3
0.3,9,1125.0,0,0,,0,0,0.1,0.3
0.3,9,1126.0,0,0,0.0,1,1,0.2,0.2
0.3,9,1127.0,0,0,,0,0,0.2,0.2
0.3,9,1128.0,0,0,,0,0,0.2,0.2
0.3,9,1129.0,1,2,,2,0,0.4,0.2
0.3,9,1130.0,0,0,0.4265440743187128,0,2,0.4,0.4
0.3,9,1131.0,0,0,,0,0,0.4,0.4
0.3,9,1132.0,0,0,,0,0,0.3,0.3
0.3,9,1133.0,0,1,,1,0,0.4,0.3
0.3,9,1134.0,0,0,0.0,0,1,0.4,0.4
0.3,9,1135.0,0,0,,0,0,0.4,0.4
0.3,9,1136.0,0,0,,0,0,0.3,0.3
0.3,9,1137.0,0,0,,0,0,0.3,0.3
0.3,9,1138.0,0,1,,1,0,0.4,0.3
0.3,9,1139.0,0,0,0.0,0,1,0.2,0.4
0.3,9,1140.0,0,0,,0,0,0.2,0.2
0.3,9,1141.0,0,0,0.0,1,1,0.3,0.3
0.3,9,1142.0,0,1,,1,0,0.4,0.3
0.3,9,1143.0,0,0,0.0,0,1,0.3,0.4
0.3,9,1144.0,1,2,,2,0,0.5,0.3
0.3,9,1145.0,0,1,0.0,0,1,0.5,0.4
0.3,9,1146.0,1,2,,1,0,0.6,0.4
0.3,9,1147.0,0,1,1.309568816709998,0,1,0.6,0.5
0.3,9,1148.0,0,0,1.7105754843701106,0,1,0.5,0.6
0.3,9,1149.0,0,0,,0,0,0.5,0.5
0.3,9,1150.0,0,0,,0,0,0.5,0.5
0.3,9,1151.0,0,0,,0,0,0.4,0.4
0.3,9,1152.0,0,0,,0,0,0.3,0.4
0.3,9,1153.0,0,0,,0,0,0.3,0.3
0.3,9,1154.0,0,0,,0,0,0.1,0.3
0.3,9,1155.0,0,1,,1,0,0.2,0.2
0.3,9,1156.0,0,1,,0,0,0.1,0.2
0.3,9,1157.0,0,0,0.0,0,1,0.1,0.2
0.3,9,1158.0,0,0,,0,0,0.1,0.1
0.3,9,1159.0,0,0,,0,0,0.1,0.1
0.3,9,1160.0,0,0,,0,0,0.1,0.1
0.3,9,1161.0,0,0,,0,0,0.1,0.1
0.3,9,1162.0,0,0,,0,0,0.1,0.1
0.3,9,1163.0,0,0,,0,0,0.1,0.1
0.3,9,1164.0,0,0,,0,0,0.1,0.1
0.3,9,1165.0,0,0,,0,0,0.0,0.1
0.3,9,1166.0,1,2,,2,0,0.2,0.1
0.3,9,1167.0,1,2,,0,0,0.2,0.0
0.3,9,1168.0,1,2,0.0,1,1,0.3,0.1
0.3,9,1169.0,0,1,2.0781459616541724,0,1,0.3,0.2
0.3,9,1170.0,0,0,0.7899657543487137,0,1,0.3,0.3
0.3,9,1171.0,0,0,,0,0,0.3,0.3
0.3,9,1172.0,0,0,0.0,1,1,0.4,0.4
0.3,9,1173.0,0,0,,0,0,0.4,0.4
0.3,9,1174.0,0,0,,0,0,0.4,0.4
0.3,9,1175.0,0,0,,0,0,0.4,0.4
0.3,9,1176.0,0,0,,0,0,0.2,0.4
0.3,9,1177.0,0,1,,1,0,0.3,0.4
0.3,9,1178.0,0,1,0.0,1,1,0.3,0.4
0.3,9,1179.0,0,0,0.12489650800080199,0,1,0.3,0.4
0.3,9,1180.0,0,0,,0,0,0.3,0.3
0.3,9,1181.0,0,0,,0,0,0.3,0.3
0.3,9,1182.0,0,0,,0,0,0.2,0.2
0.3,9,1183.0,0,1,,1,0,0.3,0.2
0.3,9,1184.0,1,2,,1,0,0.4,0.2
0.3,9,1185.0,0,1,0.551379759767201,1,2,0.5,0.4
0.3,9,1186.0,0,0,0.04888157914115254,0,1,0.5,0.5
0.3,9,1187.0,0,0,,0,0,0.4,0.5
0.3,9,1188.0,0,0,,0,0,0.3,0.4
0.3,9,1189.0,0,1,,1,0,0.4,0.3
0.3,9,1190.0,0,0,0.0,0,1,0.4,0.4
0.3,9,1191.0,0,1,,1,0,0.5,0.4
0.3,9,1192.0,0,1,,0,0,0.5,0.4
0.3,9,1193.0,0,0,0.0,0,1,0.4,0.5
0.3,9,1194.0,0,0,,0,0,0.3,0.5
0.3,9,1195.0,0,0,,0,0,0.2,0.3
0.3,9,1196.0,0,1,,1,0,0.3,0.2
0.3,9,1197.0,0,0,0.0,1,2,0.4,0.4
0.3,9,1198.0,0,0,,0,0,0.4,0.4
0.3,9,1199.0,0,0,0.0,1,1,0.4,0.5
0.3,9,1200.0,0,0,,0,0,0.4,0.4
0.3,9,1201.0,0,0,,0,0,0.3,0.4
0.3,9,1202.0,0,0,0.0,1,1,0.4,0.5
0.3,9,1203.0,0,0,,0,0,0.4,0.4
0.3,9,1204.0,0,0,,0,0,0.4,0.4
0.3,9,1205.0,0,1,,1,0,0.5,0.4
0.3,9,1206.0,0,1,,0,0,0.4,0.4
0.3,9,1207.0,0,0,0.0,0,1,0.3,0.3
0.3,9,1208.0,0,0,,0,0,0.3,0.3
0.3,9,1209.0,0,0,,0,0,0.2,0.2
0.3,9,1210.0,0,0,,0,0,0.2,0.2
0.3,9,1211.0,0,0,,0,0,0.2,0.2
0.3,9,1212.0,0,0,,0,0,0.1,0.1
0.3,9,1213.0,0,1,,1,0,0.2,0.1
0.3,9,1214.0,0,0,0.0,0,1,0.2,0.2
0.3,9,1215.0,0,0,,0,0,0.1,0.2
0.3,9,1216.0,0,0,,0,0,0.1,0.2
0.3,9,1217.0,0,0,,0,0,0.1,0.1
0.3,9,1218.0,0,1,,1,0,0.2,0.1
0.3,9,1219.0,0,0,0.0,0,1,0.2,0.2
0.3,9,1220.0,0,0,,0,0,0.2,0.2
0.3,9,1221.0,0,0,,0,0,0.2,0.2
0.3,9,1222.0,0,1,,1,0,0.3,0.2
0.3,9,1223.0,0,0,0.0,0,1,0.2,0.3
0.3,9,1224.0,0,0,,0,0,0.2,0.2
0.3,9,1225.0,0,0,,0,0,0.2,0.2
0.3,9,1226.0,0,0,,0,0,0.2,0.2
0.3,9,1227.0,0,0,,0,0,0.2,0.2
0.3,9,1228.0,0,0,,0,0,0.1,0.2
0.3,9,1229.0,0,0,,0,0,0.1,0.1
0.3,9,1230.0,0,0,,0,0,0.1,0.1
0.3,9,1231.0,0,0,,0,0,0.1,0.1
0.3,9,1232.0,0,0,,0,0,0.0,0.1
0.3,9,1233.0,0,0,,0,0,0.0,0.0
0.3,9,1234.0,0,0,,0,0,0.0,0.0
0.3,9,1235.0,0,1,,1,0,0.1,0.0
0.3,9,1236.0,0,1,,0,0,0.1,0.0
0.3,9,1237.0,0,1,,0,0,0.1,0.0
0.3,9,1238.0,0,1,,0,0,0.1,0.0
0.3,9,1239.0,0,0,0.0,0,1,0.1,0.1
0.3,9,1240.0,0,0,,0,0,0.1,0.1
0.3,9,1241.0,0,0,,0,0,0.1,0.1
0.3,9,1242.0,0,0,,0,0,0.1,0.1
0.3,9,1243.0,0,0,,0,0,0.1,0.1
0.3,9,1244.0,0,0,0.0,1,1,0.2,0.2
0.3,9,1245.0,0,0,,0,0,0.1,0.2
0.3,9,1246.0,0,0,,0,0,0.1,0.2
0.3,9,1247.0,0,0,,0,0,0.1,0.2
0.3,9,1248.0,0,0,0.0,1,1,0.2,0.3
0.3,9,1249.0,0,0,,0,0,0.2,0.2
0.3,9,1250.0,0,0,,0,0,0.2,0.2
0.3,9,1251.0,0,0,,0,0,0.2,0.2
0.3,9,1252.0,0,0,,0,0,0.2,0.2
0.3,9,1253.0,0,0,0.0,1,1,0.3,0.3
0.3,9,1254.0,0,1,,1,0,0.3,0.2
0.3,9,1255.0,0,1,,0,0,0.3,0.2
0.3,9,1256.0,1,2,,1,0,0.4,0.2
0.3,9,1257.0,0,0,0.4224491940938151,0,2,0.4,0.4
0.3,9,1258.0,0,1,,1,0,0.4,0.3
0.3,9,1259.0,1,2,,1,0,0.5,0.3
0.3,9,1260.0,1,2,,0,0,0.5,0.3
0.3,9,1261.0,1,2,0.7000205892853728,2,2,0.7,0.5
0.3,9,1262.0,0,0,0.1983274923195495,0,2,0.7,0.7
0.3,9,1263.0,0,0,,0,0,0.6,0.6
0.3,9,1264.0,0,0,,0,0,0.5,0.6
0.3,9,1265.0,0,1,,1,0,0.6,0.6
0.3,9,1266.0,1,2,,1,0,0.6,0.6
0.3,9,1267.0,0,1,0.0,0,1,0.6,0.5
0.3,9,1268.0,0,1,,0,0,0.5,0.5
0.3,9,1269.0,1,2,,1,0,0.5,0.5
0.3,9,1270.0,0,0,0.9523432654143562,0,2,0.5,0.7
0.3,9,1271.0,0,0,,0,0,0.3,0.5
0.3,9,1272.0,0,0,,0,0,0.3,0.3
0.3,9,1273.0,0,0,0.11559698629889681,2,2,0.5,0.5
0.3,9,1274.0,0,0,,0,0,0.5,0.5
0.3,9,1275.0,0,0,0.0,1,1,0.5,0.6
0.3,9,1276.0,0,0,,0,0,0.4,0.6
0.3,9,1277.0,0,0,,0,0,0.4,0.5
0.3,9,1278.0,0,1,,1,0,0.5,0.5
0.3,9,1279.0,0,0,0.0,0,1,0.4,0.6
0.3,9,1280.0,0,1,,1,0,0.5,0.4
0.3,9,1281.0,0,0,0.0,0,1,0.5,0.5
0.3,9,1282.0,0,0,,0,0,0.5,0.5
0.3,9,1283.0,0,0,,0,0,0.3,0.3
0.3,9,1284.0,0,0,,0,0,0.3,0.3
0.3,9,1285.0,0,0,,0,0,0.2,0.2
0.3,9,1286.0,0,0,,0,0,0.2,0.2
0.3,9,1287.0,0,0,,0,0,0.2,0.2
0.3,9,1288.0,0,0,,0,0,0.1,0.2
0.3,9,1289.0,0,1,,1,0,0.2,0.1
0.3,9,1290.0,0,0,0.0,0,1,0.1,0.2
0.3,9,1291.0,0,0,,0,0,0.1,0.1
0.3,9,1292.0,0,0,,0,0,0.1,0.1
0.3,9,1293.0,0,0,,0,0,0.1,0.1
0.3,9,1294.0,0,0,,0,0,0.1,0.1
0.3,9,1295.0,1,2,,2,0,0.3,0.1
0.3,9,1296.0,0,1,0.0,0,1,0.3,0.2
0.3,9,1297.0,0,1,,0,0,0.3,0.2
0.3,9,1298.0,0,0,1.1692675863823752,0,1,0.3,0.3
0.3,9,1299.0,0,0,,0,0,0.2,0.3
0.3,9,1300.0,0,0,,0,0,0.2,0.2
0.3,9,1301.0,0,0,,0,0,0.2,0.2
0.3,9,1302.0,0,1,,1,0,0.3,0.2
0.3,9,1303.0,0,0,0.0,0,1,0.3,0.3
0.3,9,1304.0,0,1,,1,0,0.4,0.3
0.3,9,1305.0,0,1,,0,0,0.2,0.3
0.3,9,1306.0,0,1,0.0,1,1,0.3,0.3
0.3,9,1307.0,0,0,0.05033249614643864,1,2,0.4,0.5
0.3,9,1308.0,0,0,,0,0,0.4,0.4
0.3,9,1309.0,0,0,,0,0,0.4,0.4
0.3,9,1310.0,0,0,,0,0,0.4,0.4
0.3,9,1311.0,0,0,,0,0,0.4,0.4
0.3,9,1312.0,0,0,,0,0,0.3,0.4
0.3,9,1313.0,0,0,0.0,1,1,0.4,0.4
0.3,9,1314.0,0,0,,0,0,0.3,0.4
0.3,9,1315.0,0,0,0.0,1,1,0.4,0.5
0.3,9,1316.0,0,0,,0,0,0.3,0.4
0.3,9,1317.0,0,0,,0,0,0.2,0.2
0.3,9,1318.0,0,0,,0,0,0.2,0.2
0.3,9,1319.0,0,0,,0,0,0.2,0.2
0.3,9,1320.0,0,0,,0,0,0.2,0.2
0.3,9,1321.0,0,0,,0,0,0.2,0.2
0.3,9,1322.0,0,0,,0,0,0.2,0.2
0.3,9,1323.0,0,0,,0,0,0.1,0.1
0.3,9,1324.0,0,0,,0,0,0.1,0.1
0.3,9,1325.0,0,0,,0,0,0.0,0.0
0.3,9,1326.0,0,0,,0,0,0.0,0.0
0.3,9,1327.0,0,0,,0,0,0.0,0.0
0.3,9,1328.0,0,0,0.0,1,1,0.1,0.1
0.3,9,1329.0,0,0,,0,0,0.1,0.1
0.3,9,1330.0,0,0,0.0,1,1,0.2,0.2
0.3,9,1331.0,0,0,,0,0,0.2,0.2
0.3,9,1332.0,0,0,,0,0,0.2,0.2
0.3,9,1333.0,0,0,,0,0,0.2,0.2
0.3,9,1334.0,0,1,,1,0,0.3,0.2
0.3,9,1335.0,1,2,,1,0,0.4,0.2
0.3,9,1336.0,0,1,0.0,0,1,0.4,0.3
0.3,9,1337.0,0,0,1.880822305321999,0,1,0.4,0.4
0.3,9,1338.0,0,0,0.0,1,1,0.4,0.4
0.3,9,1339.0,1,2,,2,0,0.6,0.4
0.3,9,1340.0,1,2,,0,0,0.5,0.3
0.3,9,1341.0,0,1,0.0,0,1,0.5,0.4
0.3,9,1342.0,1,2,1.663216828512759,2,1,0.7,0.5
0.3,9,1343.0,1,2,,0,0,0.7,0.5
0.3,9,1344.0,1,2,,0,0,0.6,0.5
0.3,9,1345.0,2,3,,1,0,0.6,0.5
0.3,9,1346.0,3,4,,1,0,0.7,0.4
0.3,9,1347.0,2,3,0.6678661732605633,0,1,0.7,0.4
0.3,9,1348.0,1,2,4.457271774665969,0,1,0.6,0.4
0.3,9,1349.0,1,2,,0,0,0.4,0.4
0.3,9,1350.0,0,0,3.6590131097440235,0,2,0.4,0.6
0.3,9,1351.0,0,0,,0,0,0.4,0.5
0.3,9,1352.0,0,1,,1,0,0.3,0.4
0.3,9,1353.0,0,0,0.0,1,2,0.4,0.6
0.3,9,1354.0,0,0,,0,0,0.4,0.6
0.3,9,1355.0,0,0,0.0,1,1,0.4,0.7
0.3,9,1356.0,0,0,,0,0,0.3,0.7
0.3,9,1357.0,0,0,,0,0,0.3,0.6
0.3,9,1358.0,0,0,,0,0,0.3,0.5
0.3,9,1359.0,0,1,,1,0,0.4,0.5
0.3,9,1360.0,0,0,0.0,0,1,0.4,0.4
0.3,9,1361.0,0,0,,0,0,0.4,0.4
0.3,9,1362.0,0,1,,1,0,0.4,0.4
0.3,9,1363.0,0,1,,0,0,0.3,0.2
0.3,9,1364.0,0,1,,0,0,0.3,0.2
0.3,9,1365.0,0,1,,0,0,0.2,0.1
0.3,9,1366.0,0,0,0.0,0,1,0.2,0.2
0.3,9,1367.0,0,0,,0,0,0.2,0.2
0.3,9,1368.0,0,1,,1,0,0.3,0.2
0.3,9,1369.0,1,2,,1,0,0.3,0.2
0.3,9,1370.0,0,1,0.25502591157999177,1,2,0.4,0.3
0.3,9,1371.0,0,0,0.27578205900363173,0,1,0.4,0.4
0.3,9,1372.0,0,0,,0,0,0.3,0.4
0.3,9,1373.0,0,0,,0,0,0.3,0.4
0.3,9,1374.0,0,0,,0,0,0.3,0.4
0.3,9,1375.0,0,0,,0,0,0.3,0.4
0.3,9,1376.0,0,1,,1,0,0.4,0.3
0.3,9,1377.0,0,0,0.0,0,1,0.4,0.4
0.3,9,1378.0,0,0,,0,0,0.3,0.4
0.3,9,1379.0,0,0,,0,0,0.2,0.4
0.3,9,1380.0,0,0,,0,0,0.1,0.2
0.3,9,1381.0,0,0,,0,0,0.1,0.1
0.3,9,1382.0,0,0,,0,0,0.1,0.1
0.3,9,1383.0,0,0,,0,0,0.1,0.1
0.3,9,1384.0,0,0,,0,0,0.1,0.1
0.3,9,1385.0,0,0,,0,0,0.1,0.1
0.3,9,1386.0,0,0,,0,0,0.0,0.1
0.3,9,1387.0,0,0,0.0,1,1,0.1,0.1
0.3,9,1388.0,0,1,,1,0,0.2,0.1
0.3,9,1389.0,0,0,0.0,0,1,0.2,0.2
0.3,9,1390.0,0,0,,0,0,0.2,0.2
0.3,9,1391.0,0,0,,0,0,0.2,0.2
0.3,9,1392.0,0,0,,0,0,0.2,0.2
0.3,9,1393.0,0,0,,0,0,0.2,0.2
0.3,9,1394.0,0,0,,0,0,0.2,0.2
0.3,9,1395.0,0,0,,0,0,0.2,0.2
0.3,9,1396.0,0,0,,0,0,0.2,0.2
0.3,9,1397.0,0,0,0.0,1,1,0.2,0.2
0.3,9,1398.0,0,1,,1,0,0.2,0.2
0.3,9,1399.0,0,1,,0,0,0.2,0.1
0.3,9,1400.0,1,2,,1,0,0.3,0.1
0.3,9,1401.0,2,3,,1,0,0.4,0.1
0.3,9,1402.0,1,2,0.0,0,1,0.4,0.2
0.3,9,1403.0,1,2,,0,0,0.4,0.2
0.3,9,1404.0,0,0,2.601617617216675,0,2,0.4,0.4
0.3,9,1405.0,0,1,,1,0,0.5,0.4
0.3,9,1406.0,0,0,0.0,0,1,0.5,0.5
0.3,9,1407.0,0,0,,0,0,0.4,0.4
0.3,9,1408.0,0,0,,0,0,0.3,0.4
0.3,9,1409.0,0,1,,1,0,0.4,0.4
0.3,9,1410.0,0,1,,0,0,0.3,0.4
0.3,9,1411.0,0,1,,0,0,0.2,0.4
0.3,9,1412.0,0,1,,0,0,0.2,0.3
0.3,9,1413.0,1,2,0.0,2,1,0.4,0.4
0.3,9,1414.0,1,2,0.29252240681285,1,1,0.5,0.3
0.3,9,1415.0,1,2,0.39125354400994183,1,1,0.5,0.4
0.3,9,1416.0,0,0,1.0028920451765089,0,2,0.5,0.5
0.3,9,1417.0,0,1,,1,0,0.6,0.5
0.3,9,1418.0,0,0,0.0,0,1,0.6,0.6
0.3,9,1419.0,0,1,,1,0,0.6,0.6
0.3,9,1420.0,0,1,,0,0,0.6,0.6
0.3,9,1421.0,0,1,,0,0,0.6,0.6
0.3,9,1422.0,0,0,0.0,0,1,0.6,0.7
0.3,9,1423.0,0,0,,0,0,0.4,0.6
0.3,9,1424.0,0,0,0.0,1,1,0.4,0.6
0.3,9,1425.0,0,0,,0,0,0.3,0.5
0.3,9,1426.0,0,1,,1,0,0.4,0.3
0.3,9,1427.0,0,0,0.0,0,1,0.3,0.4
0.3,9,1428.0,0,0,,0,0,0.3,0.3
0.3,9,1429.0,0,0,,0,0,0.2,0.3
0.3,9,1430.0,0,0,,0,0,0.2,0.3
0.3,9,1431.0,0,0,,0,0,0.2,0.3
0.3,9,1432.0,0,0,,0,0,0.2,0.2
0.3,9,1433.0,0,0,,0,0,0.2,0.2
0.3,9,1434.0,0,0,0.0,1,1,0.2,0.2
0.3,9,1435.0,0,0,0.0,1,1,0.3,0.3
0.3,9,1436.0,0,1,,1,0,0.3,0.3
0.3,9,1437.0,2,3,,2,0,0.5,0.2
0.3,9,1438.0,2,3,,0,0,0.5,0.2
0.3,9,1439.0,1,2,0.0,0,1,0.5,0.3
0.3,9,1440.0,0,1,2.5609942809392123,0,1,0.5,0.4
0.3,9,1441.0,0,0,3.1663435687326,0,1,0.5,0.5
0.3,9,1442.0,0,0,,0,0,0.5,0.5
0.3,9,1443.0,0,0,,0,0,0.5,0.5
0.3,9,1444.0,0,0,0.0,1,1,0.5,0.5
0.3,9,1445.0,0,0,,0,0,0.4,0.4
0.3,9,1446.0,0,0,,0,0,0.3,0.4
0.3,9,1447.0,0,0,,0,0,0.1,0.4
0.3,9,1448.0,0,0,0.0,1,1,0.2,0.5
0.3,9,1449.0,0,0,0.0,1,1,0.3,0.5
0.3,9,1450.0,0,1,,1,0,0.4,0.4
0.3,9,1451.0,0,0,0.0,0,1,0.4,0.4
0.3,9,1452.0,0,0,,0,0,0.4,0.4
0.3,9,1453.0,0,0,,0,0,0.4,0.4
0.3,9,1454.0,0,0,,0,0,0.3,0.3
0.3,9,1455.0,2,3,,3,0,0.6,0.3
0.3,9,1456.0,0,1,0.4178003501368721,0,2,0.6,0.5
0.3,9,1457.0,0,0,0.6093088117888783,1,2,0.7,0.7
0.3,9,1458.0,0,0,,0,0,0.6,0.6
0.3,9,1459.0,0,0,,0,0,0.5,0.5
0.3,9,1460.0,0,0,,0,0,0.4,0.5
0.3,9,1461.0,0,0,,0,0,0.4,0.4
0.3,9,1462.0,0,0,,0,0,0.4,0.4
0.3,9,1463.0,0,0,,0,0,0.4,0.4
0.3,9,1464.0,0,1,,1,0,0.5,0.4
0.3,9,1465.0,0,1,,0,0,0.2,0.4
0.3,9,1466.0,0,0,0.0,0,1,0.2,0.3
0.3,9,1467.0,0,0,,0,0,0.1,0.1
0.3,9,1468.0,0,0,,0,0,0.1,0.1
0.3,9,1469.0,0,0,,0,0,0.1,0.1
0.3,9,1470.0,0,0,,0,0,0.1,0.1
0.3,9,1471.0,0,0,,0,0,0.1,0.1
0.3,9,1472.0,0,0,,0,0,0.1,0.1
0.3,9,1473.0,0,0,,0,0,0.1,0.1
0.3,9,1474.0,0,0,,0,0,0.0,0.1
0.3,9,1475.0,0,1,,1,0,0.1,0.1
0.3,9,1476.0,0,0,0.0,1,2,0.2,0.2
0.3,9,1477.0,0,0,,0,0,0.2,0.2
0.3,9,1478.0,0,0,,0,0,0.2,0.2
0.3,9,1479.0,0,0,,0,0,0.2,0.2
0.3,9,1480.0,0,0,,0,0,0.2,0.2
0.3,9,1481.0,0,1,0.014037528829476287,3,2,0.5,0.4
0.3,9,1482.0,0,0,0.0,0,1,0.5,0.5
0.3,9,1483.0,0,0,,0,0,0.5,0.5
0.3,9,1484.0,0,0,,0,0,0.5,0.5
0.3,9,1485.0,0,0,,0,0,0.4,0.5
0.3,9,1486.0,0,0,0.0,1,1,0.4,0.4
0.3,9,1487.0,0,1,,1,0,0.5,0.4
0.3,9,1488.0,1,2,,1,0,0.6,0.4
0.3,9,1489.0,0,1,0.0,0,1,0.6,0.5
0.3,9,1490.0,0,1,1.304530624110157,1,1,0.7,0.6
0.3,9,1491.0,0,1,0.0,1,1,0.5,0.5
0.3,9,1492.0,0,0,0.0,0,1,0.5,0.5
0.3,9,1493.0,0,0,,0,0,0.5,0.5
0.3,9,1494.0,1,2,,2,0,0.7,0.5
0.3,9,1495.0,1,2,,0,0,0.7,0.5
0.3,9,1496.0,2,3,,1,0,0.7,0.4
0.3,9,1497.0,3,4,,1,0,0.7,0.4
0.3,9,1498.0,3,4,,0,0,0.6,0.4
0.3,9,1499.0,3,4,,0,0,0.6,0.3
0.3,9,1500.0,3,4,,0,0,0.5,0.2
0.3,9,1501.0,3,4,,0,0,0.4,0.1
0.3,9,1502.0,0,0,4.502410079437141,0,4,0.4,0.4
0.3,9,1503.0,0,0,,0,0,0.4,0.4
0.3,9,1504.0,0,0,0.0,1,1,0.3,0.5
0.3,9,1505.0,0,0,,0,0,0.3,0.5
0.3,9,1506.0,0,0,0.0,1,1,0.3,0.6
0.3,9,1507.0,0,1,,1,0,0.3,0.6
0.3,9,1508.0,0,1,,0,0,0.3,0.6
0.3,9,1509.0,0,0,0.0,0,1,0.3,0.7
0.3,9,1510.0,0,0,0.0,1,1,0.4,0.8
0.3,9,1511.0,0,0,0.0,1,1,0.5,0.9
0.3,9,1512.0,0,0,,0,0,0.5,0.5
0.3,9,1513.0,0,0,,0,0,0.5,0.5
0.3,9,1514.0,0,0,,0,0,0.4,0.4
0.3,9,1515.0,0,0,,0,0,0.4,0.4
0.3,9,1516.0,0,0,0.0,1,1,0.4,0.4
0.3,9,1517.0,0,0,0.0,1,1,0.4,0.5
0.3,9,1518.0,0,0,,0,0,0.4,0.5
0.3,9,1519.0,0,0,,0,0,0.4,0.4
0.3,9,1520.0,0,1,,1,0,0.4,0.3
0.3,9,1521.0,0,0,0.0,0,1,0.3,0.3
0.3,9,1522.0,0,0,,0,0,0.3,0.3
0.3,9,1523.0,0,0,,0,0,0.3,0.3
0.3,9,1524.0,0,1,,1,0,0.4,0.3
0.3,9,1525.0,0,0,0.0,0,1,0.4,0.4
0.3,9,1526.0,0,0,,0,0,0.3,0.3
0.3,9,1527.0,0,0,,0,0,0.2,0.2
0.3,9,1528.0,0,1,,1,0,0.3,0.2
0.3,9,1529.0,0,0,0.0,0,1,0.3,0.3
0.3,9,1530.0,0,0,,0,0,0.2,0.3
0.3,9,1531.0,0,0,,0,0,0.2,0.2
0.3,9,1532.0,0,0,,0,0,0.2,0.2
0.3,9,1533.0,0,0,,0,0,0.2,0.2
0.3,9,1534.0,0,0,,0,0,0.1,0.2
0.3,9,1535.0,0,0,,0,0,0.1,0.1
0.3,9,1536.0,0,0,0.0,1,1,0.2,0.2
0.3,9,1537.0,0,0,,0,0,0.2,0.2
0.3,9,1538.0,0,0,,0,0,0.1,0.2
0.3,9,1539.0,0,1,0.0,2,1,0.3,0.2
0.3,9,1540.0,0,1,,0,0,0.3,0.2
0.3,9,1541.0,0,0,0.0,0,1,0.3,0.3
0.3,9,1542.0,0,0,0.0,1,1,0.4,0.4
0.3,9,1543.0,0,0,,0,0,0.4,0.4
0.3,9,1544.0,0,0,,0,0,0.4,0.4
0.3,9,1545.0,0,0,0.0,1,1,0.5,0.5
0.3,9,1546.0,0,1,,1,0,0.5,0.4
0.3,9,1547.0,0,1,,0,0,0.5,0.4
0.3,9,1548.0,0,0,0.06213743292721574,1,2,0.6,0.6
0.3,9,1549.0,0,0,,0,0,0.4,0.5
0.3,9,1550.0,0,0,,0,0,0.4,0.5
0.3,9,1551.0,0,0,,0,0,0.4,0.4
0.3,9,1552.0,0,0,0.0,1,1,0.4,0.4
0.3,9,1553.0,0,1,0.0,2,1,0.6,0.5
0.3,9,1554.0,0,0,0.0,0,1,0.6,0.6
0.3,9,1555.0,0,1,,1,0,0.6,0.5
0.3,9,1556.0,1,2,0.0,2,1,0.7,0.6
0.3,9,1557.0,1,2,,0,0,0.7,0.6
0.3,9,1558.0,0,0,0.6567462124842223,0,2,0.6,0.6
0.3,9,1559.0,0,1,0.0,2,1,0.8,0.7
0.3,9,1560.0,0,1,,0,0,0.8,0.7
0.3,9,1561.0,0,0,0.13580847472610458,1,2,0.9,0.9
0.3,9,1562.0,0,1,,1,0,0.9,0.8
0.3,9,1563.0,0,0,0.0,1,2,0.8,0.9
0.3,9,1564.0,0,0,,0,0,0.8,0.8
0.3,9,1565.0,0,0,,0,0,0.7,0.8
0.3,9,1566.0,0,1,,1,0,0.6,0.7
0.3,9,1567.0,0,0,0.0,0,1,0.6,0.8
0.3,9,1568.0,0,0,,0,0,0.6,0.6
0.3,9,1569.0,0,0,,0,0,0.4,0.5
0.3,9,1570.0,0,0,,0,0,0.4,0.5
0.3,9,1571.0,0,0,,0,0,0.3,0.3
0.3,9,1572.0,0,0,,0,0,0.2,0.3
0.3,9,1573.0,0,0,,0,0,0.1,0.1
0.3,9,1574.0,0,0,,0,0,0.1,0.1
0.3,9,1575.0,0,0,,0,0,0.1,0.1
0.3,9,1576.0,0,0,,0,0,0.0,0.1
0.3,9,1577.0,0,0,,0,0,0.0,0.0
0.3,9,1578.0,0,0,0.0,1,1,0.1,0.1
0.3,9,1579.0,0,0,0.0,1,1,0.2,0.2
0.3,9,1580.0,0,0,,0,0,0.2,0.2
0.3,9,1581.0,0,0,,0,0,0.2,0.2
0.3,9,1582.0,0,0,,0,0,0.2,0.2
0.3,9,1583.0,0,0,,0,0,0.2,0.2
0.3,9,1584.0,0,0,,0,0,0.2,0.2
0.3,9,1585.0,0,0,,0,0,0.2,0.2
0.3,9,1586.0,0,0,,0,0,0.2,0.2
0.3,9,1587.0,0,0,,0,0,0.2,0.2
0.3,9,1588.0,0,0,,0,0,0.1,0.1
0.3,9,1589.0,0,0,0.0,1,1,0.1,0.1
0.3,9,1590.0,0,0,,0,0,0.1,0.1
0.3,9,1591.0,0,1,,1,0,0.2,0.1
0.3,9,1592.0,0,0,0.0,1,2,0.3,0.3
0.3,9,1593.0,0,0,,0,0,0.3,0.3
0.3,9,1594.0,0,0,,0,0,0.3,0.3
0.3,9,1595.0,0,0,0.0,1,1,0.4,0.4
0.3,9,1596.0,0,1,,1,0,0.5,0.4
0.3,9,1597.0,0,0,0.0,0,1,0.5,0.5
0.3,9,1598.0,0,0,,0,0,0.5,0.5
0.3,9,1599.0,0,0,,0,0,0.4,0.4
0.3,9,1600.0,0,0,,0,0,0.4,0.4
0.3,9,1601.0,0,0,,0,0,0.3,0.4
0.3,9,1602.0,0,0,,0,0,0.2,0.2
0.3,9,1603.0,0,0,,0,0,0.2,0.2
0.3,9,1604.0,0,0,,0,0,0.2,0.2
0.3,9,1605.0,0,0,,0,0,0.1,0.1
0.3,9,1606.0,0,0,,0,0,0.0,0.1
0.3,9,1607.0,0,0,,0,0,0.0,0.0
0.3,9,1608.0,0,0,,0,0,0.0,0.0
0.3,9,1609.0,0,0,0.0,1,1,0.1,0.1
0.3,9,1610.0,0,0,,0,0,0.1,0.1
0.3,9,1611.0,0,0,,0,0,0.1,0.1
0.3,9,1612.0,0,0,,0,0,0.1,0.1
0.3,9,1613.0,0,1,0.0,2,1,0.3,0.2
0.3,9,1614.0,0,0,0.0,0,1,0.3,0.3
0.3,9,1615.0,0,0,,0,0,0.3,0.3
0.3,9,1616.0,0,0,,0,0,0.3,0.3
0.3,9,1617.0,0,1,,1,0,0.4,0.3
0.3,9,1618.0,0,0,0.08090587918638903,1,2,0.5,0.5
0.3,9,1619.0,0,0,0.0,1,1,0.5,0.5
0.3,9,1620.0,0,0,,0,0,0.5,0.5
0.3,9,1621.0,0,0,,0,0,0.5,0.5
0.3,9,1622.0,0,0,,0,0,0.5,0.5
0.3,9,1623.0,0,0,,0,0,0.3,0.4
0.3,9,1624.0,0,0,,0,0,0.3,0.3
0.3,9,1625.0,0,0,,0,0,0.3,0.3
0.3,9,1626.0,0,0,,0,0,0.3,0.3
0.3,9,1627.0,0,1,0.0,2,1,0.4,0.4
0.3,9,1628.0,0,0,0.0,0,1,0.3,0.3
0.3,9,1629.0,0,0,,0,0,0.2,0.2
0.3,9,1630.0,0,0,,0,0,0.2,0.2
0.3,9,1631.0,0,0,,0,0,0.2,0.2
0.3,9,1632.0,0,0,,0,0,0.2,0.2
0.3,9,1633.0,0,0,,0,0,0.2,0.2
0.3,9,1634.0,0,0,,0,0,0.2,0.2
0.3,9,1635.0,0,0,,0,0,0.2,0.2
0.3,9,1636.0,0,0,,0,0,0.2,0.2
0.3,9,1637.0,0,0,0.0,1,1,0.1,0.2
0.3,9,1638.0,0,0,,0,0,0.1,0.1
0.3,9,1639.0,0,0,,0,0,0.1,0.1
0.3,9,1640.0,0,0,,0,0,0.1,0.1
0.3,9,1641.0,0,0,,0,0,0.1,0.1
0.3,9,1642.0,0,0,,0,0,0.1,0.1
0.3,9,1643.0,0,0,,0,0,0.1,0.1
0.3,9,1644.0,0,0,,0,0,0.1,0.1
0.3,9,1645.0,0,0,,0,0,0.1,0.1
0.3,9,1646.0,0,0,,0,0,0.1,0.1
0.3,9,1647.0,0,0,,0,0,0.0,0.0
0.3,9,1648.0,0,0,,0,0,0.0,0.0
0.3,9,1649.0,0,0,,0,0,0.0,0.0
0.3,9,1650.0,1,2,,2,0,0.2,0.0
0.3,9,1651.0,0,0,0.5563683174572134,0,2,0.2,0.2
0.3,9,1652.0,0,0,,0,0,0.2,0.2
0.3,9,1653.0,0,0,,0,0,0.2,0.2
0.3,9,1654.0,0,0,,0,0,0.2,0.2
0.3,9,1655.0,0,0,,0,0,0.2,0.2
0.3,9,1656.0,0,0,,0,0,0.2,0.2
0.3,9,1657.0,0,1,,1,0,0.3,0.2
0.3,9,1658.0,0,1,,0,0,0.3,0.2
0.3,9,1659.0,0,1,,0,0,0.3,0.2
0.3,9,1660.0,1,2,,1,0,0.2,0.2
0.3,9,1661.0,1,2,,0,0,0.2,0.0
0.3,9,1662.0,0,1,0.0,0,1,0.2,0.1
0.3,9,1663.0,0,1,2.238755474524851,1,1,0.3,0.2
0.3,9,1664.0,1,2,0.0,2,1,0.5,0.3
0.3,9,1665.0,0,1,0.45861891383867714,1,2,0.6,0.5
0.3,9,1666.0,0,1,,0,0,0.6,0.5
0.3,9,1667.0,0,0,0.0,0,1,0.5,0.6
0.3,9,1668.0,0,0,,0,0,0.5,0.6
0.3,9,1669.0,0,0,,0,0,0.5,0.6
0.3,9,1670.0,0,0,0.0,1,1,0.5,0.7
0.3,9,1671.0,0,1,,1,0,0.6,0.7
0.3,9,1672.0,0,0,0.0,0,1,0.6,0.7
0.3,9,1673.0,0,1,0.0,2,1,0.7,0.7
0.3,9,1674.0,0,0,0.0,0,1,0.5,0.7
0.3,9,1675.0,0,1,,1,0,0.5,0.5
0.3,9,1676.0,0,0,0.0,0,1,0.5,0.6
0.3,9,1677.0,0,0,,0,0,0.5,0.5
0.3,9,1678.0,0,0,,0,0,0.5,0.5
0.3,9,1679.0,0,0,,0,0,0.5,0.5
0.3,9,1680.0,0,0,,0,0,0.4,0.4
0.3,9,1681.0,0,0,,0,0,0.3,0.4
0.3,9,1682.0,0,0,,0,0,0.3,0.3
0.3,9,1683.0,0,0,,0,0,0.1,0.2
0.3,9,1684.0,0,0,,0,0,0.1,0.1
0.3,9,1685.0,0,0,,0,0,0.0,0.1
0.3,9,1686.0,0,0,0.0,1,1,0.1,0.1
0.3,9,1687.0,0,0,,0,0,0.1,0.1
0.3,9,1688.0,0,0,,0,0,0.1,0.1
0.3,9,1689.0,0,0,,0,0,0.1,0.1
0.3,9,1690.0,0,0,,0,0,0.1,0.1
0.3,9,1691.0,0,0,,0,0,0.1,0.1
0.3,9,1692.0,0,0,,0,0,0.1,0.1
0.3,9,1693.0,0,0,,0,0,0.1,0.1
0.3,9,1694.0,0,0,,0,0,0.1,0.1
0.3,9,1695.0,0,0,,0,0,0.1,0.1
0.3,9,1696.0,0,0,,0,0,0.0,0.0
0.3,9,1697.0,0,0,0.0,1,1,0.1,0.1
0.3,9,1698.0,0,0,,0,0,0.1,0.1
0.3,9,1699.0,0,0,,0,0,0.1,0.1
0.3,9,1700.0,0,0,,0,0,0.1,0.1
0.3,9,1701.0,0,0,,0,0,0.1,0.1
0.3,9,1702.0,0,0,,0,0,0.1,0.1
0.3,9,1703.0,0,0,,0,0,0.1,0.1
0.3,9,1704.0,0,0,,0,0,0.1,0.1
0.3,9,1705.0,0,0,0.0,1,1,0.2,0.2
0.3,9,1706.0,0,1,,1,0,0.3,0.2
0.3,9,1707.0,0,0,0.0,0,1,0.2,0.2
0.3,9,1708.0,0,0,,0,0,0.2,0.2
0.3,9,1709.0,0,0,,0,0,0.2,0.2
0.3,9,1710.0,0,0,,0,0,0.2,0.2
0.3,9,1711.0,0,1,,1,0,0.3,0.2
0.3,9,1712.0,0,0,0.0,0,1,0.3,0.3
0.3,9,1713.0,0,0,,0,0,0.3,0.3
0.3,9,1714.0,0,0,,0,0,0.3,0.3
0.3,9,1715.0,0,0,,0,0,0.2,0.2
0.3,9,1716.0,0,0,,0,0,0.1,0.2
0.3,9,1717.0,0,1,,1,0,0.2,0.1
0.3,9,1718.0,0,0,0.0,0,1,0.2,0.2
0.3,9,1719.0,0,0,,0,0,0.2,0.2
0.3,9,1720.0,0,0,,0,0,0.2,0.2
0.3,9,1721.0,0,0,,0,0,0.1,0.2
0.3,9,1722.0,0,0,,0,0,0.1,0.1
0.3,9,1723.0,0,1,,1,0,0.2,0.1
0.3,9,1724.0,0,0,0.0,0,1,0.2,0.2
0.3,9,1725.0,0,0,0.0,1,1,0.3,0.3
0.3,9,1726.0,0,0,,0,0,0.3,0.3
0.3,9,1727.0,0,0,,0,0,0.2,0.3
0.3,9,1728.0,0,0,,0,0,0.2,0.2
0.3,9,1729.0,0,1,,1,0,0.3,0.2
0.3,9,1730.0,0,0,0.0,0,1,0.3,0.3
0.3,9,1731.0,0,0,,0,0,0.3,0.3
0.3,9,1732.0,0,0,,0,0,0.3,0.3
0.3,9,1733.0,0,0,,0,0,0.2,0.3
0.3,9,1734.0,0,1,,1,0,0.3,0.2
0.3,9,1735.0,0,1,,0,0,0.2,0.1
0.3,9,1736.0,1,2,,1,0,0.3,0.1
0.3,9,1737.0,1,2,,0,0,0.3,0.1
0.3,9,1738.0,1,2,,0,0,0.3,0.1
0.3,9,1739.0,0,1,0.0,0,1,0.2,0.2
0.3,9,1740.0,0,0,2.8304281978682866,0,1,0.2,0.2
0.3,9,1741.0,0,0,,0,0,0.2,0.2
0.3,9,1742.0,0,0,,0,0,0.2,0.2
0.3,9,1743.0,0,0,,0,0,0.2,0.2
0.3,9,1744.0,0,0,,0,0,0.1,0.2
0.3,9,1745.0,0,0,,0,0,0.1,0.2
0.3,9,1746.0,0,0,0.0,1,1,0.1,0.3
0.3,9,1747.0,0,0,,0,0,0.1,0.3
0.3,9,1748.0,0,0,,0,0,0.1,0.3
0.3,9,1749.0,0,1,,1,0,0.2,0.2
0.3,9,1750.0,1,2,,1,0,0.3,0.1
0.3,9,1751.0,0,1,0.0,0,1,0.3,0.2
0.3,9,1752.0,0,1,,0,0,0.3,0.2
0.3,9,1753.0,0,0,0.18059552484726282,1,2,0.4,0.4
0.3,9,1754.0,0,0,,0,0,0.4,0.4
0.3,9,1755.0,0,0,,0,0,0.4,0.4
0.3,9,1756.0,0,0,,0,0,0.3,0.3
0.3,9,1757.0,0,0,,0,0,0.3,0.3
0.3,9,1758.0,0,0,,0,0,0.3,0.3
0.3,9,1759.0,0,0,,0,0,0.2,0.3
0.3,9,1760.0,0,0,,0,0,0.1,0.3
0.3,9,1761.0,0,0,,0,0,0.1,0.2
0.3,9,1762.0,0,0,,0,0,0.1,0.2
0.3,9,1763.0,0,1,,1,0,0.1,0.0
0.3,9,1764.0,0,0,0.0,0,1,0.1,0.1
0.3,9,1765.0,0,0,,0,0,0.1,0.1
0.3,9,1766.0,0,0,,0,0,0.1,0.1
0.3,9,1767.0,0,1,,1,0,0.2,0.1
0.3,9,1768.0,0,0,0.0,0,1,0.2,0.2
0.3,9,1769.0,0,0,,0,0,0.2,0.2
0.3,9,1770.0,0,0,,0,0,0.2,0.2
0.3,9,1771.0,0,0,,0,0,0.2,0.2
0.3,9,1772.0,0,0,,0,0,0.2,0.2
0.3,9,1773.0,0,0,,0,0,0.1,0.2
0.3,9,1774.0,0,0,,0,0,0.1,0.1
0.3,9,1775.0,0,0,,0,0,0.1,0.1
0.3,9,1776.0,0,1,,1,0,0.2,0.1
0.3,9,1777.0,0,0,0.0,0,1,0.1,0.2
0.3,9,1778.0,0,0,,0,0,0.1,0.1
0.3,9,1779.0,0,0,,0,0,0.1,0.1
0.3,9,1780.0,0,0,,0,0,0.1,0.1
0.3,9,1781.0,0,1,0.0,2,1,0.3,0.2
0.3,9,1782.0,0,1,,0,0,0.3,0.2
0.3,9,1783.0,0,1,,0,0,0.3,0.2
0.3,9,1784.0,0,1,,0,0,0.3,0.2
0.3,9,1785.0,0,0,0.034334979310642666,0,1,0.3,0.3
0.3,9,1786.0,0,1,,1,0,0.3,0.3
0.3,9,1787.0,0,0,0.0,0,1,0.3,0.3
0.3,9,1788.0,0,1,,1,0,0.4,0.3
0.3,9,1789.0,0,0,0.0,0,1,0.4,0.4
0.3,9,1790.0,0,0,,0,0,0.4,0.4
0.3,9,1791.0,0,0,,0,0,0.2,0.3
0.3,9,1792.0,0,0,,0,0,0.2,0.3
0.3,9,1793.0,0,0,,0,0,0.2,0.3
0.3,9,1794.0,0,1,,1,0,0.3,0.3
0.3,9,1795.0,0,1,,0,0,0.3,0.2
0.3,9,1796.0,0,1,,0,0,0.2,0.2
0.3,9,1797.0,0,1,,0,0,0.2,0.1
0.3,9,1798.0,0,0,0.0,0,1,0.1,0.2
0.3,9,1799.0,0,0,,0,0,0.1,0.1
0.3,9,1800.0,0,0,,0,0,0.1,0.1
0.3,9,1801.0,0,0,,0,0,0.1,0.1
0.3,9,1802.0,0,0,,0,0,0.1,0.1
0.3,9,1803.0,0,0,,0,0,0.1,0.1
0.3,9,1804.0,0,0,,0,0,0.0,0.1
0.3,9,1805.0,0,0,,0,0,0.0,0.1
0.3,9,1806.0,0,0,,0,0,0.0,0.1
0.3,9,1807.0,0,0,0.0,1,1,0.1,0.2
0.3,9,1808.0,0,1,,1,0,0.2,0.1
0.3,9,1809.0,1,2,,1,0,0.3,0.1
0.3,9,1810.0,1,2,,0,0,0.3,0.1
0.3,9,1811.0,0,0,0.6957317932599381,0,2,0.3,0.3
0.3,9,1812.0,0,1,,1,0,0.4,0.3
0.3,9,1813.0,0,1,,0,0,0.4,0.3
0.3,9,1814.0,0,1,,0,0,0.4,0.3
0.3,9,1815.0,0,0,0.0,0,1,0.4,0.4
0.3,9,1816.0,0,1,,1,0,0.5,0.4
0.3,9,1817.0,0,0,0.0,0,1,0.4,0.4
0.3,9,1818.0,0,0,,0,0,0.3,0.4
0.3,9,1819.0,0,0,,0,0,0.2,0.4
0.3,9,1820.0,0,0,,0,0,0.2,0.4
0.3,9,1821.0,0,1,,1,0,0.3,0.2
0.3,9,1822.0,0,0,0.0,0,1,0.2,0.3
0.3,9,1823.0,0,0,,0,0,0.2,0.3
0.3,9,1824.0,0,0,,0,0,0.2,0.3
0.3,9,1825.0,0,0,,0,0,0.2,0.2
0.3,9,1826.0,0,1,,1,0,0.2,0.2
0.3,9,1827.0,1,2,0.0,2,1,0.4,0.2
0.3,9,1828.0,1,2,,0,0,0.4,0.2
0.3,9,1829.0,0,1,1.1071628076392699,1,2,0.5,0.4
0.3,9,1830.0,0,1,,0,0,0.5,0.4
0.3,9,1831.0,0,0,0.0,0,1,0.4,0.5
0.3,9,1832.0,0,0,,0,0,0.4,0.4
0.3,9,1833.0,0,0,0.0,1,1,0.5,0.5
0.3,9,1834.0,0,0,,0,0,0.5,0.5
0.3,9,1835.0,0,0,,0,0,0.5,0.5
0.3,9,1836.0,0,0,,0,0,0.4,0.5
0.3,9,1837.0,0,0,,0,0,0.2,0.4
0.3,9,1838.0,0,1,,1,0,0.3,0.4
0.3,9,1839.0,0,0,0.0,0,1,0.2,0.3
0.3,9,1840.0,0,0,,0,0,0.2,0.3
0.3,9,1841.0,0,1,,1,0,0.3,0.2
0.3,9,1842.0,0,1,,0,0,0.3,0.2
0.3,9,1843.0,0,0,0.0,0,1,0.2,0.2
0.3,9,1844.0,0,1,,1,0,0.3,0.2
0.3,9,1845.0,1,2,0.0,2,1,0.5,0.3
0.3,9,1846.0,2,3,,1,0,0.6,0.3
0.3,9,1847.0,1,2,0.18544073060502342,0,1,0.6,0.4
0.3,9,1848.0,0,0,1.9281163512358717,0,2,0.5,0.6
0.3,9,1849.0,0,0,,0,0,0.5,0.5
0.3,9,1850.0,1,2,,2,0,0.7,0.5
0.3,9,1851.0,1,2,,0,0,0.6,0.5
0.3,9,1852.0,1,2,,0,0,0.6,0.5
0.3,9,1853.0,0,1,0.0,0,1,0.6,0.5
0.3,9,1854.0,0,1,,0,0,0.5,0.5
0.3,9,1855.0,0,0,3.40250832601032,0,1,0.3,0.5
0.3,9,1856.0,0,0,,0,0,0.2,0.5
0.3,9,1857.0,0,0,0.0,1,1,0.3,0.5
0.3,9,1858.0,0,1,,1,0,0.4,0.3
0.3,9,1859.0,0,0,0.0,0,1,0.4,0.4
0.3,9,1860.0,0,1,,1,0,0.3,0.4
0.3,9,1861.0,0,0,0.0,0,1,0.3,0.5
0.3,9,1862.0,0,0,,0,0,0.3,0.5
0.3,9,1863.0,0,0,,0,0,0.3,0.4
0.3,9,1864.0,0,0,,0,0,0.3,0.4
0.3,9,1865.0,0,0,,0,0,0.3,0.3
0.3,9,1866.0,0,0,,0,0,0.3,0.3
0.3,9,1867.0,0,0,,0,0,0.2,0.2
0.3,9,1868.0,0,0,,0,0,0.1,0.2
0.3,9,1869.0,0,0,,0,0,0.1,0.1
0.3,9,1870.0,0,0,,0,0,0.0,0.1
0.3,9,1871.0,0,0,,0,0,0.0,0.0
0.3,9,1872.0,0,0,,0,0,0.0,0.0
0.3,9,1873.0,0,0,,0,0,0.0,0.0
0.3,9,1874.0,0,0,,0,0,0.0,0.0
0.3,9,1875.0,0,1,,1,0,0.1,0.0
0.3,9,1876.0,0,0,0.0,0,1,0.1,0.1
0.3,9,1877.0,0,0,,0,0,0.1,0.1
0.3,9,1878.0,0,0,,0,0,0.1,0.1
0.3,9,1879.0,0,0,,0,0,0.1,0.1
0.3,9,1880.0,0,0,,0,0,0.1,0.1
0.3,9,1881.0,0,0,,0,0,0.1,0.1
0.3,9,1882.0,0,0,,0,0,0.1,0.1
0.3,9,1883.0,0,0,,0,0,0.1,0.1
0.3,9,1884.0,0,0,,0,0,0.1,0.1
0.3,9,1885.0,0,0,,0,0,0.0,0.1
0.3,9,1886.0,0,0,,0,0,0.0,0.0
0.3,9,1887.0,0,1,,1,0,0.1,0.0
0.3,9,1888.0,0,1,0.0,1,1,0.2,0.1
0.3,9,1889.0,0,1,0.0,1,1,0.3,0.2
0.3,9,1890.0,0,0,0.0,1,2,0.4,0.4
0.3,9,1891.0,0,0,,0,0,0.4,0.4
0.3,9,1892.0,0,0,,0,0,0.4,0.4
0.3,9,1893.0,0,1,,1,0,0.5,0.4
0.3,9,1894.0,0,0,0.0,1,2,0.6,0.6
0.3,9,1895.0,0,1,,1,0,0.7,0.6
0.3,9,1896.0,0,0,0.0,0,1,0.7,0.7
0.3,9,1897.0,1,2,,2,0,0.8,0.7
0.3,9,1898.0,0,0,0.07391986263633044,0,2,0.7,0.8
0.3,9,1899.0,0,0,,0,0,0.6,0.7
0.3,9,1900.0,0,0,,0,0,0.5,0.5
0.3,9,1901.0,0,0,,0,0,0.5,0.5
0.3,9,1902.0,0,0,,0,0,0.5,0.5
0.3,9,1903.0,0,0,,0,0,0.4,0.5
0.3,9,1904.0,0,0,,0,0,0.3,0.3
0.3,9,1905.0,0,0,,0,0,0.2,0.3
0.3,9,1906.0,0,1,,1,0,0.3,0.2
0.3,9,1907.0,0,1,,0,0,0.1,0.2
0.3,9,1908.0,0,1,,0,0,0.1,0.0
0.3,9,1909.0,1,2,,1,0,0.2,0.0
0.3,9,1910.0,0,1,0.0,0,1,0.2,0.1
0.3,9,1911.0,0,0,0.963725661738863,0,1,0.2,0.2
0.3,9,1912.0,0,0,,0,0,0.2,0.2
0.3,9,1913.0,0,0,,0,0,0.2,0.2
0.3,9,1914.0,1,2,,2,0,0.4,0.2
0.3,9,1915.0,0,0,0.5221188931063807,0,2,0.4,0.4
0.3,9,1916.0,0,0,,0,0,0.3,0.4
0.3,9,1917.0,0,0,,0,0,0.3,0.4
0.3,9,1918.0,0,0,,0,0,0.3,0.4
0.3,9,1919.0,0,0,0.0,1,1,0.3,0.5
0.3,9,1920.0,0,0,,0,0,0.3,0.4
0.3,9,1921.0,0,0,,0,0,0.3,0.3
0.3,9,1922.0,0,0,,0,0,0.3,0.3
0.3,9,1923.0,0,0,,0,0,0.3,0.3
0.3,9,1924.0,0,0,,0,0,0.1,0.3
0.3,9,1925.0,0,0,,0,0,0.1,0.1
0.3,9,1926.0,0,0,,0,0,0.1,0.1
0.3,9,1927.0,0,0,,0,0,0.1,0.1
0.3,9,1928.0,0,0,,0,0,0.1,0.1
0.3,9,1929.0,0,0,,0,0,0.0,0.0
0.3,9,1930.0,0,0,0.0,1,1,0.1,0.1
0.3,9,1931.0,0,0,,0,0,0.1,0.1
0.3,9,1932.0,0,0,,0,0,0.1,0.1
0.3,9,1933.0,0,0,,0,0,0.1,0.1
0.3,9,1934.0,0,1,,1,0,0.2,0.1
0.3,9,1935.0,0,0,0.0,0,1,0.2,0.2
0.3,9,1936.0,0,1,,1,0,0.3,0.2
0.3,9,1937.0,0,1,,0,0,0.3,0.2
0.3,9,1938.0,0,0,0.0,0,1,0.3,0.3
0.3,9,1939.0,0,0,,0,0,0.3,0.3
0.3,9,1940.0,0,0,,0,0,0.2,0.2
0.3,9,1941.0,0,0,,0,0,0.2,0.2
0.3,9,1942.0,0,0,,0,0,0.2,0.2
0.3,9,1943.0,0,1,,1,0,0.3,0.2
0.3,9,1944.0,1,2,,1,0,0.3,0.2
0.3,9,1945.0,1,2,,0,0,0.3,0.1
0.3,9,1946.0,0,0,0.7034023776136564,0,2,0.2,0.3
0.3,9,1947.0,0,0,,0,0,0.2,0.3
0.3,9,1948.0,0,0,,0,0,0.2,0.2
0.3,9,1949.0,0,0,,0,0,0.2,0.2
0.3,9,1950.0,0,0,,0,0,0.2,0.2
0.3,9,1951.0,0,0,,0,0,0.2,0.2
0.3,9,1952.0,0,0,,0,0,0.2,0.2
0.3,9,1953.0,0,0,,0,0,0.1,0.2
0.3,9,1954.0,0,0,,0,0,0.0,0.2
0.3,9,1955.0,0,0,,0,0,0.0,0.2
0.3,9,1956.0,0,1,,1,0,0.1,0.0
0.3,9,1957.0,0,0,0.0,0,1,0.1,0.1
0.3,9,1958.0,0,0,,0,0,0.1,0.1
0.3,9,1959.0,0,0,,0,0,0.1,0.1
0.3,9,1960.0,0,0,,0,0,0.1,0.1
0.3,9,1961.0,0,0,,0,0,0.1,0.1
0.3,9,1962.0,0,0,,0,0,0.1,0.1
0.3,9,1963.0,0,0,,0,0,0.1,0.1
0.3,9,1964.0,0,0,,0,0,0.1,0.1
0.3,9,1965.0,0,0,,0,0,0.1,0.1
0.3,9,1966.0,0,0,,0,0,0.0,0.1
0.3,9,1967.0,0,0,,0,0,0.0,0.0
0.3,9,1968.0,0,0,,0,0,0.0,0.0
0.3,9,1969.0,0,0,0.0,1,1,0.1,0.1
0.3,9,1970.0,0,0,,0,0,0.1,0.1
0.3,9,1971.0,0,1,,1,0,0.2,0.1
0.3,9,1972.0,0,1,0.0,1,1,0.3,0.2
0.3,9,1973.0,0,1,,0,0,0.3,0.2
0.3,9,1974.0,0,0,0.37237623447708756,0,1,0.3,0.3
0.3,9,1975.0,0,1,,1,0,0.4,0.3
0.3,9,1976.0,0,1,,0,0,0.4,0.3
0.3,9,1977.0,0,0,0.0,1,2,0.5,0.5
0.3,9,1978.0,0,0,,0,0,0.5,0.5
0.3,9,1979.0,0,0,,0,0,0.4,0.4
0.3,9,1980.0,0,0,,0,0,0.4,0.4
0.3,9,1981.0,0,0,,0,0,0.3,0.4
0.3,9,1982.0,0,0,,0,0,0.2,0.3
0.3,9,1983.0,0,0,,0,0,0.2,0.3
0.3,9,1984.0,0,0,,0,0,0.2,0.2
0.3,9,1985.0,0,0,0.0,1,1,0.2,0.3
0.3,9,1986.0,0,0,,0,0,0.2,0.3
0.3,9,1987.0,0,0,,0,0,0.1,0.1
0.3,9,1988.0,0,0,,0,0,0.1,0.1
0.3,9,1989.0,0,0,,0,0,0.1,0.1
0.3,9,1990.0,0,0,,0,0,0.1,0.1
0.3,9,1991.0,0,1,,1,0,0.2,0.1
0.3,9,1992.0,0,0,0.0,0,1,0.2,0.2
0.3,9,1993.0,0,0,,0,0,0.2,0.2
0.3,9,1994.0,0,0,,0,0,0.2,0.2
0.3,9,1995.0,0,0,,0,0,0.1,0.1
0.3,9,1996.0,0,0,,0,0,0.1,0.1
0.3,9,1997.0,0,0,,0,0,0.1,0.1
0.3,9,1998.0,0,0,,0,0,0.1,0.1
0.3,9,1999.0,0,0,,0,0,0.1,0.1
0.3,9,2000.0,0,0,,0,0,0.1,0.1
0.3,9,2001.0,0,0,,0,0,0.0,0.1
0.3,9,2002.0,0,0,,0,0,0.0,0.0
0.3,9,2003.0,0,0,,0,0,0.0,0.0
0.3,9,2004.0,0,0,,0,0,0.0,0.0
0.3,9,2005.0,0,0,,0,0,0.0,0.0
0.3,9,2006.0,0,0,,0,0,0.0,0.0
0.3,9,2007.0,0,0,0.0,1,1,0.1,0.1
0.3,9,2008.0,0,0,,0,0,0.1,0.1
0.3,9,2009.0,0,0,,0,0,0.1,0.1
0.3,9,2010.0,0,0,,0,0,0.1,0.1
0.3,9,2011.0,0,0,,0,0,0.1,0.1
0.3,9,2012.0,0,0,,0,0,0.1,0.1
0.3,9,2013.0,3,4,,4,0,0.5,0.1
0.3,9,2014.0,3,4,0.6483785955479107,2,2,0.7,0.3
0.3,9,2015.0,3,4,,0,0,0.7,0.3
0.3,9,2016.0,3,4,1.6674179685715131,2,2,0.9,0.5
0.3,9,2017.0,3,4,2.352693671173256,1,1,0.9,0.5
0.3,9,2018.0,3,4,,0,0,0.9,0.5
0.3,9,2019.0,3,4,,0,0,0.9,0.5
0.3,9,2020.0,3,4,,0,0,0.9,0.5
0.3,9,2021.0,3,4,,0,0,0.9,0.5
0.3,9,2022.0,2,3,2.783902205207596,0,1,0.9,0.6
0.3,9,2023.0,0,0,6.215903507898626,0,3,0.5,0.9
0.3,9,2024.0,0,0,,0,0,0.3,0.7
0.3,9,2025.0,0,0,,0,0,0.3,0.7
0.3,9,2026.0,0,0,,0,0,0.1,0.5
0.3,9,2027.0,0,0,,0,0,0.0,0.4
0.3,9,2028.0,0,1,,1,0,0.1,0.4
0.3,9,2029.0,0,1,0.0,1,1,0.2,0.5
0.3,9,2030.0,0,1,,0,0,0.2,0.5
0.3,9,2031.0,0,1,,0,0,0.2,0.5
0.3,9,2032.0,0,1,,0,0,0.2,0.4
0.3,9,2033.0,0,0,0.05362026597094882,0,1,0.2,0.2
0.3,9,2034.0,0,0,,0,0,0.2,0.2
0.3,9,2035.0,0,0,,0,0,0.2,0.2
0.3,9,2036.0,0,0,,0,0,0.2,0.2
0.3,9,2037.0,0,0,,0,0,0.2,0.2
0.3,9,2038.0,0,0,,0,0,0.1,0.2
0.3,9,2039.0,0,0,,0,0,0.0,0.1
0.3,9,2040.0,0,0,,0,0,0.0,0.1
0.3,9,2041.0,0,0,0.0,1,1,0.1,0.2
0.3,9,2042.0,0,1,,1,0,0.2,0.2
0.3,9,2043.0,0,1,,0,0,0.2,0.1
0.3,9,2044.0,0,0,0.0,0,1,0.2,0.2
0.3,9,2045.0,0,0,,0,0,0.2,0.2
0.3,9,2046.0,0,0,,0,0,0.2,0.2
0.3,9,2047.0,0,0,0.0,1,1,0.3,0.3
0.3,9,2048.0,0,0,,0,0,0.3,0.3
0.3,9,2049.0,0,0,,0,0,0.3,0.3
0.3,9,2050.0,0,0,,0,0,0.3,0.3
0.3,9,2051.0,0,0,,0,0,0.2,0.2
0.3,9,2052.0,0,0,,0,0,0.1,0.2
0.3,9,2053.0,0,0,0.0,1,1,0.2,0.3
0.3,9,2054.0,0,1,,1,0,0.3,0.2
0.3,9,2055.0,0,1,,0,0,0.3,0.2
0.3,9,2056.0,0,0,0.0,0,1,0.3,0.3
0.3,9,2057.0,0,1,,1,0,0.3,0.2
0.3,9,2058.0,0,1,,0,0,0.3,0.2
0.3,9,2059.0,2,3,,2,0,0.5,0.2
0.3,9,2060.0,3,4,,1,0,0.6,0.2
0.3,9,2061.0,2,3,0.0,0,1,0.6,0.3
0.3,9,2062.0,0,1,2.9278387474394094,0,2,0.6,0.5
0.3,9,2063.0,0,1,,0,0,0.5,0.4
0.3,9,2064.0,0,0,2.163795914896582,0,1,0.4,0.5
0.3,9,2065.0,0,0,0.0,1,1,0.5,0.6
0.3,9,2066.0,0,0,,0,0,0.5,0.5
0.3,9,2067.0,1,2,,2,0,0.6,0.5
0.3,9,2068.0,0,1,0.0,0,1,0.6,0.6
0.3,9,2069.0,0,0,0.5208074383772328,0,1,0.4,0.7
0.3,9,2070.0,0,0,,0,0,0.3,0.7
0.3,9,2071.0,0,0,,0,0,0.3,0.6
0.3,9,2072.0,0,0,,0,0,0.3,0.4
0.3,9,2073.0,0,0,,0,0,0.3,0.4
0.3,9,2074.0,0,0,,0,0,0.3,0.3
0.3,9,2075.0,0,0,,0,0,0.2,0.2
0.3,9,2076.0,0,0,,0,0,0.2,0.2
0.3,9,2077.0,1,2,,2,0,0.2,0.2
0.3,9,2078.0,0,1,0.3000865704795312,2,3,0.4,0.4
0.3,9,2079.0,0,1,,0,0,0.4,0.3
0.3,9,2080.0,0,0,0.0,0,1,0.4,0.4
0.3,9,2081.0,0,0,,0,0,0.4,0.4
0.3,9,2082.0,0,0,,0,0,0.4,0.4
0.3,9,2083.0,0,0,,0,0,0.4,0.4
0.3,9,2084.0,1,2,,2,0,0.6,0.4
0.3,9,2085.0,0,0,0.1095757867174143,0,2,0.6,0.6
0.3,9,2086.0,0,0,,0,0,0.6,0.6
0.3,9,2087.0,0,0,,0,0,0.4,0.6
0.3,9,2088.0,0,0,,0,0,0.2,0.3
0.3,9,2089.0,0,0,0.0,1,1,0.3,0.4
0.3,9,2090.0,0,0,,0,0,0.3,0.3
0.3,9,2091.0,0,0,,0,0,0.3,0.3
0.3,9,2092.0,0,0,,0,0,0.3,0.3
0.3,9,2093.0,0,0,,0,0,0.3,0.3
0.3,9,2094.0,0,0,,0,0,0.1,0.3
0.3,9,2095.0,0,0,,0,0,0.1,0.1
0.3,9,2096.0,0,0,,0,0,0.1,0.1
0.3,9,2097.0,0,1,,1,0,0.2,0.1
0.3,9,2098.0,0,1,0.0,1,1,0.3,0.2
0.3,9,2099.0,0,0,0.0,0,1,0.2,0.2
0.3,9,2100.0,0,0,,0,0,0.2,0.2
0.3,9,2101.0,0,1,,1,0,0.3,0.2
0.3,9,2102.0,0,0,0.0,0,1,0.3,0.3
0.3,9,2103.0,0,0,,0,0,0.3,0.3
0.3,9,2104.0,0,0,,0,0,0.3,0.3
0.3,9,2105.0,0,0,,0,0,0.3,0.3
0.3,9,2106.0,0,0,,0,0,0.3,0.3
0.3,9,2107.0,1,2,,2,0,0.4,0.3
0.3,9,2108.0,1,2,,0,0,0.3,0.2
0.3,9,2109.0,0,0,0.8412292810903637,0,2,0.3,0.3
0.3,9,2110.0,0,1,,1,0,0.4,0.3
0.3,9,2111.0,1,2,,1,0,0.4,0.3
0.3,9,2112.0,1,2,0.0,1,1,0.5,0.3
0.3,9,2113.0,4,5,,3,0,0.8,0.3
0.3,9,2114.0,3,4,1.643000750460942,0,1,0.8,0.4
0.3,9,2115.0,3,4,2.3323070555516097,1,1,0.9,0.5
0.3,9,2116.0,2,3,1.8589836342202943,0,1,0.9,0.6
0.3,9,2117.0,2,3,2.776958967244809,1,1,0.8,0.7
0.3,9,2118.0,1,2,2.8395358540833513,1,2,0.9,0.9
0.3,9,2119.0,1,2,,0,0,0.9,0.7
0.3,9,2120.0,0,1,1.7109925013492102,0,1,0.8,0.8
0.3,9,2121.0,1,2,,1,0,0.8,0.8
0.3,9,2122.0,0,1,1.679718627930015,0,1,0.7,0.8
0.3,9,2123.0,0,0,1.6798082970144605,0,1,0.4,0.9
0.3,9,2124.0,0,1,,1,0,0.5,0.8
0.3,9,2125.0,0,1,0.0,1,1,0.5,0.8
0.3,9,2126.0,0,0,0.0,0,1,0.5,0.8
0.3,9,2127.0,0,0,,0,0,0.4,0.7
0.3,9,2128.0,0,0,,0,0,0.3,0.5
0.3,9,2129.0,0,0,,0,0,0.3,0.5
0.3,9,2130.0,0,0,,0,0,0.3,0.4
0.3,9,2131.0,0,0,,0,0,0.2,0.4
0.3,9,2132.0,0,0,,0,0,0.2,0.3
0.3,9,2133.0,0,1,0.0,2,1,0.4,0.3
0.3,9,2134.0,0,0,0.10740207524258949,0,1,0.3,0.4
0.3,9,2135.0,0,0,,0,0,0.2,0.3
0.3,9,2136.0,2,3,,3,0,0.5,0.2
0.3,9,2137.0,1,2,0.0,0,1,0.5,0.3
0.3,9,2138.0,0,0,1.254516875473655,0,2,0.5,0.5
0.3,9,2139.0,0,0,,0,0,0.5,0.5
0.3,9,2140.0,0,1,,1,0,0.6,0.5
0.3,9,2141.0,0,0,0.0,0,1,0.6,0.6
0.3,9,2142.0,0,0,,0,0,0.6,0.6
0.3,9,2143.0,0,0,,0,0,0.4,0.5
0.3,9,2144.0,0,1,,1,0,0.5,0.4
0.3,9,2145.0,0,0,0.0,0,1,0.5,0.5
0.3,9,2146.0,0,1,,1,0,0.3,0.5
0.3,9,2147.0,0,1,0.0,1,1,0.4,0.5
0.3,9,2148.0,0,1,,0,0,0.4,0.3
0.3,9,2149.0,0,0,0.0,0,1,0.4,0.4
0.3,9,2150.0,0,1,,1,0,0.4,0.4
0.3,9,2151.0,1,2,,1,0,0.5,0.3
0.3,9,2152.0,0,1,0.0,0,1,0.5,0.4
0.3,9,2153.0,1,2,,1,0,0.6,0.4
0.3,9,2154.0,0,0,0.8249780936848765,0,2,0.5,0.6
0.3,9,2155.0,0,0,,0,0,0.5,0.5
0.3,9,2156.0,1,2,,2,0,0.6,0.5
0.3,9,2157.0,1,2,0.0,1,1,0.6,0.5
0.3,9,2158.0,1,2,,0,0,0.6,0.5
0.3,9,2159.0,0,1,0.2817613263482599,0,1,0.6,0.5
0.3,9,2160.0,0,1,1.9537393145819806,1,1,0.6,0.6
0.3,9,2161.0,0,0,0.0,0,1,0.5,0.7
0.3,9,2162.0,0,0,,0,0,0.5,0.6
0.3,9,2163.0,0,0,,0,0,0.4,0.6
0.3,9,2164.0,0,1,,1,0,0.5,0.4
0.3,9,2165.0,0,1,,0,0,0.5,0.4
0.3,9,2166.0,0,1,,0,0,0.3,0.4
0.3,9,2167.0,0,0,0.0,0,1,0.2,0.4
0.3,9,2168.0,0,0,,0,0,0.2,0.4
0.3,9,2169.0,0,0,,0,0,0.2,0.3
0.3,9,2170.0,0,0,,0,0,0.1,0.2
0.3,9,2171.0,0,0,,0,0,0.1,0.1
0.3,9,2172.0,0,0,,0,0,0.1,0.1
0.3,9,2173.0,0,0,,0,0,0.1,0.1
0.3,9,2174.0,0,0,,0,0,0.0,0.1
0.3,9,2175.0,0,0,,0,0,0.0,0.1
0.3,9,2176.0,0,0,,0,0,0.0,0.1
0.3,9,2177.0,0,0,,0,0,0.0,0.0
0.3,9,2178.0,0,1,,1,0,0.1,0.0
0.3,9,2179.0,1,2,,1,0,0.2,0.0
0.3,9,2180.0,0,1,0.0,0,1,0.2,0.1
0.3,9,2181.0,0,1,1.3545888318831203,1,1,0.3,0.2
0.3,9,2182.0,0,1,,0,0,0.3,0.2
0.3,9,2183.0,0,0,0.7693596266076383,0,1,0.3,0.3
0.3,9,2184.0,0,1,,1,0,0.4,0.3
0.3,9,2185.0,0,0,0.0,0,1,0.4,0.4
0.3,9,2186.0,0,0,,0,0,0.4,0.4
0.3,9,2187.0,0,0,0.0,1,1,0.5,0.5
0.3,9,2188.0,0,0,,0,0,0.4,0.5
0.3,9,2189.0,0,1,,1,0,0.4,0.5
0.3,9,2190.0,0,0,0.0004934280977977323,1,2,0.5,0.6
0.3,9,2191.0,0,0,,0,0,0.4,0.5
0.3,9,2192.0,0,0,,0,0,0.4,0.5
0.3,9,2193.0,0,0,,0,0,0.4,0.4
0.3,9,2194.0,0,0,,0,0,0.3,0.4
0.3,9,2195.0,0,0,,0,0,0.3,0.3
0.3,9,2196.0,0,0,,0,0,0.3,0.3
0.3,9,2197.0,0,0,,0,0,0.2,0.2
0.3,9,2198.0,0,1,,1,0,0.3,0.2
0.3,9,2199.0,0,0,0.0,0,1,0.2,0.3
0.3,9,2200.0,0,0,0.0,1,1,0.2,0.2
0.3,9,2201.0,0,0,,0,0,0.2,0.2
0.3,9,2202.0,0,1,,1,0,0.3,0.2
0.3,9,2203.0,1,2,0.0,2,1,0.5,0.3
0.3,9,2204.0,1,2,,0,0,0.5,0.3
0.3,9,2205.0,1,2,0.0,1,1,0.6,0.4
0.3,9,2206.0,1,2,,0,0,0.6,0.4
0.3,9,2207.0,1,2,,0,0,0.6,0.4
0.3,9,2208.0,1,2,1.7260190098227213,1,1,0.6,0.5
0.3,9,2209.0,1,2,,0,0,0.6,0.4
0.3,9,2210.0,1,2,,0,0,0.5,0.3
0.3,9,2211.0,0,1,3.504102809327378,0,1,0.5,0.4
0.3,9,2212.0,0,1,,0,0,0.4,0.4
0.3,9,2213.0,0,0,3.1081736304922742,0,1,0.2,0.4
0.3,9,2214.0,0,0,0.0,1,1,0.3,0.5
0.3,9,2215.0,0,1,,1,0,0.3,0.4
0.3,9,2216.0,0,0,0.0,0,1,0.3,0.5
0.3,9,2217.0,0,0,,0,0,0.3,0.5
0.3,9,2218.0,0,0,0.0,1,1,0.3,0.5
0.3,9,2219.0,0,0,,0,0,0.3,0.5
0.3,9,2220.0,0,1,,1,0,0.4,0.5
0.3,9,2221.0,0,1,,0,0,0.4,0.4
0.3,9,2222.0,0,0,0.0,0,1,0.4,0.5
0.3,9,2223.0,0,0,,0,0,0.4,0.4
0.3,9,2224.0,0,0,,0,0,0.3,0.3
0.3,9,2225.0,0,0,,0,0,0.2,0.3
0.3,9,2226.0,0,1,,1,0,0.3,0.2
0.3,9,2227.0,1,2,,1,0,0.4,0.2
0.3,9,2228.0,0,0,0.31939788182899065,1,3,0.4,0.4
0.3,9,2229.0,0,0,,0,0,0.4,0.4
0.3,9,2230.0,0,0,,0,0,0.3,0.4
0.3,9,2231.0,0,0,,0,0,0.3,0.4
0.3,9,2232.0,0,1,,1,0,0.4,0.3
0.3,9,2233.0,0,0,0.0,0,1,0.4,0.4
0.3,9,2234.0,0,0,,0,0,0.4,0.4
0.3,9,2235.0,0,1,,1,0,0.5,0.4
0.3,9,2236.0,0,0,0.0,0,1,0.4,0.5
0.3,9,2237.0,0,0,,0,0,0.3,0.5
0.3,9,2238.0,0,0,,0,0,0.2,0.2
0.3,9,2239.0,0,0,,0,0,0.2,0.2
0.3,9,2240.0,0,0,0.0,1,1,0.3,0.3
0.3,9,2241.0,0,0,,0,0,0.3,0.3
0.3,9,2242.0,0,0,,0,0,0.2,0.3
0.3,9,2243.0,0,1,,1,0,0.3,0.2
0.3,9,2244.0,0,0,0.0,0,1,0.3,0.3
0.3,9,2245.0,0,0,,0,0,0.2,0.3
0.3,9,2246.0,0,0,,0,0,0.2,0.2
0.3,9,2247.0,0,0,,0,0,0.2,0.2
0.3,9,2248.0,0,0,,0,0,0.2,0.2
0.3,9,2249.0,0,0,0.0,1,1,0.3,0.3
0.3,9,2250.0,0,0,,0,0,0.2,0.2
0.3,9,2251.0,0,0,,0,0,0.2,0.2
0.3,9,2252.0,0,0,,0,0,0.2,0.2
0.3,9,2253.0,0,0,,0,0,0.1,0.2
0.3,9,2254.0,0,0,,0,0,0.1,0.1
0.3,9,2255.0,0,0,,0,0,0.1,0.1
0.3,9,2256.0,0,1,,1,0,0.2,0.1
0.3,9,2257.0,0,0,0.0,0,1,0.2,0.2
0.3,9,2258.0,0,0,0.0,2,2,0.4,0.4
0.3,9,2259.0,0,0,,0,0,0.3,0.3
0.3,9,2260.0,0,1,,1,0,0.4,0.3
0.3,9,2261.0,0,0,0.0,0,1,0.4,0.4
0.3,9,2262.0,0,0,,0,0,0.4,0.4
0.3,9,2263.0,0,0,,0,0,0.4,0.4
0.3,9,2264.0,0,0,,0,0,0.4,0.4
0.3,9,2265.0,0,0,,0,0,0.4,0.4
0.3,9,2266.0,0,0,,0,0,0.3,0.4
0.3,9,2267.0,0,0,,0,0,0.3,0.3
0.3,9,2268.0,0,0,,0,0,0.1,0.1
0.3,9,2269.0,0,0,,0,0,0.1,0.1
0.3,9,2270.0,0,0,,0,0,0.0,0.1
0.3,9,2271.0,0,0,0.0,1,1,0.1,0.1
0.3,9,2272.0,0,0,0.0,1,1,0.2,0.2
0.3,9,2273.0,0,0,,0,0,0.2,0.2
0.3,9,2274.0,0,0,0.0,1,1,0.3,0.3
0.3,9,2275.0,0,0,,0,0,0.3,0.3
0.3,9,2276.0,0,0,,0,0,0.3,0.3
0.3,9,2277.0,0,0,0.0,1,1,0.4,0.4
0.3,9,2278.0,0,0,0.0,1,1,0.5,0.5
0.3,9,2279.0,0,1,,1,0,0.6,0.5
0.3,9,2280.0,0,1,0.0,1,1,0.7,0.6
0.3,9,2281.0,0,0,0.0,0,1,0.6,0.6
0.3,9,2282.0,0,0,,0,0,0.5,0.5
0.3,9,2283.0,0,0,,0,0,0.5,0.5
0.3,9,2284.0,0,0,,0,0,0.4,0.4
0.3,9,2285.0,0,0,,0,0,0.4,0.4
0.3,9,2286.0,0,0,,0,0,0.4,0.4
0.3,9,2287.0,0,0,,0,0,0.3,0.3
0.3,9,2288.0,0,0,,0,0,0.2,0.2
0.3,9,2289.0,0,0,,0,0,0.1,0.2
0.3,9,2290.0,0,0,0.0,1,1,0.1,0.2
0.3,9,2291.0,0,0,,0,0,0.1,0.1
0.3,9,2292.0,0,0,0.08795675169835704,2,2,0.3,0.3
0.3,9,2293.0,0,1,,1,0,0.4,0.3
0.3,9,2294.0,0,1,,0,0,0.4,0.3
0.3,9,2295.0,0,0,0.0,0,1,0.4,0.4
0.3,9,2296.0,0,0,,0,0,0.4,0.4
0.3,9,2297.0,0,1,,1,0,0.5,0.4
0.3,9,2298.0,0,1,,0,0,0.5,0.4
0.3,9,2299.0,0,0,0.0,0,1,0.5,0.5
0.3,9,2300.0,0,0,,0,0,0.4,0.4
0.3,9,2301.0,0,0,,0,0,0.4,0.4
0.3,9,2302.0,0,0,,0,0,0.2,0.2
0.3,9,2303.0,0,0,,0,0,0.1,0.2
0.3,9,2304.0,0,0,,0,0,0.1,0.2
0.3,9,2305.0,0,0,,0,0,0.1,0.1
0.3,9,2306.0,0,0,0.0,1,1,0.2,0.2
0.3,9,2307.0,0,0,,0,0,0.1,0.2
0.3,9,2308.0,0,0,,0,0,0.1,0.2
0.3,9,2309.0,0,1,,1,0,0.2,0.1
0.3,9,2310.0,0,0,0.0,0,1,0.2,0.2
0.3,9,2311.0,0,0,,0,0,0.2,0.2
0.3,9,2312.0,0,0,,0,0,0.2,0.2
0.3,9,2313.0,0,0,,0,0,0.2,0.2
0.3,9,2314.0,0,0,,0,0,0.2,0.2
0.3,9,2315.0,0,0,,0,0,0.2,0.2
0.3,9,2316.0,0,0,,0,0,0.1,0.1
0.3,9,2317.0,0,0,,0,0,0.1,0.1
0.3,9,2318.0,0,0,,0,0,0.1,0.1
0.3,9,2319.0,0,0,,0,0,0.0,0.1
0.3,9,2320.0,0,0,,0,0,0.0,0.0
0.3,9,2321.0,0,1,,1,0,0.1,0.0
0.3,9,2322.0,0,0,0.0,0,1,0.1,0.1
0.3,9,2323.0,0,0,,0,0,0.1,0.1
0.3,9,2324.0,0,0,,0,0,0.1,0.1
0.3,9,2325.0,0,0,,0,0,0.1,0.1
0.3,9,2326.0,0,1,,1,0,0.2,0.1
0.3,9,2327.0,0,0,0.0,0,1,0.2,0.2
0.3,9,2328.0,0,0,,0,0,0.2,0.2
0.3,9,2329.0,0,0,,0,0,0.2,0.2
0.3,9,2330.0,0,1,0.0,2,1,0.4,0.3
0.3,9,2331.0,0,0,0.0,0,1,0.3,0.4
0.3,9,2332.0,0,0,,0,0,0.3,0.3
0.3,9,2333.0,0,0,0.0,1,1,0.4,0.4
0.3,9,2334.0,0,0,,0,0,0.4,0.4
0.3,9,2335.0,0,0,,0,0,0.4,0.4
0.3,9,2336.0,0,0,,0,0,0.3,0.4
0.3,9,2337.0,0,1,,1,0,0.4,0.3
0.3,9,2338.0,0,1,,0,0,0.4,0.3
0.3,9,2339.0,0,1,,0,0,0.4,0.3
0.3,9,2340.0,0,0,0.0,0,1,0.2,0.3
0.3,9,2341.0,0,0,,0,0,0.2,0.2
0.3,9,2342.0,0,0,,0,0,0.2,0.2
0.3,9,2343.0,0,0,,0,0,0.1,0.1
0.3,9,2344.0,0,0,,0,0,0.1,0.1
0.3,9,2345.0,0,0,,0,0,0.1,0.1
0.3,9,2346.0,0,0,,0,0,0.1,0.1
0.3,9,2347.0,0,1,,1,0,0.1,0.1
0.3,9,2348.0,0,0,0.0,0,1,0.1,0.2
0.3,9,2349.0,0,0,,0,0,0.1,0.2
0.3,9,2350.0,0,0,,0,0,0.1,0.1
0.3,9,2351.0,0,0,,0,0,0.1,0.1
0.3,9,2352.0,0,0,,0,0,0.1,0.1
0.3,9,2353.0,0,0,,0,0,0.1,0.1
0.3,9,2354.0,0,0,,0,0,0.1,0.1
0.3,9,2355.0,0,0,,0,0,0.1,0.1
0.3,9,2356.0,0,1,0.0,2,1,0.3,0.2
0.3,9,2357.0,0,0,0.0,1,2,0.3,0.4
0.3,9,2358.0,0,0,,0,0,0.3,0.3
0.3,9,2359.0,0,0,,0,0,0.3,0.3
0.3,9,2360.0,0,0,,0,0,0.3,0.3
0.3,9,2361.0,0,0,,0,0,0.3,0.3
0.3,9,2362.0,0,0,,0,0,0.3,0.3
0.3,9,2363.0,0,0,,0,0,0.3,0.3
0.3,9,2364.0,0,0,,0,0,0.3,0.3
0.3,9,2365.0,0,0,,0,0,0.3,0.3
0.3,9,2366.0,0,0,,0,0,0.1,0.2
0.3,9,2367.0,0,1,,1,0,0.1,0.0
0.3,9,2368.0,0,0,0.0,0,1,0.1,0.1
0.3,9,2369.0,0,0,,0,0,0.1,0.1
0.3,9,2370.0,0,0,,0,0,0.1,0.1
0.3,9,2371.0,0,0,,0,0,0.1,0.1
0.3,9,2372.0,0,0,,0,0,0.1,0.1
0.3,9,2373.0,0,0,,0,0,0.1,0.1
0.3,9,2374.0,0,1,,1,0,0.2,0.1
0.3,9,2375.0,0,0,0.0,0,1,0.2,0.2
0.3,9,2376.0,0,0,,0,0,0.2,0.2
0.3,9,2377.0,0,0,,0,0,0.1,0.2
0.3,9,2378.0,0,0,,0,0,0.1,0.1
0.3,9,2379.0,0,0,,0,0,0.1,0.1
0.3,9,2380.0,0,0,,0,0,0.1,0.1
0.3,9,2381.0,0,0,,0,0,0.1,0.1
0.3,9,2382.0,0,0,,0,0,0.1,0.1
0.3,9,2383.0,0,0,,0,0,0.1,0.1
0.3,9,2384.0,0,0,0.0,1,1,0.1,0.2
0.3,9,2385.0,1,2,,2,0,0.3,0.1
0.3,9,2386.0,1,2,0.0,1,1,0.4,0.2
0.3,9,2387.0,0,0,0.7052159656727781,0,2,0.4,0.4
0.3,9,2388.0,0,0,,0,0,0.4,0.4
0.3,9,2389.0,0,0,,0,0,0.4,0.4
0.3,9,2390.0,0,0,,0,0,0.4,0.4
0.3,9,2391.0,0,0,,0,0,0.4,0.4
0.3,9,2392.0,0,0,,0,0,0.4,0.4
0.3,9,2393.0,0,1,0.0,2,1,0.6,0.5
0.3,9,2394.0,0,0,0.0,0,1,0.5,0.5
0.3,9,2395.0,0,1,,1,0,0.4,0.5
0.3,9,2396.0,0,0,0.0,0,1,0.3,0.5
0.3,9,2397.0,0,0,,0,0,0.3,0.3
0.3,9,2398.0,0,0,,0,0,0.3,0.3
0.3,9,2399.0,0,0,,0,0,0.3,0.3
0.3,9,2400.0,0,0,,0,0,0.3,0.3
0.3,9,2401.0,0,0,,0,0,0.3,0.3
0.3,9,2402.0,0,0,,0,0,0.3,0.3
0.3,9,2403.0,0,0,,0,0,0.1,0.2
0.3,9,2404.0,0,0,,0,0,0.1,0.1
0.3,9,2405.0,0,0,,0,0,0.0,0.1
0.3,9,2406.0,0,0,,0,0,0.0,0.0
0.3,9,2407.0,0,0,0.0,1,1,0.1,0.1
0.3,9,2408.0,0,0,,0,0,0.1,0.1
0.3,9,2409.0,0,0,,0,0,0.1,0.1
0.3,9,2410.0,0,0,,0,0,0.1,0.1
0.3,9,2411.0,0,0,0.0,1,1,0.2,0.2
0.3,9,2412.0,0,0,,0,0,0.2,0.2
0.3,9,2413.0,0,0,,0,0,0.2,0.2
0.3,9,2414.0,0,0,,0,0,0.2,0.2
0.3,9,2415.0,0,0,,0,0,0.2,0.2
0.3,9,2416.0,0,0,,0,0,0.2,0.2
0.3,9,2417.0,0,1,,1,0,0.2,0.1
0.3,9,2418.0,0,1,,0,0,0.2,0.1
0.3,9,2419.0,0,1,0.0,1,1,0.3,0.2
0.3,9,2420.0,0,1,0.01241652116232217,1,1,0.4,0.3
0.3,9,2421.0,0,1,,0,0,0.3,0.2
0.3,9,2422.0,0,0,0.01692740202497589,0,1,0.3,0.3
0.3,9,2423.0,0,0,,0,0,0.3,0.3
0.3,9,2424.0,0,0,,0,0,0.3,0.3
0.3,9,2425.0,0,0,,0,0,0.3,0.3
0.3,9,2426.0,0,0,,0,0,0.3,0.3
0.3,9,2427.0,0,0,0.0,1,1,0.3,0.4
0.3,9,2428.0,0,0,,0,0,0.3,0.4
0.3,9,2429.0,0,0,,0,0,0.2,0.3
0.3,9,2430.0,0,0,,0,0,0.1,0.2
0.3,9,2431.0,0,0,,0,0,0.1,0.2
0.3,9,2432.0,0,0,,0,0,0.1,0.1
0.3,9,2433.0,0,0,,0,0,0.1,0.1
0.3,9,2434.0,0,0,,0,0,0.1,0.1
0.3,9,2435.0,0,0,,0,0,0.1,0.1
0.3,9,2436.0,0,0,,0,0,0.1,0.1
0.3,9,2437.0,0,0,,0,0,0.0,0.0
0.3,9,2438.0,0,0,,0,0,0.0,0.0
0.3,9,2439.0,0,1,0.0,2,1,0.2,0.1
0.3,9,2440.0,0,0,0.0,0,1,0.2,0.2
0.3,9,2441.0,0,1,,1,0,0.3,0.2
0.3,9,2442.0,0,1,,0,0,0.3,0.2
0.3,9,2443.0,0,0,0.0,0,1,0.3,0.3
0.3,9,2444.0,0,0,,0,0,0.3,0.3
0.3,9,2445.0,0,1,,1,0,0.4,0.3
0.3,9,2446.0,0,0,0.0,0,1,0.4,0.4
0.3,9,2447.0,0,0,,0,0,0.4,0.4
0.3,9,2448.0,0,0,,0,0,0.4,0.4
0.3,9,2449.0,0,0,,0,0,0.2,0.3
0.3,9,2450.0,0,0,,0,0,0.2,0.2
0.3,9,2451.0,0,0,,0,0,0.1,0.2
0.3,9,2452.0,0,0,,0,0,0.1,0.2
0.3,9,2453.0,0,1,,1,0,0.2,0.1
0.3,9,2454.0,0,0,0.0,0,1,0.2,0.2
0.3,9,2455.0,0,0,,0,0,0.1,0.2
0.3,9,2456.0,0,1,,1,0,0.2,0.1
0.3,9,2457.0,0,0,0.0,0,1,0.2,0.2
0.3,9,2458.0,0,0,,0,0,0.2,0.2
0.3,9,2459.0,0,0,,0,0,0.2,0.2
0.3,9,2460.0,0,0,,0,0,0.2,0.2
0.3,9,2461.0,0,1,,1,0,0.3,0.2
0.3,9,2462.0,0,1,0.0,1,1,0.4,0.3
0.3,9,2463.0,0,0,0.395508141310529,0,1,0.3,0.4
0.3,9,2464.0,0,0,,0,0,0.3,0.3
0.3,9,2465.0,0,0,0.0,1,1,0.4,0.4
0.3,9,2466.0,0,0,,0,0,0.3,0.4
0.3,9,2467.0,0,0,,0,0,0.3,0.3
0.3,9,2468.0,1,2,,2,0,0.5,0.3
0.3,9,2469.0,0,1,0.0,0,1,0.5,0.4
0.3,9,2470.0,0,0,1.360894270209883,0,1,0.5,0.5
0.3,9,2471.0,0,0,,0,0,0.4,0.5
0.3,9,2472.0,0,0,,0,0,0.3,0.4
0.3,9,2473.0,1,2,,2,0,0.5,0.3
0.3,9,2474.0,1,2,,0,0,0.5,0.3
0.3,9,2475.0,0,1,1.2535938323394475,1,2,0.5,0.4
0.3,9,2476.0,0,0,0.8058132717437729,0,1,0.5,0.5
0.3,9,2477.0,0,0,,0,0,0.5,0.5
0.3,9,2478.0,0,0,,0,0,0.3,0.5
0.3,9,2479.0,0,0,0.0,1,1,0.4,0.5
0.3,9,2480.0,1,2,,2,0,0.6,0.4
0.3,9,2481.0,2,3,,1,0,0.7,0.4
0.3,9,2482.0,2,3,,0,0,0.7,0.4
0.3,9,2483.0,1,2,0.0,0,1,0.5,0.5
0.3,9,2484.0,1,2,,0,0,0.5,0.5
0.3,9,2485.0,0,1,2.7935761694466237,0,1,0.4,0.4
0.3,9,2486.0,0,1,,0,0,0.4,0.3
0.3,9,2487.0,0,1,,0,0,0.4,0.3
0.3,9,2488.0,0,1,,0,0,0.4,0.3
0.3,9,2489.0,0,0,4.465266261151555,0,1,0.3,0.3
0.3,9,2490.0,0,0,,0,0,0.1,0.3
0.3,9,2491.0,0,0,,0,0,0.0,0.3
0.3,9,2492.0,0,1,,1,0,0.1,0.3
0.3,9,2493.0,0,0,0.0,0,1,0.1,0.3
0.3,9,2494.0,0,0,,0,0,0.1,0.3
0.3,9,2495.0,0,0,,0,0,0.1,0.2
0.3,9,2496.0,0,0,,0,0,0.1,0.2
0.3,9,2497.0,0,1,,1,0,0.2,0.2
0.3,9,2498.0,0,1,0.0,1,1,0.3,0.3
0.3,9,2499.0,0,1,,0,0,0.3,0.2
0.3,9,2500.0,0,0,0.0,0,1,0.3,0.3
0.3,9,2501.0,0,0,,0,0,0.3,0.3
0.3,9,2502.0,0,0,,0,0,0.2,0.3
0.3,9,2503.0,0,0,,0,0,0.2,0.2
0.3,9,2504.0,0,0,,0,0,0.2,0.2
0.3,9,2505.0,0,0,,0,0,0.2,0.2
0.3,9,2506.0,0,0,,0,0,0.2,0.2
0.3,9,2507.0,0,0,,0,0,0.1,0.2
0.3,9,2508.0,0,0,0.0,1,1,0.1,0.2
0.3,9,2509.0,0,0,,0,0,0.1,0.2
0.3,9,2510.0,0,0,,0,0,0.1,0.1
0.3,9,2511.0,0,0,,0,0,0.1,0.1
0.3,9,2512.0,0,1,,1,0,0.2,0.1
0.3,9,2513.0,1,2,,1,0,0.3,0.1
0.3,9,2514.0,1,2,,0,0,0.3,0.1
0.3,9,2515.0,2,3,,1,0,0.4,0.1
0.3,9,2516.0,2,3,,0,0,0.4,0.1
0.3,9,2517.0,1,2,0.0,0,1,0.4,0.2
0.3,9,2518.0,1,2,,0,0,0.3,0.1
0.3,9,2519.0,1,2,,0,0,0.3,0.1
0.3,9,2520.0,2,3,,1,0,0.4,0.1
0.3,9,2521.0,0,1,3.463824676487699,1,3,0.5,0.4
0.3,9,2522.0,0,0,0.03190741085722948,1,2,0.5,0.6
0.3,9,2523.0,0,0,,0,0,0.4,0.6
0.3,9,2524.0,0,0,,0,0,0.4,0.6
0.3,9,2525.0,0,0,,0,0,0.3,0.6
0.3,9,2526.0,0,1,,1,0,0.4,0.6
0.3,9,2527.0,0,0,0.0,0,1,0.4,0.6
0.3,9,2528.0,0,0,,0,0,0.4,0.6
0.3,9,2529.0,0,1,,1,0,0.5,0.6
0.3,9,2530.0,0,0,0.16568901871960406,1,2,0.5,0.8
0.3,9,2531.0,0,0,,0,0,0.4,0.5
0.3,9,2532.0,0,0,,0,0,0.3,0.3
0.3,9,2533.0,0,1,,1,0,0.4,0.3
0.3,9,2534.0,0,0,0.0,0,1,0.4,0.4
0.3,9,2535.0,0,0,0.0,1,1,0.5,0.5
0.3,9,2536.0,0,0,,0,0,0.4,0.5
0.3,9,2537.0,0,0,,0,0,0.4,0.4
0.3,9,2538.0,0,0,,0,0,0.4,0.4
0.3,9,2539.0,0,0,,0,0,0.3,0.4
0.3,9,2540.0,0,0,,0,0,0.2,0.2
0.3,9,2541.0,0,0,,0,0,0.2,0.2
0.3,9,2542.0,0,0,,0,0,0.2,0.2
0.3,9,2543.0,0,1,0.0,2,1,0.3,0.3
0.3,9,2544.0,0,0,0.0,0,1,0.3,0.3
0.3,9,2545.0,0,0,,0,0,0.2,0.2
0.3,9,2546.0,0,0,,0,0,0.2,0.2
0.3,9,2547.0,0,0,,0,0,0.2,0.2
0.3,9,2548.0,0,0,,0,0,0.2,0.2
0.3,9,2549.0,0,0,,0,0,0.2,0.2
0.3,9,2550.0,0,0,,0,0,0.2,0.2
0.3,9,2551.0,0,0,,0,0,0.2,0.2
0.3,9,2552.0,0,1,,1,0,0.3,0.2
0.3,9,2553.0,0,0,0.0,0,1,0.1,0.2
0.3,9,2554.0,0,0,,0,0,0.1,0.1
0.3,9,2555.0,0,0,,0,0,0.1,0.1
0.3,9,2556.0,0,0,,0,0,0.1,0.1
0.3,9,2557.0,0,0,,0,0,0.1,0.1
0.3,9,2558.0,0,1,,1,0,0.2,0.1
0.3,9,2559.0,0,0,0.0,0,1,0.2,0.2
0.3,9,2560.0,0,0,,0,0,0.2,0.2
0.3,9,2561.0,0,0,,0,0,0.2,0.2
0.3,9,2562.0,0,0,,0,0,0.1,0.2
0.3,9,2563.0,0,0,,0,0,0.1,0.1
0.3,9,2564.0,0,0,,0,0,0.1,0.1
0.3,9,2565.0,0,0,0.0,1,1,0.2,0.2
0.3,9,2566.0,0,0,0.0,1,1,0.3,0.3
0.3,9,2567.0,0,0,0.0,1,1,0.4,0.4
0.3,9,2568.0,0,0,,0,0,0.3,0.4
0.3,9,2569.0,0,0,,0,0,0.3,0.3
0.3,9,2570.0,0,0,0.0,1,1,0.4,0.4
0.3,9,2571.0,0,0,,0,0,0.4,0.4
0.3,9,2572.0,0,1,,1,0,0.5,0.4
0.3,9,2573.0,0,1,,0,0,0.5,0.4
0.3,9,2574.0,0,0,0.0,0,1,0.5,0.5
0.3,9,2575.0,0,0,,0,0,0.4,0.4
0.3,9,2576.0,1,2,,2,0,0.5,0.3
0.3,9,2577.0,1,2,,0,0,0.4,0.2
0.3,9,2578.0,0,1,0.0,0,1,0.4,0.3
0.3,9,2579.0,0,0,2.068719782369044,0,1,0.4,0.4
0.3,9,2580.0,0,0,,0,0,0.3,0.3
0.3,9,2581.0,0,0,,0,0,0.3,0.3
0.3,9,2582.0,0,1,,1,0,0.3,0.3
0.3,9,2583.0,0,0,0.0,0,1,0.3,0.4
0.3,9,2584.0,0,0,,0,0,0.3,0.3
0.3,9,2585.0,0,0,,0,0,0.3,0.3
0.3,9,2586.0,0,0,,0,0,0.1,0.3
0.3,9,2587.0,0,0,,0,0,0.1,0.3
0.3,9,2588.0,0,0,,0,0,0.1,0.2
0.3,9,2589.0,0,0,,0,0,0.1,0.1
0.3,9,2590.0,0,0,,0,0,0.1,0.1
0.3,9,2591.0,0,0,,0,0,0.1,0.1
0.3,9,2592.0,0,0,,0,0,0.0,0.1
0.3,9,2593.0,0,0,,0,0,0.0,0.0
0.3,9,2594.0,0,0,,0,0,0.0,0.0
0.3,9,2595.0,0,0,,0,0,0.0,0.0
0.3,9,2596.0,1,2,,2,0,0.2,0.0
0.3,9,2597.0,0,1,0.0,0,1,0.2,0.1
0.3,9,2598.0,0,1,,0,0,0.2,0.1
0.3,9,2599.0,0,1,,0,0,0.2,0.1
0.3,9,2600.0,0,1,1.4902150479269949,1,1,0.3,0.2
0.3,9,2601.0,0,0,0.0,0,1,0.3,0.3
0.3,9,2602.0,0,0,,0,0,0.3,0.3
0.3,9,2603.0,0,0,,0,0,0.3,0.3
0.3,9,2604.0,0,0,,0,0,0.3,0.3
0.3,9,2605.0,0,0,,0,0,0.3,0.3
0.3,9,2606.0,0,0,,0,0,0.1,0.3
0.3,9,2607.0,0,0,,0,0,0.1,0.2
0.3,9,2608.0,0,0,,0,0,0.1,0.2
0.3,9,2609.0,0,0,,0,0,0.1,0.2
0.3,9,2610.0,0,0,,0,0,0.0,0.1
0.3,9,2611.0,0,0,,0,0,0.0,0.0
0.3,9,2612.0,0,0,0.0,1,1,0.1,0.1
0.3,9,2613.0,0,0,,0,0,0.1,0.1
0.3,9,2614.0,0,0,0.0,1,1,0.2,0.2
0.3,9,2615.0,0,0,,0,0,0.2,0.2
0.3,9,2616.0,0,0,,0,0,0.2,0.2
0.3,9,2617.0,1,2,0.0,3,1,0.5,0.3
0.3,9,2618.0,0,1,0.7064464673230759,0,1,0.5,0.4
0.3,9,2619.0,1,2,,1,0,0.6,0.4
0.3,9,2620.0,2,3,,1,0,0.7,0.4
0.3,9,2621.0,0,0,0.8186718829655547,2,5,0.9,0.9
0.3,9,2622.0,0,1,,1,0,0.9,0.8
0.3,9,2623.0,0,0,0.0,0,1,0.9,0.9
0.3,9,2624.0,0,0,,0,0,0.8,0.8
0.3,9,2625.0,0,0,,0,0,0.8,0.8
0.3,9,2626.0,0,0,,0,0,0.8,0.8
0.3,9,2627.0,0,0,,0,0,0.5,0.7
0.3,9,2628.0,0,0,,0,0,0.5,0.6
0.3,9,2629.0,0,0,0.0,1,1,0.5,0.7
0.3,9,2630.0,0,0,,0,0,0.4,0.7
0.3,9,2631.0,0,0,,0,0,0.2,0.2
0.3,9,2632.0,0,0,,0,0,0.1,0.2
0.3,9,2633.0,0,0,,0,0,0.1,0.1
0.3,9,2634.0,0,0,,0,0,0.1,0.1
0.3,9,2635.0,0,0,,0,0,0.1,0.1
0.3,9,2636.0,0,0,,0,0,0.1,0.1
0.3,9,2637.0,0,0,,0,0,0.1,0.1
0.3,9,2638.0,0,0,,0,0,0.1,0.1
0.3,9,2639.0,0,0,,0,0,0.0,0.0
0.3,9,2640.0,0,0,,0,0,0.0,0.0
0.3,9,2641.0,0,0,,0,0,0.0,0.0
0.3,9,2642.0,0,0,,0,0,0.0,0.0
0.3,9,2643.0,0,1,,1,0,0.1,0.0
0.3,9,2644.0,1,2,,1,0,0.2,0.0
0.3,9,2645.0,2,3,,1,0,0.3,0.0
0.3,9,2646.0,2,3,,0,0,0.3,0.0
0.3,9,2647.0,3,4,,1,0,0.4,0.0
0.3,9,2648.0,3,4,,0,0,0.4,0.0
0.3,9,2649.0,1,2,2.389770192484093,0,2,0.4,0.2
0.3,9,2650.0,0,1,4.84642868713081,0,1,0.4,0.3
0.3,9,2651.0,0,0,3.6135330848414924,0,1,0.4,0.4
0.3,9,2652.0,0,0,,0,0,0.4,0.4
0.3,9,2653.0,0,0,0.0,1,1,0.4,0.5
0.3,9,2654.0,0,0,0.0,1,1,0.4,0.6
0.3,9,2655.0,0,0,,0,0,0.3,0.6
0.3,9,2656.0,0,0,,0,0,0.3,0.6
0.3,9,2657.0,0,0,,0,0,0.2,0.6
0.3,9,2658.0,0,1,,1,0,0.3,0.6
0.3,9,2659.0,0,0,0.0,0,1,0.3,0.5
0.3,9,2660.0,0,0,,0,0,0.3,0.4
0.3,9,2661.0,0,0,,0,0,0.3,0.3
0.3,9,2662.0,0,0,,0,0,0.3,0.3
0.3,9,2663.0,0,0,,0,0,0.2,0.2
0.3,9,2664.0,0,0,,0,0,0.1,0.1
0.3,9,2665.0,0,0,,0,0,0.1,0.1
0.3,9,2666.0,0,1,0.0,2,1,0.3,0.2
0.3,9,2667.0,0,1,,0,0,0.3,0.2
0.3,9,2668.0,1,2,,1,0,0.3,0.2
0.3,9,2669.0,1,2,,0,0,0.3,0.1
0.3,9,2670.0,1,2,,0,0,0.3,0.1
0.3,9,2671.0,1,2,,0,0,0.3,0.1
0.3,9,2672.0,0,1,0.0,0,1,0.3,0.2
0.3,9,2673.0,0,1,3.384256043844289,1,1,0.4,0.3
0.3,9,2674.0,0,0,0.0,0,1,0.4,0.4
0.3,9,2675.0,0,0,0.0,1,1,0.5,0.5
0.3,9,2676.0,0,0,,0,0,0.3,0.4
0.3,9,2677.0,0,0,,0,0,0.3,0.4
0.3,9,2678.0,0,0,,0,0,0.2,0.4
0.3,9,2679.0,0,0,,0,0,0.2,0.4
0.3,9,2680.0,0,1,,1,0,0.3,0.4
0.3,9,2681.0,0,0,0.0,0,1,0.3,0.5
0.3,9,2682.0,0,0,,0,0,0.3,0.4
0.3,9,2683.0,0,0,,0,0,0.2,0.3
0.3,9,2684.0,0,0,,0,0,0.2,0.2
0.3,9,2685.0,0,0,,0,0,0.1,0.1
0.3,9,2686.0,0,0,,0,0,0.1,0.1
0.3,9,2687.0,0,0,,0,0,0.1,0.1
0.3,9,2688.0,0,0,0.0,1,1,0.2,0.2
0.3,9,2689.0,0,0,,0,0,0.2,0.2
0.3,9,2690.0,0,0,,0,0,0.1,0.2
0.3,9,2691.0,0,0,0.0,1,1,0.2,0.2
0.3,9,2692.0,0,0,,0,0,0.2,0.2
0.3,9,2693.0,0,0,,0,0,0.2,0.2
0.3,9,2694.0,0,0,,0,0,0.2,0.2
0.3,9,2695.0,0,0,,0,0,0.2,0.2
0.3,9,2696.0,0,0,,0,0,0.2,0.2
0.3,9,2697.0,0,0,,0,0,0.2,0.2
0.3,9,2698.0,0,0,,0,0,0.1,0.1
0.3,9,2699.0,0,1,,1,0,0.2,0.1
0.3,9,2700.0,0,1,0.0,1,1,0.3,0.2
0.3,9,2701.0,0,0,0.0,0,1,0.2,0.2
0.3,9,2702.0,0,0,0.0,1,1,0.3,0.3
0.3,9,2703.0,0,0,,0,0,0.3,0.3
0.3,9,2704.0,0,0,,0,0,0.3,0.3
0.3,9,2705.0,0,0,,0,0,0.3,0.3
0.3,9,2706.0,0,0,0.0,1,1,0.4,0.4
0.3,9,2707.0,0,0,,0,0,0.4,0.4
0.3,9,2708.0,0,0,,0,0,0.4,0.4
0.3,9,2709.0,0,0,,0,0,0.3,0.4
0.3,9,2710.0,0,0,,0,0,0.2,0.3
0.3,9,2711.0,0,0,0.0,1,1,0.3,0.3
0.3,9,2712.0,0,1,,1,0,0.3,0.2
0.3,9,2713.0,0,1,0.0,1,1,0.4,0.3
0.3,9,2714.0,0,0,0.0,0,1,0.4,0.4
0.3,9,2715.0,0,0,,0,0,0.4,0.4
0.3,9,2716.0,0,0,,0,0,0.3,0.3
0.3,9,2717.0,0,0,,0,0,0.3,0.3
0.3,9,2718.0,0,0,,0,0,0.3,0.3
0.3,9,2719.0,0,0,,0,0,0.3,0.3
0.3,9,2720.0,0,0,,0,0,0.3,0.3
0.3,9,2721.0,0,0,0.0,1,1,0.3,0.3
0.3,9,2722.0,0,0,,0,0,0.2,0.3
0.3,9,2723.0,0,0,,0,0,0.1,0.2
0.3,9,2724.0,0,0,,0,0,0.1,0.1
0.3,9,2725.0,0,0,,0,0,0.1,0.1
0.3,9,2726.0,0,0,,0,0,0.1,0.1
0.3,9,2727.0,0,1,,1,0,0.2,0.1
0.3,9,2728.0,0,0,0.0,0,1,0.2,0.2
0.3,9,2729.0,0,0,,0,0,0.2,0.2
0.3,9,2730.0,0,0,,0,0,0.2,0.2
0.3,9,2731.0,0,0,,0,0,0.1,0.1
0.3,9,2732.0,0,0,0.0,1,1,0.2,0.2
0.3,9,2733.0,0,0,,0,0,0.2,0.2
0.3,9,2734.0,0,0,,0,0,0.2,0.2
0.3,9,2735.0,0,0,,0,0,0.2,0.2
0.3,9,2736.0,0,0,,0,0,0.2,0.2
0.3,9,2737.0,0,0,,0,0,0.1,0.2
0.3,9,2738.0,0,0,,0,0,0.1,0.1
0.3,9,2739.0,0,0,,0,0,0.1,0.1
0.3,9,2740.0,0,0,,0,0,0.1,0.1
0.3,9,2741.0,0,0,,0,0,0.1,0.1
0.3,9,2742.0,0,0,,0,0,0.0,0.0
0.3,9,2743.0,0,0,,0,0,0.0,0.0
0.3,9,2744.0,0,0,,0,0,0.0,0.0
0.3,9,2745.0,1,2,,2,0,0.2,0.0
0.3,9,2746.0,0,1,0.0,0,1,0.2,0.1
0.3,9,2747.0,0,1,,0,0,0.2,0.1
0.3,9,2748.0,0,1,0.39495684193298075,1,1,0.3,0.2
0.3,9,2749.0,0,0,0.0821922603377061,0,1,0.3,0.3
0.3,9,2750.0,0,0,,0,0,0.3,0.3
0.3,9,2751.0,0,0,,0,0,0.3,0.3
0.3,9,2752.0,0,0,,0,0,0.3,0.3
0.3,9,2753.0,0,0,,0,0,0.3,0.3
0.3,9,2754.0,0,0,,0,0,0.3,0.3
0.3,9,2755.0,0,1,0.0,2,1,0.3,0.4
0.3,9,2756.0,0,0,0.0,0,1,0.3,0.4
0.3,9,2757.0,0,1,,1,0,0.4,0.4
0.3,9,2758.0,0,1,,0,0,0.3,0.3
0.3,9,2759.0,0,0,0.0,0,1,0.3,0.3
0.3,9,2760.0,0,0,,0,0,0.3,0.3
0.3,9,2761.0,0,1,,1,0,0.4,0.3
0.3,9,2762.0,0,0,0.0,0,1,0.4,0.4
0.3,9,2763.0,0,0,,0,0,0.4,0.4
0.3,9,2764.0,0,0,,0,0,0.4,0.4
0.3,9,2765.0,0,0,,0,0,0.2,0.3
0.3,9,2766.0,0,0,,0,0,0.2,0.2
0.3,9,2767.0,0,0,,0,0,0.1,0.2
0.3,9,2768.0,0,0,0.0,1,1,0.2,0.3
0.3,9,2769.0,0,0,,0,0,0.2,0.2
0.3,9,2770.0,0,0,,0,0,0.2,0.2
0.3,9,2771.0,0,0,,0,0,0.1,0.2
0.3,9,2772.0,0,1,,1,0,0.2,0.1
0.3,9,2773.0,0,0,0.0,0,1,0.2,0.2
0.3,9,2774.0,0,0,,0,0,0.2,0.2
0.3,9,2775.0,0,1,,1,0,0.3,0.2
0.3,9,2776.0,0,0,0.0,0,1,0.3,0.3
0.3,9,2777.0,0,0,,0,0,0.3,0.3
0.3,9,2778.0,0,0,0.0,1,1,0.3,0.3
0.3,9,2779.0,0,0,,0,0,0.3,0.3
0.3,9,2780.0,0,0,0.0,1,1,0.4,0.4
0.3,9,2781.0,0,0,,0,0,0.4,0.4
0.3,9,2782.0,0,0,,0,0,0.3,0.4
0.3,9,2783.0,0,0,0.0,1,1,0.4,0.4
0.3,9,2784.0,0,0,,0,0,0.4,0.4
0.3,9,2785.0,0,0,,0,0,0.3,0.4
0.3,9,2786.0,0,1,,1,0,0.4,0.3
0.3,9,2787.0,0,0,0.0,0,1,0.4,0.4
0.3,9,2788.0,0,0,,0,0,0.3,0.3
0.3,9,2789.0,0,0,,0,0,0.3,0.3
0.3,9,2790.0,0,0,0.0,1,1,0.3,0.3
0.3,9,2791.0,0,0,,0,0,0.3,0.3
0.3,9,2792.0,0,0,,0,0,0.3,0.3
0.3,9,2793.0,0,0,0.03538355356363354,2,2,0.4,0.4
0.3,9,2794.0,0,0,0.0,1,1,0.5,0.5
0.3,9,2795.0,0,0,,0,0,0.5,0.5
0.3,9,2796.0,0,0,,0,0,0.4,0.5
0.3,9,2797.0,0,0,,0,0,0.4,0.4
0.3,9,2798.0,0,0,0.1721751749832947,2,2,0.6,0.6
0.3,9,2799.0,0,0,,0,0,0.6,0.6
0.3,9,2800.0,0,0,,0,0,0.5,0.5
0.3,9,2801.0,0,0,0.0,1,1,0.6,0.6
0.3,9,2802.0,0,0,,0,0,0.6,0.6
0.3,9,2803.0,0,0,,0,0,0.4,0.4
0.3,9,2804.0,0,0,,0,0,0.3,0.3
0.3,9,2805.0,0,0,,0,0,0.3,0.3
0.3,9,2806.0,0,0,,0,0,0.3,0.3
0.3,9,2807.0,0,0,,0,0,0.3,0.3
0.3,9,2808.0,0,0,,0,0,0.1,0.1
0.3,9,2809.0,1,2,,2,0,0.3,0.1
0.3,9,2810.0,0,1,0.0,0,1,0.3,0.2
0.3,9,2811.0,0,1,,0,0,0.2,0.1
0.3,9,2812.0,0,1,,0,0,0.2,0.1
0.3,9,2813.0,0,0,0.6380456740735099,0,1,0.2,0.2
0.3,9,2814.0,0,1,,1,0,0.3,0.2
0.3,9,2815.0,0,0,0.0,0,1,0.3,0.3
0.3,9,2816.0,0,1,,1,0,0.4,0.3
0.3,9,2817.0,0,1,,0,0,0.4,0.3
0.3,9,2818.0,0,0,0.0,0,1,0.4,0.4
0.3,9,2819.0,0,0,,0,0,0.2,0.4
0.3,9,2820.0,0,0,,0,0,0.2,0.3
0.3,9,2821.0,0,0,,0,0,0.2,0.3
0.3,9,2822.0,0,0,,0,0,0.2,0.3
0.3,9,2823.0,0,0,0.0,1,1,0.3,0.3
0.3,9,2824.0,0,0,,0,0,0.2,0.3
0.3,9,2825.0,0,0,,0,0,0.2,0.2
0.3,9,2826.0,0,0,0.0,1,1,0.2,0.3
0.3,9,2827.0,0,0,,0,0,0.2,0.3
0.3,9,2828.0,0,0,,0,0,0.2,0.2
0.3,9,2829.0,0,0,,0,0,0.2,0.2
0.3,9,2830.0,0,0,,0,0,0.2,0.2
0.3,9,2831.0,0,0,,0,0,0.2,0.2
0.3,9,2832.0,0,1,,1,0,0.3,0.2
0.3,9,2833.0,0,0,0.0,0,1,0.2,0.2
0.3,9,2834.0,0,0,,0,0,0.2,0.2
0.3,9,2835.0,0,0,,0,0,0.2,0.2
0.3,9,2836.0,0,0,,0,0,0.1,0.1
0.3,9,2837.0,0,0,,0,0,0.1,0.1
0.3,9,2838.0,0,1,,1,0,0.2,0.1
0.3,9,2839.0,0,1,0.0,1,1,0.3,0.2
0.3,9,2840.0,3,4,,3,0,0.6,0.2
0.3,9,2841.0,3,4,,0,0,0.6,0.2
0.3,9,2842.0,3,4,,0,0,0.5,0.2
0.3,9,2843.0,2,3,0.0,0,1,0.5,0.2
0.3,9,2844.0,3,4,,1,0,0.6,0.2
0.3,9,2845.0,3,4,,0,0,0.6,0.2
0.3,9,2846.0,3,4,,0,0,0.6,0.2
0.3,9,2847.0,2,3,3.564484072250707,0,1,0.6,0.3
0.3,9,2848.0,1,2,7.290020856913088,0,1,0.5,0.4
0.3,9,2849.0,1,2,7.462716956938948,1,1,0.5,0.4
0.3,9,2850.0,0,0,2.9408101068020187,0,2,0.2,0.6
0.3,9,2851.0,0,0,0.0,1,1,0.3,0.7
0.3,9,2852.0,1,2,,2,0,0.5,0.7
0.3,9,2853.0,1,2,,0,0,0.5,0.6
0.3,9,2854.0,0,1,0.0,0,1,0.4,0.7
0.3,9,2855.0,1,2,,1,0,0.5,0.7
0.3,9,2856.0,0,0,1.446675415757909,0,2,0.5,0.9
0.3,9,2857.0,0,0,,0,0,0.5,0.8
0.3,9,2858.0,0,0,,0,0,0.5,0.7
0.3,9,2859.0,0,0,,0,0,0.4,0.6
0.3,9,2860.0,3,4,,4,0,0.8,0.4
0.3,9,2861.0,3,4,,0,0,0.7,0.3
0.3,9,2862.0,3,4,,0,0,0.5,0.3
0.3,9,2863.0,2,3,0.0,0,1,0.5,0.4
0.3,9,2864.0,3,4,,1,0,0.6,0.3
0.3,9,2865.0,3,4,3.7230949954371226,2,2,0.7,0.5
0.3,9,2866.0,2,3,4.717747034794684,0,1,0.7,0.4
0.3,9,2867.0,2,3,,0,0,0.7,0.4
0.3,9,2868.0,1,2,2.1352923969707263,0,1,0.7,0.5
0.3,9,2869.0,0,0,3.5604211373699854,0,2,0.7,0.7
0.3,9,2870.0,0,0,,0,0,0.3,0.7
0.3,9,2871.0,0,0,,0,0,0.3,0.7
0.3,9,2872.0,0,1,,1,0,0.4,0.7
0.3,9,2873.0,2,3,,2,0,0.6,0.6
0.3,9,2874.0,1,2,0.0,0,1,0.5,0.7
0.3,9,2875.0,1,2,,0,0,0.3,0.5
0.3,9,2876.0,0,0,1.678687129629452,0,2,0.3,0.6
0.3,9,2877.0,0,0,0.0,1,1,0.4,0.7
0.3,9,2878.0,0,1,,1,0,0.5,0.6
0.3,9,2879.0,0,1,0.0,1,1,0.6,0.5
0.3,9,2880.0,0,1,0.0,1,1,0.7,0.6
0.3,9,2881.0,0,1,0.09751222553836669,2,2,0.9,0.8
0.3,9,2882.0,0,0,0.8467856506308635,0,1,0.8,0.9
0.3,9,2883.0,0,1,,1,0,0.7,0.9
0.3,9,2884.0,0,0,0.0,0,1,0.7,0.9
0.3,9,2885.0,0,0,0.0,1,1,0.8,1.0
0.3,9,2886.0,0,0,0.0,1,1,0.9,0.9
0.3,9,2887.0,0,0,,0,0,0.8,0.8
0.3,9,2888.0,0,0,,0,0,0.7,0.8
0.3,9,2889.0,0,1,,1,0,0.7,0.7
0.3,9,2890.0,1,2,,1,0,0.7,0.6
0.3,9,2891.0,1,2,0.0,1,1,0.6,0.5
0.3,9,2892.0,0,1,0.356666464648697,0,1,0.6,0.5
0.3,9,2893.0,0,1,,0,0,0.5,0.5
0.3,9,2894.0,0,0,1.417059447734573,0,1,0.5,0.5
0.3,9,2895.0,0,0,,0,0,0.4,0.4
0.3,9,2896.0,0,0,,0,0,0.3,0.3
0.3,9,2897.0,0,0,,0,0,0.3,0.3
0.3,9,2898.0,0,0,,0,0,0.3,0.3
0.3,9,2899.0,0,0,,0,0,0.2,0.3
0.3,9,2900.0,0,1,,1,0,0.2,0.3
0.3,9,2901.0,0,0,0.0,0,1,0.1,0.3
0.3,9,2902.0,0,0,,0,0,0.1,0.2
0.3,9,2903.0,0,1,,1,0,0.2,0.2
0.3,9,2904.0,0,1,0.0,1,1,0.3,0.2
0.3,9,2905.0,0,1,0.3692275240591698,1,1,0.4,0.3
0.3,9,2906.0,0,0,0.0,0,1,0.4,0.4
0.3,9,2907.0,0,0,,0,0,0.4,0.4
0.3,9,2908.0,0,0,0.0,1,1,0.5,0.5
0.3,9,2909.0,0,0,,0,0,0.5,0.5
0.3,9,2910.0,0,0,,0,0,0.4,0.5
0.3,9,2911.0,0,0,,0,0,0.4,0.4
0.3,9,2912.0,0,0,,0,0,0.4,0.4
0.3,9,2913.0,0,0,,0,0,0.3,0.4
0.3,9,2914.0,0,0,,0,0,0.2,0.3
0.3,9,2915.0,0,0,,0,0,0.1,0.2
0.3,9,2916.0,0,0,,0,0,0.1,0.1
0.3,9,2917.0,0,0,,0,0,0.1,0.1
0.3,9,2918.0,0,1,,1,0,0.1,0.0
0.3,9,2919.0,0,1,0.0,2,2,0.3,0.2
0.3,9,2920.0,0,1,,0,0,0.3,0.2
0.3,9,2921.0,0,1,,0,0,0.3,0.2
0.3,9,2922.0,1,2,,1,0,0.4,0.2
0.3,9,2923.0,0,0,0.40211193766003817,0,2,0.4,0.4
0.3,9,2924.0,0,0,,0,0,0.4,0.4
0.3,9,2925.0,0,0,,0,0,0.4,0.4
0.3,9,2926.0,0,0,,0,0,0.4,0.4
0.3,9,2927.0,0,0,,0,0,0.4,0.4
0.3,9,2928.0,0,0,,0,0,0.3,0.4
0.3,9,2929.0,0,0,,0,0,0.1,0.2
0.3,9,2930.0,0,0,0.0,1,1,0.2,0.3
0.3,9,2931.0,0,0,,0,0,0.2,0.3
0.3,9,2932.0,0,0,,0,0,0.1,0.3
0.3,9,2933.0,0,0,,0,0,0.1,0.1
0.3,9,2934.0,0,0,,0,0,0.1,0.1
0.3,9,2935.0,0,0,,0,0,0.1,0.1
0.3,9,2936.0,0,0,,0,0,0.1,0.1
0.3,9,2937.0,0,0,,0,0,0.1,0.1
0.3,9,2938.0,0,0,,0,0,0.1,0.1
0.3,9,2939.0,0,0,,0,0,0.1,0.1
0.3,9,2940.0,0,1,,1,0,0.1,0.0
0.3,9,2941.0,0,0,0.0,0,1,0.1,0.1
0.3,9,2942.0,0,1,,1,0,0.2,0.1
0.3,9,2943.0,0,0,0.15070114375657795,1,2,0.3,0.3
0.3,9,2944.0,0,0,,0,0,0.3,0.3
0.3,9,2945.0,0,0,,0,0,0.3,0.3
0.3,9,2946.0,0,0,,0,0,0.3,0.3
0.3,9,2947.0,0,1,,1,0,0.4,0.3
0.3,9,2948.0,0,0,0.0,0,1,0.4,0.4
0.3,9,2949.0,0,0,,0,0,0.4,0.4
0.3,9,2950.0,0,1,,1,0,0.4,0.4
0.3,9,2951.0,0,0,0.0,0,1,0.4,0.4
0.3,9,2952.0,0,0,,0,0,0.3,0.4
0.3,9,2953.0,0,0,,0,0,0.2,0.2
0.3,9,2954.0,0,0,0.0,1,1,0.3,0.3
0.3,9,2955.0,0,0,,0,0,0.3,0.3
0.3,9,2956.0,0,0,0.0,1,1,0.4,0.4
0.3,9,2957.0,0,1,,1,0,0.4,0.4
0.3,9,2958.0,0,1,,0,0,0.4,0.3
0.3,9,2959.0,0,1,,0,0,0.4,0.3
0.3,9,2960.0,0,0,0.0,0,1,0.3,0.4
0.3,9,2961.0,0,0,,0,0,0.3,0.3
0.3,9,2962.0,0,0,,0,0,0.3,0.3
0.3,9,2963.0,0,1,0.0,2,1,0.5,0.4
0.3,9,2964.0,0,1,,0,0,0.4,0.3
0.3,9,2965.0,0,0,0.3718881625918584,0,1,0.4,0.4
0.3,9,2966.0,0,0,,0,0,0.3,0.3
0.3,9,2967.0,0,0,0.0,1,1,0.3,0.4
0.3,9,2968.0,0,0,,0,0,0.3,0.4
0.3,9,2969.0,0,0,0.0,1,1,0.4,0.5
0.3,9,2970.0,0,0,,0,0,0.4,0.4
0.3,9,2971.0,0,0,,0,0,0.4,0.4
0.3,9,2972.0,0,0,,0,0,0.4,0.4
0.3,9,2973.0,0,0,,0,0,0.2,0.3
0.3,9,2974.0,0,1,,1,0,0.3,0.3
0.3,9,2975.0,0,1,,0,0,0.3,0.2
0.3,9,2976.0,1,2,,1,0,0.4,0.2
0.3,9,2977.0,0,0,0.6501758948274983,0,2,0.3,0.3
0.3,9,2978.0,0,0,,0,0,0.3,0.3
0.3,9,2979.0,0,0,0.0,1,1,0.3,0.3
0.3,9,2980.0,0,0,,0,0,0.3,0.3
0.3,9,2981.0,0,0,,0,0,0.3,0.3
0.3,9,2982.0,0,0,,0,0,0.3,0.3
0.3,9,2983.0,0,1,,1,0,0.4,0.3
0.3,9,2984.0,0,0,0.0,0,1,0.3,0.4
0.3,9,2985.0,0,0,,0,0,0.3,0.4
0.3,9,2986.0,0,0,,0,0,0.2,0.4
0.3,9,2987.0,0,1,,1,0,0.3,0.2
0.3,9,2988.0,0,0,0.0,0,1,0.3,0.3
0.3,9,2989.0,0,0,,0,0,0.2,0.2
0.3,9,2990.0,0,0,,0,0,0.2,0.2
0.3,9,2991.0,0,0,,0,0,0.2,0.2
0.3,9,2992.0,0,0,,0,0,0.2,0.2
0.3,9,2993.0,0,0,,0,0,0.1,0.2
0.3,9,2994.0,0,0,,0,0,0.1,0.1
0.3,9,2995.0,0,0,,0,0,0.1,0.1
0.3,9,2996.0,0,0,,0,0,0.1,0.1
0.3,9,2997.0,0,0,,0,0,0.0,0.1
0.3,9,2998.0,0,0,,0,0,0.0,0.0
0.3,9,2999.0,0,0,,0,0,0.0,0.0
0.3,9,3000.0,0,1,,1,0,0.1,0.0
