dataset,weibull_shape,rho,horizon,model,test_run_id,MAE,RMSE,n_test,MAE_std,relative_improvement_over_persistence,n_test_runs
history_only,2.0,0.3,short,Naive (persistence),25,0.1449632738719832,0.45586995807780467,19060.0,,,
history_only,2.0,0.3,short,Linear Regression,25,0.14921593662643584,0.3327286665643566,19060.0,,,
history_only,2.0,0.3,short,Decision Tree,25,0.14949979669779415,0.3351340600854489,19060.0,,,
history_only,2.0,0.3,short,Random Forest,25,0.1492606335720315,0.3331389153985537,19060.0,,,
history_only,2.0,0.3,short,Naive (persistence),26,0.14102564102564102,0.4397354191122024,18876.0,,,
history_only,2.0,0.3,short,Linear Regression,26,0.1487210209183318,0.3268496325148399,18876.0,,,
history_only,2.0,0.3,short,Decision Tree,26,0.14859308471846386,0.3270202149087716,18876.0,,,
history_only,2.0,0.3,short,Random Forest,26,0.14832569654273792,0.3247326107661315,18876.0,,,
history_only,2.0,0.3,short,Naive (persistence),27,0.15770665825844762,0.47231404938729116,19029.0,,,
history_only,2.0,0.3,short,Linear Regression,27,0.1556571112224739,0.34148379320271904,19029.0,,,
history_only,2.0,0.3,short,Decision Tree,27,0.15542914489481413,0.34199349894123166,19029.0,,,
history_only,2.0,0.3,short,Random Forest,27,0.15542482416048842,0.3417330327641171,19029.0,,,
history_only,2.0,0.3,short,Naive (persistence),28,0.147074327886136,0.4573536677868235,18970.0,,,
history_only,2.0,0.3,short,Linear Regression,28,0.1501486730083447,0.3311295044285914,18970.0,,,
history_only,2.0,0.3,short,Decision Tree,28,0.15000193449043334,0.3311740407509879,18970.0,,,
history_only,2.0,0.3,short,Random Forest,28,0.1500418185382007,0.3308647911468546,18970.0,,,
history_only,2.0,0.3,short,Naive (persistence),29,0.14702021527960094,0.4574863690805011,19045.0,,,
history_only,2.0,0.3,short,Linear Regression,29,0.14999060132494452,0.3288591757849556,19045.0,,,
history_only,2.0,0.3,short,Decision Tree,29,0.15007035335549235,0.3294575635492336,19045.0,,,
history_only,2.0,0.3,short,Random Forest,29,0.15009262168661822,0.32927623747527346,19045.0,,,
history_only,2.0,0.3,short,Linear Regression,ALL_MEAN,0.15074666862010616,,,0.0025095048159267026,-0.021609433937941125,5.0
history_only,2.0,0.3,short,Decision Tree,ALL_MEAN,0.15071886283139957,,,0.002413560139167333,-0.021420994244243152,5.0
history_only,2.0,0.3,short,Random Forest,ALL_MEAN,0.15062911890001535,,,0.002482339484003432,-0.020812800061379644,5.0
history_only,2.0,0.3,short,Naive (persistence),ALL_MEAN,0.14755802326436177,,,0.005530329701068041,0.0,5.0
history_only,2.0,0.3,medium,Naive (persistence),25,0.1507345225603358,0.4713736039508088,19060.0,,,
history_only,2.0,0.3,medium,Linear Regression,25,0.1496209538043899,0.335940023941245,19060.0,,,
history_only,2.0,0.3,medium,Decision Tree,25,0.1496860017880799,0.3362221343639733,19060.0,,,
history_only,2.0,0.3,medium,Random Forest,25,0.14955540545062776,0.3358135036818351,19060.0,,,
history_only,2.0,0.3,medium,Naive (persistence),26,0.1457936003390549,0.4500947605720204,18876.0,,,
history_only,2.0,0.3,medium,Linear Regression,26,0.14909042167020392,0.3260150774825208,18876.0,,,
history_only,2.0,0.3,medium,Decision Tree,26,0.14939803352297137,0.3268866944733612,18876.0,,,
history_only,2.0,0.3,medium,Random Forest,26,0.14904704145143038,0.3258064280892939,18876.0,,,
history_only,2.0,0.3,medium,Naive (persistence),27,0.16269903830994797,0.48347542765702406,19029.0,,,
history_only,2.0,0.3,medium,Linear Regression,27,0.1566594424041009,0.34440603124220426,19029.0,,,
history_only,2.0,0.3,medium,Decision Tree,27,0.1565760321042842,0.3445562053176804,19029.0,,,
history_only,2.0,0.3,medium,Random Forest,27,0.1564272915802484,0.3444633105500232,19029.0,,,
history_only,2.0,0.3,medium,Naive (persistence),28,0.15239852398523984,0.46653988287059533,18970.0,,,
history_only,2.0,0.3,medium,Linear Regression,28,0.1503008839131982,0.32958023648261403,18970.0,,,
history_only,2.0,0.3,medium,Decision Tree,28,0.15032995387723608,0.32978579947812586,18970.0,,,
history_only,2.0,0.3,medium,Random Forest,28,0.15012885995134298,0.32955860913988866,18970.0,,,
history_only,2.0,0.3,medium,Naive (persistence),29,0.14917301128905225,0.46120141714627994,19045.0,,,
history_only,2.0,0.3,medium,Linear Regression,29,0.1499652748806721,0.3280551628744802,19045.0,,,
history_only,2.0,0.3,medium,Decision Tree,29,0.14993562196407312,0.32810706181243643,19045.0,,,
history_only,2.0,0.3,medium,Random Forest,29,0.14982422200509746,0.328109392116961,19045.0,,,
history_only,2.0,0.3,medium,Linear Regression,ALL_MEAN,0.151127395334513,,,0.002794845886688699,0.006784606539052995,5.0
history_only,2.0,0.3,medium,Decision Tree,ALL_MEAN,0.1511851286513289,,,0.0027127668991176143,0.006405180831025592,5.0
history_only,2.0,0.3,medium,Random Forest,ALL_MEAN,0.1509965640877494,,,0.0027385278618903457,0.007644434817993928,5.0
history_only,2.0,0.3,medium,Naive (persistence),ALL_MEAN,0.15215973929672616,,,0.005702865139269168,0.0,5.0
history_only,2.0,0.3,long,Naive (persistence),25,0.15320041972717732,0.4789372635465226,19060.0,,,
history_only,2.0,0.3,long,Linear Regression,25,0.15056884473012444,0.33730197093051173,19060.0,,,
history_only,2.0,0.3,long,Decision Tree,25,0.15054572029470742,0.337164226539909,19060.0,,,
history_only,2.0,0.3,long,Random Forest,25,0.15073186055090934,0.33728515552163607,19060.0,,,
history_only,2.0,0.3,long,Naive (persistence),26,0.15008476372112736,0.4633757666092795,18876.0,,,
history_only,2.0,0.3,long,Linear Regression,26,0.14815971710893214,0.3223085545656033,18876.0,,,
history_only,2.0,0.3,long,Decision Tree,26,0.14825855775660046,0.32269297901779026,18876.0,,,
history_only,2.0,0.3,long,Random Forest,26,0.14838454409448834,0.3225650196215781,18876.0,,,
history_only,2.0,0.3,long,Naive (persistence),27,0.16154290819275843,0.4803129289830526,19029.0,,,
history_only,2.0,0.3,long,Linear Regression,27,0.15572118328463241,0.34152145799012773,19029.0,,,
history_only,2.0,0.3,long,Decision Tree,27,0.15562978677481704,0.34159248424239463,19029.0,,,
history_only,2.0,0.3,long,Random Forest,27,0.1557482028773558,0.34155036192634,19029.0,,,
history_only,2.0,0.3,long,Naive (persistence),28,0.15524512387981024,0.4738273820507028,18970.0,,,
history_only,2.0,0.3,long,Linear Regression,28,0.1524231498991074,0.33549058763329737,18970.0,,,
history_only,2.0,0.3,long,Decision Tree,28,0.152416449004185,0.335589453012457,18970.0,,,
history_only,2.0,0.3,long,Random Forest,28,0.1524308087567193,0.33550152072995126,18970.0,,,
history_only,2.0,0.3,long,Naive (persistence),29,0.1486479390916251,0.458689905610596,19045.0,,,
history_only,2.0,0.3,long,Linear Regression,29,0.14799716089902606,0.3212713882300654,19045.0,,,
history_only,2.0,0.3,long,Decision Tree,29,0.14798098204763097,0.32124716250436874,19045.0,,,
history_only,2.0,0.3,long,Random Forest,29,0.14802779048077583,0.3212701669459027,19045.0,,,
history_only,2.0,0.3,long,Linear Regression,ALL_MEAN,0.1509740111843645,,,0.0028838063244296932,0.01801836544703672,5.0
history_only,2.0,0.3,long,Decision Tree,ALL_MEAN,0.15096629917558818,,,0.0028380246529993336,0.01806852673588666,5.0
history_only,2.0,0.3,long,Random Forest,ALL_MEAN,0.15106464135204972,,,0.0028396580612764523,0.017428878822781435,5.0
history_only,2.0,0.3,long,Naive (persistence),ALL_MEAN,0.1537442309224997,,,0.004532806372976273,0.0,5.0
history_only,2.0,0.3,extra_long,Naive (persistence),25,0.15078698845750263,0.4735390633211592,19060.0,,,
history_only,2.0,0.3,extra_long,Linear Regression,25,0.15055450205922613,0.33783465858067,19060.0,,,
history_only,2.0,0.3,extra_long,Decision Tree,25,0.15058004265059308,0.3378220149502431,19060.0,,,
history_only,2.0,0.3,extra_long,Random Forest,25,0.1504964042433318,0.3377804565130657,19060.0,,,
history_only,2.0,0.3,extra_long,Naive (persistence),26,0.14748887476160202,0.4621737522198128,18876.0,,,
history_only,2.0,0.3,extra_long,Linear Regression,26,0.1479717865676427,0.3240052280094092,18876.0,,,
history_only,2.0,0.3,extra_long,Decision Tree,26,0.14799470254541247,0.3240901149452961,18876.0,,,
history_only,2.0,0.3,extra_long,Random Forest,26,0.14793775596284478,0.32411482299620065,18876.0,,,
history_only,2.0,0.3,extra_long,Naive (persistence),27,0.16406537390299017,0.48607710793491815,19029.0,,,
history_only,2.0,0.3,extra_long,Linear Regression,27,0.15598175618315707,0.3429084046473815,19029.0,,,
history_only,2.0,0.3,extra_long,Decision Tree,27,0.1559138842811345,0.34292855248573095,19029.0,,,
history_only,2.0,0.3,extra_long,Random Forest,27,0.1558369771231043,0.3429782993501471,19029.0,,,
history_only,2.0,0.3,extra_long,Naive (persistence),28,0.15355824986821298,0.4695807302301482,18970.0,,,
history_only,2.0,0.3,extra_long,Linear Regression,28,0.15146081471974515,0.33361230937344905,18970.0,,,
history_only,2.0,0.3,extra_long,Decision Tree,28,0.15150704962526432,0.3336801473126765,18970.0,,,
history_only,2.0,0.3,extra_long,Random Forest,28,0.15132151411315836,0.33359605436663264,18970.0,,,
history_only,2.0,0.3,extra_long,Naive (persistence),29,0.1486479390916251,0.460745796963787,19045.0,,,
history_only,2.0,0.3,extra_long,Linear Regression,29,0.14862710547972613,0.32475976954919117,19045.0,,,
history_only,2.0,0.3,extra_long,Decision Tree,29,0.1486418823175445,0.3248068385620919,19045.0,,,
history_only,2.0,0.3,extra_long,Random Forest,29,0.14851369947705662,0.324788294961205,19045.0,,,
history_only,2.0,0.3,extra_long,Linear Regression,ALL_MEAN,0.15091919300189943,,,0.0028283129045823794,0.013016146197017409,5.0
history_only,2.0,0.3,extra_long,Decision Tree,ALL_MEAN,0.15092751228398976,,,0.002798070109063748,0.01296173961734337,5.0
history_only,2.0,0.3,extra_long,Random Forest,ALL_MEAN,0.15082127018389918,,,0.0027983078743480877,0.013656543474280358,5.0
history_only,2.0,0.3,extra_long,Naive (persistence),ALL_MEAN,0.1529094852163866,,,0.005948504577266651,0.0,5.0
history_only,2.0,0.5,short,Naive (persistence),25,0.4551220739994966,0.8989464426597962,19865.0,,,
history_only,2.0,0.5,short,Linear Regression,25,0.47571491798150656,0.7108252757217376,19865.0,,,
history_only,2.0,0.5,short,Decision Tree,25,0.4751579729826584,0.7066362261046473,19865.0,,,
history_only,2.0,0.5,short,Random Forest,25,0.47482896040413697,0.7060187504717931,19865.0,,,
history_only,2.0,0.5,short,Naive (persistence),26,0.475316423780949,0.9367038750660821,19831.0,,,
history_only,2.0,0.5,short,Linear Regression,26,0.4890758135035401,0.7501554078979017,19831.0,,,
history_only,2.0,0.5,short,Decision Tree,26,0.48686932546618017,0.73953980304214,19831.0,,,
history_only,2.0,0.5,short,Random Forest,26,0.48603516654143475,0.7369379058375739,19831.0,,,
history_only,2.0,0.5,short,Naive (persistence),27,0.4358483918055066,0.8725323659625395,19867.0,,,
history_only,2.0,0.5,short,Linear Regression,27,0.4572844849175171,0.6736491884170653,19867.0,,,
history_only,2.0,0.5,short,Decision Tree,27,0.4589019572766507,0.6711911018670682,19867.0,,,
history_only,2.0,0.5,short,Random Forest,27,0.4583132245357784,0.6700537557088501,19867.0,,,
history_only,2.0,0.5,short,Naive (persistence),28,0.46976111279104926,0.9249370342280407,19842.0,,,
history_only,2.0,0.5,short,Linear Regression,28,0.48402151181834807,0.7354770951002523,19842.0,,,
history_only,2.0,0.5,short,Decision Tree,28,0.4831905540807924,0.7315827542049004,19842.0,,,
history_only,2.0,0.5,short,Random Forest,28,0.48293574915945303,0.7309934284706886,19842.0,,,
history_only,2.0,0.5,short,Naive (persistence),29,0.46593882068826725,0.9267008154134675,19876.0,,,
history_only,2.0,0.5,short,Linear Regression,29,0.4852496926174221,0.7331199746554041,19876.0,,,
history_only,2.0,0.5,short,Decision Tree,29,0.4867727008656418,0.732209343203275,19876.0,,,
history_only,2.0,0.5,short,Random Forest,29,0.4863753987025894,0.7315703108059299,19876.0,,,
history_only,2.0,0.5,short,Linear Regression,ALL_MEAN,0.4782692841676668,,,0.011362058682649464,-0.038818466238688565,5.0
history_only,2.0,0.5,short,Decision Tree,ALL_MEAN,0.4781785021343847,,,0.010537742687492151,-0.038621284325281335,5.0
history_only,2.0,0.5,short,Random Forest,ALL_MEAN,0.4776976998686785,,,0.010547421656416265,-0.0375769641300292,5.0
history_only,2.0,0.5,short,Naive (persistence),ALL_MEAN,0.46039736461305375,,,0.013938770381872053,0.0,5.0
history_only,2.0,0.5,medium,Naive (persistence),25,0.5109489051094891,0.9987155103061386,19865.0,,,
history_only,2.0,0.5,medium,Linear Regression,25,0.49939178073099405,0.7315824589325133,19865.0,,,
history_only,2.0,0.5,medium,Decision Tree,25,0.49879554034129253,0.7310985416783121,19865.0,,,
history_only,2.0,0.5,medium,Random Forest,25,0.4986144716882277,0.7311556513281516,19865.0,,,
history_only,2.0,0.5,medium,Naive (persistence),26,0.5358277444405224,1.05135157014588,19831.0,,,
history_only,2.0,0.5,medium,Linear Regression,26,0.5128134708808376,0.779085933328742,19831.0,,,
history_only,2.0,0.5,medium,Decision Tree,26,0.5127110917317421,0.779970103371829,19831.0,,,
history_only,2.0,0.5,medium,Random Forest,26,0.511958982293483,0.7777540119700068,19831.0,,,
history_only,2.0,0.5,medium,Naive (persistence),27,0.47546182111038404,0.9459123046486764,19867.0,,,
history_only,2.0,0.5,medium,Linear Regression,27,0.4778622718374709,0.6829402824374271,19867.0,,,
history_only,2.0,0.5,medium,Decision Tree,27,0.477668067626022,0.6833065217762325,19867.0,,,
history_only,2.0,0.5,medium,Random Forest,27,0.4774592687660039,0.6829655194402725,19867.0,,,
history_only,2.0,0.5,medium,Naive (persistence),28,0.5343715351275073,1.0383484595429116,19842.0,,,
history_only,2.0,0.5,medium,Linear Regression,28,0.5094732268503003,0.7599101298469347,19842.0,,,
history_only,2.0,0.5,medium,Decision Tree,28,0.5081456223776253,0.7591496325423963,19842.0,,,
history_only,2.0,0.5,medium,Random Forest,28,0.5078765380149121,0.7588071247234225,19842.0,,,
history_only,2.0,0.5,medium,Naive (persistence),29,0.5368283356812236,1.0444440400458423,19876.0,,,
history_only,2.0,0.5,medium,Linear Regression,29,0.5112993770672332,0.7576744381402885,19876.0,,,
history_only,2.0,0.5,medium,Decision Tree,29,0.5105250963781877,0.7578245214811559,19876.0,,,
history_only,2.0,0.5,medium,Random Forest,29,0.5104090292803554,0.7577358210439379,19876.0,,,
history_only,2.0,0.5,medium,Linear Regression,ALL_MEAN,0.5021680254733671,,,0.013027281003265558,0.03184892148062435,5.0
history_only,2.0,0.5,medium,Decision Tree,ALL_MEAN,0.5015690836909739,,,0.01285734404284766,0.03300364679800738,5.0
history_only,2.0,0.5,medium,Random Forest,ALL_MEAN,0.5012636580085964,,,0.012770474498686495,0.033592489951695836,5.0
history_only,2.0,0.5,medium,Naive (persistence),ALL_MEAN,0.5186876682938253,,,0.02365253484420186,0.0,5.0
history_only,2.0,0.5,long,Naive (persistence),25,0.5334507928517493,1.0381351748828138,19865.0,,,
history_only,2.0,0.5,long,Linear Regression,25,0.5026071865008198,0.7336887933107094,19865.0,,,
history_only,2.0,0.5,long,Decision Tree,25,0.5024305567408222,0.7338411429270274,19865.0,,,
history_only,2.0,0.5,long,Random Forest,25,0.5023625456608062,0.7337017140007692,19865.0,,,
history_only,2.0,0.5,long,Naive (persistence),26,0.5657304220664616,1.1204274957280367,19831.0,,,
history_only,2.0,0.5,long,Linear Regression,26,0.5161187457743582,0.7840957841257202,19831.0,,,
history_only,2.0,0.5,long,Decision Tree,26,0.5165638592331026,0.7855083843972919,19831.0,,,
history_only,2.0,0.5,long,Random Forest,26,0.5163566833197538,0.7845052822007369,19831.0,,,
history_only,2.0,0.5,long,Naive (persistence),27,0.49322997936276236,0.9695884055342109,19867.0,,,
history_only,2.0,0.5,long,Linear Regression,27,0.48093381504118204,0.6817026498124686,19867.0,,,
history_only,2.0,0.5,long,Decision Tree,27,0.48082869210834583,0.681783076116367,19867.0,,,
history_only,2.0,0.5,long,Random Forest,27,0.4807852276386157,0.681595366538702,19867.0,,,
history_only,2.0,0.5,long,Naive (persistence),28,0.5515573026912609,1.080100119674708,19842.0,,,
history_only,2.0,0.5,long,Linear Regression,28,0.5115857600407374,0.7617562859906215,19842.0,,,
history_only,2.0,0.5,long,Decision Tree,28,0.5117795009907455,0.7632767102896685,19842.0,,,
history_only,2.0,0.5,long,Random Forest,28,0.5118247137572142,0.7622428144969817,19842.0,,,
history_only,2.0,0.5,long,Naive (persistence),29,0.5505634936606963,1.0703518341663174,19876.0,,,
history_only,2.0,0.5,long,Linear Regression,29,0.5128060735416975,0.7572288036723335,19876.0,,,
history_only,2.0,0.5,long,Decision Tree,29,0.5128095503354925,0.7575733129629608,19876.0,,,
history_only,2.0,0.5,long,Random Forest,29,0.5127725745272051,0.7573260709093413,19876.0,,,
history_only,2.0,0.5,long,Linear Regression,ALL_MEAN,0.504810316179759,,,0.01274880733404471,0.06326902420412173,5.0
history_only,2.0,0.5,long,Decision Tree,ALL_MEAN,0.5048824318817017,,,0.012895414712464253,0.06313520560001273,5.0
history_only,2.0,0.5,long,Random Forest,ALL_MEAN,0.5048203489807189,,,0.012877219281625914,0.0632504072402208,5.0
history_only,2.0,0.5,long,Naive (persistence),ALL_MEAN,0.538906398126586,,,0.025026227773781305,0.0,5.0
history_only,2.0,0.5,extra_long,Naive (persistence),25,0.5301283664736974,1.0324461872780433,19865.0,,,
history_only,2.0,0.5,extra_long,Linear Regression,25,0.5021605666648772,0.7336366846350161,19865.0,,,
history_only,2.0,0.5,extra_long,Decision Tree,25,0.5017771279676145,0.7336790597710026,19865.0,,,
history_only,2.0,0.5,extra_long,Random Forest,25,0.5017679601525533,0.7336440268262376,19865.0,,,
history_only,2.0,0.5,extra_long,Naive (persistence),26,0.5485351217790329,1.0926058321335668,19831.0,,,
history_only,2.0,0.5,extra_long,Linear Regression,26,0.515030860349214,0.7827813656851236,19831.0,,,
history_only,2.0,0.5,extra_long,Decision Tree,26,0.5157429122228139,0.78729637212306,19831.0,,,
history_only,2.0,0.5,extra_long,Random Forest,26,0.5155531311684372,0.7845154913947425,19831.0,,,
history_only,2.0,0.5,extra_long,Naive (persistence),27,0.4904615694367544,0.9681077402688766,19867.0,,,
history_only,2.0,0.5,extra_long,Linear Regression,27,0.4813843340019039,0.6838828571548041,19867.0,,,
history_only,2.0,0.5,extra_long,Decision Tree,27,0.4811956338664542,0.6839609459843702,19867.0,,,
history_only,2.0,0.5,extra_long,Random Forest,27,0.48123370178151853,0.6839119386186484,19867.0,,,
history_only,2.0,0.5,extra_long,Naive (persistence),28,0.5513053119645197,1.0707508620250399,19842.0,,,
history_only,2.0,0.5,extra_long,Linear Regression,28,0.5108068873368001,0.7601496829746359,19842.0,,,
history_only,2.0,0.5,extra_long,Decision Tree,28,0.5104051183750772,0.7610092841830544,19842.0,,,
history_only,2.0,0.5,extra_long,Random Forest,28,0.510657529175608,0.7605765103445276,19842.0,,,
history_only,2.0,0.5,extra_long,Naive (persistence),29,0.5486013282350574,1.0668442110910943,19876.0,,,
history_only,2.0,0.5,extra_long,Linear Regression,29,0.5121995237225117,0.7558613584950624,19876.0,,,
history_only,2.0,0.5,extra_long,Decision Tree,29,0.511942060413392,0.7563722316661364,19876.0,,,
history_only,2.0,0.5,extra_long,Random Forest,29,0.5119838081589013,0.7561567157187691,19876.0,,,
history_only,2.0,0.5,extra_long,Linear Regression,ALL_MEAN,0.5043164344150612,,,0.012244157744593195,0.05524457649954995,5.0
history_only,2.0,0.5,extra_long,Decision Tree,ALL_MEAN,0.5042125705690703,,,0.012383474440337239,0.05543914864733124,5.0
history_only,2.0,0.5,extra_long,Random Forest,ALL_MEAN,0.5042392260874037,,,0.012365588688665618,0.055389213836975704,5.0
history_only,2.0,0.5,extra_long,Naive (persistence),ALL_MEAN,0.5338063395778124,,,0.022953602479024886,0.0,5.0
history_only,2.0,0.7,short,Naive (persistence),25,0.9420601932996144,1.4903834830459344,19969.0,,,
history_only,2.0,0.7,short,Linear Regression,25,0.9631009430078723,1.3235974347791848,19969.0,,,
history_only,2.0,0.7,short,Decision Tree,25,0.9620406592298836,1.2918165809889617,19969.0,,,
history_only,2.0,0.7,short,Random Forest,25,0.9620504444215043,1.291141626309833,19969.0,,,
history_only,2.0,0.7,short,Naive (persistence),26,0.98455675892499,1.5355135444425314,19944.0,,,
history_only,2.0,0.7,short,Linear Regression,26,1.0122448832461757,1.4076793947238997,19944.0,,,
history_only,2.0,0.7,short,Decision Tree,26,0.9977278192780173,1.353830616721813,19944.0,,,
history_only,2.0,0.7,short,Random Forest,26,0.9968357936820474,1.3521175254193047,19944.0,,,
history_only,2.0,0.7,short,Naive (persistence),27,0.9433669122437729,1.4838883120464883,19953.0,,,
history_only,2.0,0.7,short,Linear Regression,27,0.9674778216814623,1.3163280281900414,19953.0,,,
history_only,2.0,0.7,short,Decision Tree,27,0.9649774170233121,1.285228260141893,19953.0,,,
history_only,2.0,0.7,short,Random Forest,27,0.9646651443254362,1.2846923030159596,19953.0,,,
history_only,2.0,0.7,short,Naive (persistence),28,0.9364761284504785,1.4844348811878378,19961.0,,,
history_only,2.0,0.7,short,Linear Regression,28,0.9745629755925372,1.3485387355054141,19961.0,,,
history_only,2.0,0.7,short,Decision Tree,28,0.9747529796955484,1.3131097834929144,19961.0,,,
history_only,2.0,0.7,short,Random Forest,28,0.974531627869451,1.3124420866440656,19961.0,,,
history_only,2.0,0.7,short,Naive (persistence),29,0.9937374749498998,1.5504379108596582,19960.0,,,
history_only,2.0,0.7,short,Linear Regression,29,1.0105520977052236,1.3962812566392593,19960.0,,,
history_only,2.0,0.7,short,Decision Tree,29,1.010188149348097,1.3706064028111988,19960.0,,,
history_only,2.0,0.7,short,Random Forest,29,1.0101905889993301,1.3705688415139587,19960.0,,,
history_only,2.0,0.7,short,Linear Regression,ALL_MEAN,0.9855877442466543,,,0.021396228884505427,-0.026611666336558315,5.0
history_only,2.0,0.7,short,Decision Tree,ALL_MEAN,0.9819374049149717,,,0.018881628058291175,-0.022809385955264716,5.0
history_only,2.0,0.7,short,Random Forest,ALL_MEAN,0.9816547198595538,,,0.018806767727317233,-0.0225149344693516,5.0
history_only,2.0,0.7,short,Naive (persistence),ALL_MEAN,0.9600394935737512,,,0.024054573916888634,0.0,5.0
history_only,2.0,0.7,medium,Naive (persistence),25,1.1562922529921378,1.8126756409014912,19969.0,,,
history_only,2.0,0.7,medium,Linear Regression,25,1.1091742037591967,1.50735341464307,19969.0,,,
history_only,2.0,0.7,medium,Decision Tree,25,1.091813426441132,1.4827783727014352,19969.0,,,
history_only,2.0,0.7,medium,Random Forest,25,1.091419648387589,1.4816715100582118,19969.0,,,
history_only,2.0,0.7,medium,Naive (persistence),26,1.2335539510629763,1.910082606480154,19944.0,,,
history_only,2.0,0.7,medium,Linear Regression,26,1.1835305171233308,1.6641262163239896,19944.0,,,
history_only,2.0,0.7,medium,Decision Tree,26,1.151260392377429,1.6042851030950722,19944.0,,,
history_only,2.0,0.7,medium,Random Forest,26,1.1511652792624885,1.6034979704226773,19944.0,,,
history_only,2.0,0.7,medium,Naive (persistence),27,1.1710018543577407,1.8187973653108653,19953.0,,,
history_only,2.0,0.7,medium,Linear Regression,27,1.1175576249268164,1.5022445349448614,19953.0,,,
history_only,2.0,0.7,medium,Decision Tree,27,1.0986906365590794,1.4797757825392481,19953.0,,,
history_only,2.0,0.7,medium,Random Forest,27,1.0983616273543886,1.4788582844548672,19953.0,,,
history_only,2.0,0.7,medium,Naive (persistence),28,1.1891688793146635,1.859002147260153,19961.0,,,
history_only,2.0,0.7,medium,Linear Regression,28,1.149403702347002,1.5866428138421544,19961.0,,,
history_only,2.0,0.7,medium,Decision Tree,28,1.1286085923381148,1.5536973129687324,19961.0,,,
history_only,2.0,0.7,medium,Random Forest,28,1.129169608384798,1.5542839859353352,19961.0,,,
history_only,2.0,0.7,medium,Naive (persistence),29,1.275,1.9754885750670492,19960.0,,,
history_only,2.0,0.7,medium,Linear Regression,29,1.1857464276417073,1.6423583660379053,19960.0,,,
history_only,2.0,0.7,medium,Decision Tree,29,1.1729246672460356,1.6331502281870338,19960.0,,,
history_only,2.0,0.7,medium,Random Forest,29,1.1734578407988896,1.6336860706313818,19960.0,,,
history_only,2.0,0.7,medium,Linear Regression,ALL_MEAN,1.1490824951596106,,,0.03199219436680388,0.04640724911138994,5.0
history_only,2.0,0.7,medium,Decision Tree,ALL_MEAN,1.128659542992358,,,0.03074402013986615,0.06335570948779812,5.0
history_only,2.0,0.7,medium,Random Forest,ALL_MEAN,1.1287148008376306,,,0.031043240788166466,0.0633098524837068,5.0
history_only,2.0,0.7,medium,Naive (persistence),ALL_MEAN,1.2050033875455035,,,0.043575844161134455,0.0,5.0
history_only,2.0,0.7,long,Naive (persistence),25,1.3325654764885573,2.089537642570136,19969.0,,,
history_only,2.0,0.7,long,Linear Regression,25,1.170791471257435,1.6086931727987501,19969.0,,,
history_only,2.0,0.7,long,Decision Tree,25,1.157322753613899,1.6034576099209283,19969.0,,,
history_only,2.0,0.7,long,Random Forest,25,1.1577862288734726,1.6051291581804699,19969.0,,,
history_only,2.0,0.7,long,Naive (persistence),26,1.4546730846369835,2.284515974350755,19944.0,,,
history_only,2.0,0.7,long,Linear Regression,26,1.268437985094903,1.8438969035502293,19944.0,,,
history_only,2.0,0.7,long,Decision Tree,26,1.2467794150121851,1.81192014899885,19944.0,,,
history_only,2.0,0.7,long,Random Forest,26,1.24727592652,1.8127347569983696,19944.0,,,
history_only,2.0,0.7,long,Naive (persistence),27,1.3076229138475417,2.0332893360221402,19953.0,,,
history_only,2.0,0.7,long,Linear Regression,27,1.1638977164972912,1.5797063725029632,19953.0,,,
history_only,2.0,0.7,long,Decision Tree,27,1.1508927141241365,1.5763735317776777,19953.0,,,
history_only,2.0,0.7,long,Random Forest,27,1.150869226245056,1.5752323031884004,19953.0,,,
history_only,2.0,0.7,long,Naive (persistence),28,1.3985772255899003,2.2067728021004283,19961.0,,,
history_only,2.0,0.7,long,Linear Regression,28,1.2301238168294844,1.7343289113521747,19961.0,,,
history_only,2.0,0.7,long,Decision Tree,28,1.2134480418767901,1.7231509763521886,19961.0,,,
history_only,2.0,0.7,long,Random Forest,28,1.2124941701109189,1.721055231636259,19961.0,,,
history_only,2.0,0.7,long,Naive (persistence),29,1.4792084168336674,2.3188367790804145,19960.0,,,
history_only,2.0,0.7,long,Linear Regression,29,1.2484117182384784,1.7554756281005788,19960.0,,,
history_only,2.0,0.7,long,Decision Tree,29,1.2398960857788424,1.7658085507412438,19960.0,,,
history_only,2.0,0.7,long,Random Forest,29,1.239701134980406,1.7650375413006638,19960.0,,,
history_only,2.0,0.7,long,Linear Regression,ALL_MEAN,1.2163325415835184,,,0.04185128447146331,0.12778280536470377,5.0
history_only,2.0,0.7,long,Decision Tree,ALL_MEAN,1.2016678020811706,,,0.040447067201365455,0.13829871077009814,5.0
history_only,2.0,0.7,long,Random Forest,ALL_MEAN,1.2016253373459704,,,0.04037307129475965,0.1383291617125345,5.0
history_only,2.0,0.7,long,Naive (persistence),ALL_MEAN,1.3945294234793302,,,0.06662799522412828,0.0,5.0
history_only,2.0,0.7,extra_long,Naive (persistence),25,1.2676648805648756,1.9840366484025482,19969.0,,,
history_only,2.0,0.7,extra_long,Linear Regression,25,1.154923475634118,1.577026916337756,19969.0,,,
history_only,2.0,0.7,extra_long,Decision Tree,25,1.1382509238062797,1.5678114566350712,19969.0,,,
history_only,2.0,0.7,extra_long,Random Forest,25,1.1377490360994105,1.5663667030972723,19969.0,,,
history_only,2.0,0.7,extra_long,Naive (persistence),26,1.3662755716004813,2.1337051232887867,19944.0,,,
history_only,2.0,0.7,extra_long,Linear Regression,26,1.245046226801857,1.7835984582707805,19944.0,,,
history_only,2.0,0.7,extra_long,Decision Tree,26,1.2181588700071473,1.7384020899893797,19944.0,,,
history_only,2.0,0.7,extra_long,Random Forest,26,1.2173667966910575,1.7358593929841983,19944.0,,,
history_only,2.0,0.7,extra_long,Naive (persistence),27,1.2749461233899664,1.9807245350519664,19953.0,,,
history_only,2.0,0.7,extra_long,Linear Regression,27,1.1572995412069012,1.562792126931621,19953.0,,,
history_only,2.0,0.7,extra_long,Decision Tree,27,1.1398027554179,1.5497480401732466,19953.0,,,
history_only,2.0,0.7,extra_long,Random Forest,27,1.139433188292945,1.5491936779168791,19953.0,,,
history_only,2.0,0.7,extra_long,Naive (persistence),28,1.317418966985622,2.0674585971305826,19961.0,,,
history_only,2.0,0.7,extra_long,Linear Regression,28,1.2084053407656044,1.6860536623864124,19961.0,,,
history_only,2.0,0.7,extra_long,Decision Tree,28,1.188222719418154,1.6668845557893555,19961.0,,,
history_only,2.0,0.7,extra_long,Random Forest,28,1.1864997021771015,1.6646194074150187,19961.0,,,
history_only,2.0,0.7,extra_long,Naive (persistence),29,1.4066132264529059,2.1999043520836614,19960.0,,,
history_only,2.0,0.7,extra_long,Linear Regression,29,1.2367186779427402,1.7267523671369593,19960.0,,,
history_only,2.0,0.7,extra_long,Decision Tree,29,1.226732924994257,1.734342266235957,19960.0,,,
history_only,2.0,0.7,extra_long,Random Forest,29,1.2261118577642096,1.7329562978559083,19960.0,,,
history_only,2.0,0.7,extra_long,Linear Regression,ALL_MEAN,1.200478652470244,,,0.038215573530815075,0.09506003745893554,5.0
history_only,2.0,0.7,extra_long,Decision Tree,ALL_MEAN,1.1822336387287475,,,0.0375274216501489,0.10881341992668436,5.0
history_only,2.0,0.7,extra_long,Random Forest,ALL_MEAN,1.1814321162049448,,,0.03737748634750817,0.10941762039386738,5.0
history_only,2.0,0.7,extra_long,Naive (persistence),ALL_MEAN,1.3265837537987704,,,0.053295457045458766,0.0,5.0
history_only,2.0,0.8,short,Naive (persistence),25,1.2532311391644124,1.8090517044384693,19962.0,,,
history_only,2.0,0.8,short,Linear Regression,25,1.2661360476743306,1.6854200531694996,19962.0,,,
history_only,2.0,0.8,short,Decision Tree,25,1.243465055502459,1.6377333746040281,19962.0,,,
history_only,2.0,0.8,short,Random Forest,25,1.2434937065521356,1.6376746639152975,19962.0,,,
history_only,2.0,0.8,short,Naive (persistence),26,1.289269440688999,1.8367339785544792,19971.0,,,
history_only,2.0,0.8,short,Linear Regression,26,1.3006886252836074,1.7253147860559623,19971.0,,,
history_only,2.0,0.8,short,Decision Tree,26,1.2757216810381016,1.6769838902149525,19971.0,,,
history_only,2.0,0.8,short,Random Forest,26,1.2752791751995534,1.6764122957699583,19971.0,,,
history_only,2.0,0.8,short,Naive (persistence),27,1.268793509290329,1.7990665515076543,19967.0,,,
history_only,2.0,0.8,short,Linear Regression,27,1.2779370879111516,1.6807019027298442,19967.0,,,
history_only,2.0,0.8,short,Decision Tree,27,1.2505899459555994,1.6303048358210463,19967.0,,,
history_only,2.0,0.8,short,Random Forest,27,1.2505424538656646,1.6302439084704377,19967.0,,,
history_only,2.0,0.8,short,Naive (persistence),28,1.3128536377747735,1.8717184158550568,19971.0,,,
history_only,2.0,0.8,short,Linear Regression,28,1.342057051574367,1.796159953556112,19971.0,,,
history_only,2.0,0.8,short,Decision Tree,28,1.3158888304665033,1.7429852011698668,19971.0,,,
history_only,2.0,0.8,short,Random Forest,28,1.3154470200659556,1.7425347106848028,19971.0,,,
history_only,2.0,0.8,short,Naive (persistence),29,1.3047986375475857,1.8593205024727846,19964.0,,,
history_only,2.0,0.8,short,Linear Regression,29,1.3259385489427709,1.758031949800099,19964.0,,,
history_only,2.0,0.8,short,Decision Tree,29,1.2960342662195101,1.704488621843175,19964.0,,,
history_only,2.0,0.8,short,Random Forest,29,1.2959700379976382,1.7040299143576767,19964.0,,,
history_only,2.0,0.8,short,Linear Regression,ALL_MEAN,1.3025514722772455,,,0.028436129892143946,-0.01303650585473326,5.0
history_only,2.0,0.8,short,Decision Tree,ALL_MEAN,1.2763399558364346,,,0.027188908365464066,0.007349040201216628,5.0
history_only,2.0,0.8,short,Random Forest,ALL_MEAN,1.2761464787361896,,,0.02705560158970286,0.007499513614180775,5.0
history_only,2.0,0.8,short,Naive (persistence),ALL_MEAN,1.2857892728932199,,,0.02215777701503272,0.0,5.0
history_only,2.0,0.8,medium,Naive (persistence),25,1.615920248472097,2.309281768503803,19962.0,,,
history_only,2.0,0.8,medium,Linear Regression,25,1.5481268020370802,2.0459176372676264,19962.0,,,
history_only,2.0,0.8,medium,Decision Tree,25,1.5167119366204296,1.9928994202624162,19962.0,,,
history_only,2.0,0.8,medium,Random Forest,25,1.5162494552261612,1.9923756036837998,19962.0,,,
history_only,2.0,0.8,medium,Naive (persistence),26,1.6691702969305493,2.362274644313822,19971.0,,,
history_only,2.0,0.8,medium,Linear Regression,26,1.601275056714943,2.1297111474906467,19971.0,,,
history_only,2.0,0.8,medium,Decision Tree,26,1.5664793321932442,2.0756895422430777,19971.0,,,
history_only,2.0,0.8,medium,Random Forest,26,1.5653510180839654,2.0747449823067075,19971.0,,,
history_only,2.0,0.8,medium,Naive (persistence),27,1.6151650222867733,2.276125707114409,19967.0,,,
history_only,2.0,0.8,medium,Linear Regression,27,1.5529546518880109,2.0395934859315497,19967.0,,,
history_only,2.0,0.8,medium,Decision Tree,27,1.516315582810222,1.9718024181771656,19967.0,,,
history_only,2.0,0.8,medium,Random Forest,27,1.5162619660307377,1.9711851246324834,19967.0,,,
history_only,2.0,0.8,medium,Naive (persistence),28,1.7412247759250914,2.457612213877733,19971.0,,,
history_only,2.0,0.8,medium,Linear Regression,28,1.7088207352257512,2.288601199775474,19971.0,,,
history_only,2.0,0.8,medium,Decision Tree,28,1.655681368007456,2.2050231924326402,19971.0,,,
history_only,2.0,0.8,medium,Random Forest,28,1.654875587803764,2.20378706856747,19971.0,,,
history_only,2.0,0.8,medium,Naive (persistence),29,1.714986976557804,2.412524921673526,19964.0,,,
history_only,2.0,0.8,medium,Linear Regression,29,1.6506072939319085,2.1926824206200735,19964.0,,,
history_only,2.0,0.8,medium,Decision Tree,29,1.6032225816490258,2.120685241405911,19964.0,,,
history_only,2.0,0.8,medium,Random Forest,29,1.6023887283944054,2.1183400132428867,19964.0,,,
history_only,2.0,0.8,medium,Linear Regression,ALL_MEAN,1.6123569079595388,,,0.06090205900966879,0.03526403791028565,5.0
history_only,2.0,0.8,medium,Decision Tree,ALL_MEAN,1.5716821602560755,,,0.053225779259634086,0.0596013243167528,5.0
history_only,2.0,0.8,medium,Random Forest,ALL_MEAN,1.571025351107807,,,0.053002167500567875,0.05999431882214812,5.0
history_only,2.0,0.8,medium,Naive (persistence),ALL_MEAN,1.6712934640344628,,,0.05103060695830084,0.0,5.0
history_only,2.0,0.8,long,Naive (persistence),25,1.9289149383829276,2.769227397437698,19962.0,,,
history_only,2.0,0.8,long,Linear Regression,25,1.752702704467599,2.30051021635671,19962.0,,,
history_only,2.0,0.8,long,Decision Tree,25,1.7412554669272173,2.25822269015672,19962.0,,,
history_only,2.0,0.8,long,Random Forest,25,1.7408535281149273,2.2576199841203968,19962.0,,,
history_only,2.0,0.8,long,Naive (persistence),26,2.0701016473887135,2.9525650846068268,19971.0,,,
history_only,2.0,0.8,long,Linear Regression,26,1.8686311918354859,2.492142296838387,19971.0,,,
history_only,2.0,0.8,long,Decision Tree,26,1.8490523730617143,2.454953528282156,19971.0,,,
history_only,2.0,0.8,long,Random Forest,26,1.848074556830888,2.4543023720354977,19971.0,,,
history_only,2.0,0.8,long,Naive (persistence),27,1.979966945460009,2.812552621055514,19967.0,,,
history_only,2.0,0.8,long,Linear Regression,27,1.7815382253961094,2.3547100399859713,19967.0,,,
history_only,2.0,0.8,long,Decision Tree,27,1.7577882833646443,2.293903360208809,19967.0,,,
history_only,2.0,0.8,long,Random Forest,27,1.7574689636461716,2.2943553118224536,19967.0,,,
history_only,2.0,0.8,long,Naive (persistence),28,2.2095538530869763,3.1217271680500884,19971.0,,,
history_only,2.0,0.8,long,Linear Regression,28,2.0403403570943257,2.769727980220393,19971.0,,,
history_only,2.0,0.8,long,Decision Tree,28,1.9918150603153233,2.6901630560091205,19971.0,,,
history_only,2.0,0.8,long,Random Forest,28,1.990121282579739,2.6874151725172717,19971.0,,,
history_only,2.0,0.8,long,Naive (persistence),29,2.1402524544179524,3.0085365755109468,19964.0,,,
history_only,2.0,0.8,long,Linear Regression,29,1.922415239243008,2.581204257949545,19964.0,,,
history_only,2.0,0.8,long,Decision Tree,29,1.892340191465164,2.523457634309233,19964.0,,,
history_only,2.0,0.8,long,Random Forest,29,1.889312122525078,2.5180580214130215,19964.0,,,
history_only,2.0,0.8,long,Linear Regression,ALL_MEAN,1.8731255436073055,,,0.10324762872511363,0.09325023896680085,5.0
history_only,2.0,0.8,long,Decision Tree,ALL_MEAN,1.8464502750268128,,,0.09183732635861086,0.10616330477459335,5.0
history_only,2.0,0.8,long,Random Forest,ALL_MEAN,1.845166090739361,,,0.09114958668100179,0.10678495760493545,5.0
history_only,2.0,0.8,long,Naive (persistence),ALL_MEAN,2.0657579677473157,,,0.10230509950974047,0.0,5.0
history_only,2.0,0.8,extra_long,Naive (persistence),25,1.8130948802725178,2.5870768517014637,19962.0,,,
history_only,2.0,0.8,extra_long,Linear Regression,25,1.674879553455236,2.209820071732022,19962.0,,,
history_only,2.0,0.8,extra_long,Decision Tree,25,1.6646714018312214,2.163500245634329,19962.0,,,
history_only,2.0,0.8,extra_long,Random Forest,25,1.663919818540407,2.1622910714151398,19962.0,,,
history_only,2.0,0.8,extra_long,Naive (persistence),26,1.9119723599218867,2.710138378855809,19971.0,,,
history_only,2.0,0.8,extra_long,Linear Regression,26,1.7631384770289629,2.3565878596751895,19971.0,,,
history_only,2.0,0.8,extra_long,Decision Tree,26,1.7410010993742826,2.3079343965232164,19971.0,,,
history_only,2.0,0.8,extra_long,Random Forest,26,1.7407209713694238,2.3079087709076997,19971.0,,,
history_only,2.0,0.8,extra_long,Naive (persistence),27,1.8390344067711724,2.593607375589234,19967.0,,,
history_only,2.0,0.8,extra_long,Linear Regression,27,1.6934213772624986,2.2400568469185385,19967.0,,,
history_only,2.0,0.8,extra_long,Decision Tree,27,1.671055237920652,2.1698664691791136,19967.0,,,
history_only,2.0,0.8,extra_long,Random Forest,27,1.671185023591332,2.1694792832349235,19967.0,,,
history_only,2.0,0.8,extra_long,Naive (persistence),28,1.9975965149466728,2.82669166506812,19971.0,,,
history_only,2.0,0.8,extra_long,Linear Regression,28,1.899685547162955,2.571258100380302,19971.0,,,
history_only,2.0,0.8,extra_long,Decision Tree,28,1.8514754817335959,2.482377024873511,19971.0,,,
history_only,2.0,0.8,extra_long,Random Forest,28,1.850652177917276,2.480778332344465,19971.0,,,
history_only,2.0,0.8,extra_long,Naive (persistence),29,1.9541174113404127,2.7488727403094435,19964.0,,,
history_only,2.0,0.8,extra_long,Linear Regression,29,1.80854092993473,2.4249185372513344,19964.0,,,
history_only,2.0,0.8,extra_long,Decision Tree,29,1.7783781107082182,2.3505835416871026,19964.0,,,
history_only,2.0,0.8,extra_long,Random Forest,29,1.778612732577772,2.348442640994263,19964.0,,,
history_only,2.0,0.8,extra_long,Linear Regression,ALL_MEAN,1.7679331769688766,,,0.08153729324022081,0.07105535865037371,5.0
history_only,2.0,0.8,extra_long,Decision Tree,ALL_MEAN,1.741316266313594,,,0.06974206728286222,0.08504097577923986,5.0
history_only,2.0,0.8,extra_long,Random Forest,ALL_MEAN,1.741018144799242,,,0.06964751149834945,0.08519762105680795,5.0
history_only,2.0,0.8,extra_long,Naive (persistence),ALL_MEAN,1.9031631146505326,,,0.06901650275572009,0.0,5.0
history_only,2.0,0.9,short,Naive (persistence),25,1.6331997996995493,2.1835296431589453,19970.0,,,
history_only,2.0,0.9,short,Linear Regression,25,1.6485207021474895,2.138827666888535,19970.0,,,
history_only,2.0,0.9,short,Decision Tree,25,1.630480680865076,2.0888949649751063,19970.0,,,
history_only,2.0,0.9,short,Random Forest,25,1.6299175446582768,2.0879900728528678,19970.0,,,
history_only,2.0,0.9,short,Naive (persistence),26,1.6175454408892895,2.176687863838553,19971.0,,,
history_only,2.0,0.9,short,Linear Regression,26,1.6329408806515768,2.1252501643015274,19971.0,,,
history_only,2.0,0.9,short,Decision Tree,26,1.621125667052721,2.0782647221663337,19971.0,,,
history_only,2.0,0.9,short,Random Forest,26,1.6208821794929082,2.077638504803669,19971.0,,,
history_only,2.0,0.9,short,Naive (persistence),27,1.6567022182164137,2.2122378476617763,19971.0,,,
history_only,2.0,0.9,short,Linear Regression,27,1.6699628822838652,2.1744365102117986,19971.0,,,
history_only,2.0,0.9,short,Decision Tree,27,1.669460595476524,2.1507607193337956,19971.0,,,
history_only,2.0,0.9,short,Random Forest,27,1.6686999809396506,2.149724834783055,19971.0,,,
history_only,2.0,0.9,short,Naive (persistence),28,1.6504431425567072,2.2200442484045375,19971.0,,,
history_only,2.0,0.9,short,Linear Regression,28,1.6807969981930448,2.2011995127164536,19971.0,,,
history_only,2.0,0.9,short,Decision Tree,28,1.6680589376562354,2.1600886450610215,19971.0,,,
history_only,2.0,0.9,short,Random Forest,28,1.665848721028875,2.1546124351830294,19971.0,,,
history_only,2.0,0.9,short,Naive (persistence),29,1.5896639791677099,2.13590056191202,19969.0,,,
history_only,2.0,0.9,short,Linear Regression,29,1.6350910723288037,2.13313152372498,19969.0,,,
history_only,2.0,0.9,short,Decision Tree,29,1.620084332058289,2.0827823186657723,19969.0,,,
history_only,2.0,0.9,short,Random Forest,29,1.6178617238040403,2.0781007681664545,19969.0,,,
history_only,2.0,0.9,short,Linear Regression,ALL_MEAN,1.653462507120956,,,0.018986863818723006,-0.014698637964487782,5.0
history_only,2.0,0.9,short,Decision Tree,ALL_MEAN,1.641842042621769,,,0.022278944201589046,-0.007567378895075416,5.0
history_only,2.0,0.9,short,Random Forest,ALL_MEAN,1.6406420299847504,,,0.02212254285495291,-0.006830953857870803,5.0
history_only,2.0,0.9,short,Naive (persistence),ALL_MEAN,1.629510916105934,,,0.024174713472287602,0.0,5.0
history_only,2.0,0.9,medium,Naive (persistence),25,2.2222834251377064,2.9544785352279486,19970.0,,,
history_only,2.0,0.9,medium,Linear Regression,25,2.1933347955690587,2.8456267940319817,19970.0,,,
history_only,2.0,0.9,medium,Decision Tree,25,2.1498545456632874,2.761357833363203,19970.0,,,
history_only,2.0,0.9,medium,Random Forest,25,2.1489212822992685,2.7604978175521095,19970.0,,,
history_only,2.0,0.9,medium,Naive (persistence),26,2.186620599869811,2.9429421192167093,19971.0,,,
history_only,2.0,0.9,medium,Linear Regression,26,2.164710567476237,2.8207386234164886,19971.0,,,
history_only,2.0,0.9,medium,Decision Tree,26,2.1431299891711517,2.76061501482138,19971.0,,,
history_only,2.0,0.9,medium,Random Forest,26,2.141654767484258,2.758880963380568,19971.0,,,
history_only,2.0,0.9,medium,Naive (persistence),27,2.2761003455009763,2.9864414119223777,19971.0,,,
history_only,2.0,0.9,medium,Linear Regression,27,2.249630477371817,2.903108513217645,19971.0,,,
history_only,2.0,0.9,medium,Decision Tree,27,2.227833034185831,2.860241809960873,19971.0,,,
history_only,2.0,0.9,medium,Random Forest,27,2.2261932055285665,2.8581574668191454,19971.0,,,
history_only,2.0,0.9,medium,Naive (persistence),28,2.2790045566070805,3.044279565875817,19971.0,,,
history_only,2.0,0.9,medium,Linear Regression,28,2.2818269053134914,2.9962263217499547,19971.0,,,
history_only,2.0,0.9,medium,Decision Tree,28,2.234225486114692,2.9004139625006324,19971.0,,,
history_only,2.0,0.9,medium,Random Forest,28,2.232117803204419,2.8971359266925987,19971.0,,,
history_only,2.0,0.9,medium,Naive (persistence),29,2.156793029195253,2.9023622698511393,19969.0,,,
history_only,2.0,0.9,medium,Linear Regression,29,2.214929660466312,2.905774507415644,19969.0,,,
history_only,2.0,0.9,medium,Decision Tree,29,2.1622076628574796,2.7882347411538935,19969.0,,,
history_only,2.0,0.9,medium,Random Forest,29,2.159653650211949,2.7847864102378255,19969.0,,,
history_only,2.0,0.9,medium,Linear Regression,ALL_MEAN,2.220886481239383,,,0.04120743861032085,0.0014719756882841661,5.0
history_only,2.0,0.9,medium,Decision Tree,ALL_MEAN,2.1834501435984883,,,0.0393791783211024,0.018303647445396254,5.0
history_only,2.0,0.9,medium,Random Forest,ALL_MEAN,2.181708141745692,,,0.0392063933741625,0.019086865175394485,5.0
history_only,2.0,0.9,medium,Naive (persistence),ALL_MEAN,2.2241603912621657,,,0.0482840796333087,0.0,5.0
history_only,2.0,0.9,long,Naive (persistence),25,2.9207310966449676,3.8885899369239643,19970.0,,,
history_only,2.0,0.9,long,Linear Regression,25,2.810511072524277,3.63721375647471,19970.0,,,
history_only,2.0,0.9,long,Decision Tree,25,2.731501296362914,3.5130306016129222,19970.0,,,
history_only,2.0,0.9,long,Random Forest,25,2.7296649585358574,3.510304455336765,19970.0,,,
history_only,2.0,0.9,long,Naive (persistence),26,2.9422662861148665,3.959966911479567,19971.0,,,
history_only,2.0,0.9,long,Linear Regression,26,2.812060373423556,3.6596652706187376,19971.0,,,
history_only,2.0,0.9,long,Decision Tree,26,2.772809593597765,3.582455415738938,19971.0,,,
history_only,2.0,0.9,long,Random Forest,26,2.771897550455955,3.580330064717543,19971.0,,,
history_only,2.0,0.9,long,Naive (persistence),27,3.087827349657003,4.0409810461486,19971.0,,,
history_only,2.0,0.9,long,Linear Regression,27,2.963740874144422,3.8350140580805636,19971.0,,,
history_only,2.0,0.9,long,Decision Tree,27,2.9165474605962736,3.763489355082545,19971.0,,,
history_only,2.0,0.9,long,Random Forest,27,2.9167127499007113,3.764418548487271,19971.0,,,
history_only,2.0,0.9,long,Naive (persistence),28,3.0663962745981674,4.114425393619808,19971.0,,,
history_only,2.0,0.9,long,Linear Regression,28,2.99695994652207,3.986342081970016,19971.0,,,
history_only,2.0,0.9,long,Decision Tree,28,2.927313163582969,3.8315552058199915,19971.0,,,
history_only,2.0,0.9,long,Random Forest,28,2.9239888038576156,3.8252562902463105,19971.0,,,
history_only,2.0,0.9,long,Naive (persistence),29,2.920476738945365,3.9289664040758545,19969.0,,,
history_only,2.0,0.9,long,Linear Regression,29,2.970081361642107,3.928608942604785,19969.0,,,
history_only,2.0,0.9,long,Decision Tree,29,2.872465219339052,3.710811050666905,19969.0,,,
history_only,2.0,0.9,long,Random Forest,29,2.870349150952227,3.706321322565388,19969.0,,,
history_only,2.0,0.9,long,Linear Regression,ALL_MEAN,2.9106707256512863,,,0.08191196695160494,0.025729809522212155,5.0
history_only,2.0,0.9,long,Decision Tree,ALL_MEAN,2.8441273466957946,,,0.07840718994457893,0.0480034490372061,5.0
history_only,2.0,0.9,long,Random Forest,ALL_MEAN,2.8425226427404735,,,0.07828152082208943,0.048540581325799526,5.0
history_only,2.0,0.9,long,Naive (persistence),ALL_MEAN,2.987539549192074,,,0.07387351929270525,0.0,5.0
history_only,2.0,0.9,extra_long,Naive (persistence),25,2.644516775162744,3.5096761588656817,19970.0,,,
history_only,2.0,0.9,extra_long,Linear Regression,25,2.559581135403322,3.3240868063544924,19970.0,,,
history_only,2.0,0.9,extra_long,Decision Tree,25,2.4988003886860684,3.2145550061068793,19970.0,,,
history_only,2.0,0.9,extra_long,Random Forest,25,2.497714795676771,3.2122144399665826,19970.0,,,
history_only,2.0,0.9,extra_long,Naive (persistence),26,2.600871263331831,3.501811086750193,19971.0,,,
history_only,2.0,0.9,extra_long,Linear Regression,26,2.522710156753982,3.296390630249883,19971.0,,,
history_only,2.0,0.9,extra_long,Decision Tree,26,2.494096292549385,3.2268108194369374,19971.0,,,
history_only,2.0,0.9,extra_long,Random Forest,26,2.494396820953597,3.226133595502751,19971.0,,,
history_only,2.0,0.9,extra_long,Naive (persistence),27,2.7246006709729107,3.5645158677425623,19971.0,,,
history_only,2.0,0.9,extra_long,Linear Regression,27,2.647570805051647,3.424813041915074,19971.0,,,
history_only,2.0,0.9,extra_long,Decision Tree,27,2.617628347751217,3.3702577681225097,19971.0,,,
history_only,2.0,0.9,extra_long,Random Forest,27,2.6159514571951235,3.3678137435381745,19971.0,,,
history_only,2.0,0.9,extra_long,Naive (persistence),28,2.716338691102098,3.639754019644611,19971.0,,,
history_only,2.0,0.9,extra_long,Linear Regression,28,2.686887125226551,3.555061829944846,19971.0,,,
history_only,2.0,0.9,extra_long,Decision Tree,28,2.6147632873664244,3.4197736101628164,19971.0,,,
history_only,2.0,0.9,extra_long,Random Forest,28,2.614897252271213,3.41900861571591,19971.0,,,
history_only,2.0,0.9,extra_long,Naive (persistence),29,2.582302568981922,3.4702400460580187,19969.0,,,
history_only,2.0,0.9,extra_long,Linear Regression,29,2.630949493914358,3.47453853463093,19969.0,,,
history_only,2.0,0.9,extra_long,Decision Tree,29,2.545117910947114,3.2985612459617313,19969.0,,,
history_only,2.0,0.9,extra_long,Random Forest,29,2.5446524483978683,3.2950625340991375,19969.0,,,
history_only,2.0,0.9,extra_long,Linear Regression,ALL_MEAN,2.609539743269972,,,0.05987085463386141,0.016650645447844337,5.0
history_only,2.0,0.9,extra_long,Decision Tree,ALL_MEAN,2.554081245460042,,,0.053768119711371666,0.037548996648079314,5.0
history_only,2.0,0.9,extra_long,Random Forest,ALL_MEAN,2.5535225548989144,,,0.05357846304768347,0.03775952726141685,5.0
history_only,2.0,0.9,extra_long,Naive (persistence),ALL_MEAN,2.653725993910301,,,0.05817784386056893,0.0,5.0
history_only,2.0,0.95,short,Naive (persistence),25,1.7456812377948026,2.297978900074263,19971.0,,,
history_only,2.0,0.95,short,Linear Regression,25,1.7674365806455985,2.2802426134786673,19971.0,,,
history_only,2.0,0.95,short,Decision Tree,25,1.7651845033045335,2.239589705036206,19971.0,,,
history_only,2.0,0.95,short,Random Forest,25,1.7640347577513567,2.237435003035967,19971.0,,,
history_only,2.0,0.95,short,Naive (persistence),26,1.777877922988333,2.323968847736047,19971.0,,,
history_only,2.0,0.95,short,Linear Regression,26,1.7958681485370858,2.3058121820694653,19971.0,,,
history_only,2.0,0.95,short,Decision Tree,26,1.8012466081671252,2.2799661826773803,19971.0,,,
history_only,2.0,0.95,short,Random Forest,26,1.8006133468611643,2.2786510186318374,19971.0,,,
history_only,2.0,0.95,short,Naive (persistence),27,1.8053177106804867,2.377055546248642,19971.0,,,
history_only,2.0,0.95,short,Linear Regression,27,1.8278551724330587,2.35980338923072,19971.0,,,
history_only,2.0,0.95,short,Decision Tree,27,1.8267252511198027,2.321690646281702,19971.0,,,
history_only,2.0,0.95,short,Random Forest,27,1.8263714243444464,2.3212783519203364,19971.0,,,
history_only,2.0,0.95,short,Naive (persistence),28,1.7797306093836063,2.3353711138590367,19971.0,,,
history_only,2.0,0.95,short,Linear Regression,28,1.7990069999846032,2.315756060503997,19971.0,,,
history_only,2.0,0.95,short,Decision Tree,28,1.7994020866233487,2.2782635269681775,19971.0,,,
history_only,2.0,0.95,short,Random Forest,28,1.7985313095883126,2.2767739853613227,19971.0,,,
history_only,2.0,0.95,short,Naive (persistence),29,1.7838758137205808,2.3370478576686335,19970.0,,,
history_only,2.0,0.95,short,Linear Regression,29,1.8030162298252557,2.326136792154257,19970.0,,,
history_only,2.0,0.95,short,Decision Tree,29,1.812170202890358,2.295984577166237,19970.0,,,
history_only,2.0,0.95,short,Random Forest,29,1.8099068668316352,2.292043676313886,19970.0,,,
history_only,2.0,0.95,short,Linear Regression,ALL_MEAN,1.7986366262851203,,,0.01925694087748544,-0.011324152491723805,5.0
history_only,2.0,0.95,short,Decision Tree,ALL_MEAN,1.8009457304210337,,,0.0203563808086949,-0.012622498555147743,5.0
history_only,2.0,0.95,short,Random Forest,ALL_MEAN,1.799891541075383,,,0.020442950430816256,-0.012029756735607577,5.0
history_only,2.0,0.95,short,Naive (persistence),ALL_MEAN,1.778496658913562,,,0.01911576028009948,0.0,5.0
history_only,2.0,0.95,medium,Naive (persistence),25,2.4076911521706474,3.1444613328449353,19971.0,,,
history_only,2.0,0.95,medium,Linear Regression,25,2.418321086584721,3.1071264295916636,19971.0,,,
history_only,2.0,0.95,medium,Decision Tree,25,2.3792950767934626,3.0149152030405713,19971.0,,,
history_only,2.0,0.95,medium,Random Forest,25,2.3780592707502226,3.0130074587384854,19971.0,,,
history_only,2.0,0.95,medium,Naive (persistence),26,2.4759901857693656,3.218667696660407,19971.0,,,
history_only,2.0,0.95,medium,Linear Regression,26,2.4738630843410365,3.174377005464904,19971.0,,,
history_only,2.0,0.95,medium,Decision Tree,26,2.4630942342294033,3.125704994767765,19971.0,,,
history_only,2.0,0.95,medium,Random Forest,26,2.463082661878276,3.125375894017105,19971.0,,,
history_only,2.0,0.95,medium,Naive (persistence),27,2.546542486605578,3.3164738123335824,19971.0,,,
history_only,2.0,0.95,medium,Linear Regression,27,2.547666694445933,3.267900068648132,19971.0,,,
history_only,2.0,0.95,medium,Decision Tree,27,2.511929200314742,3.1907286183574177,19971.0,,,
history_only,2.0,0.95,medium,Random Forest,27,2.512330400751781,3.190953192505188,19971.0,,,
history_only,2.0,0.95,medium,Naive (persistence),28,2.4703319813729907,3.1974637563209107,19971.0,,,
history_only,2.0,0.95,medium,Linear Regression,28,2.4695182944505563,3.1513558559825774,19971.0,,,
history_only,2.0,0.95,medium,Decision Tree,28,2.437119135140723,3.070743426456558,19971.0,,,
history_only,2.0,0.95,medium,Random Forest,28,2.436778176322416,3.0687795144041914,19971.0,,,
history_only,2.0,0.95,medium,Naive (persistence),29,2.4672008012018027,3.223753849679747,19970.0,,,
history_only,2.0,0.95,medium,Linear Regression,29,2.482060052131003,3.1991722465040633,19970.0,,,
history_only,2.0,0.95,medium,Decision Tree,29,2.465774657848345,3.132121039429155,19970.0,,,
history_only,2.0,0.95,medium,Random Forest,29,2.4636251353613194,3.1275862626301607,19970.0,,,
history_only,2.0,0.95,medium,Linear Regression,ALL_MEAN,2.47828584239065,,,0.04127989805121432,-0.0019140581097172316,5.0
history_only,2.0,0.95,medium,Decision Tree,ALL_MEAN,2.451442460865335,,,0.04338254033671944,0.008938104646243339,5.0
history_only,2.0,0.95,medium,Random Forest,ALL_MEAN,2.4507751290128033,,,0.04379305934673132,0.009207891590525263,5.0
history_only,2.0,0.95,medium,Naive (persistence),ALL_MEAN,2.4735513214240767,,,0.044095154848115305,0.0,5.0
history_only,2.0,0.95,long,Naive (persistence),25,3.3000350508236944,4.288276402709339,19971.0,,,
history_only,2.0,0.95,long,Linear Regression,25,3.2695159891579237,4.197795798596628,19971.0,,,
history_only,2.0,0.95,long,Decision Tree,25,3.197148840165762,4.045719365450813,19971.0,,,
history_only,2.0,0.95,long,Random Forest,25,3.194782656693668,4.041828613410028,19971.0,,,
history_only,2.0,0.95,long,Naive (persistence),26,3.4285213559661507,4.434045342488494,19971.0,,,
history_only,2.0,0.95,long,Linear Regression,26,3.368936584817564,4.319780402413139,19971.0,,,
history_only,2.0,0.95,long,Decision Tree,26,3.3354281772197907,4.244113425471953,19971.0,,,
history_only,2.0,0.95,long,Random Forest,26,3.3354734792466867,4.243303830172076,19971.0,,,
history_only,2.0,0.95,long,Naive (persistence),27,3.483451003955736,4.508988791390514,19971.0,,,
history_only,2.0,0.95,long,Linear Regression,27,3.4303440309766646,4.378798381393217,19971.0,,,
history_only,2.0,0.95,long,Decision Tree,27,3.346118323762256,4.2400702490037325,19971.0,,,
history_only,2.0,0.95,long,Random Forest,27,3.3447903901097344,4.238883495805526,19971.0,,,
history_only,2.0,0.95,long,Naive (persistence),28,3.3090481197736716,4.276138886598206,19971.0,,,
history_only,2.0,0.95,long,Linear Regression,28,3.2585341935572556,4.173992325879635,19971.0,,,
history_only,2.0,0.95,long,Decision Tree,28,3.184475106855526,4.041243295537424,19971.0,,,
history_only,2.0,0.95,long,Random Forest,28,3.184000213130733,4.039299382580488,19971.0,,,
history_only,2.0,0.95,long,Naive (persistence),29,3.3959439158738105,4.38980130909133,19970.0,,,
history_only,2.0,0.95,long,Linear Regression,29,3.359390725312315,4.335406634595911,19970.0,,,
history_only,2.0,0.95,long,Decision Tree,29,3.304065294576229,4.196387680399575,19970.0,,,
history_only,2.0,0.95,long,Random Forest,29,3.3011438944842033,4.191945979182697,19970.0,,,
history_only,2.0,0.95,long,Linear Regression,ALL_MEAN,3.3373443047643447,,,0.06472214446382855,0.013612220258152119,5.0
history_only,2.0,0.95,long,Decision Tree,ALL_MEAN,3.2734471485159125,,,0.06898938259378576,0.03249770773804206,5.0
history_only,2.0,0.95,long,Random Forest,ALL_MEAN,3.2720381267330048,,,0.06911318741571514,0.03291415918599916,5.0
history_only,2.0,0.95,long,Naive (persistence),ALL_MEAN,3.383399889278613,,,0.0702586746623091,0.0,5.0
history_only,2.0,0.95,extra_long,Naive (persistence),25,2.911171198237444,3.77453418411401,19971.0,,,
history_only,2.0,0.95,extra_long,Linear Regression,25,2.9046873022254096,3.7124367198691424,19971.0,,,
history_only,2.0,0.95,extra_long,Decision Tree,25,2.8392335627325904,3.582432144545141,19971.0,,,
history_only,2.0,0.95,extra_long,Random Forest,25,2.8371661143465685,3.580553552381791,19971.0,,,
history_only,2.0,0.95,extra_long,Naive (persistence),26,3.0030544289219367,3.8871209240469144,19971.0,,,
history_only,2.0,0.95,extra_long,Linear Regression,26,2.9716172942916477,3.810328978106537,19971.0,,,
history_only,2.0,0.95,extra_long,Decision Tree,26,2.95160627968698,3.744860012324182,19971.0,,,
history_only,2.0,0.95,extra_long,Random Forest,26,2.950472583173204,3.743241887710707,19971.0,,,
history_only,2.0,0.95,extra_long,Naive (persistence),27,3.0922337389214363,3.9964620576227325,19971.0,,,
history_only,2.0,0.95,extra_long,Linear Regression,27,3.062338204099196,3.9070613701345644,19971.0,,,
history_only,2.0,0.95,extra_long,Decision Tree,27,3.0023096405707457,3.797296038404231,19971.0,,,
history_only,2.0,0.95,extra_long,Random Forest,27,3.0015704813126933,3.7964473608100424,19971.0,,,
history_only,2.0,0.95,extra_long,Naive (persistence),28,2.9379600420609884,3.802257603869702,19971.0,,,
history_only,2.0,0.95,extra_long,Linear Regression,28,2.9134981095715715,3.7269206940544435,19971.0,,,
history_only,2.0,0.95,extra_long,Decision Tree,28,2.854886054832833,3.6173827660853037,19971.0,,,
history_only,2.0,0.95,extra_long,Random Forest,28,2.853999688647118,3.6159454722688396,19971.0,,,
history_only,2.0,0.95,extra_long,Naive (persistence),29,2.968252378567852,3.856606035774559,19970.0,,,
history_only,2.0,0.95,extra_long,Linear Regression,29,2.964018840304896,3.819113081859455,19970.0,,,
history_only,2.0,0.95,extra_long,Decision Tree,29,2.9261551246428,3.7135673568710215,19970.0,,,
history_only,2.0,0.95,extra_long,Random Forest,29,2.92155649103325,3.7070219158384714,19970.0,,,
history_only,2.0,0.95,extra_long,Linear Regression,ALL_MEAN,2.9632319500985447,,,0.05620304878496734,0.0064718138773057765,5.0
history_only,2.0,0.95,extra_long,Decision Tree,ALL_MEAN,2.91483813249319,,,0.06073143875987015,0.022697550719607884,5.0
history_only,2.0,0.95,extra_long,Random Forest,ALL_MEAN,2.912953071702567,,,0.060916241069432664,0.023329583938599185,5.0
history_only,2.0,0.95,extra_long,Naive (persistence),ALL_MEAN,2.9825343573419314,,,0.06283084057119542,0.0,5.0
history_only,0.5,0.3,short,Naive (persistence),25,0.3163541779559987,0.8828041865666812,18454.0,,,
history_only,0.5,0.3,short,Linear Regression,25,0.3764540206980705,0.7783126276429607,18454.0,,,
history_only,0.5,0.3,short,Decision Tree,25,0.3805398146963878,0.7812612955662713,18454.0,,,
history_only,0.5,0.3,short,Random Forest,25,0.38078559346342633,0.7788114802131073,18454.0,,,
history_only,0.5,0.3,short,Naive (persistence),26,0.3329499397524373,0.9227768653201689,18258.0,,,
history_only,0.5,0.3,short,Linear Regression,26,0.3891643937696648,0.8030259967758638,18258.0,,,
history_only,0.5,0.3,short,Decision Tree,26,0.39254497961993895,0.8027393588772602,18258.0,,,
history_only,0.5,0.3,short,Random Forest,26,0.39280153605424145,0.8014673688412587,18258.0,,,
history_only,0.5,0.3,short,Naive (persistence),27,0.34076537287396425,0.8894092670468223,18344.0,,,
history_only,0.5,0.3,short,Linear Regression,27,0.4028967088541983,0.8032671894462704,18344.0,,,
history_only,0.5,0.3,short,Decision Tree,27,0.40761614467177,0.8028058694655142,18344.0,,,
history_only,0.5,0.3,short,Random Forest,27,0.40725334275642516,0.8015421399868684,18344.0,,,
history_only,0.5,0.3,short,Naive (persistence),28,0.3381158635625338,0.8908182304227346,18470.0,,,
history_only,0.5,0.3,short,Linear Regression,28,0.3964429702555434,0.7866082805117934,18470.0,,,
history_only,0.5,0.3,short,Decision Tree,28,0.4007958730444567,0.7846740282086756,18470.0,,,
history_only,0.5,0.3,short,Random Forest,28,0.401003577054007,0.7837519514233501,18470.0,,,
history_only,0.5,0.3,short,Naive (persistence),29,0.32790533572165226,0.8835773290935466,18423.0,,,
history_only,0.5,0.3,short,Linear Regression,29,0.389762498481782,0.7828333105076383,18423.0,,,
history_only,0.5,0.3,short,Decision Tree,29,0.3933081232829657,0.7831079931348854,18423.0,,,
history_only,0.5,0.3,short,Random Forest,29,0.3931585955193814,0.7819330159046656,18423.0,,,
history_only,0.5,0.3,short,Linear Regression,ALL_MEAN,0.3909441184118518,,,0.008804866462331161,-0.18032219130265736,5.0
history_only,0.5,0.3,short,Decision Tree,ALL_MEAN,0.3949609870631039,,,0.009063533213788354,-0.1924497537478509,5.0
history_only,0.5,0.3,short,Random Forest,ALL_MEAN,0.3950005289694963,,,0.008904613547143118,-0.19256913702388267,5.0
history_only,0.5,0.3,short,Naive (persistence),ALL_MEAN,0.3312181379733173,,,0.00864452909196921,0.0,5.0
history_only,0.5,0.3,medium,Naive (persistence),25,0.4180123550449767,1.1113374767908362,18454.0,,,
history_only,0.5,0.3,medium,Linear Regression,25,0.4786669964403108,0.926387174528305,18454.0,,,
history_only,0.5,0.3,medium,Decision Tree,25,0.4806927697754562,0.9339784812557687,18454.0,,,
history_only,0.5,0.3,medium,Random Forest,25,0.48077783879168073,0.9295727678112917,18454.0,,,
history_only,0.5,0.3,medium,Naive (persistence),26,0.4435863730967247,1.1897663094825626,18258.0,,,
history_only,0.5,0.3,medium,Linear Regression,26,0.49596754235342067,0.9743222915746732,18258.0,,,
history_only,0.5,0.3,medium,Decision Tree,26,0.49697664705293787,0.9809149934234063,18258.0,,,
history_only,0.5,0.3,medium,Random Forest,26,0.4967125525794328,0.9734878207259838,18258.0,,,
history_only,0.5,0.3,medium,Naive (persistence),27,0.4573702573048408,1.135643430339039,18344.0,,,
history_only,0.5,0.3,medium,Linear Regression,27,0.5185159053607094,0.9869026212330841,18344.0,,,
history_only,0.5,0.3,medium,Decision Tree,27,0.5192376599892307,0.9884434523803263,18344.0,,,
history_only,0.5,0.3,medium,Random Forest,27,0.5191685547966595,0.986636644956184,18344.0,,,
history_only,0.5,0.3,medium,Naive (persistence),28,0.4478613968597726,1.1377272912609213,18470.0,,,
history_only,0.5,0.3,medium,Linear Regression,28,0.5001780641145532,0.9372168689499116,18470.0,,,
history_only,0.5,0.3,medium,Decision Tree,28,0.5027238931168859,0.9428461884759833,18470.0,,,
history_only,0.5,0.3,medium,Random Forest,28,0.5026602814882535,0.9415012236661409,18470.0,,,
history_only,0.5,0.3,medium,Naive (persistence),29,0.4396135265700483,1.1363390127258701,18423.0,,,
history_only,0.5,0.3,medium,Linear Regression,29,0.5040779008980967,0.9715848732418222,18423.0,,,
history_only,0.5,0.3,medium,Decision Tree,29,0.5054226537157829,0.9774937528158824,18423.0,,,
history_only,0.5,0.3,medium,Random Forest,29,0.5057966578705765,0.9771229890629404,18423.0,,,
history_only,0.5,0.3,medium,Linear Regression,ALL_MEAN,0.4994812818334181,,,0.012880311694658577,-0.13186942986413852,5.0
history_only,0.5,0.3,medium,Decision Tree,ALL_MEAN,0.5010107247300587,,,0.01251969894590955,-0.13533528478682144,5.0
history_only,0.5,0.3,medium,Random Forest,ALL_MEAN,0.5010231771053206,,,0.012515399859174646,-0.13536350298718425,5.0
history_only,0.5,0.3,medium,Naive (persistence),ALL_MEAN,0.44128878177527264,,,0.013051364461013076,0.0,5.0
history_only,0.5,0.3,long,Naive (persistence),25,0.5100249268451285,1.322168857073622,18454.0,,,
history_only,0.5,0.3,long,Linear Regression,25,0.5499036621246589,1.0180448016710042,18454.0,,,
history_only,0.5,0.3,long,Decision Tree,25,0.5525215649638471,1.0334999275554917,18454.0,,,
history_only,0.5,0.3,long,Random Forest,25,0.5503100958469729,1.0193752070037978,18454.0,,,
history_only,0.5,0.3,long,Naive (persistence),26,0.5332457005148428,1.421475892284239,18258.0,,,
history_only,0.5,0.3,long,Linear Regression,26,0.5744887009870766,1.093242005244667,18258.0,,,
history_only,0.5,0.3,long,Decision Tree,26,0.5766302668328264,1.1011208301066453,18258.0,,,
history_only,0.5,0.3,long,Random Forest,26,0.5758806850165615,1.0966602858362942,18258.0,,,
history_only,0.5,0.3,long,Naive (persistence),27,0.5749018752725686,1.4188700872404651,18344.0,,,
history_only,0.5,0.3,long,Linear Regression,27,0.6105641161749062,1.1586434021845575,18344.0,,,
history_only,0.5,0.3,long,Decision Tree,27,0.6103811852129578,1.1632225644635508,18344.0,,,
history_only,0.5,0.3,long,Random Forest,27,0.6099284108807146,1.1587914966603172,18344.0,,,
history_only,0.5,0.3,long,Naive (persistence),28,0.5345425013535463,1.3630795732893113,18470.0,,,
history_only,0.5,0.3,long,Linear Regression,28,0.574029383517414,1.0639239563490854,18470.0,,,
history_only,0.5,0.3,long,Decision Tree,28,0.5757527532047716,1.0689671786161186,18470.0,,,
history_only,0.5,0.3,long,Random Forest,28,0.5757866714137365,1.067647097312868,18470.0,,,
history_only,0.5,0.3,long,Naive (persistence),29,0.5358519242251534,1.3863424520456793,18423.0,,,
history_only,0.5,0.3,long,Linear Regression,29,0.6001200455329041,1.1782948549975232,18423.0,,,
history_only,0.5,0.3,long,Decision Tree,29,0.5999751527122552,1.1801521936618142,18423.0,,,
history_only,0.5,0.3,long,Random Forest,29,0.6010762874786675,1.1806598990158257,18423.0,,,
history_only,0.5,0.3,long,Linear Regression,ALL_MEAN,0.5818211816673919,,,0.021420598254809537,-0.08202845084925947,5.0
history_only,0.5,0.3,long,Decision Tree,ALL_MEAN,0.5830521845853316,,,0.020297303200676135,-0.08431777998037138,5.0
history_only,0.5,0.3,long,Random Forest,ALL_MEAN,0.5825964301273305,,,0.021082806867313963,-0.08347020119551996,5.0
history_only,0.5,0.3,long,Naive (persistence),ALL_MEAN,0.5377133856422479,,,0.02089552233241159,0.0,5.0
history_only,0.5,0.3,extra_long,Naive (persistence),25,0.47068386257721906,1.2436029003816493,18454.0,,,
history_only,0.5,0.3,extra_long,Linear Regression,25,0.5259277995374584,0.9975562027255327,18454.0,,,
history_only,0.5,0.3,extra_long,Decision Tree,25,0.5273734700686508,1.0042751094120406,18454.0,,,
history_only,0.5,0.3,extra_long,Random Forest,25,0.5280903984203299,1.0020364209585482,18454.0,,,
history_only,0.5,0.3,extra_long,Naive (persistence),26,0.5032314601818381,1.3422040329692657,18258.0,,,
history_only,0.5,0.3,extra_long,Linear Regression,26,0.5466887434851242,1.0507833939620161,18258.0,,,
history_only,0.5,0.3,extra_long,Decision Tree,26,0.5497873731632066,1.0698921364784724,18258.0,,,
history_only,0.5,0.3,extra_long,Random Forest,26,0.548234555256031,1.0569183368381758,18258.0,,,
history_only,0.5,0.3,extra_long,Naive (persistence),27,0.5300370693414741,1.3015849642269282,18344.0,,,
history_only,0.5,0.3,extra_long,Linear Regression,27,0.5805390730673605,1.105632245429743,18344.0,,,
history_only,0.5,0.3,extra_long,Decision Tree,27,0.5788684925011827,1.1060779351081964,18344.0,,,
history_only,0.5,0.3,extra_long,Random Forest,27,0.578678494582312,1.1035475985883934,18344.0,,,
history_only,0.5,0.3,extra_long,Naive (persistence),28,0.499837574445046,1.2835218198560405,18470.0,,,
history_only,0.5,0.3,extra_long,Linear Regression,28,0.5439726013840964,1.0094418009476378,18470.0,,,
history_only,0.5,0.3,extra_long,Decision Tree,28,0.5459057197768605,1.0140561739374194,18470.0,,,
history_only,0.5,0.3,extra_long,Random Forest,28,0.546395851851546,1.0137258247823169,18470.0,,,
history_only,0.5,0.3,extra_long,Naive (persistence),29,0.4980187808717364,1.279210084385472,18423.0,,,
history_only,0.5,0.3,extra_long,Linear Regression,29,0.5645336568750045,1.0950240486810603,18423.0,,,
history_only,0.5,0.3,extra_long,Decision Tree,29,0.5657451890988856,1.1022729367364976,18423.0,,,
history_only,0.5,0.3,extra_long,Random Forest,29,0.5660885810895429,1.100112650021383,18423.0,,,
history_only,0.5,0.3,extra_long,Linear Regression,ALL_MEAN,0.5523323748698088,,,0.018673120211675734,-0.10386610375392769,5.0
history_only,0.5,0.3,extra_long,Decision Tree,ALL_MEAN,0.5535360489217572,,,0.017592900992256858,-0.10627171140317548,5.0
history_only,0.5,0.3,extra_long,Random Forest,ALL_MEAN,0.5534975762399524,,,0.017414193151627747,-0.10619482166920902,5.0
history_only,0.5,0.3,extra_long,Naive (persistence),ALL_MEAN,0.5003617494834627,,,0.01884357227690056,0.0,5.0
history_only,0.5,0.5,short,Naive (persistence),25,1.0039011017976698,1.8753810655349064,18969.0,,,
history_only,0.5,0.5,short,Linear Regression,25,1.1096889934926257,1.7923270056556226,18969.0,,,
history_only,0.5,0.5,short,Decision Tree,25,1.1285432751968212,1.7608754838879885,18969.0,,,
history_only,0.5,0.5,short,Random Forest,25,1.125689228401671,1.7532297226923295,18969.0,,,
history_only,0.5,0.5,short,Naive (persistence),26,0.9121755446679871,1.7473752113558552,19186.0,,,
history_only,0.5,0.5,short,Linear Regression,26,1.0054251077406893,1.622794297136096,19186.0,,,
history_only,0.5,0.5,short,Decision Tree,26,1.0336629837292433,1.608641508324531,19186.0,,,
history_only,0.5,0.5,short,Random Forest,26,1.0329513147039422,1.607428801998543,19186.0,,,
history_only,0.5,0.5,short,Naive (persistence),27,1.0300263852242744,1.9175209369223638,18950.0,,,
history_only,0.5,0.5,short,Linear Regression,27,1.1303230490724834,1.829138079620585,18950.0,,,
history_only,0.5,0.5,short,Decision Tree,27,1.1558586422836552,1.8147283264505187,18950.0,,,
history_only,0.5,0.5,short,Random Forest,27,1.1532336872152242,1.8057062861661115,18950.0,,,
history_only,0.5,0.5,short,Naive (persistence),28,0.9264467562339903,1.7413970823511922,19129.0,,,
history_only,0.5,0.5,short,Linear Regression,28,1.0148623885430117,1.614698524127896,19129.0,,,
history_only,0.5,0.5,short,Decision Tree,28,1.0406081784158152,1.598097919553195,19129.0,,,
history_only,0.5,0.5,short,Random Forest,28,1.040305206544769,1.5970602309325135,19129.0,,,
history_only,0.5,0.5,short,Naive (persistence),29,0.9380989787902593,1.7870530275214571,19095.0,,,
history_only,0.5,0.5,short,Linear Regression,29,1.0315016042524012,1.6702424255260946,19095.0,,,
history_only,0.5,0.5,short,Decision Tree,29,1.0566068813823783,1.6489245246332027,19095.0,,,
history_only,0.5,0.5,short,Random Forest,29,1.0568138518937629,1.6491084999705734,19095.0,,,
history_only,0.5,0.5,short,Linear Regression,ALL_MEAN,1.0583602286202425,,,0.05143707699241067,-0.10001818875579072,5.0
history_only,0.5,0.5,short,Decision Tree,ALL_MEAN,1.0830559922015826,,,0.049619271291561594,-0.125685998628146,5.0
history_only,0.5,0.5,short,Random Forest,ALL_MEAN,1.081798657751874,,,0.048500217661533805,-0.1243791744234688,5.0
history_only,0.5,0.5,short,Naive (persistence),ALL_MEAN,0.9621297533428363,,,0.046262242801610266,0.0,5.0
history_only,0.5,0.5,medium,Naive (persistence),25,1.4303337023564764,2.5824176280231677,18969.0,,,
history_only,0.5,0.5,medium,Linear Regression,25,1.528074945183629,2.407120201272638,18969.0,,,
history_only,0.5,0.5,medium,Decision Tree,25,1.5267788322759557,2.363557154488984,18969.0,,,
history_only,0.5,0.5,medium,Random Forest,25,1.5261221790479058,2.358163842343449,18969.0,,,
history_only,0.5,0.5,medium,Naive (persistence),26,1.244240592098405,2.32356121604211,19186.0,,,
history_only,0.5,0.5,medium,Linear Regression,26,1.3338565673192597,2.0620322116626792,19186.0,,,
history_only,0.5,0.5,medium,Decision Tree,26,1.3487982911686054,2.0507271854911973,19186.0,,,
history_only,0.5,0.5,medium,Random Forest,26,1.3476909247443303,2.0474590828701573,19186.0,,,
history_only,0.5,0.5,medium,Naive (persistence),27,1.4548284960422164,2.6475358185094,18950.0,,,
history_only,0.5,0.5,medium,Linear Regression,27,1.5363609247203394,2.4438199131855987,18950.0,,,
history_only,0.5,0.5,medium,Decision Tree,27,1.5284491183459918,2.371430366738926,18950.0,,,
history_only,0.5,0.5,medium,Random Forest,27,1.5280801580227903,2.370064568600381,18950.0,,,
history_only,0.5,0.5,medium,Naive (persistence),28,1.2688588007736943,2.3089332093447656,19129.0,,,
history_only,0.5,0.5,medium,Linear Regression,28,1.341844738224707,2.0319166520117826,19129.0,,,
history_only,0.5,0.5,medium,Decision Tree,28,1.352625865653634,2.0199368424977,19129.0,,,
history_only,0.5,0.5,medium,Random Forest,28,1.35119613160716,2.016823326318594,19129.0,,,
history_only,0.5,0.5,medium,Naive (persistence),29,1.3029065200314218,2.425069814054318,19095.0,,,
history_only,0.5,0.5,medium,Linear Regression,29,1.385413730452065,2.1530162881337915,19095.0,,,
history_only,0.5,0.5,medium,Decision Tree,29,1.394752235349123,2.1383811402829194,19095.0,,,
history_only,0.5,0.5,medium,Random Forest,29,1.3927140675592335,2.126250859681885,19095.0,,,
history_only,0.5,0.5,medium,Linear Regression,ALL_MEAN,1.42511018118,,,0.08923523384648353,-0.06332967440139581,5.0
history_only,0.5,0.5,medium,Decision Tree,ALL_MEAN,1.4302808685586619,,,0.08109359523407028,-0.06718772369428039,5.0
history_only,0.5,0.5,medium,Random Forest,ALL_MEAN,1.429160692196284,,,0.08152391405697258,-0.06635191690375342,5.0
history_only,0.5,0.5,medium,Naive (persistence),ALL_MEAN,1.3402336222604427,,,0.08596784174695,0.0,5.0
history_only,0.5,0.5,long,Naive (persistence),25,1.8785386683536296,3.35913363785732,18969.0,,,
history_only,0.5,0.5,long,Linear Regression,25,1.8685416410073883,2.977068406120076,18969.0,,,
history_only,0.5,0.5,long,Decision Tree,25,1.8461270375002312,2.9246258844841226,18969.0,,,
history_only,0.5,0.5,long,Random Forest,25,1.844692029783677,2.9176361878364667,18969.0,,,
history_only,0.5,0.5,long,Naive (persistence),26,1.570885020327322,2.965637667648225,19186.0,,,
history_only,0.5,0.5,long,Linear Regression,26,1.5993991135409715,2.470589972495381,19186.0,,,
history_only,0.5,0.5,long,Decision Tree,26,1.5983002419420185,2.4701450987967184,19186.0,,,
history_only,0.5,0.5,long,Random Forest,26,1.5979136825945843,2.46714250629977,19186.0,,,
history_only,0.5,0.5,long,Naive (persistence),27,1.9520316622691294,3.4975075935235105,18950.0,,,
history_only,0.5,0.5,long,Linear Regression,27,1.9125028548228804,3.059459135063783,18950.0,,,
history_only,0.5,0.5,long,Decision Tree,27,1.8780767826370164,2.9470319146374053,18950.0,,,
history_only,0.5,0.5,long,Random Forest,27,1.874326086452806,2.93178706217402,18950.0,,,
history_only,0.5,0.5,long,Naive (persistence),28,1.6106435255371425,2.9246912331283723,19129.0,,,
history_only,0.5,0.5,long,Linear Regression,28,1.6135576881856564,2.402687026135742,19129.0,,,
history_only,0.5,0.5,long,Decision Tree,28,1.6052893012475344,2.393053883795633,19129.0,,,
history_only,0.5,0.5,long,Random Forest,28,1.604908556453069,2.3926961520850907,19129.0,,,
history_only,0.5,0.5,long,Naive (persistence),29,1.660434668761456,3.0901104193492213,19095.0,,,
history_only,0.5,0.5,long,Linear Regression,29,1.6541292804042853,2.5065286319137594,19095.0,,,
history_only,0.5,0.5,long,Decision Tree,29,1.6481525600204965,2.512952905532114,19095.0,,,
history_only,0.5,0.5,long,Random Forest,29,1.6471141339785798,2.5043533976624768,19095.0,,,
history_only,0.5,0.5,long,Linear Regression,ALL_MEAN,1.7296261155922363,,,0.13332077781073287,0.002813822184737136,5.0
history_only,0.5,0.5,long,Decision Tree,ALL_MEAN,1.7151891846694596,,,0.12158290112346466,0.011137186313254221,5.0
history_only,0.5,0.5,long,Random Forest,ALL_MEAN,1.7137908978525431,,,0.12052828485052737,0.01194334451928536,5.0
history_only,0.5,0.5,long,Naive (persistence),ALL_MEAN,1.734506709049736,,,0.15209413070643804,0.0,5.0
history_only,0.5,0.5,extra_long,Naive (persistence),25,1.6965575412515157,3.0363569182352164,18969.0,,,
history_only,0.5,0.5,extra_long,Linear Regression,25,1.745132681954923,2.7624576049334193,18969.0,,,
history_only,0.5,0.5,extra_long,Decision Tree,25,1.7323089069741673,2.7121778651480053,18969.0,,,
history_only,0.5,0.5,extra_long,Random Forest,25,1.7314634609025812,2.706701057750096,18969.0,,,
history_only,0.5,0.5,extra_long,Naive (persistence),26,1.4463671427082248,2.6919967791626727,19186.0,,,
history_only,0.5,0.5,extra_long,Linear Regression,26,1.502212225919073,2.307195186992299,19186.0,,,
history_only,0.5,0.5,extra_long,Decision Tree,26,1.5042083053743813,2.3000479391445534,19186.0,,,
history_only,0.5,0.5,extra_long,Random Forest,26,1.5041374233587688,2.29919074455669,19186.0,,,
history_only,0.5,0.5,extra_long,Naive (persistence),27,1.7595778364116095,3.1633454786687856,18950.0,,,
history_only,0.5,0.5,extra_long,Linear Regression,27,1.778526704805782,2.8305266954495827,18950.0,,,
history_only,0.5,0.5,extra_long,Decision Tree,27,1.753100586333787,2.7404040528572287,18950.0,,,
history_only,0.5,0.5,extra_long,Random Forest,27,1.7503372513097057,2.7321911545650117,18950.0,,,
history_only,0.5,0.5,extra_long,Naive (persistence),28,1.4609232056040566,2.6616390125744704,19129.0,,,
history_only,0.5,0.5,extra_long,Linear Regression,28,1.5029441574279454,2.248517939782286,19129.0,,,
history_only,0.5,0.5,extra_long,Decision Tree,28,1.504385599262449,2.2415208904782906,19129.0,,,
history_only,0.5,0.5,extra_long,Random Forest,28,1.5031722110192323,2.2381419468692965,19129.0,,,
history_only,0.5,0.5,extra_long,Naive (persistence),29,1.5201885310290653,2.8221619482800735,19095.0,,,
history_only,0.5,0.5,extra_long,Linear Regression,29,1.556684123201264,2.3846672024758755,19095.0,,,
history_only,0.5,0.5,extra_long,Decision Tree,29,1.5554884720688553,2.375969300375949,19095.0,,,
history_only,0.5,0.5,extra_long,Random Forest,29,1.5531761094122183,2.3665567646961194,19095.0,,,
history_only,0.5,0.5,extra_long,Linear Regression,ALL_MEAN,1.6170999786617977,,,0.12027616876920144,-0.02560825907040587,5.0
history_only,0.5,0.5,extra_long,Decision Tree,ALL_MEAN,1.609898374002728,,,0.11023156160317482,-0.021040807883489165,5.0
history_only,0.5,0.5,extra_long,Random Forest,ALL_MEAN,1.608457291200501,,,0.10980349071005739,-0.02012683444741792,5.0
history_only,0.5,0.5,extra_long,Naive (persistence),ALL_MEAN,1.5767228514008944,,,0.12758886829987112,0.0,5.0
history_only,0.5,0.7,short,Naive (persistence),25,1.8517486195109125,2.8775062245021092,19015.0,,,
history_only,0.5,0.7,short,Linear Regression,25,1.908577104261797,2.790925920463041,19015.0,,,
history_only,0.5,0.7,short,Decision Tree,25,1.9835022327985552,2.7566348195915635,19015.0,,,
history_only,0.5,0.7,short,Random Forest,25,1.983002810131483,2.7546562758081214,19015.0,,,
history_only,0.5,0.7,short,Naive (persistence),26,1.8723482849604223,2.9209551334829813,18950.0,,,
history_only,0.5,0.7,short,Linear Regression,26,1.9305765669921178,2.8310477361407664,18950.0,,,
history_only,0.5,0.7,short,Decision Tree,26,2.008388059063709,2.798729031966847,18950.0,,,
history_only,0.5,0.7,short,Random Forest,26,2.004880563973443,2.7924281668428557,18950.0,,,
history_only,0.5,0.7,short,Naive (persistence),27,1.8521226045637305,2.8352495974571528,19151.0,,,
history_only,0.5,0.7,short,Linear Regression,27,1.9063979724968751,2.7551035080575175,19151.0,,,
history_only,0.5,0.7,short,Decision Tree,27,1.9595055681914428,2.6891671238768544,19151.0,,,
history_only,0.5,0.7,short,Random Forest,27,1.9573361838365655,2.6842536402103487,19151.0,,,
history_only,0.5,0.7,short,Naive (persistence),28,1.926506406862226,2.9426550033442553,18886.0,,,
history_only,0.5,0.7,short,Linear Regression,28,1.971522759977072,2.8502569370544393,18886.0,,,
history_only,0.5,0.7,short,Decision Tree,28,2.0287261101711414,2.8003473367773957,18886.0,,,
history_only,0.5,0.7,short,Random Forest,28,2.0263979578117435,2.794028461620494,18886.0,,,
history_only,0.5,0.7,short,Naive (persistence),29,1.8982799682455676,2.9293163735780237,18895.0,,,
history_only,0.5,0.7,short,Linear Regression,29,1.9731530588866182,2.8576038836035322,18895.0,,,
history_only,0.5,0.7,short,Decision Tree,29,2.0397967994449635,2.8139844391164717,18895.0,,,
history_only,0.5,0.7,short,Random Forest,29,2.0376930318458997,2.8109909722428967,18895.0,,,
history_only,0.5,0.7,short,Linear Regression,ALL_MEAN,1.938045492522896,,,0.029254076404050658,-0.030764960902690985,5.0
history_only,0.5,0.7,short,Decision Tree,ALL_MEAN,2.003983753933962,,,0.029366504863815916,-0.06583475142494111,5.0
history_only,0.5,0.7,short,Random Forest,ALL_MEAN,2.0018621095198266,,,0.02909709657268254,-0.06470633791244973,5.0
history_only,0.5,0.7,short,Naive (persistence),ALL_MEAN,1.8802011768285716,,,0.028742439620214284,0.0,5.0
history_only,0.5,0.7,medium,Naive (persistence),25,2.6947146989219037,4.062333149550048,19015.0,,,
history_only,0.5,0.7,medium,Linear Regression,25,2.730313812939206,3.854507622631225,19015.0,,,
history_only,0.5,0.7,medium,Decision Tree,25,2.7836435795918435,3.7918645770945827,19015.0,,,
history_only,0.5,0.7,medium,Random Forest,25,2.779941164309054,3.7841461005908377,19015.0,,,
history_only,0.5,0.7,medium,Naive (persistence),26,2.6953562005277045,4.131256748484622,18950.0,,,
history_only,0.5,0.7,medium,Linear Regression,26,2.7335801581531887,3.9203162623820744,18950.0,,,
history_only,0.5,0.7,medium,Decision Tree,26,2.800168767224177,3.867462386550629,18950.0,,,
history_only,0.5,0.7,medium,Random Forest,26,2.7973637853674242,3.8605999788799847,18950.0,,,
history_only,0.5,0.7,medium,Naive (persistence),27,2.6336483734530836,3.9538682313544937,19151.0,,,
history_only,0.5,0.7,medium,Linear Regression,27,2.6794712055614274,3.765539023782606,19151.0,,,
history_only,0.5,0.7,medium,Decision Tree,27,2.694362601515693,3.64947851337234,19151.0,,,
history_only,0.5,0.7,medium,Random Forest,27,2.6905468127064456,3.643111312692049,19151.0,,,
history_only,0.5,0.7,medium,Naive (persistence),28,2.8235730170496662,4.217455645176363,18886.0,,,
history_only,0.5,0.7,medium,Linear Regression,28,2.829201019936511,3.9920940563043823,18886.0,,,
history_only,0.5,0.7,medium,Decision Tree,28,2.8495560369768302,3.9045542097571992,18886.0,,,
history_only,0.5,0.7,medium,Random Forest,28,2.846508764869712,3.8978556936192823,18886.0,,,
history_only,0.5,0.7,medium,Naive (persistence),29,2.76200052924054,4.174165431811513,18895.0,,,
history_only,0.5,0.7,medium,Linear Regression,29,2.823205308835988,3.986773730198123,18895.0,,,
history_only,0.5,0.7,medium,Decision Tree,29,2.8707297643857492,3.905549376953836,18895.0,,,
history_only,0.5,0.7,medium,Random Forest,29,2.8661223860312997,3.8936890008534775,18895.0,,,
history_only,0.5,0.7,medium,Linear Regression,ALL_MEAN,2.759154301085264,,,0.05804184812905764,-0.013702305381396052,5.0
history_only,0.5,0.7,medium,Decision Tree,ALL_MEAN,2.7996921499388585,,,0.06145705401674959,-0.028595749659567904,5.0
history_only,0.5,0.7,medium,Random Forest,ALL_MEAN,2.796096582656787,,,0.061397652292225595,-0.027274752554927506,5.0
history_only,0.5,0.7,medium,Naive (persistence),ALL_MEAN,2.7218585638385795,,,0.06508058040596185,0.0,5.0
history_only,0.5,0.7,long,Naive (persistence),25,3.7395740205101236,5.560671031379367,19015.0,,,
history_only,0.5,0.7,long,Linear Regression,25,3.658417702325078,5.070624774201263,19015.0,,,
history_only,0.5,0.7,long,Decision Tree,25,3.657961180480918,4.962591454830028,19015.0,,,
history_only,0.5,0.7,long,Random Forest,25,3.6517769685979804,4.953571281958376,19015.0,,,
history_only,0.5,0.7,long,Naive (persistence),26,3.6973087071240105,5.685495130704668,18950.0,,,
history_only,0.5,0.7,long,Linear Regression,26,3.654175088178606,5.193989671703741,18950.0,,,
history_only,0.5,0.7,long,Decision Tree,26,3.689609339610911,5.132179846237903,18950.0,,,
history_only,0.5,0.7,long,Random Forest,26,3.684313550822058,5.122570823498142,18950.0,,,
history_only,0.5,0.7,long,Naive (persistence),27,3.497310845386664,5.238766698202687,19151.0,,,
history_only,0.5,0.7,long,Linear Regression,27,3.4803884543784944,4.820175770355642,19151.0,,,
history_only,0.5,0.7,long,Decision Tree,27,3.457446566551726,4.667297240660491,19151.0,,,
history_only,0.5,0.7,long,Random Forest,27,3.4518440236097185,4.656920067743564,19151.0,,,
history_only,0.5,0.7,long,Naive (persistence),28,3.8524833209785028,5.797392849051659,18886.0,,,
history_only,0.5,0.7,long,Linear Regression,28,3.765904685790676,5.2711048555563185,18886.0,,,
history_only,0.5,0.7,long,Decision Tree,28,3.7438178301106904,5.137910165099809,18886.0,,,
history_only,0.5,0.7,long,Random Forest,28,3.7421682667211735,5.134687213666826,18886.0,,,
history_only,0.5,0.7,long,Naive (persistence),29,3.916009526329717,5.916866960943175,18895.0,,,
history_only,0.5,0.7,long,Linear Regression,29,3.8979164765331715,5.470904021717094,18895.0,,,
history_only,0.5,0.7,long,Decision Tree,29,3.9109126654317627,5.358350246671933,18895.0,,,
history_only,0.5,0.7,long,Random Forest,29,3.9047196950986005,5.345009572933483,18895.0,,,
history_only,0.5,0.7,long,Linear Regression,ALL_MEAN,3.6913604814412055,,,0.13798506722212034,0.013146989025903943,5.0
history_only,0.5,0.7,long,Decision Tree,ALL_MEAN,3.6919495164372016,,,0.14614205383433695,0.012989515660110862,5.0
history_only,0.5,0.7,long,Random Forest,ALL_MEAN,3.6869645009699057,,,0.146281652416385,0.014322216042093827,5.0
history_only,0.5,0.7,long,Naive (persistence),ALL_MEAN,3.740537284065803,,,0.14446533231139744,0.0,5.0
history_only,0.5,0.7,extra_long,Naive (persistence),25,3.2816723639232186,4.896944799268073,19015.0,,,
history_only,0.5,0.7,extra_long,Linear Regression,25,3.2564521699141635,4.545076374934694,19015.0,,,
history_only,0.5,0.7,extra_long,Decision Tree,25,3.286285999680725,4.446263067990121,19015.0,,,
history_only,0.5,0.7,extra_long,Random Forest,25,3.284729624462403,4.441003891830767,19015.0,,,
history_only,0.5,0.7,extra_long,Naive (persistence),26,3.258311345646438,4.983916083268855,18950.0,,,
history_only,0.5,0.7,extra_long,Linear Regression,26,3.246621757932486,4.629005134852859,18950.0,,,
history_only,0.5,0.7,extra_long,Decision Tree,26,3.3079088928376685,4.561964513851791,18950.0,,,
history_only,0.5,0.7,extra_long,Random Forest,26,3.302958379303328,4.5538001912641555,18950.0,,,
history_only,0.5,0.7,extra_long,Naive (persistence),27,3.129183854629001,4.687481397801322,19151.0,,,
history_only,0.5,0.7,extra_long,Linear Regression,27,3.146512822674383,4.387375458620428,19151.0,,,
history_only,0.5,0.7,extra_long,Decision Tree,27,3.148542130472337,4.249628623939751,19151.0,,,
history_only,0.5,0.7,extra_long,Random Forest,27,3.1444643445432106,4.240460129729082,19151.0,,,
history_only,0.5,0.7,extra_long,Naive (persistence),28,3.423170602562745,5.117790760922419,18886.0,,,
history_only,0.5,0.7,extra_long,Linear Regression,28,3.3743519229784513,4.745327670635014,18886.0,,,
history_only,0.5,0.7,extra_long,Decision Tree,28,3.3804874584402755,4.627748974631932,18886.0,,,
history_only,0.5,0.7,extra_long,Random Forest,28,3.3758448373927745,4.617668318274863,18886.0,,,
history_only,0.5,0.7,extra_long,Naive (persistence),29,3.4106377348504897,5.127679144696486,18895.0,,,
history_only,0.5,0.7,extra_long,Linear Regression,29,3.425402047169558,4.8085431141426,18895.0,,,
history_only,0.5,0.7,extra_long,Decision Tree,29,3.4593116154559773,4.699353450374353,18895.0,,,
history_only,0.5,0.7,extra_long,Random Forest,29,3.451532289232099,4.686004714287465,18895.0,,,
history_only,0.5,0.7,extra_long,Linear Regression,ALL_MEAN,3.2898681441338082,,,0.09903996486593852,0.00325003085883524,5.0
history_only,0.5,0.7,extra_long,Decision Tree,ALL_MEAN,3.316507219377397,,,0.10362054908176678,-0.004820960519449136,5.0
history_only,0.5,0.7,extra_long,Random Forest,ALL_MEAN,3.311905894986763,,,0.10240995933737351,-0.0034268712297154114,5.0
history_only,0.5,0.7,extra_long,Naive (persistence),ALL_MEAN,3.3005951803223788,,,0.1083161448499863,0.0,5.0
history_only,0.5,0.8,short,Naive (persistence),25,2.6551742513055525,3.7246782651151107,18766.0,,,
history_only,0.5,0.8,short,Linear Regression,25,2.6933300696513496,3.6582927659457667,18766.0,,,
history_only,0.5,0.8,short,Decision Tree,25,2.754962367669286,3.6572569128656807,18766.0,,,
history_only,0.5,0.8,short,Random Forest,25,2.748166771271907,3.6467418019954985,18766.0,,,
history_only,0.5,0.8,short,Naive (persistence),26,2.283522277880306,3.319374057549243,18965.0,,,
history_only,0.5,0.8,short,Linear Regression,26,2.3215958044966327,3.251973590633283,18965.0,,,
history_only,0.5,0.8,short,Decision Tree,26,2.394858997576924,3.2136499106797536,18965.0,,,
history_only,0.5,0.8,short,Random Forest,26,2.3918383025818484,3.2071195263015473,18965.0,,,
history_only,0.5,0.8,short,Naive (persistence),27,2.6015081826933364,3.609679941805946,18698.0,,,
history_only,0.5,0.8,short,Linear Regression,27,2.6626887259439207,3.5794781353580616,18698.0,,,
history_only,0.5,0.8,short,Decision Tree,27,2.7055548789817334,3.5791032590462097,18698.0,,,
history_only,0.5,0.8,short,Random Forest,27,2.6958164380558802,3.5574962287332217,18698.0,,,
history_only,0.5,0.8,short,Naive (persistence),28,2.575107752886713,3.6312056170036806,18793.0,,,
history_only,0.5,0.8,short,Linear Regression,28,2.644831658041105,3.6117857708892833,18793.0,,,
history_only,0.5,0.8,short,Decision Tree,28,2.836135299259312,4.033201273417371,18793.0,,,
history_only,0.5,0.8,short,Random Forest,28,2.810205070056701,3.9480567665399864,18793.0,,,
history_only,0.5,0.8,short,Naive (persistence),29,2.50079575596817,3.5269331287153305,18850.0,,,
history_only,0.5,0.8,short,Linear Regression,29,2.5299726153525652,3.4569438625113027,18850.0,,,
history_only,0.5,0.8,short,Decision Tree,29,2.5889647464562127,3.4288820350274136,18850.0,,,
history_only,0.5,0.8,short,Random Forest,29,2.5859396217420074,3.4221402767614824,18850.0,,,
history_only,0.5,0.8,short,Linear Regression,ALL_MEAN,2.570483774697115,,,0.13616677180435455,-0.018730867603302004,5.0
history_only,0.5,0.8,short,Decision Tree,ALL_MEAN,2.6560952579886936,,,0.15322288685352065,-0.05266030201909078,5.0
history_only,0.5,0.8,short,Random Forest,ALL_MEAN,2.646393240741669,,,0.14702902840228005,-0.04881521085576379,5.0
history_only,0.5,0.8,short,Naive (persistence),ALL_MEAN,2.5232216441468154,,,0.12976220372891312,0.0,5.0
history_only,0.5,0.8,medium,Naive (persistence),25,3.89379729297666,5.380130690358489,18766.0,,,
history_only,0.5,0.8,medium,Linear Regression,25,3.913009662053171,5.235726931442796,18766.0,,,
history_only,0.5,0.8,medium,Decision Tree,25,3.969565526013615,5.21410667347257,18766.0,,,
history_only,0.5,0.8,medium,Random Forest,25,3.962470713213923,5.20240551649656,18766.0,,,
history_only,0.5,0.8,medium,Naive (persistence),26,3.281729501713683,4.738876133393409,18965.0,,,
history_only,0.5,0.8,medium,Linear Regression,26,3.3215354928868868,4.580389859855331,18965.0,,,
history_only,0.5,0.8,medium,Decision Tree,26,3.3996263624042578,4.488235160328208,18965.0,,,
history_only,0.5,0.8,medium,Random Forest,26,3.398177336038923,4.485680331228033,18965.0,,,
history_only,0.5,0.8,medium,Naive (persistence),27,3.7779441651513532,5.19488628486468,18698.0,,,
history_only,0.5,0.8,medium,Linear Regression,27,3.822112130176221,5.122697677874835,18698.0,,,
history_only,0.5,0.8,medium,Decision Tree,27,3.8442891628061653,5.0637719041709826,18698.0,,,
history_only,0.5,0.8,medium,Random Forest,27,3.83893358453311,5.048971751619464,18698.0,,,
history_only,0.5,0.8,medium,Naive (persistence),28,3.7793859415739903,5.267535196589089,18793.0,,,
history_only,0.5,0.8,medium,Linear Regression,28,3.853321591092207,5.231058417817556,18793.0,,,
history_only,0.5,0.8,medium,Decision Tree,28,4.027862799315213,5.521678854016504,18793.0,,,
history_only,0.5,0.8,medium,Random Forest,28,4.010109341381572,5.472174529214184,18793.0,,,
history_only,0.5,0.8,medium,Naive (persistence),29,3.6188328912466843,5.063160753617855,18850.0,,,
history_only,0.5,0.8,medium,Linear Regression,29,3.614707657939647,4.895072170581004,18850.0,,,
history_only,0.5,0.8,medium,Decision Tree,29,3.6705844519749458,4.833073734508465,18850.0,,,
history_only,0.5,0.8,medium,Random Forest,29,3.6643793427594025,4.822216272942251,18850.0,,,
history_only,0.5,0.8,medium,Linear Regression,ALL_MEAN,3.7049373068296263,,,0.21641639518487923,-0.00942674726089443,5.0
history_only,0.5,0.8,medium,Decision Tree,ALL_MEAN,3.7823856605028396,,,0.2272142433206051,-0.03052789776753051,5.0
history_only,0.5,0.8,medium,Random Forest,ALL_MEAN,3.7748140635853864,,,0.2230431576939221,-0.02846498230770167,5.0
history_only,0.5,0.8,medium,Naive (persistence),ALL_MEAN,3.670337958532474,,,0.2131074551139693,0.0,5.0
history_only,0.5,0.8,long,Naive (persistence),25,5.621869338164766,7.688010793750879,18766.0,,,
history_only,0.5,0.8,long,Linear Regression,25,5.539568190194042,7.347273002361052,18766.0,,,
history_only,0.5,0.8,long,Decision Tree,25,5.58247770573328,7.3090087509926915,18766.0,,,
history_only,0.5,0.8,long,Random Forest,25,5.5797550013554025,7.301393129720949,18766.0,,,
history_only,0.5,0.8,long,Naive (persistence),26,4.604481940416557,6.6036843889277765,18965.0,,,
history_only,0.5,0.8,long,Linear Regression,26,4.573855736808714,6.214263315006212,18965.0,,,
history_only,0.5,0.8,long,Decision Tree,26,4.617215340791122,6.055030609334282,18965.0,,,
history_only,0.5,0.8,long,Random Forest,26,4.612053469528424,6.045324924295521,18965.0,,,
history_only,0.5,0.8,long,Naive (persistence),27,5.479837415766392,7.471491795214088,18698.0,,,
history_only,0.5,0.8,long,Linear Regression,27,5.423497577672001,7.27581239878803,18698.0,,,
history_only,0.5,0.8,long,Decision Tree,27,5.355599130198199,7.099139405308073,18698.0,,,
history_only,0.5,0.8,long,Random Forest,27,5.350317984780396,7.091403807458083,18698.0,,,
history_only,0.5,0.8,long,Naive (persistence),28,5.315117330921088,7.466496942855421,18793.0,,,
history_only,0.5,0.8,long,Linear Regression,28,5.409790897464601,7.380430268864263,18793.0,,,
history_only,0.5,0.8,long,Decision Tree,28,5.5265934114737005,7.463561726839015,18793.0,,,
history_only,0.5,0.8,long,Random Forest,28,5.517874044157856,7.453067647029703,18793.0,,,
history_only,0.5,0.8,long,Naive (persistence),29,5.127957559681698,7.149661934839533,18850.0,,,
history_only,0.5,0.8,long,Linear Regression,29,5.011972325570024,6.728092390669996,18850.0,,,
history_only,0.5,0.8,long,Decision Tree,29,5.038145130285403,6.631885594595181,18850.0,,,
history_only,0.5,0.8,long,Random Forest,29,5.030094222944127,6.619499962082745,18850.0,,,
history_only,0.5,0.8,long,Linear Regression,ALL_MEAN,5.191736945541877,,,0.35674629584900425,0.007288115652740457,5.0
history_only,0.5,0.8,long,Decision Tree,ALL_MEAN,5.224006143696341,,,0.35780358419198355,0.001117923125208753,5.0
history_only,0.5,0.8,long,Random Forest,ALL_MEAN,5.218018944553241,,,0.3579885331986521,0.0022627353153589214,5.0
history_only,0.5,0.8,long,Naive (persistence),ALL_MEAN,5.2298527169901,,,0.3535281223787934,0.0,5.0
history_only,0.5,0.8,extra_long,Naive (persistence),25,4.855909623787701,6.636454152113021,18766.0,,,
history_only,0.5,0.8,extra_long,Linear Regression,25,4.81761850231618,6.395938544382665,18766.0,,,
history_only,0.5,0.8,extra_long,Decision Tree,25,4.855210973687364,6.36111732773623,18766.0,,,
history_only,0.5,0.8,extra_long,Random Forest,25,4.8526783398459195,6.355115162376415,18766.0,,,
history_only,0.5,0.8,extra_long,Naive (persistence),26,3.997679936725547,5.746650464697351,18965.0,,,
history_only,0.5,0.8,extra_long,Linear Regression,26,4.0005492488962515,5.481028045871306,18965.0,,,
history_only,0.5,0.8,extra_long,Decision Tree,26,4.076118804682178,5.361376756184922,18965.0,,,
history_only,0.5,0.8,extra_long,Random Forest,26,4.0681253880064,5.3513424851257225,18965.0,,,
history_only,0.5,0.8,extra_long,Naive (persistence),27,4.698630869611724,6.430507597399264,18698.0,,,
history_only,0.5,0.8,extra_long,Linear Regression,27,4.705384273997256,6.303327697939722,18698.0,,,
history_only,0.5,0.8,extra_long,Decision Tree,27,4.692764943359717,6.19526050379954,18698.0,,,
history_only,0.5,0.8,extra_long,Random Forest,27,4.684183171288945,6.178409140824573,18698.0,,,
history_only,0.5,0.8,extra_long,Naive (persistence),28,4.626988772415261,6.463751054032096,18793.0,,,
history_only,0.5,0.8,extra_long,Linear Regression,28,4.702853955996857,6.403346738963995,18793.0,,,
history_only,0.5,0.8,extra_long,Decision Tree,28,4.857176275599739,6.576986842346265,18793.0,,,
history_only,0.5,0.8,extra_long,Random Forest,28,4.856469035422797,6.577909493667684,18793.0,,,
history_only,0.5,0.8,extra_long,Naive (persistence),29,4.448859416445623,6.196041347664076,18850.0,,,
history_only,0.5,0.8,extra_long,Linear Regression,29,4.387963343691635,5.906651076709784,18850.0,,,
history_only,0.5,0.8,extra_long,Decision Tree,29,4.425386993904474,5.815865977439833,18850.0,,,
history_only,0.5,0.8,extra_long,Random Forest,29,4.419936391888489,5.806957050266124,18850.0,,,
history_only,0.5,0.8,extra_long,Linear Regression,ALL_MEAN,4.522873864979635,,,0.29785940882297207,0.0006054115496267887,5.0
history_only,0.5,0.8,extra_long,Decision Tree,ALL_MEAN,4.5813315982466944,,,0.29768314534873125,-0.012311672592943523,5.0
history_only,0.5,0.8,extra_long,Random Forest,ALL_MEAN,4.5762784652905095,,,0.29973637273139364,-0.011195109566449757,5.0
history_only,0.5,0.8,extra_long,Naive (persistence),ALL_MEAN,4.525613723797171,,,0.29458870379140173,0.0,5.0
history_only,0.5,0.9,short,Naive (persistence),25,3.103117378856961,4.134052900426218,18862.0,,,
history_only,0.5,0.9,short,Linear Regression,25,3.110666304079437,4.097055583097639,18862.0,,,
history_only,0.5,0.9,short,Decision Tree,25,3.1835213496880743,4.105363871879712,18862.0,,,
history_only,0.5,0.9,short,Random Forest,25,3.1723565288691233,4.084343262494036,18862.0,,,
history_only,0.5,0.9,short,Naive (persistence),26,3.1773971878634106,4.204305104833122,18918.0,,,
history_only,0.5,0.9,short,Linear Regression,26,3.1925932900709446,4.17188207728194,18918.0,,,
history_only,0.5,0.9,short,Decision Tree,26,3.27878786335857,4.213465542353564,18918.0,,,
history_only,0.5,0.9,short,Random Forest,26,3.255182621922741,4.1754294000197225,18918.0,,,
history_only,0.5,0.9,short,Naive (persistence),27,3.2130998772220147,4.240180154484774,18733.0,,,
history_only,0.5,0.9,short,Linear Regression,27,3.237107299226277,4.2085673326859325,18733.0,,,
history_only,0.5,0.9,short,Decision Tree,27,3.3359449960046526,4.282894385389891,18733.0,,,
history_only,0.5,0.9,short,Random Forest,27,3.306719472313207,4.236540021879911,18733.0,,,
history_only,0.5,0.9,short,Naive (persistence),28,3.1252680102915953,4.162625970979258,18656.0,,,
history_only,0.5,0.9,short,Linear Regression,28,3.135083848241073,4.123999489892492,18656.0,,,
history_only,0.5,0.9,short,Decision Tree,28,3.2207764380807684,4.157921050762067,18656.0,,,
history_only,0.5,0.9,short,Random Forest,28,3.203467579609444,4.129238982497369,18656.0,,,
history_only,0.5,0.9,short,Naive (persistence),29,3.013921847808891,4.068644498951886,18963.0,,,
history_only,0.5,0.9,short,Linear Regression,29,3.024840042957093,4.033344664946396,18963.0,,,
history_only,0.5,0.9,short,Decision Tree,29,3.111323502989718,4.038184082448426,18963.0,,,
history_only,0.5,0.9,short,Random Forest,29,3.1045124376970596,4.019128948186327,18963.0,,,
history_only,0.5,0.9,short,Linear Regression,ALL_MEAN,3.140058156914965,,,0.07258417841785555,-0.004316978657701753,5.0
history_only,0.5,0.9,short,Decision Tree,ALL_MEAN,3.2260708300243564,,,0.07727464768986074,-0.031827293329187656,5.0
history_only,0.5,0.9,short,Random Forest,ALL_MEAN,3.208447728082315,,,0.06924074976974644,-0.026190716039040662,5.0
history_only,0.5,0.9,short,Naive (persistence),ALL_MEAN,3.126560860408575,,,0.06828198747583392,0.0,5.0
history_only,0.5,0.9,medium,Naive (persistence),25,4.574594422648712,6.030767963612969,18862.0,,,
history_only,0.5,0.9,medium,Linear Regression,25,4.565786003914001,5.947675528886075,18862.0,,,
history_only,0.5,0.9,medium,Decision Tree,25,4.611002522187062,5.900484627152338,18862.0,,,
history_only,0.5,0.9,medium,Random Forest,25,4.606011778068815,5.890694000512186,18862.0,,,
history_only,0.5,0.9,medium,Naive (persistence),26,4.723120837297811,6.16370223875922,18918.0,,,
history_only,0.5,0.9,medium,Linear Regression,26,4.7245994162599905,6.105966774912422,18918.0,,,
history_only,0.5,0.9,medium,Decision Tree,26,4.7685615650204864,6.084959032032642,18918.0,,,
history_only,0.5,0.9,medium,Random Forest,26,4.750849583049753,6.054326862958963,18918.0,,,
history_only,0.5,0.9,medium,Naive (persistence),27,4.760529546789089,6.19120506241824,18733.0,,,
history_only,0.5,0.9,medium,Linear Regression,27,4.77886646480788,6.131790549593741,18733.0,,,
history_only,0.5,0.9,medium,Decision Tree,27,4.874142755994337,6.178904291159462,18733.0,,,
history_only,0.5,0.9,medium,Random Forest,27,4.836670561736955,6.130048042074019,18733.0,,,
history_only,0.5,0.9,medium,Naive (persistence),28,4.674367495711835,6.1490605412785415,18656.0,,,
history_only,0.5,0.9,medium,Linear Regression,28,4.671011459601443,6.078173338027954,18656.0,,,
history_only,0.5,0.9,medium,Decision Tree,28,4.715570706155235,6.047230590996182,18656.0,,,
history_only,0.5,0.9,medium,Random Forest,28,4.70250214284642,6.024544738405554,18656.0,,,
history_only,0.5,0.9,medium,Naive (persistence),29,4.436745240731952,5.901152756889853,18963.0,,,
history_only,0.5,0.9,medium,Linear Regression,29,4.440780247162248,5.8321404420577485,18963.0,,,
history_only,0.5,0.9,medium,Decision Tree,29,4.513200475682476,5.771521824261962,18963.0,,,
history_only,0.5,0.9,medium,Random Forest,29,4.501486119858293,5.757115459088412,18963.0,,,
history_only,0.5,0.9,medium,Linear Regression,ALL_MEAN,4.636208718349112,,,0.12043838670406301,-0.0005043751663973417,5.0
history_only,0.5,0.9,medium,Decision Tree,ALL_MEAN,4.69649560500792,,,0.12491760802589,-0.013514422282821625,5.0
history_only,0.5,0.9,medium,Random Forest,ALL_MEAN,4.679504037112047,,,0.11611365747217901,-0.009847603325022103,5.0
history_only,0.5,0.9,medium,Naive (persistence),ALL_MEAN,4.633871508635879,,,0.1166363276904262,0.0,5.0
history_only,0.5,0.9,long,Naive (persistence),25,6.613561658360725,8.764194297591159,18862.0,,,
history_only,0.5,0.9,long,Linear Regression,25,6.549213264752084,8.563818921689252,18862.0,,,
history_only,0.5,0.9,long,Decision Tree,25,6.575509418791656,8.434113337064579,18862.0,,,
history_only,0.5,0.9,long,Random Forest,25,6.569717076349625,8.423125672702039,18862.0,,,
history_only,0.5,0.9,long,Naive (persistence),26,6.832540437678402,8.89619572290342,18918.0,,,
history_only,0.5,0.9,long,Linear Regression,26,6.771035161372147,8.77320677288107,18918.0,,,
history_only,0.5,0.9,long,Decision Tree,26,6.761226908747424,8.602777159455995,18918.0,,,
history_only,0.5,0.9,long,Random Forest,26,6.7455926213929285,8.576130368673649,18918.0,,,
history_only,0.5,0.9,long,Naive (persistence),27,6.776864357017029,8.913892609283996,18733.0,,,
history_only,0.5,0.9,long,Linear Regression,27,6.769994154555027,8.789010579563335,18733.0,,,
history_only,0.5,0.9,long,Decision Tree,27,6.846876713164626,8.781401315293197,18733.0,,,
history_only,0.5,0.9,long,Random Forest,27,6.828826996305269,8.75048514599206,18733.0,,,
history_only,0.5,0.9,long,Naive (persistence),28,6.808265437392796,8.987159102336136,18656.0,,,
history_only,0.5,0.9,long,Linear Regression,28,6.75485696599662,8.818239035476461,18656.0,,,
history_only,0.5,0.9,long,Decision Tree,28,6.781344701353541,8.692108375171895,18656.0,,,
history_only,0.5,0.9,long,Random Forest,28,6.772687141883699,8.677915246163593,18656.0,,,
history_only,0.5,0.9,long,Naive (persistence),29,6.414544112218531,8.464595077465287,18963.0,,,
history_only,0.5,0.9,long,Linear Regression,29,6.354827103119466,8.294774419891555,18963.0,,,
history_only,0.5,0.9,long,Decision Tree,29,6.406987584518855,8.159010281944425,18963.0,,,
history_only,0.5,0.9,long,Random Forest,29,6.399971076797143,8.147104710591208,18963.0,,,
history_only,0.5,0.9,long,Linear Regression,ALL_MEAN,6.639985329959069,,,0.16542468238350036,0.00735068466799893,5.0
history_only,0.5,0.9,long,Decision Tree,ALL_MEAN,6.67438906531522,,,0.16125324444590403,0.002207473855158626,5.0
history_only,0.5,0.9,long,Random Forest,ALL_MEAN,6.663358982545733,,,0.15763037578491879,0.0038564239002415457,5.0
history_only,0.5,0.9,long,Naive (persistence),ALL_MEAN,6.689155200533496,,,0.15720375589062022,0.0,5.0
history_only,0.5,0.9,extra_long,Naive (persistence),25,5.70761319054183,7.529959952962862,18862.0,,,
history_only,0.5,0.9,extra_long,Linear Regression,25,5.667952507319009,7.390235430198761,18862.0,,,
history_only,0.5,0.9,extra_long,Decision Tree,25,5.701303627719106,7.306215635593952,18862.0,,,
history_only,0.5,0.9,extra_long,Random Forest,25,5.691397637357289,7.286672702517007,18862.0,,,
history_only,0.5,0.9,extra_long,Naive (persistence),26,5.875938259858336,7.655865334809537,18918.0,,,
history_only,0.5,0.9,extra_long,Linear Regression,26,5.861540223386512,7.567990714257842,18918.0,,,
history_only,0.5,0.9,extra_long,Decision Tree,26,5.870863119268758,7.472222423549169,18918.0,,,
history_only,0.5,0.9,extra_long,Random Forest,26,5.863095548234444,7.45485760904729,18918.0,,,
history_only,0.5,0.9,extra_long,Naive (persistence),27,5.869481663374793,7.68575202421041,18733.0,,,
history_only,0.5,0.9,extra_long,Linear Regression,27,5.866905825041313,7.596538829095533,18733.0,,,
history_only,0.5,0.9,extra_long,Decision Tree,27,5.935888007980428,7.593129272813423,18733.0,,,
history_only,0.5,0.9,extra_long,Random Forest,27,5.919110752502879,7.57109623150941,18733.0,,,
history_only,0.5,0.9,extra_long,Naive (persistence),28,5.834101629502573,7.688947119369446,18656.0,,,
history_only,0.5,0.9,extra_long,Linear Regression,28,5.8100880855234065,7.576100299434971,18656.0,,,
history_only,0.5,0.9,extra_long,Decision Tree,28,5.83646657994115,7.49373306058919,18656.0,,,
history_only,0.5,0.9,extra_long,Random Forest,28,5.8270017361652116,7.472343034733545,18656.0,,,
history_only,0.5,0.9,extra_long,Naive (persistence),29,5.503612297632231,7.301367820541288,18963.0,,,
history_only,0.5,0.9,extra_long,Linear Regression,29,5.477880951717586,7.1828530560551735,18963.0,,,
history_only,0.5,0.9,extra_long,Decision Tree,29,5.561479784575772,7.089944262239058,18963.0,,,
history_only,0.5,0.9,extra_long,Random Forest,29,5.549598172680429,7.073618172363599,18963.0,,,
history_only,0.5,0.9,extra_long,Linear Regression,ALL_MEAN,5.736873518597566,,,0.14807958421530815,0.003694917946059917,5.0
history_only,0.5,0.9,extra_long,Decision Tree,ALL_MEAN,5.781200223897042,,,0.13392733328026352,-0.004003163878022464,5.0
history_only,0.5,0.9,extra_long,Random Forest,ALL_MEAN,5.770040769388051,,,0.1333456291949627,-0.0020651359253029966,5.0
history_only,0.5,0.9,extra_long,Naive (persistence),ALL_MEAN,5.758149408181952,,,0.14098288867055625,0.0,5.0
history_only,0.5,0.95,short,Naive (persistence),25,3.6243767613266855,4.643309021015444,18452.0,,,
history_only,0.5,0.95,short,Linear Regression,25,3.6435494416392746,4.612198113219755,18452.0,,,
history_only,0.5,0.95,short,Decision Tree,25,4.2876056608786355,5.44311977846482,18452.0,,,
history_only,0.5,0.95,short,Random Forest,25,3.931346061320095,4.971919799393653,18452.0,,,
history_only,0.5,0.95,short,Naive (persistence),26,3.4329020530367838,4.4508952300650995,18704.0,,,
history_only,0.5,0.95,short,Linear Regression,26,3.4287905201037296,4.420374596581702,18704.0,,,
history_only,0.5,0.95,short,Decision Tree,26,3.6353098014443277,4.611210387034428,18704.0,,,
history_only,0.5,0.95,short,Random Forest,26,3.550868816791749,4.503563482618539,18704.0,,,
history_only,0.5,0.95,short,Naive (persistence),27,3.340201271186441,4.395713676846293,18880.0,,,
history_only,0.5,0.95,short,Linear Regression,27,3.3461859449429285,4.366957169440482,18880.0,,,
history_only,0.5,0.95,short,Decision Tree,27,3.494307823783736,4.486675314208182,18880.0,,,
history_only,0.5,0.95,short,Random Forest,27,3.4421653123773663,4.41981457543372,18880.0,,,
history_only,0.5,0.95,short,Naive (persistence),28,3.4407453149331473,4.428572418378531,18623.0,,,
history_only,0.5,0.95,short,Linear Regression,28,3.4468620330483937,4.402783437568924,18623.0,,,
history_only,0.5,0.95,short,Decision Tree,28,3.6234215280026962,4.593056738960288,18623.0,,,
history_only,0.5,0.95,short,Random Forest,28,3.554271514763819,4.493719478998977,18623.0,,,
history_only,0.5,0.95,short,Naive (persistence),29,3.356706507304117,4.381853198157054,18825.0,,,
history_only,0.5,0.95,short,Linear Regression,29,3.361466849865843,4.360102798085171,18825.0,,,
history_only,0.5,0.95,short,Decision Tree,29,3.4853457675494655,4.442679199690317,18825.0,,,
history_only,0.5,0.95,short,Random Forest,29,3.4466909524650626,4.388469777735874,18825.0,,,
history_only,0.5,0.95,short,Linear Regression,ALL_MEAN,3.4453709579200336,,,0.10623503356248729,-0.001856528539001312,5.0
history_only,0.5,0.95,short,Decision Tree,ALL_MEAN,3.705198116331772,,,0.297852347869796,-0.07740994154614111,5.0
history_only,0.5,0.95,short,Random Forest,ALL_MEAN,3.585068531543618,,,0.1797753535941247,-0.04247825777083358,5.0
history_only,0.5,0.95,short,Naive (persistence),ALL_MEAN,3.4389863815574353,,,0.10093382143692536,0.0,5.0
history_only,0.5,0.95,medium,Naive (persistence),25,5.451875135486668,6.925566604565799,18452.0,,,
history_only,0.5,0.95,medium,Linear Regression,25,5.482765806528203,6.908109578996831,18452.0,,,
history_only,0.5,0.95,medium,Decision Tree,25,5.894706073450901,7.437203245124707,18452.0,,,
history_only,0.5,0.95,medium,Random Forest,25,5.689114325401413,7.159787955094776,18452.0,,,
history_only,0.5,0.95,medium,Naive (persistence),26,5.101475620188195,6.549247535775301,18704.0,,,
history_only,0.5,0.95,medium,Linear Regression,26,5.097233172292258,6.517391194287996,18704.0,,,
history_only,0.5,0.95,medium,Decision Tree,26,5.221526699547651,6.592863222654459,18704.0,,,
history_only,0.5,0.95,medium,Random Forest,26,5.165391602955682,6.5169924149433305,18704.0,,,
history_only,0.5,0.95,medium,Naive (persistence),27,4.9586334745762715,6.4751194282553195,18880.0,,,
history_only,0.5,0.95,medium,Linear Regression,27,4.956535169212605,6.437975402875741,18880.0,,,
history_only,0.5,0.95,medium,Decision Tree,27,5.065789782424171,6.474584788267003,18880.0,,,
history_only,0.5,0.95,medium,Random Forest,27,5.029412401511494,6.421472684119026,18880.0,,,
history_only,0.5,0.95,medium,Naive (persistence),28,5.093808731138914,6.525658879321544,18623.0,,,
history_only,0.5,0.95,medium,Linear Regression,28,5.085985184852704,6.490700909035206,18623.0,,,
history_only,0.5,0.95,medium,Decision Tree,28,5.217981160985013,6.595882034487396,18623.0,,,
history_only,0.5,0.95,medium,Random Forest,28,5.149880378336567,6.503675303675408,18623.0,,,
history_only,0.5,0.95,medium,Naive (persistence),29,4.915112881806109,6.351446803211368,18825.0,,,
history_only,0.5,0.95,medium,Linear Regression,29,4.916859517756251,6.327085169806294,18825.0,,,
history_only,0.5,0.95,medium,Decision Tree,29,5.012509843995726,6.334494422517907,18825.0,,,
history_only,0.5,0.95,medium,Random Forest,29,4.974348060885825,6.282422397986749,18825.0,,,
history_only,0.5,0.95,medium,Linear Regression,ALL_MEAN,5.107875770128404,,,0.2002629212610834,-0.0007238382351850703,5.0
history_only,0.5,0.95,medium,Decision Tree,ALL_MEAN,5.282502712080692,,,0.3170282962229908,-0.03493636639253572,5.0
history_only,0.5,0.95,medium,Random Forest,ALL_MEAN,5.201629353818196,,,0.2541449166712886,-0.01909183509740986,5.0
history_only,0.5,0.95,medium,Naive (persistence),ALL_MEAN,5.104181168639231,,,0.18864620344299665,0.0,5.0
history_only,0.5,0.95,long,Naive (persistence),25,8.112237155863863,10.273527190623668,18452.0,,,
history_only,0.5,0.95,long,Linear Regression,25,8.153810552345734,10.274988880775846,18452.0,,,
history_only,0.5,0.95,long,Decision Tree,25,8.418644106693895,10.653028603207108,18452.0,,,
history_only,0.5,0.95,long,Random Forest,25,8.3131698362511,10.480104944759074,18452.0,,,
history_only,0.5,0.95,long,Naive (persistence),26,7.426860564585115,9.48501812661818,18704.0,,,
history_only,0.5,0.95,long,Linear Regression,26,7.406084315337101,9.432206757112109,18704.0,,,
history_only,0.5,0.95,long,Decision Tree,26,7.487839177468431,9.430712484931375,18704.0,,,
history_only,0.5,0.95,long,Random Forest,26,7.441197575073389,9.37438876185773,18704.0,,,
history_only,0.5,0.95,long,Naive (persistence),27,7.346875,9.552284201937056,18880.0,,,
history_only,0.5,0.95,long,Linear Regression,27,7.332409390843168,9.487799875914318,18880.0,,,
history_only,0.5,0.95,long,Decision Tree,27,7.413187049579469,9.405438907115697,18880.0,,,
history_only,0.5,0.95,long,Random Forest,27,7.380159216628904,9.364005593852934,18880.0,,,
history_only,0.5,0.95,long,Naive (persistence),28,7.467164259249316,9.579526643841925,18623.0,,,
history_only,0.5,0.95,long,Linear Regression,28,7.438910953888546,9.523734196992734,18623.0,,,
history_only,0.5,0.95,long,Decision Tree,28,7.506506859851914,9.545521246996529,18623.0,,,
history_only,0.5,0.95,long,Random Forest,28,7.463110633093325,9.470341056301839,18623.0,,,
history_only,0.5,0.95,long,Naive (persistence),29,7.070225763612218,9.168978822244181,18825.0,,,
history_only,0.5,0.95,long,Linear Regression,29,7.055518947956563,9.117811811342596,18825.0,,,
history_only,0.5,0.95,long,Decision Tree,29,7.116578533647317,9.03139760293213,18825.0,,,
history_only,0.5,0.95,long,Random Forest,29,7.091446606664242,8.999174501093947,18825.0,,,
history_only,0.5,0.95,long,Linear Regression,ALL_MEAN,7.477346832074223,,,0.3641715127675345,0.0009787624696004915,5.0
history_only,0.5,0.95,long,Decision Tree,ALL_MEAN,7.588551145448205,,,0.43805004326287067,-0.013878843210672231,5.0
history_only,0.5,0.95,long,Random Forest,ALL_MEAN,7.537816773542192,,,0.4099245979240866,-0.007100407470676862,5.0
history_only,0.5,0.95,long,Naive (persistence),ALL_MEAN,7.484672548662102,,,0.3429986600466099,0.0,5.0
history_only,0.5,0.95,extra_long,Naive (persistence),25,6.873455451983525,8.718124250093062,18452.0,,,
history_only,0.5,0.95,extra_long,Linear Regression,25,6.9082337350824705,8.708293641045376,18452.0,,,
history_only,0.5,0.95,extra_long,Decision Tree,25,7.250302886418497,9.12906433505337,18452.0,,,
history_only,0.5,0.95,extra_long,Random Forest,25,7.0646172781282335,8.909561336801234,18452.0,,,
history_only,0.5,0.95,extra_long,Naive (persistence),26,6.341424294268606,8.120773560223453,18704.0,,,
history_only,0.5,0.95,extra_long,Linear Regression,26,6.328112032425312,8.076009621962278,18704.0,,,
history_only,0.5,0.95,extra_long,Decision Tree,26,6.452720058061232,8.123813327254489,18704.0,,,
history_only,0.5,0.95,extra_long,Random Forest,26,6.394473179056745,8.049426163574259,18704.0,,,
history_only,0.5,0.95,extra_long,Naive (persistence),27,6.226641949152542,8.117421498213643,18880.0,,,
history_only,0.5,0.95,extra_long,Linear Regression,27,6.215086940120965,8.065384572282046,18880.0,,,
history_only,0.5,0.95,extra_long,Decision Tree,27,6.314100743998082,8.047733514344442,18880.0,,,
history_only,0.5,0.95,extra_long,Random Forest,27,6.287445649392921,8.0027742757109,18880.0,,,
history_only,0.5,0.95,extra_long,Naive (persistence),28,6.383235783708318,8.167667215037337,18623.0,,,
history_only,0.5,0.95,extra_long,Linear Regression,28,6.367480870742387,8.125529469672331,18623.0,,,
history_only,0.5,0.95,extra_long,Decision Tree,28,6.472105669646285,8.187860644335396,18623.0,,,
history_only,0.5,0.95,extra_long,Random Forest,28,6.40934806220773,8.106759440187693,18623.0,,,
history_only,0.5,0.95,extra_long,Naive (persistence),29,6.080318725099602,7.8790592733650975,18825.0,,,
history_only,0.5,0.95,extra_long,Linear Regression,29,6.081821128613479,7.843869300687398,18825.0,,,
history_only,0.5,0.95,extra_long,Decision Tree,29,6.145370147547581,7.796828880625377,18825.0,,,
history_only,0.5,0.95,extra_long,Random Forest,29,6.1277016133186395,7.766129148737986,18825.0,,,
history_only,0.5,0.95,extra_long,Linear Regression,ALL_MEAN,6.380146941396923,,,0.28213004709059736,0.0001360754382842,5.0
history_only,0.5,0.95,extra_long,Decision Tree,ALL_MEAN,6.526919901134335,,,0.3801750565701604,-0.022865430465975667,5.0
history_only,0.5,0.95,extra_long,Random Forest,ALL_MEAN,6.456717156420853,,,0.32017644275332785,-0.011863616167815172,5.0
history_only,0.5,0.95,extra_long,Naive (persistence),ALL_MEAN,6.381015240842519,,,0.2677010433961605,0.0,5.0
rich_features,2.0,0.3,short,Naive (persistence),25,0.1449632738719832,0.45586995807780467,19060.0,,,
rich_features,2.0,0.3,short,Linear Regression,25,0.14921904074151143,0.33276647540931464,19060.0,,,
rich_features,2.0,0.3,short,Decision Tree,25,0.14924109320833898,0.3354770389751905,19060.0,,,
rich_features,2.0,0.3,short,Random Forest,25,0.14916022027301104,0.33288045204419997,19060.0,,,
rich_features,2.0,0.3,short,Naive (persistence),26,0.14102564102564102,0.4397354191122024,18876.0,,,
rich_features,2.0,0.3,short,Linear Regression,26,0.14870228836552696,0.3267685237874459,18876.0,,,
rich_features,2.0,0.3,short,Decision Tree,26,0.14828743135373193,0.32502423452329976,18876.0,,,
rich_features,2.0,0.3,short,Random Forest,26,0.14823245806915372,0.32355783324961235,18876.0,,,
rich_features,2.0,0.3,short,Naive (persistence),27,0.15770665825844762,0.47231404938729116,19029.0,,,
rich_features,2.0,0.3,short,Linear Regression,27,0.1555948970731286,0.3414581854741298,19029.0,,,
rich_features,2.0,0.3,short,Decision Tree,27,0.15547239655347844,0.3425347843521251,19029.0,,,
rich_features,2.0,0.3,short,Random Forest,27,0.15540534416696722,0.34167242898681893,19029.0,,,
rich_features,2.0,0.3,short,Naive (persistence),28,0.147074327886136,0.4573536677868235,18970.0,,,
rich_features,2.0,0.3,short,Linear Regression,28,0.15019888685437147,0.33115543077222537,18970.0,,,
rich_features,2.0,0.3,short,Decision Tree,28,0.15030640109082652,0.33314941599166714,18970.0,,,
rich_features,2.0,0.3,short,Random Forest,28,0.15010191891271185,0.3309610203014913,18970.0,,,
rich_features,2.0,0.3,short,Naive (persistence),29,0.14702021527960094,0.4574863690805011,19045.0,,,
rich_features,2.0,0.3,short,Linear Regression,29,0.14995934101446437,0.3288832343730649,19045.0,,,
rich_features,2.0,0.3,short,Decision Tree,29,0.15007304512789305,0.32947052713490105,19045.0,,,
rich_features,2.0,0.3,short,Random Forest,29,0.15000646005670407,0.32908562005014347,19045.0,,,
rich_features,2.0,0.3,short,Linear Regression,ALL_MEAN,0.15073489080980057,,,0.0024874771448545434,-0.02152961577526158,5.0
rich_features,2.0,0.3,short,Decision Tree,ALL_MEAN,0.1506760734668538,,,0.0025007916938994553,-0.021131010930566685,5.0
rich_features,2.0,0.3,short,Random Forest,ALL_MEAN,0.15058128029570958,,,0.0025047225521693164,-0.02048859807461234,5.0
rich_features,2.0,0.3,short,Naive (persistence),ALL_MEAN,0.14755802326436177,,,0.005530329701068041,0.0,5.0
rich_features,2.0,0.3,medium,Naive (persistence),25,0.1507345225603358,0.4713736039508088,19060.0,,,
rich_features,2.0,0.3,medium,Linear Regression,25,0.14961961151489755,0.33594589989811974,19060.0,,,
rich_features,2.0,0.3,medium,Decision Tree,25,0.1498370662328822,0.33807167845758873,19060.0,,,
rich_features,2.0,0.3,medium,Random Forest,25,0.1493338066639838,0.33557519031064154,19060.0,,,
rich_features,2.0,0.3,medium,Naive (persistence),26,0.1457936003390549,0.4500947605720204,18876.0,,,
rich_features,2.0,0.3,medium,Linear Regression,26,0.1491119640005237,0.3260572665133779,18876.0,,,
rich_features,2.0,0.3,medium,Decision Tree,26,0.14903512854852774,0.32598872785143307,18876.0,,,
rich_features,2.0,0.3,medium,Random Forest,26,0.14893214867315793,0.3251722917819638,18876.0,,,
rich_features,2.0,0.3,medium,Naive (persistence),27,0.16269903830994797,0.48347542765702406,19029.0,,,
rich_features,2.0,0.3,medium,Linear Regression,27,0.15664806700998082,0.34437711368841484,19029.0,,,
rich_features,2.0,0.3,medium,Decision Tree,27,0.15695650021139088,0.34640787740379464,19029.0,,,
rich_features,2.0,0.3,medium,Random Forest,27,0.15654460604506837,0.3445908681392999,19029.0,,,
rich_features,2.0,0.3,medium,Naive (persistence),28,0.15239852398523984,0.46653988287059533,18970.0,,,
rich_features,2.0,0.3,medium,Linear Regression,28,0.1503287486430651,0.329637604884518,18970.0,,,
rich_features,2.0,0.3,medium,Decision Tree,28,0.15030510024317753,0.3302833932857301,18970.0,,,
rich_features,2.0,0.3,medium,Random Forest,28,0.15006409364708007,0.3295229985504995,18970.0,,,
rich_features,2.0,0.3,medium,Naive (persistence),29,0.14917301128905225,0.46120141714627994,19045.0,,,
rich_features,2.0,0.3,medium,Linear Regression,29,0.14997529582937175,0.32807432850988766,19045.0,,,
rich_features,2.0,0.3,medium,Decision Tree,29,0.14986973144227178,0.32814813736045156,19045.0,,,
rich_features,2.0,0.3,medium,Random Forest,29,0.14980873863721075,0.32809123224893993,19045.0,,,
rich_features,2.0,0.3,medium,Linear Regression,ALL_MEAN,0.1511367373995678,,,0.0027848850853722006,0.006723210107263733,5.0
rich_features,2.0,0.3,medium,Decision Tree,ALL_MEAN,0.15120070533565003,,,0.002906957483749704,0.006302810227651112,5.0
rich_features,2.0,0.3,medium,Random Forest,ALL_MEAN,0.1509366787333002,,,0.002830895333979836,0.008038003804941352,5.0
rich_features,2.0,0.3,medium,Naive (persistence),ALL_MEAN,0.15215973929672616,,,0.005702865139269168,0.0,5.0
rich_features,2.0,0.3,long,Naive (persistence),25,0.15320041972717732,0.4789372635465226,19060.0,,,
rich_features,2.0,0.3,long,Linear Regression,25,0.15055766617635766,0.3373002117732314,19060.0,,,
rich_features,2.0,0.3,long,Decision Tree,25,0.15053689175994722,0.3373523987855934,19060.0,,,
rich_features,2.0,0.3,long,Random Forest,25,0.15065863261454232,0.33723155656817316,19060.0,,,
rich_features,2.0,0.3,long,Naive (persistence),26,0.15008476372112736,0.4633757666092795,18876.0,,,
rich_features,2.0,0.3,long,Linear Regression,26,0.14819004123007215,0.32233126313162874,18876.0,,,
rich_features,2.0,0.3,long,Decision Tree,26,0.14880140915909115,0.32441699630616166,18876.0,,,
rich_features,2.0,0.3,long,Random Forest,26,0.1485637027993536,0.3226699637410326,18876.0,,,
rich_features,2.0,0.3,long,Naive (persistence),27,0.16154290819275843,0.4803129289830526,19029.0,,,
rich_features,2.0,0.3,long,Linear Regression,27,0.15563185421621195,0.3415298304518605,19029.0,,,
rich_features,2.0,0.3,long,Decision Tree,27,0.1558019024076863,0.34205154095390716,19029.0,,,
rich_features,2.0,0.3,long,Random Forest,27,0.155771540085688,0.34167411127441477,19029.0,,,
rich_features,2.0,0.3,long,Naive (persistence),28,0.15524512387981024,0.4738273820507028,18970.0,,,
rich_features,2.0,0.3,long,Linear Regression,28,0.15247619284346348,0.335530308335319,18970.0,,,
rich_features,2.0,0.3,long,Decision Tree,28,0.15230738717840617,0.33544126006526165,18970.0,,,
rich_features,2.0,0.3,long,Random Forest,28,0.1524470472681454,0.3354728152728819,18970.0,,,
rich_features,2.0,0.3,long,Naive (persistence),29,0.1486479390916251,0.458689905610596,19045.0,,,
rich_features,2.0,0.3,long,Linear Regression,29,0.14795587816761038,0.3212856528429289,19045.0,,,
rich_features,2.0,0.3,long,Decision Tree,29,0.14795958576651622,0.3213701969291653,19045.0,,,
rich_features,2.0,0.3,long,Random Forest,29,0.14804543502965184,0.3213445353236095,19045.0,,,
rich_features,2.0,0.3,long,Linear Regression,ALL_MEAN,0.15096232652674313,,,0.002863016855314011,0.018094366071913837,5.0
rich_features,2.0,0.3,long,Decision Tree,ALL_MEAN,0.15108143525432943,,,0.0027938059740386274,0.017319646091387586,5.0
rich_features,2.0,0.3,long,Random Forest,ALL_MEAN,0.15109727155947622,,,0.0028140988507833163,0.01721664186773797,5.0
rich_features,2.0,0.3,long,Naive (persistence),ALL_MEAN,0.1537442309224997,,,0.004532806372976273,0.0,5.0
rich_features,2.0,0.3,extra_long,Naive (persistence),25,0.15078698845750263,0.4735390633211592,19060.0,,,
rich_features,2.0,0.3,extra_long,Linear Regression,25,0.15054581740303805,0.337833732218111,19060.0,,,
rich_features,2.0,0.3,extra_long,Decision Tree,25,0.15055414116614968,0.3378842153193022,19060.0,,,
rich_features,2.0,0.3,extra_long,Random Forest,25,0.1503887791699327,0.33781407217300524,19060.0,,,
rich_features,2.0,0.3,extra_long,Naive (persistence),26,0.14748887476160202,0.4621737522198128,18876.0,,,
rich_features,2.0,0.3,extra_long,Linear Regression,26,0.1479769286127423,0.3240071148324342,18876.0,,,
rich_features,2.0,0.3,extra_long,Decision Tree,26,0.14816453773799262,0.3243951468364869,18876.0,,,
rich_features,2.0,0.3,extra_long,Random Forest,26,0.14797112234130835,0.32406459662923703,18876.0,,,
rich_features,2.0,0.3,extra_long,Naive (persistence),27,0.16406537390299017,0.48607710793491815,19029.0,,,
rich_features,2.0,0.3,extra_long,Linear Regression,27,0.155925259234598,0.34291585344950315,19029.0,,,
rich_features,2.0,0.3,extra_long,Decision Tree,27,0.1559232270078305,0.34302306096569496,19029.0,,,
rich_features,2.0,0.3,extra_long,Random Forest,27,0.15590106706434836,0.3430700672397893,19029.0,,,
rich_features,2.0,0.3,extra_long,Naive (persistence),28,0.15355824986821298,0.4695807302301482,18970.0,,,
rich_features,2.0,0.3,extra_long,Linear Regression,28,0.15149238364726703,0.33365567602305335,18970.0,,,
rich_features,2.0,0.3,extra_long,Decision Tree,28,0.1515056694914913,0.3339008599599642,18970.0,,,
rich_features,2.0,0.3,extra_long,Random Forest,28,0.1512826966679966,0.3335572583683782,18970.0,,,
rich_features,2.0,0.3,extra_long,Naive (persistence),29,0.1486479390916251,0.460745796963787,19045.0,,,
rich_features,2.0,0.3,extra_long,Linear Regression,29,0.148623944125574,0.3247922669665918,19045.0,,,
rich_features,2.0,0.3,extra_long,Decision Tree,29,0.14863375763881098,0.3249971295168262,19045.0,,,
rich_features,2.0,0.3,extra_long,Random Forest,29,0.14847630077698676,0.3248127943915013,19045.0,,,
rich_features,2.0,0.3,extra_long,Linear Regression,ALL_MEAN,0.15091286660464387,,,0.0028090405124665207,0.013057519675233054,5.0
rich_features,2.0,0.3,extra_long,Decision Tree,ALL_MEAN,0.15095626660845501,,,0.0027684667962051645,0.012773691606949855,5.0
rich_features,2.0,0.3,extra_long,Random Forest,ALL_MEAN,0.15080399320411453,,,0.0028222342566781187,0.01376953175463591,5.0
rich_features,2.0,0.3,extra_long,Naive (persistence),ALL_MEAN,0.1529094852163866,,,0.005948504577266651,0.0,5.0
rich_features,2.0,0.5,short,Naive (persistence),25,0.4551220739994966,0.8989464426597962,19865.0,,,
rich_features,2.0,0.5,short,Linear Regression,25,0.4744827032080672,0.7105196201710923,19865.0,,,
rich_features,2.0,0.5,short,Decision Tree,25,0.4749470292052841,0.7065414285076813,19865.0,,,
rich_features,2.0,0.5,short,Random Forest,25,0.4747185234021263,0.7057319249469864,19865.0,,,
rich_features,2.0,0.5,short,Naive (persistence),26,0.475316423780949,0.9367038750660821,19831.0,,,
rich_features,2.0,0.5,short,Linear Regression,26,0.48818200043812054,0.7489388640308159,19831.0,,,
rich_features,2.0,0.5,short,Decision Tree,26,0.4861667791501336,0.7367940402581442,19831.0,,,
rich_features,2.0,0.5,short,Random Forest,26,0.48593748940001996,0.7365734288700845,19831.0,,,
rich_features,2.0,0.5,short,Naive (persistence),27,0.4358483918055066,0.8725323659625395,19867.0,,,
rich_features,2.0,0.5,short,Linear Regression,27,0.4580170353653033,0.6740253006924984,19867.0,,,
rich_features,2.0,0.5,short,Decision Tree,27,0.45848902801094304,0.6701579185552858,19867.0,,,
rich_features,2.0,0.5,short,Random Forest,27,0.4581716091920287,0.6699437682504982,19867.0,,,
rich_features,2.0,0.5,short,Naive (persistence),28,0.46976111279104926,0.9249370342280407,19842.0,,,
rich_features,2.0,0.5,short,Linear Regression,28,0.48371832266654186,0.7345584733915022,19842.0,,,
rich_features,2.0,0.5,short,Decision Tree,28,0.4829407270196022,0.7307995908857925,19842.0,,,
rich_features,2.0,0.5,short,Random Forest,28,0.4827054785908737,0.7306571666442546,19842.0,,,
rich_features,2.0,0.5,short,Naive (persistence),29,0.46593882068826725,0.9267008154134675,19876.0,,,
rich_features,2.0,0.5,short,Linear Regression,29,0.48639496389632586,0.7337937356446455,19876.0,,,
rich_features,2.0,0.5,short,Decision Tree,29,0.48652639380774887,0.7312292604978028,19876.0,,,
rich_features,2.0,0.5,short,Random Forest,29,0.48635786300285533,0.7314045953839126,19876.0,,,
rich_features,2.0,0.5,short,Linear Regression,ALL_MEAN,0.4781590051148717,,,0.01112125537016834,-0.03857893608219487,5.0
rich_features,2.0,0.5,short,Decision Tree,ALL_MEAN,0.47781399143874237,,,0.010522662393529033,-0.037829553695049034,5.0
rich_features,2.0,0.5,short,Random Forest,ALL_MEAN,0.47757819271758084,,,0.010564494351341401,-0.037317390204800294,5.0
rich_features,2.0,0.5,short,Naive (persistence),ALL_MEAN,0.46039736461305375,,,0.013938770381872053,0.0,5.0
rich_features,2.0,0.5,medium,Naive (persistence),25,0.5109489051094891,0.9987155103061386,19865.0,,,
rich_features,2.0,0.5,medium,Linear Regression,25,0.49900631856608235,0.7319002451047056,19865.0,,,
rich_features,2.0,0.5,medium,Decision Tree,25,0.498866148260682,0.7329597692632879,19865.0,,,
rich_features,2.0,0.5,medium,Random Forest,25,0.49849296272348304,0.7313231210799362,19865.0,,,
rich_features,2.0,0.5,medium,Naive (persistence),26,0.5358277444405224,1.05135157014588,19831.0,,,
rich_features,2.0,0.5,medium,Linear Regression,26,0.5124584278893777,0.7790629002519656,19831.0,,,
rich_features,2.0,0.5,medium,Decision Tree,26,0.5118191591732334,0.7782734108739976,19831.0,,,
rich_features,2.0,0.5,medium,Random Forest,26,0.5114963566695981,0.7770115110219871,19831.0,,,
rich_features,2.0,0.5,medium,Naive (persistence),27,0.47546182111038404,0.9459123046486764,19867.0,,,
rich_features,2.0,0.5,medium,Linear Regression,27,0.4780870274573145,0.683295688617701,19867.0,,,
rich_features,2.0,0.5,medium,Decision Tree,27,0.47809313023283184,0.6857474068877867,19867.0,,,
rich_features,2.0,0.5,medium,Random Forest,27,0.4773123025408468,0.6829195492415895,19867.0,,,
rich_features,2.0,0.5,medium,Naive (persistence),28,0.5343715351275073,1.0383484595429116,19842.0,,,
rich_features,2.0,0.5,medium,Linear Regression,28,0.5094760607240008,0.7599705822987356,19842.0,,,
rich_features,2.0,0.5,medium,Decision Tree,28,0.5081635455248127,0.7596877849154887,19842.0,,,
rich_features,2.0,0.5,medium,Random Forest,28,0.5076897467423197,0.7586207249834347,19842.0,,,
rich_features,2.0,0.5,medium,Naive (persistence),29,0.5368283356812236,1.0444440400458423,19876.0,,,
rich_features,2.0,0.5,medium,Linear Regression,29,0.511750017086091,0.7582813562398412,19876.0,,,
rich_features,2.0,0.5,medium,Decision Tree,29,0.5109483891645975,0.7588531671525977,19876.0,,,
rich_features,2.0,0.5,medium,Random Forest,29,0.5103269197372036,0.7579077217219091,19876.0,,,
rich_features,2.0,0.5,medium,Linear Regression,ALL_MEAN,0.5021555703445733,,,0.01296922823254943,0.03187293425277071,5.0
rich_features,2.0,0.5,medium,Decision Tree,ALL_MEAN,0.5015780744712315,,,0.01260910934186908,0.032986313090639374,5.0
rich_features,2.0,0.5,medium,Random Forest,ALL_MEAN,0.5010636576826902,,,0.012722339658375924,0.03397807908005135,5.0
rich_features,2.0,0.5,medium,Naive (persistence),ALL_MEAN,0.5186876682938253,,,0.02365253484420186,0.0,5.0
rich_features,2.0,0.5,long,Naive (persistence),25,0.5334507928517493,1.0381351748828138,19865.0,,,
rich_features,2.0,0.5,long,Linear Regression,25,0.5026483911936706,0.7337776008736258,19865.0,,,
rich_features,2.0,0.5,long,Decision Tree,25,0.5025715282669725,0.7340672358079166,19865.0,,,
rich_features,2.0,0.5,long,Random Forest,25,0.5024546628513233,0.7338042635793092,19865.0,,,
rich_features,2.0,0.5,long,Naive (persistence),26,0.5657304220664616,1.1204274957280367,19831.0,,,
rich_features,2.0,0.5,long,Linear Regression,26,0.5161452082646161,0.7841490515739128,19831.0,,,
rich_features,2.0,0.5,long,Decision Tree,26,0.5161341612356368,0.7845841298340273,19831.0,,,
rich_features,2.0,0.5,long,Random Forest,26,0.5161488706351872,0.7843153198212007,19831.0,,,
rich_features,2.0,0.5,long,Naive (persistence),27,0.49322997936276236,0.9695884055342109,19867.0,,,
rich_features,2.0,0.5,long,Linear Regression,27,0.48093952887139085,0.681710756933043,19867.0,,,
rich_features,2.0,0.5,long,Decision Tree,27,0.4808700401466146,0.6819685310421894,19867.0,,,
rich_features,2.0,0.5,long,Random Forest,27,0.48073300601690877,0.6816178462758448,19867.0,,,
rich_features,2.0,0.5,long,Naive (persistence),28,0.5515573026912609,1.080100119674708,19842.0,,,
rich_features,2.0,0.5,long,Linear Regression,28,0.5115499735897678,0.7617751121790098,19842.0,,,
rich_features,2.0,0.5,long,Decision Tree,28,0.5118157545073969,0.7631524330412998,19842.0,,,
rich_features,2.0,0.5,long,Random Forest,28,0.5115947654136466,0.7619537678588446,19842.0,,,
rich_features,2.0,0.5,long,Naive (persistence),29,0.5505634936606963,1.0703518341663174,19876.0,,,
rich_features,2.0,0.5,long,Linear Regression,29,0.5128133563165586,0.7572280432900607,19876.0,,,
rich_features,2.0,0.5,long,Decision Tree,29,0.5127001295854947,0.7576112354921667,19876.0,,,
rich_features,2.0,0.5,long,Random Forest,29,0.5127911635749444,0.7573565579666499,19876.0,,,
rich_features,2.0,0.5,long,Linear Regression,ALL_MEAN,0.5048192916472007,,,0.012747073511850567,0.06325236923867139,5.0
rich_features,2.0,0.5,long,Decision Tree,ALL_MEAN,0.5048183227484232,,,0.012788302904803841,0.0632541671367497,5.0
rich_features,2.0,0.5,long,Random Forest,ALL_MEAN,0.504744493698402,,,0.012833781967742375,0.0633911650463641,5.0
rich_features,2.0,0.5,long,Naive (persistence),ALL_MEAN,0.538906398126586,,,0.025026227773781305,0.0,5.0
rich_features,2.0,0.5,extra_long,Naive (persistence),25,0.5301283664736974,1.0324461872780433,19865.0,,,
rich_features,2.0,0.5,extra_long,Linear Regression,25,0.5021693720361691,0.7338525312171876,19865.0,,,
rich_features,2.0,0.5,extra_long,Decision Tree,25,0.5017297098425635,0.7341541236153111,19865.0,,,
rich_features,2.0,0.5,extra_long,Random Forest,25,0.5016480302267854,0.7336449333197244,19865.0,,,
rich_features,2.0,0.5,extra_long,Naive (persistence),26,0.5485351217790329,1.0926058321335668,19831.0,,,
rich_features,2.0,0.5,extra_long,Linear Regression,26,0.5150092052050806,0.7828916437361881,19831.0,,,
rich_features,2.0,0.5,extra_long,Decision Tree,26,0.5153063845806178,0.7853980387881765,19831.0,,,
rich_features,2.0,0.5,extra_long,Random Forest,26,0.5150649853383747,0.783555129303326,19831.0,,,
rich_features,2.0,0.5,extra_long,Naive (persistence),27,0.4904615694367544,0.9681077402688766,19867.0,,,
rich_features,2.0,0.5,extra_long,Linear Regression,27,0.48149165160580576,0.6839942849440045,19867.0,,,
rich_features,2.0,0.5,extra_long,Decision Tree,27,0.48115642180529794,0.6841561039937073,19867.0,,,
rich_features,2.0,0.5,extra_long,Random Forest,27,0.48113336888355496,0.683888206639723,19867.0,,,
rich_features,2.0,0.5,extra_long,Naive (persistence),28,0.5513053119645197,1.0707508620250399,19842.0,,,
rich_features,2.0,0.5,extra_long,Linear Regression,28,0.5108266900127798,0.7601712595504392,19842.0,,,
rich_features,2.0,0.5,extra_long,Decision Tree,28,0.5105176966901882,0.7610801956492549,19842.0,,,
rich_features,2.0,0.5,extra_long,Random Forest,28,0.5105452588135354,0.760422239917619,19842.0,,,
rich_features,2.0,0.5,extra_long,Naive (persistence),29,0.5486013282350574,1.0668442110910943,19876.0,,,
rich_features,2.0,0.5,extra_long,Linear Regression,29,0.5121625904703316,0.7558320751927574,19876.0,,,
rich_features,2.0,0.5,extra_long,Decision Tree,29,0.5120470472620187,0.7566460754708962,19876.0,,,
rich_features,2.0,0.5,extra_long,Random Forest,29,0.5118747553573721,0.7561937844311395,19876.0,,,
rich_features,2.0,0.5,extra_long,Linear Regression,ALL_MEAN,0.5043319018660335,,,0.012197215509266984,0.05521560072720433,5.0
rich_features,2.0,0.5,extra_long,Decision Tree,ALL_MEAN,0.5041514520361372,,,0.012344539404995677,0.055553644351862275,5.0
rich_features,2.0,0.5,extra_long,Random Forest,ALL_MEAN,0.5040532797239246,,,0.012293790889695927,0.05573755432994587,5.0
rich_features,2.0,0.5,extra_long,Naive (persistence),ALL_MEAN,0.5338063395778124,,,0.022953602479024886,0.0,5.0
rich_features,2.0,0.7,short,Naive (persistence),25,0.9420601932996144,1.4903834830459344,19969.0,,,
rich_features,2.0,0.7,short,Linear Regression,25,0.9625922886888493,1.3170954659021796,19969.0,,,
rich_features,2.0,0.7,short,Decision Tree,25,0.9613804851497895,1.2918729323707605,19969.0,,,
rich_features,2.0,0.7,short,Random Forest,25,0.9607729963439643,1.2905030173344223,19969.0,,,
rich_features,2.0,0.7,short,Naive (persistence),26,0.98455675892499,1.5355135444425314,19944.0,,,
rich_features,2.0,0.7,short,Linear Regression,26,1.0077347269844874,1.3937171031503723,19944.0,,,
rich_features,2.0,0.7,short,Decision Tree,26,0.9954430560965707,1.352069451667926,19944.0,,,
rich_features,2.0,0.7,short,Random Forest,26,0.9957724288607968,1.351293758538323,19944.0,,,
rich_features,2.0,0.7,short,Naive (persistence),27,0.9433669122437729,1.4838883120464883,19953.0,,,
rich_features,2.0,0.7,short,Linear Regression,27,0.9632270823648479,1.3081161414356954,19953.0,,,
rich_features,2.0,0.7,short,Decision Tree,27,0.9646373168408439,1.2861732599528768,19953.0,,,
rich_features,2.0,0.7,short,Random Forest,27,0.9645023678448238,1.2849727588871698,19953.0,,,
rich_features,2.0,0.7,short,Naive (persistence),28,0.9364761284504785,1.4844348811878378,19961.0,,,
rich_features,2.0,0.7,short,Linear Regression,28,0.972130884649742,1.3381425806050473,19961.0,,,
rich_features,2.0,0.7,short,Decision Tree,28,0.973453207416365,1.3127959182889892,19961.0,,,
rich_features,2.0,0.7,short,Random Forest,28,0.9729381957811707,1.3113014495326825,19961.0,,,
rich_features,2.0,0.7,short,Naive (persistence),29,0.9937374749498998,1.5504379108596582,19960.0,,,
rich_features,2.0,0.7,short,Linear Regression,29,1.0105787914361377,1.3930968123639367,19960.0,,,
rich_features,2.0,0.7,short,Decision Tree,29,1.0091246686258024,1.3707400439267219,19960.0,,,
rich_features,2.0,0.7,short,Random Forest,29,1.0091156849562908,1.370297889923322,19960.0,,,
rich_features,2.0,0.7,short,Linear Regression,ALL_MEAN,0.9832527548248129,,,0.021436686555206124,-0.024179485746623097,5.0
rich_features,2.0,0.7,short,Decision Tree,ALL_MEAN,0.9808077468258742,,,0.01848800091805519,-0.021632707186673317,5.0
rich_features,2.0,0.7,short,Random Forest,ALL_MEAN,0.9806203347574094,,,0.01873121404190374,-0.021437494312912087,5.0
rich_features,2.0,0.7,short,Naive (persistence),ALL_MEAN,0.9600394935737512,,,0.024054573916888634,0.0,5.0
rich_features,2.0,0.7,medium,Naive (persistence),25,1.1562922529921378,1.8126756409014912,19969.0,,,
rich_features,2.0,0.7,medium,Linear Regression,25,1.1043343667107355,1.5016887216673072,19969.0,,,
rich_features,2.0,0.7,medium,Decision Tree,25,1.092322093759847,1.4838525537523586,19969.0,,,
rich_features,2.0,0.7,medium,Random Forest,25,1.0915960929330502,1.4819020386611947,19969.0,,,
rich_features,2.0,0.7,medium,Naive (persistence),26,1.2335539510629763,1.910082606480154,19944.0,,,
rich_features,2.0,0.7,medium,Linear Regression,26,1.1766049058982437,1.6505213146838935,19944.0,,,
rich_features,2.0,0.7,medium,Decision Tree,26,1.1544659985779624,1.6120534017500179,19944.0,,,
rich_features,2.0,0.7,medium,Random Forest,26,1.1523406641736875,1.6062725797601245,19944.0,,,
rich_features,2.0,0.7,medium,Naive (persistence),27,1.1710018543577407,1.8187973653108653,19953.0,,,
rich_features,2.0,0.7,medium,Linear Regression,27,1.1113144547458598,1.4967780847460241,19953.0,,,
rich_features,2.0,0.7,medium,Decision Tree,27,1.0993827408751577,1.4802695341309435,19953.0,,,
rich_features,2.0,0.7,medium,Random Forest,27,1.0987646894654077,1.4793437672949792,19953.0,,,
rich_features,2.0,0.7,medium,Naive (persistence),28,1.1891688793146635,1.859002147260153,19961.0,,,
rich_features,2.0,0.7,medium,Linear Regression,28,1.1421912148393052,1.576609806543151,19961.0,,,
rich_features,2.0,0.7,medium,Decision Tree,28,1.1300812201030186,1.5568188785804655,19961.0,,,
rich_features,2.0,0.7,medium,Random Forest,28,1.1292185771228733,1.5542624959331834,19961.0,,,
rich_features,2.0,0.7,medium,Naive (persistence),29,1.275,1.9754885750670492,19960.0,,,
rich_features,2.0,0.7,medium,Linear Regression,29,1.1814090787816296,1.6406740479897537,19960.0,,,
rich_features,2.0,0.7,medium,Decision Tree,29,1.1730212839713259,1.6344706530068536,19960.0,,,
rich_features,2.0,0.7,medium,Random Forest,29,1.1734336600274695,1.633785644489609,19960.0,,,
rich_features,2.0,0.7,medium,Linear Regression,ALL_MEAN,1.1431708041951547,,,0.031950149520983594,0.05131320292492858,5.0
rich_features,2.0,0.7,medium,Decision Tree,ALL_MEAN,1.129854667457462,,,0.03100438073848064,0.06236390774063583,5.0
rich_features,2.0,0.7,medium,Random Forest,ALL_MEAN,1.1290707367444974,,,0.031088215683841947,0.06301447081877076,5.0
rich_features,2.0,0.7,medium,Naive (persistence),ALL_MEAN,1.2050033875455035,,,0.043575844161134455,0.0,5.0
rich_features,2.0,0.7,long,Naive (persistence),25,1.3325654764885573,2.089537642570136,19969.0,,,
rich_features,2.0,0.7,long,Linear Regression,25,1.1682385527473005,1.607982055568397,19969.0,,,
rich_features,2.0,0.7,long,Decision Tree,25,1.1584078470433123,1.6084666372675644,19969.0,,,
rich_features,2.0,0.7,long,Random Forest,25,1.158075426772564,1.606205069241454,19969.0,,,
rich_features,2.0,0.7,long,Naive (persistence),26,1.4546730846369835,2.284515974350755,19944.0,,,
rich_features,2.0,0.7,long,Linear Regression,26,1.2641298275572395,1.8373315886187722,19944.0,,,
rich_features,2.0,0.7,long,Decision Tree,26,1.2507541482874829,1.8242192285487817,19944.0,,,
rich_features,2.0,0.7,long,Random Forest,26,1.2483199932800255,1.8153261926495146,19944.0,,,
rich_features,2.0,0.7,long,Naive (persistence),27,1.3076229138475417,2.0332893360221402,19953.0,,,
rich_features,2.0,0.7,long,Linear Regression,27,1.1608214996411863,1.5787648207948106,19953.0,,,
rich_features,2.0,0.7,long,Decision Tree,27,1.1505584136313598,1.576982409749289,19953.0,,,
rich_features,2.0,0.7,long,Random Forest,27,1.1500124858105836,1.574031183467088,19953.0,,,
rich_features,2.0,0.7,long,Naive (persistence),28,1.3985772255899003,2.2067728021004283,19961.0,,,
rich_features,2.0,0.7,long,Linear Regression,28,1.225411542489599,1.730563006405726,19961.0,,,
rich_features,2.0,0.7,long,Decision Tree,28,1.2135423403429224,1.7257051173203206,19961.0,,,
rich_features,2.0,0.7,long,Random Forest,28,1.212619870387773,1.7216406089708256,19961.0,,,
rich_features,2.0,0.7,long,Naive (persistence),29,1.4792084168336674,2.3188367790804145,19960.0,,,
rich_features,2.0,0.7,long,Linear Regression,29,1.2460320245398824,1.7541585299071696,19960.0,,,
rich_features,2.0,0.7,long,Decision Tree,29,1.2383104765171964,1.7639917309665853,19960.0,,,
rich_features,2.0,0.7,long,Random Forest,29,1.238318672170502,1.762531348885994,19960.0,,,
rich_features,2.0,0.7,long,Linear Regression,ALL_MEAN,1.2129266893950417,,,0.0414380899314495,0.13022510032896428,5.0
rich_features,2.0,0.7,long,Decision Tree,ALL_MEAN,1.2023146451644549,,,0.04092593529868204,0.13783486750340646,5.0
rich_features,2.0,0.7,long,Random Forest,ALL_MEAN,1.2014692896842896,,,0.040516739430399046,0.1384410615828804,5.0
rich_features,2.0,0.7,long,Naive (persistence),ALL_MEAN,1.3945294234793302,,,0.06662799522412828,0.0,5.0
rich_features,2.0,0.7,extra_long,Naive (persistence),25,1.2676648805648756,1.9840366484025482,19969.0,,,
rich_features,2.0,0.7,extra_long,Linear Regression,25,1.150707228684614,1.5736417405178427,19969.0,,,
rich_features,2.0,0.7,extra_long,Decision Tree,25,1.138509350869522,1.5708275527051054,19969.0,,,
rich_features,2.0,0.7,extra_long,Random Forest,25,1.13800516444163,1.5668343335386872,19969.0,,,
rich_features,2.0,0.7,extra_long,Naive (persistence),26,1.3662755716004813,2.1337051232887867,19944.0,,,
rich_features,2.0,0.7,extra_long,Linear Regression,26,1.2394635637360105,1.7744691325826982,19944.0,,,
rich_features,2.0,0.7,extra_long,Decision Tree,26,1.2205406581956404,1.748830113901471,19944.0,,,
rich_features,2.0,0.7,extra_long,Random Forest,26,1.2183457113755507,1.7387441981512963,19944.0,,,
rich_features,2.0,0.7,extra_long,Naive (persistence),27,1.2749461233899664,1.9807245350519664,19953.0,,,
rich_features,2.0,0.7,extra_long,Linear Regression,27,1.1525535949510402,1.5595778187727374,19953.0,,,
rich_features,2.0,0.7,extra_long,Decision Tree,27,1.1402436184465294,1.550490729353195,19953.0,,,
rich_features,2.0,0.7,extra_long,Random Forest,27,1.1394391627578178,1.5491755356314008,19953.0,,,
rich_features,2.0,0.7,extra_long,Naive (persistence),28,1.317418966985622,2.0674585971305826,19961.0,,,
rich_features,2.0,0.7,extra_long,Linear Regression,28,1.20150089310099,1.6794859658498604,19961.0,,,
rich_features,2.0,0.7,extra_long,Decision Tree,28,1.1870562003470144,1.666481404184336,19961.0,,,
rich_features,2.0,0.7,extra_long,Random Forest,28,1.1863883814451683,1.664420355048796,19961.0,,,
rich_features,2.0,0.7,extra_long,Naive (persistence),29,1.4066132264529059,2.1999043520836614,19960.0,,,
rich_features,2.0,0.7,extra_long,Linear Regression,29,1.2330395623159909,1.726073855703111,19960.0,,,
rich_features,2.0,0.7,extra_long,Decision Tree,29,1.225057024498842,1.7315495922035082,19960.0,,,
rich_features,2.0,0.7,extra_long,Random Forest,29,1.2249454677167402,1.7308901823675344,19960.0,,,
rich_features,2.0,0.7,extra_long,Linear Regression,ALL_MEAN,1.195452968557729,,,0.03802314927045078,0.0988484781797897,5.0
rich_features,2.0,0.7,extra_long,Decision Tree,ALL_MEAN,1.1822813704715096,,,0.03741521340394672,0.10877743897740355,5.0
rich_features,2.0,0.7,extra_long,Random Forest,ALL_MEAN,1.1814247775473814,,,0.037228746534704246,0.10942315239103118,5.0
rich_features,2.0,0.7,extra_long,Naive (persistence),ALL_MEAN,1.3265837537987704,,,0.053295457045458766,0.0,5.0
rich_features,2.0,0.8,short,Naive (persistence),25,1.2532311391644124,1.8090517044384693,19962.0,,,
rich_features,2.0,0.8,short,Linear Regression,25,1.2581812937045886,1.6719774830788436,19962.0,,,
rich_features,2.0,0.8,short,Decision Tree,25,1.2439518733895112,1.6357233595196106,19962.0,,,
rich_features,2.0,0.8,short,Random Forest,25,1.2435879506661358,1.6356756453055465,19962.0,,,
rich_features,2.0,0.8,short,Naive (persistence),26,1.289269440688999,1.8367339785544792,19971.0,,,
rich_features,2.0,0.8,short,Linear Regression,26,1.289869135408927,1.7117732757755348,19971.0,,,
rich_features,2.0,0.8,short,Decision Tree,26,1.2761983472510112,1.6749802291980138,19971.0,,,
rich_features,2.0,0.8,short,Random Forest,26,1.27567990812408,1.674774517072943,19971.0,,,
rich_features,2.0,0.8,short,Naive (persistence),27,1.268793509290329,1.7990665515076543,19967.0,,,
rich_features,2.0,0.8,short,Linear Regression,27,1.2658349382845715,1.6636233356552272,19967.0,,,
rich_features,2.0,0.8,short,Decision Tree,27,1.2531243853831922,1.632693819686969,19967.0,,,
rich_features,2.0,0.8,short,Random Forest,27,1.2507923026100203,1.6288743316356946,19967.0,,,
rich_features,2.0,0.8,short,Naive (persistence),28,1.3128536377747735,1.8717184158550568,19971.0,,,
rich_features,2.0,0.8,short,Linear Regression,28,1.3315759153822664,1.7771822417128336,19971.0,,,
rich_features,2.0,0.8,short,Decision Tree,28,1.3175737996776653,1.742750964385093,19971.0,,,
rich_features,2.0,0.8,short,Random Forest,28,1.3164511204940703,1.7417978897740358,19971.0,,,
rich_features,2.0,0.8,short,Naive (persistence),29,1.3047986375475857,1.8593205024727846,19964.0,,,
rich_features,2.0,0.8,short,Linear Regression,29,1.3130699817247218,1.7393377881522083,19964.0,,,
rich_features,2.0,0.8,short,Decision Tree,29,1.2972669648366995,1.7044649341745821,19964.0,,,
rich_features,2.0,0.8,short,Random Forest,29,1.296951868386264,1.7042784878749164,19964.0,,,
rich_features,2.0,0.8,short,Linear Regression,ALL_MEAN,1.2917062529010148,,,0.027722271571451625,-0.00460182716758939,5.0
rich_features,2.0,0.8,short,Decision Tree,ALL_MEAN,1.2776230741076158,,,0.027268693662075592,0.006351117525836059,5.0
rich_features,2.0,0.8,short,Random Forest,ALL_MEAN,1.276692630056114,,,0.027418777013800695,0.007074754027646346,5.0
rich_features,2.0,0.8,short,Naive (persistence),ALL_MEAN,1.2857892728932199,,,0.02215777701503272,0.0,5.0
rich_features,2.0,0.8,medium,Naive (persistence),25,1.615920248472097,2.309281768503803,19962.0,,,
rich_features,2.0,0.8,medium,Linear Regression,25,1.5379409926377743,2.0323732144101787,19962.0,,,
rich_features,2.0,0.8,medium,Decision Tree,25,1.5174526232848455,1.9935423850823348,19962.0,,,
rich_features,2.0,0.8,medium,Random Forest,25,1.5166607139540287,1.9928990556251538,19962.0,,,
rich_features,2.0,0.8,medium,Naive (persistence),26,1.6691702969305493,2.362274644313822,19971.0,,,
rich_features,2.0,0.8,medium,Linear Regression,26,1.591232376310479,2.1167396329236294,19971.0,,,
rich_features,2.0,0.8,medium,Decision Tree,26,1.5650550188880683,2.073674082992025,19971.0,,,
rich_features,2.0,0.8,medium,Random Forest,26,1.5645913224996442,2.0734028781129874,19971.0,,,
rich_features,2.0,0.8,medium,Naive (persistence),27,1.6151650222867733,2.276125707114409,19967.0,,,
rich_features,2.0,0.8,medium,Linear Regression,27,1.5423601326332712,2.0227987729787773,19967.0,,,
rich_features,2.0,0.8,medium,Decision Tree,27,1.5162770851563696,1.9701780511398008,19967.0,,,
rich_features,2.0,0.8,medium,Random Forest,27,1.5156158119264442,1.9701602029703544,19967.0,,,
rich_features,2.0,0.8,medium,Naive (persistence),28,1.7412247759250914,2.457612213877733,19971.0,,,
rich_features,2.0,0.8,medium,Linear Regression,28,1.6877271371736966,2.2583748959931187,19971.0,,,
rich_features,2.0,0.8,medium,Decision Tree,28,1.657832468155175,2.2083225404460975,19971.0,,,
rich_features,2.0,0.8,medium,Random Forest,28,1.6554312700702467,2.204683129487099,19971.0,,,
rich_features,2.0,0.8,medium,Naive (persistence),29,1.714986976557804,2.412524921673526,19964.0,,,
rich_features,2.0,0.8,medium,Linear Regression,29,1.6327458588073047,2.1673475656780736,19964.0,,,
rich_features,2.0,0.8,medium,Decision Tree,29,1.602286060388405,2.1190266091893144,19964.0,,,
rich_features,2.0,0.8,medium,Random Forest,29,1.6016504735290125,2.1180685882677137,19964.0,,,
rich_features,2.0,0.8,medium,Linear Regression,ALL_MEAN,1.598401299512505,,,0.056579340009365355,0.04361422221205713,5.0
rich_features,2.0,0.8,medium,Decision Tree,ALL_MEAN,1.5717806511745727,,,0.053689682028754314,0.059542393362604584,5.0
rich_features,2.0,0.8,medium,Random Forest,ALL_MEAN,1.5707899183958756,,,0.05315845683554429,0.060135187387123534,5.0
rich_features,2.0,0.8,medium,Naive (persistence),ALL_MEAN,1.6712934640344628,,,0.05103060695830084,0.0,5.0
rich_features,2.0,0.8,long,Naive (persistence),25,1.9289149383829276,2.769227397437698,19962.0,,,
rich_features,2.0,0.8,long,Linear Regression,25,1.7502790618252997,2.2902181027430517,19962.0,,,
rich_features,2.0,0.8,long,Decision Tree,25,1.742895460627643,2.2642447274606696,19962.0,,,
rich_features,2.0,0.8,long,Random Forest,25,1.7412938408051462,2.257848500627103,19962.0,,,
rich_features,2.0,0.8,long,Naive (persistence),26,2.0701016473887135,2.9525650846068268,19971.0,,,
rich_features,2.0,0.8,long,Linear Regression,26,1.8648070387456275,2.484159516150271,19971.0,,,
rich_features,2.0,0.8,long,Decision Tree,26,1.8490881101348797,2.456972285286172,19971.0,,,
rich_features,2.0,0.8,long,Random Forest,26,1.8486247922293888,2.4560967172948933,19971.0,,,
rich_features,2.0,0.8,long,Naive (persistence),27,1.979966945460009,2.812552621055514,19967.0,,,
rich_features,2.0,0.8,long,Linear Regression,27,1.7792805088819192,2.3463573129475406,19967.0,,,
rich_features,2.0,0.8,long,Decision Tree,27,1.757868659407414,2.2952518026206192,19967.0,,,
rich_features,2.0,0.8,long,Random Forest,27,1.75697772399285,2.2924706602402725,19967.0,,,
rich_features,2.0,0.8,long,Naive (persistence),28,2.2095538530869763,3.1217271680500884,19971.0,,,
rich_features,2.0,0.8,long,Linear Regression,28,2.025070562728188,2.7414052406361793,19971.0,,,
rich_features,2.0,0.8,long,Decision Tree,28,1.9925024633148496,2.6929519046666255,19971.0,,,
rich_features,2.0,0.8,long,Random Forest,28,1.990143236514778,2.688563402119664,19971.0,,,
rich_features,2.0,0.8,long,Naive (persistence),29,2.1402524544179524,3.0085365755109468,19964.0,,,
rich_features,2.0,0.8,long,Linear Regression,29,1.912893048432136,2.5606395857495343,19964.0,,,
rich_features,2.0,0.8,long,Decision Tree,29,1.8908850948227256,2.5212942190779146,19964.0,,,
rich_features,2.0,0.8,long,Random Forest,29,1.8891645934350405,2.517772880279674,19964.0,,,
rich_features,2.0,0.8,long,Linear Regression,ALL_MEAN,1.8664660441226342,,,0.09840156986620281,0.0964739948901211,5.0
rich_features,2.0,0.8,long,Decision Tree,ALL_MEAN,1.8466479576615022,,,0.09152350507595945,0.10606760981043206,5.0
rich_features,2.0,0.8,long,Random Forest,ALL_MEAN,1.8452408373954405,,,0.09114034019373146,0.10674877395842575,5.0
rich_features,2.0,0.8,long,Naive (persistence),ALL_MEAN,2.0657579677473157,,,0.10230509950974047,0.0,5.0
rich_features,2.0,0.8,extra_long,Naive (persistence),25,1.8130948802725178,2.5870768517014637,19962.0,,,
rich_features,2.0,0.8,extra_long,Linear Regression,25,1.6798021939206629,2.2012101787080196,19962.0,,,
rich_features,2.0,0.8,extra_long,Decision Tree,25,1.6652880405689454,2.16651614054674,19962.0,,,
rich_features,2.0,0.8,extra_long,Random Forest,25,1.6642346387232498,2.1630755512243773,19962.0,,,
rich_features,2.0,0.8,extra_long,Naive (persistence),26,1.9119723599218867,2.710138378855809,19971.0,,,
rich_features,2.0,0.8,extra_long,Linear Regression,26,1.75923382476856,2.344612553327363,19971.0,,,
rich_features,2.0,0.8,extra_long,Decision Tree,26,1.7409120485758882,2.308500024033455,19971.0,,,
rich_features,2.0,0.8,extra_long,Random Forest,26,1.7408640517886889,2.3082750534258625,19971.0,,,
rich_features,2.0,0.8,extra_long,Naive (persistence),27,1.8390344067711724,2.593607375589234,19967.0,,,
rich_features,2.0,0.8,extra_long,Linear Regression,27,1.697926396667085,2.229857988104698,19967.0,,,
rich_features,2.0,0.8,extra_long,Decision Tree,27,1.6702007251024205,2.168476477154087,19967.0,,,
rich_features,2.0,0.8,extra_long,Random Forest,27,1.6699596873459834,2.167239730110259,19967.0,,,
rich_features,2.0,0.8,extra_long,Naive (persistence),28,1.9975965149466728,2.82669166506812,19971.0,,,
rich_features,2.0,0.8,extra_long,Linear Regression,28,1.8835822016871988,2.5395705294541413,19971.0,,,
rich_features,2.0,0.8,extra_long,Decision Tree,28,1.8526198326088454,2.4847864018397843,19971.0,,,
rich_features,2.0,0.8,extra_long,Random Forest,28,1.850861791214632,2.4813248775066126,19971.0,,,
rich_features,2.0,0.8,extra_long,Naive (persistence),29,1.9541174113404127,2.7488727403094435,19964.0,,,
rich_features,2.0,0.8,extra_long,Linear Regression,29,1.8009270906398065,2.400786475390523,19964.0,,,
rich_features,2.0,0.8,extra_long,Decision Tree,29,1.7779513764582056,2.3492739141167287,19964.0,,,
rich_features,2.0,0.8,extra_long,Random Forest,29,1.7779064211254272,2.3470606468178206,19964.0,,,
rich_features,2.0,0.8,extra_long,Linear Regression,ALL_MEAN,1.7642943415366628,,,0.0736760311513632,0.07296735211231198,5.0
rich_features,2.0,0.8,extra_long,Decision Tree,ALL_MEAN,1.741394404662861,,,0.07009773083482512,0.0849999186839937,5.0
rich_features,2.0,0.8,extra_long,Random Forest,ALL_MEAN,1.740765318039596,,,0.06981559554556362,0.08533046661150567,5.0
rich_features,2.0,0.8,extra_long,Naive (persistence),ALL_MEAN,1.9031631146505326,,,0.06901650275572009,0.0,5.0
rich_features,2.0,0.9,short,Naive (persistence),25,1.6331997996995493,2.1835296431589453,19970.0,,,
rich_features,2.0,0.9,short,Linear Regression,25,1.6370131320529153,2.115609117981297,19970.0,,,
rich_features,2.0,0.9,short,Decision Tree,25,1.6287006489176565,2.0867966139785357,19970.0,,,
rich_features,2.0,0.9,short,Random Forest,25,1.6283855072238185,2.0861369625186414,19970.0,,,
rich_features,2.0,0.9,short,Naive (persistence),26,1.6175454408892895,2.176687863838553,19971.0,,,
rich_features,2.0,0.9,short,Linear Regression,26,1.6250906741402076,2.1083468145655995,19971.0,,,
rich_features,2.0,0.9,short,Decision Tree,26,1.6197004513957518,2.0761253698866313,19971.0,,,
rich_features,2.0,0.9,short,Random Forest,26,1.6201999353903296,2.076268596424095,19971.0,,,
rich_features,2.0,0.9,short,Naive (persistence),27,1.6567022182164137,2.2122378476617763,19971.0,,,
rich_features,2.0,0.9,short,Linear Regression,27,1.6628275328419337,2.162350275639913,19971.0,,,
rich_features,2.0,0.9,short,Decision Tree,27,1.6668301958841965,2.1481229241493183,19971.0,,,
rich_features,2.0,0.9,short,Random Forest,27,1.6665346367920761,2.1477495425407795,19971.0,,,
rich_features,2.0,0.9,short,Naive (persistence),28,1.6504431425567072,2.2200442484045375,19971.0,,,
rich_features,2.0,0.9,short,Linear Regression,28,1.6647333157180202,2.171194068176623,19971.0,,,
rich_features,2.0,0.9,short,Decision Tree,28,1.6659004559521975,2.158227491203144,19971.0,,,
rich_features,2.0,0.9,short,Random Forest,28,1.6640295196403034,2.152757014058726,19971.0,,,
rich_features,2.0,0.9,short,Naive (persistence),29,1.5896639791677099,2.13590056191202,19969.0,,,
rich_features,2.0,0.9,short,Linear Regression,29,1.619976077225457,2.10063218775232,19969.0,,,
rich_features,2.0,0.9,short,Decision Tree,29,1.61812053358738,2.080220322862921,19969.0,,,
rich_features,2.0,0.9,short,Random Forest,29,1.6167809604507801,2.0765022493575254,19969.0,,,
rich_features,2.0,0.9,short,Linear Regression,ALL_MEAN,1.641928146395707,,,0.01868909457650692,-0.007620219151060814,5.0
rich_features,2.0,0.9,short,Decision Tree,ALL_MEAN,1.6398504571474366,,,0.021950121973745684,-0.006345180593334776,5.0
rich_features,2.0,0.9,short,Random Forest,ALL_MEAN,1.6391861118994615,,,0.021652969741878234,-0.005937484491756795,5.0
rich_features,2.0,0.9,short,Naive (persistence),ALL_MEAN,1.629510916105934,,,0.024174713472287602,0.0,5.0
rich_features,2.0,0.9,medium,Naive (persistence),25,2.2222834251377064,2.9544785352279486,19970.0,,,
rich_features,2.0,0.9,medium,Linear Regression,25,2.1653680594257736,2.8080348941772706,19970.0,,,
rich_features,2.0,0.9,medium,Decision Tree,25,2.1500634483352363,2.762539757195408,19970.0,,,
rich_features,2.0,0.9,medium,Random Forest,25,2.1483896107744416,2.7607323042515164,19970.0,,,
rich_features,2.0,0.9,medium,Naive (persistence),26,2.186620599869811,2.9429421192167093,19971.0,,,
rich_features,2.0,0.9,medium,Linear Regression,26,2.155933196265365,2.8012813695601166,19971.0,,,
rich_features,2.0,0.9,medium,Decision Tree,26,2.1424509622269974,2.759452316097017,19971.0,,,
rich_features,2.0,0.9,medium,Random Forest,26,2.140473634088892,2.7572222364497256,19971.0,,,
rich_features,2.0,0.9,medium,Naive (persistence),27,2.2761003455009763,2.9864414119223777,19971.0,,,
rich_features,2.0,0.9,medium,Linear Regression,27,2.2358068688472126,2.8840861609312545,19971.0,,,
rich_features,2.0,0.9,medium,Decision Tree,27,2.227477790659836,2.860460961453387,19971.0,,,
rich_features,2.0,0.9,medium,Random Forest,27,2.22558440540358,2.8578455989197176,19971.0,,,
rich_features,2.0,0.9,medium,Naive (persistence),28,2.2790045566070805,3.044279565875817,19971.0,,,
rich_features,2.0,0.9,medium,Linear Regression,28,2.25629162634672,2.947455352612344,19971.0,,,
rich_features,2.0,0.9,medium,Decision Tree,28,2.234216306430752,2.900951285875107,19971.0,,,
rich_features,2.0,0.9,medium,Random Forest,28,2.2329285753482493,2.898294640736752,19971.0,,,
rich_features,2.0,0.9,medium,Naive (persistence),29,2.156793029195253,2.9023622698511393,19969.0,,,
rich_features,2.0,0.9,medium,Linear Regression,29,2.182624777888123,2.845414931281434,19969.0,,,
rich_features,2.0,0.9,medium,Decision Tree,29,2.162098768536646,2.7882672626647445,19969.0,,,
rich_features,2.0,0.9,medium,Random Forest,29,2.15997235819395,2.784714690450324,19969.0,,,
rich_features,2.0,0.9,medium,Linear Regression,ALL_MEAN,2.1992049057546383,,,0.03972624075309878,0.011220182503729248,5.0
rich_features,2.0,0.9,medium,Decision Tree,ALL_MEAN,2.183261455237894,,,0.039413054915214345,0.018388483215935003,5.0
rich_features,2.0,0.9,medium,Random Forest,ALL_MEAN,2.1814697167618227,,,0.039575822197485344,0.019194062922825883,5.0
rich_features,2.0,0.9,medium,Naive (persistence),ALL_MEAN,2.2241603912621657,,,0.0482840796333087,0.0,5.0
rich_features,2.0,0.9,long,Naive (persistence),25,2.9207310966449676,3.8885899369239643,19970.0,,,
rich_features,2.0,0.9,long,Linear Regression,25,2.772083984047836,3.586334853802066,19970.0,,,
rich_features,2.0,0.9,long,Decision Tree,25,2.7299619928858503,3.513005407819002,19970.0,,,
rich_features,2.0,0.9,long,Random Forest,25,2.730301592409913,3.511192704366161,19970.0,,,
rich_features,2.0,0.9,long,Naive (persistence),26,2.9422662861148665,3.959966911479567,19971.0,,,
rich_features,2.0,0.9,long,Linear Regression,26,2.795914694792143,3.633312306808642,19971.0,,,
rich_features,2.0,0.9,long,Decision Tree,26,2.7709058382569176,3.5803154706355653,19971.0,,,
rich_features,2.0,0.9,long,Random Forest,26,2.770987334044123,3.5791643943855016,19971.0,,,
rich_features,2.0,0.9,long,Naive (persistence),27,3.087827349657003,4.0409810461486,19971.0,,,
rich_features,2.0,0.9,long,Linear Regression,27,2.953120277955855,3.818097673164636,19971.0,,,
rich_features,2.0,0.9,long,Decision Tree,27,2.917478187426336,3.765417713960127,19971.0,,,
rich_features,2.0,0.9,long,Random Forest,27,2.915051780382642,3.7617641323754953,19971.0,,,
rich_features,2.0,0.9,long,Naive (persistence),28,3.0663962745981674,4.114425393619808,19971.0,,,
rich_features,2.0,0.9,long,Linear Regression,28,2.970116389719531,3.920576303936392,19971.0,,,
rich_features,2.0,0.9,long,Decision Tree,28,2.9285392472920204,3.834816124753703,19971.0,,,
rich_features,2.0,0.9,long,Random Forest,28,2.9255395516968044,3.829476511508306,19971.0,,,
rich_features,2.0,0.9,long,Naive (persistence),29,2.920476738945365,3.9289664040758545,19969.0,,,
rich_features,2.0,0.9,long,Linear Regression,29,2.9191891299724837,3.8340989645887973,19969.0,,,
rich_features,2.0,0.9,long,Decision Tree,29,2.876598904609098,3.71811361829262,19969.0,,,
rich_features,2.0,0.9,long,Random Forest,29,2.8731946055161632,3.7101419466780636,19969.0,,,
rich_features,2.0,0.9,long,Linear Regression,ALL_MEAN,2.8820848952975697,,,0.08209482049593761,0.03529816163371713,5.0
rich_features,2.0,0.9,long,Decision Tree,ALL_MEAN,2.8446968340940444,,,0.07994199472191298,0.04781282816378407,5.0
rich_features,2.0,0.9,long,Random Forest,ALL_MEAN,2.843014972809929,,,0.07848911372080027,0.04837578683141741,5.0
rich_features,2.0,0.9,long,Naive (persistence),ALL_MEAN,2.987539549192074,,,0.07387351929270525,0.0,5.0
rich_features,2.0,0.9,extra_long,Naive (persistence),25,2.644516775162744,3.5096761588656817,19970.0,,,
rich_features,2.0,0.9,extra_long,Linear Regression,25,2.535703756252118,3.2795359320565978,19970.0,,,
rich_features,2.0,0.9,extra_long,Decision Tree,25,2.497039023791546,3.2125806921626876,19970.0,,,
rich_features,2.0,0.9,extra_long,Random Forest,25,2.497276940503312,3.211272231637098,19970.0,,,
rich_features,2.0,0.9,extra_long,Naive (persistence),26,2.600871263331831,3.501811086750193,19971.0,,,
rich_features,2.0,0.9,extra_long,Linear Regression,26,2.5149533355334457,3.27436537763747,19971.0,,,
rich_features,2.0,0.9,extra_long,Decision Tree,26,2.4955564067825846,3.2270678158083492,19971.0,,,
rich_features,2.0,0.9,extra_long,Random Forest,26,2.494210090676548,3.2254865287727332,19971.0,,,
rich_features,2.0,0.9,extra_long,Naive (persistence),27,2.7246006709729107,3.5645158677425623,19971.0,,,
rich_features,2.0,0.9,extra_long,Linear Regression,27,2.638706382550022,3.406369290016072,19971.0,,,
rich_features,2.0,0.9,extra_long,Decision Tree,27,2.616429946744817,3.3686551115398,19971.0,,,
rich_features,2.0,0.9,extra_long,Random Forest,27,2.614361423421166,3.3650779191382707,19971.0,,,
rich_features,2.0,0.9,extra_long,Naive (persistence),28,2.716338691102098,3.639754019644611,19971.0,,,
rich_features,2.0,0.9,extra_long,Linear Regression,28,2.6637240090737784,3.4964353661619825,19971.0,,,
rich_features,2.0,0.9,extra_long,Decision Tree,28,2.6170666001532172,3.4237884789070065,19971.0,,,
rich_features,2.0,0.9,extra_long,Random Forest,28,2.6160138663273975,3.4219539306122946,19971.0,,,
rich_features,2.0,0.9,extra_long,Naive (persistence),29,2.582302568981922,3.4702400460580187,19969.0,,,
rich_features,2.0,0.9,extra_long,Linear Regression,29,2.5880049606241347,3.3913660774168326,19969.0,,,
rich_features,2.0,0.9,extra_long,Decision Tree,29,2.5474127328778096,3.301454623994073,19969.0,,,
rich_features,2.0,0.9,extra_long,Random Forest,29,2.5457808685151386,3.296868305498876,19969.0,,,
rich_features,2.0,0.9,extra_long,Linear Regression,ALL_MEAN,2.5882184888067,,,0.05722890252163955,0.02468510511406441,5.0
rich_features,2.0,0.9,extra_long,Decision Tree,ALL_MEAN,2.554700942069995,,,0.053992659118515134,0.037315477207347736,5.0
rich_features,2.0,0.9,extra_long,Random Forest,ALL_MEAN,2.553528637888712,,,0.05356865314909213,0.03775723501654615,5.0
rich_features,2.0,0.9,extra_long,Naive (persistence),ALL_MEAN,2.653725993910301,,,0.05817784386056893,0.0,5.0
rich_features,2.0,0.95,short,Naive (persistence),25,1.7456812377948026,2.297978900074263,19971.0,,,
rich_features,2.0,0.95,short,Linear Regression,25,1.7629670587012711,2.260348968876535,19971.0,,,
rich_features,2.0,0.95,short,Decision Tree,25,1.7628671906961546,2.237678040519088,19971.0,,,
rich_features,2.0,0.95,short,Random Forest,25,1.7620630862366278,2.2360849834252954,19971.0,,,
rich_features,2.0,0.95,short,Naive (persistence),26,1.777877922988333,2.323968847736047,19971.0,,,
rich_features,2.0,0.95,short,Linear Regression,26,1.7941021589408912,2.2918863137583494,19971.0,,,
rich_features,2.0,0.95,short,Decision Tree,26,1.799922512035176,2.2792527962779556,19971.0,,,
rich_features,2.0,0.95,short,Random Forest,26,1.7994978768027237,2.2782616710365353,19971.0,,,
rich_features,2.0,0.95,short,Naive (persistence),27,1.8053177106804867,2.377055546248642,19971.0,,,
rich_features,2.0,0.95,short,Linear Regression,27,1.8234594330647107,2.343165499288165,19971.0,,,
rich_features,2.0,0.95,short,Decision Tree,27,1.8241711994442544,2.320522117725634,19971.0,,,
rich_features,2.0,0.95,short,Random Forest,27,1.823921315342654,2.319816096294145,19971.0,,,
rich_features,2.0,0.95,short,Naive (persistence),28,1.7797306093836063,2.3353711138590367,19971.0,,,
rich_features,2.0,0.95,short,Linear Regression,28,1.7948624745154709,2.2940746382449198,19971.0,,,
rich_features,2.0,0.95,short,Decision Tree,28,1.7963025392605863,2.275924808498686,19971.0,,,
rich_features,2.0,0.95,short,Random Forest,28,1.79579455705391,2.274816259705009,19971.0,,,
rich_features,2.0,0.95,short,Naive (persistence),29,1.7838758137205808,2.3370478576686335,19970.0,,,
rich_features,2.0,0.95,short,Linear Regression,29,1.7997482102750573,2.3051847016395133,19970.0,,,
rich_features,2.0,0.95,short,Decision Tree,29,1.8093352885122944,2.294630812478451,19970.0,,,
rich_features,2.0,0.95,short,Random Forest,29,1.8073293617695776,2.2908565001083163,19970.0,,,
rich_features,2.0,0.95,short,Linear Regression,ALL_MEAN,1.7950278670994801,,,0.019284269798874248,-0.009295045960905357,5.0
rich_features,2.0,0.95,short,Decision Tree,ALL_MEAN,1.798519745989693,,,0.020263077168122815,-0.011258433900214637,5.0
rich_features,2.0,0.95,short,Random Forest,ALL_MEAN,1.7977212394410984,,,0.02028365069318446,-0.010809455520304656,5.0
rich_features,2.0,0.95,short,Naive (persistence),ALL_MEAN,1.778496658913562,,,0.01911576028009948,0.0,5.0
rich_features,2.0,0.95,medium,Naive (persistence),25,2.4076911521706474,3.1444613328449353,19971.0,,,
rich_features,2.0,0.95,medium,Linear Regression,25,2.3957332765298873,3.0670189400206627,19971.0,,,
rich_features,2.0,0.95,medium,Decision Tree,25,2.378996278975319,3.014559978909404,19971.0,,,
rich_features,2.0,0.95,medium,Random Forest,25,2.3783373446198834,3.0130723926620706,19971.0,,,
rich_features,2.0,0.95,medium,Naive (persistence),26,2.4759901857693656,3.218667696660407,19971.0,,,
rich_features,2.0,0.95,medium,Linear Regression,26,2.46259942742833,3.1495552766546355,19971.0,,,
rich_features,2.0,0.95,medium,Decision Tree,26,2.463115700795596,3.1262251035209343,19971.0,,,
rich_features,2.0,0.95,medium,Random Forest,26,2.4633769190536796,3.1257526331516754,19971.0,,,
rich_features,2.0,0.95,medium,Naive (persistence),27,2.546542486605578,3.3164738123335824,19971.0,,,
rich_features,2.0,0.95,medium,Linear Regression,27,2.529531323574486,3.234643740447527,19971.0,,,
rich_features,2.0,0.95,medium,Decision Tree,27,2.510632667877538,3.1896205643598083,19971.0,,,
rich_features,2.0,0.95,medium,Random Forest,27,2.5121191697540737,3.1901017048757354,19971.0,,,
rich_features,2.0,0.95,medium,Naive (persistence),28,2.4703319813729907,3.1974637563209107,19971.0,,,
rich_features,2.0,0.95,medium,Linear Regression,28,2.441597056581227,3.1108962887098914,19971.0,,,
rich_features,2.0,0.95,medium,Decision Tree,28,2.437265160465606,3.070833546428469,19971.0,,,
rich_features,2.0,0.95,medium,Random Forest,28,2.436974586882902,3.068594976755247,19971.0,,,
rich_features,2.0,0.95,medium,Naive (persistence),29,2.4672008012018027,3.223753849679747,19970.0,,,
rich_features,2.0,0.95,medium,Linear Regression,29,2.4685901168879174,3.161891779457127,19970.0,,,
rich_features,2.0,0.95,medium,Decision Tree,29,2.46531247955661,3.1315477134158036,19970.0,,,
rich_features,2.0,0.95,medium,Random Forest,29,2.4633866042418995,3.12703132646998,19970.0,,,
rich_features,2.0,0.95,medium,Linear Regression,ALL_MEAN,2.4596102402003694,,,0.04332037072250084,0.005636059014810013,5.0
rich_features,2.0,0.95,medium,Decision Tree,ALL_MEAN,2.4510644575341343,,,0.04308329894422339,0.009090922713095861,5.0
rich_features,2.0,0.95,medium,Random Forest,ALL_MEAN,2.450838924910488,,,0.043631669634352964,0.009182100374013236,5.0
rich_features,2.0,0.95,medium,Naive (persistence),ALL_MEAN,2.4735513214240767,,,0.044095154848115305,0.0,5.0
rich_features,2.0,0.95,long,Naive (persistence),25,3.3000350508236944,4.288276402709339,19971.0,,,
rich_features,2.0,0.95,long,Linear Regression,25,3.23863705869589,4.137470314382005,19971.0,,,
rich_features,2.0,0.95,long,Decision Tree,25,3.196693760654294,4.044710715809512,19971.0,,,
rich_features,2.0,0.95,long,Random Forest,25,3.1951789306936345,4.0416292816522,19971.0,,,
rich_features,2.0,0.95,long,Naive (persistence),26,3.4285213559661507,4.434045342488494,19971.0,,,
rich_features,2.0,0.95,long,Linear Regression,26,3.3416343316776125,4.276594908922456,19971.0,,,
rich_features,2.0,0.95,long,Decision Tree,26,3.3349733357973563,4.243426765093647,19971.0,,,
rich_features,2.0,0.95,long,Random Forest,26,3.334304924218248,4.242398020228616,19971.0,,,
rich_features,2.0,0.95,long,Naive (persistence),27,3.483451003955736,4.508988791390514,19971.0,,,
rich_features,2.0,0.95,long,Linear Regression,27,3.3997016749511424,4.330098069594015,19971.0,,,
rich_features,2.0,0.95,long,Decision Tree,27,3.3467161077666847,4.240958888423348,19971.0,,,
rich_features,2.0,0.95,long,Random Forest,27,3.3449089684600715,4.2386586154025725,19971.0,,,
rich_features,2.0,0.95,long,Naive (persistence),28,3.3090481197736716,4.276138886598206,19971.0,,,
rich_features,2.0,0.95,long,Linear Regression,28,3.2237115597494768,4.117944465669584,19971.0,,,
rich_features,2.0,0.95,long,Decision Tree,28,3.185797728556852,4.042920660751453,19971.0,,,
rich_features,2.0,0.95,long,Random Forest,28,3.184685186746354,4.0406165409328185,19971.0,,,
rich_features,2.0,0.95,long,Naive (persistence),29,3.3959439158738105,4.38980130909133,19970.0,,,
rich_features,2.0,0.95,long,Linear Regression,29,3.3318819075888877,4.2744049974940035,19970.0,,,
rich_features,2.0,0.95,long,Decision Tree,29,3.305060277316841,4.197081923639381,19970.0,,,
rich_features,2.0,0.95,long,Random Forest,29,3.3017280662960036,4.192498233335723,19970.0,,,
rich_features,2.0,0.95,long,Linear Regression,ALL_MEAN,3.3071133065326017,,,0.06636661604455447,0.022547314902902738,5.0
rich_features,2.0,0.95,long,Decision Tree,ALL_MEAN,3.2738482420184054,,,0.06888526839763895,0.03237916026638088,5.0
rich_features,2.0,0.95,long,Random Forest,ALL_MEAN,3.272161215282862,,,0.06871186584645811,0.03287777904948397,5.0
rich_features,2.0,0.95,long,Naive (persistence),ALL_MEAN,3.383399889278613,,,0.0702586746623091,0.0,5.0
rich_features,2.0,0.95,extra_long,Naive (persistence),25,2.911171198237444,3.77453418411401,19971.0,,,
rich_features,2.0,0.95,extra_long,Linear Regression,25,2.869012039446182,3.6567054586521817,19971.0,,,
rich_features,2.0,0.95,extra_long,Decision Tree,25,2.8399531426790454,3.5837339537008277,19971.0,,,
rich_features,2.0,0.95,extra_long,Random Forest,25,2.8375536387464075,3.5808446255352857,19971.0,,,
rich_features,2.0,0.95,extra_long,Naive (persistence),26,3.0030544289219367,3.8871209240469144,19971.0,,,
rich_features,2.0,0.95,extra_long,Linear Regression,26,2.949512728488184,3.7738808268470914,19971.0,,,
rich_features,2.0,0.95,extra_long,Decision Tree,26,2.9516913173209796,3.745089208940423,19971.0,,,
rich_features,2.0,0.95,extra_long,Random Forest,26,2.950348755992324,3.743293059257127,19971.0,,,
rich_features,2.0,0.95,extra_long,Naive (persistence),27,3.0922337389214363,3.9964620576227325,19971.0,,,
rich_features,2.0,0.95,extra_long,Linear Regression,27,3.0338877515935136,3.862006477493543,19971.0,,,
rich_features,2.0,0.95,extra_long,Decision Tree,27,3.001647426381979,3.7970150283794766,19971.0,,,
rich_features,2.0,0.95,extra_long,Random Forest,27,3.001247387067536,3.7958060094828814,19971.0,,,
rich_features,2.0,0.95,extra_long,Naive (persistence),28,2.9379600420609884,3.802257603869702,19971.0,,,
rich_features,2.0,0.95,extra_long,Linear Regression,28,2.8794342994483455,3.679996703703282,19971.0,,,
rich_features,2.0,0.95,extra_long,Decision Tree,28,2.855688792503126,3.6182183034027897,19971.0,,,
rich_features,2.0,0.95,extra_long,Random Forest,28,2.854766168161223,3.616754317767142,19971.0,,,
rich_features,2.0,0.95,extra_long,Naive (persistence),29,2.968252378567852,3.856606035774559,19970.0,,,
rich_features,2.0,0.95,extra_long,Linear Regression,29,2.941426429287949,3.7674536726695176,19970.0,,,
rich_features,2.0,0.95,extra_long,Decision Tree,29,2.9257153967536556,3.7139463094893506,19970.0,,,
rich_features,2.0,0.95,extra_long,Random Forest,29,2.9214432418427334,3.707167453930942,19970.0,,,
rich_features,2.0,0.95,extra_long,Linear Regression,ALL_MEAN,2.9346546496528347,,,0.05911356422737874,0.01605336333217222,5.0
rich_features,2.0,0.95,extra_long,Decision Tree,ALL_MEAN,2.9149392151277573,,,0.06019747610563583,0.022663659195669927,5.0
rich_features,2.0,0.95,extra_long,Random Forest,ALL_MEAN,2.9130718383620446,,,0.06055927018140129,0.02328976322062981,5.0
rich_features,2.0,0.95,extra_long,Naive (persistence),ALL_MEAN,2.9825343573419314,,,0.06283084057119542,0.0,5.0
rich_features,0.5,0.3,short,Naive (persistence),25,0.3163541779559987,0.8828041865666812,18454.0,,,
rich_features,0.5,0.3,short,Linear Regression,25,0.3733418828822024,0.7764628899435075,18454.0,,,
rich_features,0.5,0.3,short,Decision Tree,25,0.37659961980677054,0.7804333002401687,18454.0,,,
rich_features,0.5,0.3,short,Random Forest,25,0.37586489196424955,0.7766009949650637,18454.0,,,
rich_features,0.5,0.3,short,Naive (persistence),26,0.3329499397524373,0.9227768653201689,18258.0,,,
rich_features,0.5,0.3,short,Linear Regression,26,0.3855002747038608,0.800732243591672,18258.0,,,
rich_features,0.5,0.3,short,Decision Tree,26,0.38720237947759173,0.8039728784574466,18258.0,,,
rich_features,0.5,0.3,short,Random Forest,26,0.3861853561721114,0.7955597078364915,18258.0,,,
rich_features,0.5,0.3,short,Naive (persistence),27,0.34076537287396425,0.8894092670468223,18344.0,,,
rich_features,0.5,0.3,short,Linear Regression,27,0.39749891469527204,0.8000917563289067,18344.0,,,
rich_features,0.5,0.3,short,Decision Tree,27,0.3998588919566219,0.7959511836976534,18344.0,,,
rich_features,0.5,0.3,short,Random Forest,27,0.40004983618950574,0.7959548094731219,18344.0,,,
rich_features,0.5,0.3,short,Naive (persistence),28,0.3381158635625338,0.8908182304227346,18470.0,,,
rich_features,0.5,0.3,short,Linear Regression,28,0.3934280928078841,0.7849049741865196,18470.0,,,
rich_features,0.5,0.3,short,Decision Tree,28,0.3973828270004132,0.7843628002407899,18470.0,,,
rich_features,0.5,0.3,short,Random Forest,28,0.3967080545168502,0.7792859749859821,18470.0,,,
rich_features,0.5,0.3,short,Naive (persistence),29,0.32790533572165226,0.8835773290935466,18423.0,,,
rich_features,0.5,0.3,short,Linear Regression,29,0.3862403915367237,0.7810337473311167,18423.0,,,
rich_features,0.5,0.3,short,Decision Tree,29,0.38625071260870003,0.7754151861424554,18423.0,,,
rich_features,0.5,0.3,short,Random Forest,29,0.38665266203078463,0.7740311833106113,18423.0,,,
rich_features,0.5,0.3,short,Linear Regression,ALL_MEAN,0.3872019113251886,,,0.00825486632470824,-0.16902387560786702,5.0
rich_features,0.5,0.3,short,Decision Tree,ALL_MEAN,0.3894588861700195,,,0.00838682168760551,-0.1758380400091315,5.0
rich_features,0.5,0.3,short,Random Forest,ALL_MEAN,0.3890921601747003,,,0.008572441837552111,-0.17473083616587837,5.0
rich_features,0.5,0.3,short,Naive (persistence),ALL_MEAN,0.3312181379733173,,,0.00864452909196921,0.0,5.0
rich_features,0.5,0.3,medium,Naive (persistence),25,0.4180123550449767,1.1113374767908362,18454.0,,,
rich_features,0.5,0.3,medium,Linear Regression,25,0.4771832098814061,0.9247966813633423,18454.0,,,
rich_features,0.5,0.3,medium,Decision Tree,25,0.4788106806905964,0.9345361481450064,18454.0,,,
rich_features,0.5,0.3,medium,Random Forest,25,0.4790380967113384,0.9291429175036471,18454.0,,,
rich_features,0.5,0.3,medium,Naive (persistence),26,0.4435863730967247,1.1897663094825626,18258.0,,,
rich_features,0.5,0.3,medium,Linear Regression,26,0.4938574588056045,0.971836726538158,18258.0,,,
rich_features,0.5,0.3,medium,Decision Tree,26,0.49331285052293866,0.9755341830584192,18258.0,,,
rich_features,0.5,0.3,medium,Random Forest,26,0.4946363200516061,0.9720972360583295,18258.0,,,
rich_features,0.5,0.3,medium,Naive (persistence),27,0.4573702573048408,1.135643430339039,18344.0,,,
rich_features,0.5,0.3,medium,Linear Regression,27,0.5166268919752944,0.9847875089038421,18344.0,,,
rich_features,0.5,0.3,medium,Decision Tree,27,0.5188873421407207,0.9898465374280557,18344.0,,,
rich_features,0.5,0.3,medium,Random Forest,27,0.5178833009017013,0.9858936762751801,18344.0,,,
rich_features,0.5,0.3,medium,Naive (persistence),28,0.4478613968597726,1.1377272912609213,18470.0,,,
rich_features,0.5,0.3,medium,Linear Regression,28,0.49929294000611923,0.9363432417834552,18470.0,,,
rich_features,0.5,0.3,medium,Decision Tree,28,0.5020906841380209,0.9419608830359733,18470.0,,,
rich_features,0.5,0.3,medium,Random Forest,28,0.5016545276986973,0.9389683227530623,18470.0,,,
rich_features,0.5,0.3,medium,Naive (persistence),29,0.4396135265700483,1.1363390127258701,18423.0,,,
rich_features,0.5,0.3,medium,Linear Regression,29,0.5026915490323108,0.9703314196059645,18423.0,,,
rich_features,0.5,0.3,medium,Decision Tree,29,0.5040390192149287,0.9742716134805172,18423.0,,,
rich_features,0.5,0.3,medium,Random Forest,29,0.5033439927076439,0.9716302897142536,18423.0,,,
rich_features,0.5,0.3,medium,Linear Regression,ALL_MEAN,0.49793040994014703,,,0.012814980416278354,-0.12835501491111834,5.0
rich_features,0.5,0.3,medium,Decision Tree,ALL_MEAN,0.4994281153414411,,,0.013187010958781612,-0.13174894981983942,5.0
rich_features,0.5,0.3,medium,Random Forest,ALL_MEAN,0.4993112476141974,,,0.012645400374069488,-0.13148411705709928,5.0
rich_features,0.5,0.3,medium,Naive (persistence),ALL_MEAN,0.44128878177527264,,,0.013051364461013076,0.0,5.0
rich_features,0.5,0.3,long,Naive (persistence),25,0.5100249268451285,1.322168857073622,18454.0,,,
rich_features,0.5,0.3,long,Linear Regression,25,0.5502624904769795,1.018402944992096,18454.0,,,
rich_features,0.5,0.3,long,Decision Tree,25,0.5519377625876717,1.042386268397311,18454.0,,,
rich_features,0.5,0.3,long,Random Forest,25,0.5508708612347634,1.020447622369749,18454.0,,,
rich_features,0.5,0.3,long,Naive (persistence),26,0.5332457005148428,1.421475892284239,18258.0,,,
rich_features,0.5,0.3,long,Linear Regression,26,0.5736989563326231,1.092015078043417,18258.0,,,
rich_features,0.5,0.3,long,Decision Tree,26,0.5779441370633593,1.126117057340589,18258.0,,,
rich_features,0.5,0.3,long,Random Forest,26,0.5759341023505331,1.0996979401141425,18258.0,,,
rich_features,0.5,0.3,long,Naive (persistence),27,0.5749018752725686,1.4188700872404651,18344.0,,,
rich_features,0.5,0.3,long,Linear Regression,27,0.6107982546048858,1.1586371826832802,18344.0,,,
rich_features,0.5,0.3,long,Decision Tree,27,0.6115701834272628,1.1642443453850377,18344.0,,,
rich_features,0.5,0.3,long,Random Forest,27,0.6103289664669386,1.1597131531295073,18344.0,,,
rich_features,0.5,0.3,long,Naive (persistence),28,0.5345425013535463,1.3630795732893113,18470.0,,,
rich_features,0.5,0.3,long,Linear Regression,28,0.5744786075042213,1.062947421716422,18470.0,,,
rich_features,0.5,0.3,long,Decision Tree,28,0.5758586850309393,1.0679759495308336,18470.0,,,
rich_features,0.5,0.3,long,Random Forest,28,0.57610048903884,1.0657044422742066,18470.0,,,
rich_features,0.5,0.3,long,Naive (persistence),29,0.5358519242251534,1.3863424520456793,18423.0,,,
rich_features,0.5,0.3,long,Linear Regression,29,0.6000283096382257,1.1779315753368829,18423.0,,,
rich_features,0.5,0.3,long,Decision Tree,29,0.5995991507647157,1.180002739406027,18423.0,,,
rich_features,0.5,0.3,long,Random Forest,29,0.6001892019374234,1.1784283065791603,18423.0,,,
rich_features,0.5,0.3,long,Linear Regression,ALL_MEAN,0.5818533237113871,,,0.021386912020197928,-0.08208822627024293,5.0
rich_features,0.5,0.3,long,Decision Tree,ALL_MEAN,0.5833819837747898,,,0.02065178128751835,-0.08493111637530659,5.0
rich_features,0.5,0.3,long,Random Forest,ALL_MEAN,0.5826847242056996,,,0.02084061321629455,-0.08363440406032985,5.0
rich_features,0.5,0.3,long,Naive (persistence),ALL_MEAN,0.5377133856422479,,,0.02089552233241159,0.0,5.0
rich_features,0.5,0.3,extra_long,Naive (persistence),25,0.47068386257721906,1.2436029003816493,18454.0,,,
rich_features,0.5,0.3,extra_long,Linear Regression,25,0.5257616354755194,0.9972360877679617,18454.0,,,
rich_features,0.5,0.3,extra_long,Decision Tree,25,0.5268143944191749,1.003121676336113,18454.0,,,
rich_features,0.5,0.3,extra_long,Random Forest,25,0.5267862370959557,0.9989478787043528,18454.0,,,
rich_features,0.5,0.3,extra_long,Naive (persistence),26,0.5032314601818381,1.3422040329692657,18258.0,,,
rich_features,0.5,0.3,extra_long,Linear Regression,26,0.5453605475420241,1.0485080417298378,18258.0,,,
rich_features,0.5,0.3,extra_long,Decision Tree,26,0.5476203554574516,1.0624828197406817,18258.0,,,
rich_features,0.5,0.3,extra_long,Random Forest,26,0.5481342146505888,1.0608046093648917,18258.0,,,
rich_features,0.5,0.3,extra_long,Naive (persistence),27,0.5300370693414741,1.3015849642269282,18344.0,,,
rich_features,0.5,0.3,extra_long,Linear Regression,27,0.579938568808581,1.1043132289650996,18344.0,,,
rich_features,0.5,0.3,extra_long,Decision Tree,27,0.5792538402586532,1.1055755577204627,18344.0,,,
rich_features,0.5,0.3,extra_long,Random Forest,27,0.5796692485501228,1.1048494776499447,18344.0,,,
rich_features,0.5,0.3,extra_long,Naive (persistence),28,0.499837574445046,1.2835218198560405,18470.0,,,
rich_features,0.5,0.3,extra_long,Linear Regression,28,0.5439721903965524,1.0081957656709835,18470.0,,,
rich_features,0.5,0.3,extra_long,Decision Tree,28,0.5468097336632736,1.0168180716505861,18470.0,,,
rich_features,0.5,0.3,extra_long,Random Forest,28,0.5459612733455705,1.0116049972569325,18470.0,,,
rich_features,0.5,0.3,extra_long,Naive (persistence),29,0.4980187808717364,1.279210084385472,18423.0,,,
rich_features,0.5,0.3,extra_long,Linear Regression,29,0.5639888043246267,1.0944913419172693,18423.0,,,
rich_features,0.5,0.3,extra_long,Decision Tree,29,0.5637057403009127,1.0959266248157693,18423.0,,,
rich_features,0.5,0.3,extra_long,Random Forest,29,0.5641827071844495,1.0958027265508834,18423.0,,,
rich_features,0.5,0.3,extra_long,Linear Regression,ALL_MEAN,0.5518043493094608,,,0.01855307785319143,-0.10281081613273546,5.0
rich_features,0.5,0.3,extra_long,Decision Tree,ALL_MEAN,0.5528408128198932,,,0.017644807810141966,-0.10488224447733274,5.0
rich_features,0.5,0.3,extra_long,Random Forest,ALL_MEAN,0.5529467361653374,,,0.017869910344446162,-0.10509393800817035,5.0
rich_features,0.5,0.3,extra_long,Naive (persistence),ALL_MEAN,0.5003617494834627,,,0.01884357227690056,0.0,5.0
rich_features,0.5,0.5,short,Naive (persistence),25,1.0039011017976698,1.8753810655349064,18969.0,,,
rich_features,0.5,0.5,short,Linear Regression,25,1.1145424935659822,1.7859959270252825,18969.0,,,
rich_features,0.5,0.5,short,Decision Tree,25,1.1160836389297464,1.7485721555271225,18969.0,,,
rich_features,0.5,0.5,short,Random Forest,25,1.1138667957926347,1.7432359835817368,18969.0,,,
rich_features,0.5,0.5,short,Naive (persistence),26,0.9121755446679871,1.7473752113558552,19186.0,,,
rich_features,0.5,0.5,short,Linear Regression,26,1.0104233144494081,1.6195218877479411,19186.0,,,
rich_features,0.5,0.5,short,Decision Tree,26,1.027990481023154,1.6038033716266964,19186.0,,,
rich_features,0.5,0.5,short,Random Forest,26,1.0262087098688886,1.5989552551179336,19186.0,,,
rich_features,0.5,0.5,short,Naive (persistence),27,1.0300263852242744,1.9175209369223638,18950.0,,,
rich_features,0.5,0.5,short,Linear Regression,27,1.134910087686592,1.8191190864221085,18950.0,,,
rich_features,0.5,0.5,short,Decision Tree,27,1.1412829351969782,1.8029150359058637,18950.0,,,
rich_features,0.5,0.5,short,Random Forest,27,1.1395635561503912,1.7992034354990578,18950.0,,,
rich_features,0.5,0.5,short,Naive (persistence),28,0.9264467562339903,1.7413970823511922,19129.0,,,
rich_features,0.5,0.5,short,Linear Regression,28,1.0186936704518303,1.6115803469979346,19129.0,,,
rich_features,0.5,0.5,short,Decision Tree,28,1.0289210468163643,1.5880820369762334,19129.0,,,
rich_features,0.5,0.5,short,Random Forest,28,1.0285988158951538,1.5865411623104575,19129.0,,,
rich_features,0.5,0.5,short,Naive (persistence),29,0.9380989787902593,1.7870530275214571,19095.0,,,
rich_features,0.5,0.5,short,Linear Regression,29,1.0384198382606578,1.6690049905462259,19095.0,,,
rich_features,0.5,0.5,short,Decision Tree,29,1.042869764582769,1.6353935922770109,19095.0,,,
rich_features,0.5,0.5,short,Random Forest,29,1.0448283944622714,1.6383609655986369,19095.0,,,
rich_features,0.5,0.5,short,Linear Regression,ALL_MEAN,1.063397880882894,,,0.05129998218470815,-0.10525412730269523,5.0
rich_features,0.5,0.5,short,Decision Tree,ALL_MEAN,1.0714295733098025,,,0.04771387634889255,-0.1136019539851183,5.0
rich_features,0.5,0.5,short,Random Forest,ALL_MEAN,1.070613254433868,,,0.046961364065315654,-0.11275350410286666,5.0
rich_features,0.5,0.5,short,Naive (persistence),ALL_MEAN,0.9621297533428363,,,0.046262242801610266,0.0,5.0
rich_features,0.5,0.5,medium,Naive (persistence),25,1.4303337023564764,2.5824176280231677,18969.0,,,
rich_features,0.5,0.5,medium,Linear Regression,25,1.527119549415769,2.397921689318874,18969.0,,,
rich_features,0.5,0.5,medium,Decision Tree,25,1.5201582782271064,2.3596851885039434,18969.0,,,
rich_features,0.5,0.5,medium,Random Forest,25,1.5186116991471599,2.3504231676732936,18969.0,,,
rich_features,0.5,0.5,medium,Naive (persistence),26,1.244240592098405,2.32356121604211,19186.0,,,
rich_features,0.5,0.5,medium,Linear Regression,26,1.3321844442450852,2.059834156704915,19186.0,,,
rich_features,0.5,0.5,medium,Decision Tree,26,1.342845372635413,2.043234318493776,19186.0,,,
rich_features,0.5,0.5,medium,Random Forest,26,1.3425581164826166,2.039436432309323,19186.0,,,
rich_features,0.5,0.5,medium,Naive (persistence),27,1.4548284960422164,2.6475358185094,18950.0,,,
rich_features,0.5,0.5,medium,Linear Regression,27,1.535083376123739,2.4257839262104697,18950.0,,,
rich_features,0.5,0.5,medium,Decision Tree,27,1.5251565280647472,2.376120905321676,18950.0,,,
rich_features,0.5,0.5,medium,Random Forest,27,1.5288655544078638,2.38515466256118,18950.0,,,
rich_features,0.5,0.5,medium,Naive (persistence),28,1.2688588007736943,2.3089332093447656,19129.0,,,
rich_features,0.5,0.5,medium,Linear Regression,28,1.3409120343639565,2.031063595783366,19129.0,,,
rich_features,0.5,0.5,medium,Decision Tree,28,1.3450234655429754,2.0076521544515797,19129.0,,,
rich_features,0.5,0.5,medium,Random Forest,28,1.345438229427654,2.008220888339901,19129.0,,,
rich_features,0.5,0.5,medium,Naive (persistence),29,1.3029065200314218,2.425069814054318,19095.0,,,
rich_features,0.5,0.5,medium,Linear Regression,29,1.3884386164114821,2.153483306513997,19095.0,,,
rich_features,0.5,0.5,medium,Decision Tree,29,1.389113943748782,2.1311717042768628,19095.0,,,
rich_features,0.5,0.5,medium,Random Forest,29,1.3871907688494065,2.1229882120945422,19095.0,,,
rich_features,0.5,0.5,medium,Linear Regression,ALL_MEAN,1.4247476041120062,,,0.08895918353724677,-0.06305914166592985,5.0
rich_features,0.5,0.5,medium,Decision Tree,ALL_MEAN,1.4244595176438049,,,0.0818760103054374,-0.06284418924016122,5.0
rich_features,0.5,0.5,medium,Random Forest,ALL_MEAN,1.4245328736629401,,,0.08259102860395537,-0.0628989229954684,5.0
rich_features,0.5,0.5,medium,Naive (persistence),ALL_MEAN,1.3402336222604427,,,0.08596784174695,0.0,5.0
rich_features,0.5,0.5,long,Naive (persistence),25,1.8785386683536296,3.35913363785732,18969.0,,,
rich_features,0.5,0.5,long,Linear Regression,25,1.8649109606723724,2.9690125658497086,18969.0,,,
rich_features,0.5,0.5,long,Decision Tree,25,1.8512945241171748,2.9331753661356545,18969.0,,,
rich_features,0.5,0.5,long,Random Forest,25,1.8431290007131025,2.9164726931457525,18969.0,,,
rich_features,0.5,0.5,long,Naive (persistence),26,1.570885020327322,2.965637667648225,19186.0,,,
rich_features,0.5,0.5,long,Linear Regression,26,1.5961602332759983,2.47202499745022,19186.0,,,
rich_features,0.5,0.5,long,Decision Tree,26,1.6000221749489876,2.4716256625589414,19186.0,,,
rich_features,0.5,0.5,long,Random Forest,26,1.598808804556015,2.4682049058070215,19186.0,,,
rich_features,0.5,0.5,long,Naive (persistence),27,1.9520316622691294,3.4975075935235105,18950.0,,,
rich_features,0.5,0.5,long,Linear Regression,27,1.909151382976747,3.040030882619573,18950.0,,,
rich_features,0.5,0.5,long,Decision Tree,27,1.8977171265046993,3.0437610674946214,18950.0,,,
rich_features,0.5,0.5,long,Random Forest,27,1.887235622128323,2.984076016171842,18950.0,,,
rich_features,0.5,0.5,long,Naive (persistence),28,1.6106435255371425,2.9246912331283723,19129.0,,,
rich_features,0.5,0.5,long,Linear Regression,28,1.6084946936117324,2.402565427689309,19129.0,,,
rich_features,0.5,0.5,long,Decision Tree,28,1.6111003457409647,2.4038437083704682,19129.0,,,
rich_features,0.5,0.5,long,Random Forest,28,1.6076768512616548,2.396112035915504,19129.0,,,
rich_features,0.5,0.5,long,Naive (persistence),29,1.660434668761456,3.0901104193492213,19095.0,,,
rich_features,0.5,0.5,long,Linear Regression,29,1.6537360978768918,2.5087979668215166,19095.0,,,
rich_features,0.5,0.5,long,Decision Tree,29,1.6472910493831479,2.5146678562042233,19095.0,,,
rich_features,0.5,0.5,long,Random Forest,29,1.6462123566728477,2.501876560900859,19095.0,,,
rich_features,0.5,0.5,long,Linear Regression,ALL_MEAN,1.7264906736827483,,,0.13321217202666108,0.00462150727072097,5.0
rich_features,0.5,0.5,long,Decision Tree,ALL_MEAN,1.7214850441389948,,,0.12676829811690418,0.0075074168596759305,5.0
rich_features,0.5,0.5,long,Random Forest,ALL_MEAN,1.7166125270663888,,,0.12314182162392137,0.010316582743661207,5.0
rich_features,0.5,0.5,long,Naive (persistence),ALL_MEAN,1.734506709049736,,,0.15209413070643804,0.0,5.0
rich_features,0.5,0.5,extra_long,Naive (persistence),25,1.6965575412515157,3.0363569182352164,18969.0,,,
rich_features,0.5,0.5,extra_long,Linear Regression,25,1.7398929229304132,2.7522786527618357,18969.0,,,
rich_features,0.5,0.5,extra_long,Decision Tree,25,1.7284521588011474,2.7105058325380145,18969.0,,,
rich_features,0.5,0.5,extra_long,Random Forest,25,1.7273898984216356,2.7059857412905797,18969.0,,,
rich_features,0.5,0.5,extra_long,Naive (persistence),26,1.4463671427082248,2.6919967791626727,19186.0,,,
rich_features,0.5,0.5,extra_long,Linear Regression,26,1.4998799101772258,2.3067671842977413,19186.0,,,
rich_features,0.5,0.5,extra_long,Decision Tree,26,1.5028758053682347,2.2971181658887323,19186.0,,,
rich_features,0.5,0.5,extra_long,Random Forest,26,1.5030877991458218,2.2966049660058863,19186.0,,,
rich_features,0.5,0.5,extra_long,Naive (persistence),27,1.7595778364116095,3.1633454786687856,18950.0,,,
rich_features,0.5,0.5,extra_long,Linear Regression,27,1.775132294489848,2.810266352253126,18950.0,,,
rich_features,0.5,0.5,extra_long,Decision Tree,27,1.7498945849769614,2.7377612449333215,18950.0,,,
rich_features,0.5,0.5,extra_long,Random Forest,27,1.7571162193051442,2.7728077184766087,18950.0,,,
rich_features,0.5,0.5,extra_long,Naive (persistence),28,1.4609232056040566,2.6616390125744704,19129.0,,,
rich_features,0.5,0.5,extra_long,Linear Regression,28,1.499378529589098,2.2483868726723424,19129.0,,,
rich_features,0.5,0.5,extra_long,Decision Tree,28,1.5031614339232449,2.238221549869168,19129.0,,,
rich_features,0.5,0.5,extra_long,Random Forest,28,1.5023775015632945,2.2362454055088516,19129.0,,,
rich_features,0.5,0.5,extra_long,Naive (persistence),29,1.5201885310290653,2.8221619482800735,19095.0,,,
rich_features,0.5,0.5,extra_long,Linear Regression,29,1.5558245681358402,2.3840534209075974,19095.0,,,
rich_features,0.5,0.5,extra_long,Decision Tree,29,1.5526595114706776,2.3739565230095696,19095.0,,,
rich_features,0.5,0.5,extra_long,Random Forest,29,1.5510679792586461,2.364597787653263,19095.0,,,
rich_features,0.5,0.5,extra_long,Linear Regression,ALL_MEAN,1.614021645064485,,,0.11946421998395905,-0.0236558971860219,5.0
rich_features,0.5,0.5,extra_long,Decision Tree,ALL_MEAN,1.6074086989080532,,,0.10931224865073973,-0.019461789039141975,5.0
rich_features,0.5,0.5,extra_long,Random Forest,ALL_MEAN,1.6082078795389083,,,0.11125944066482453,-0.019968650869770732,5.0
rich_features,0.5,0.5,extra_long,Naive (persistence),ALL_MEAN,1.5767228514008944,,,0.12758886829987112,0.0,5.0
rich_features,0.5,0.7,short,Naive (persistence),25,1.8517486195109125,2.8775062245021092,19015.0,,,
rich_features,0.5,0.7,short,Linear Regression,25,1.950245038896048,2.7725214671328624,19015.0,,,
rich_features,0.5,0.7,short,Decision Tree,25,1.969065239460091,2.741974182717729,19015.0,,,
rich_features,0.5,0.7,short,Random Forest,25,1.965136236932451,2.7362147739698703,19015.0,,,
rich_features,0.5,0.7,short,Naive (persistence),26,1.8723482849604223,2.9209551334829813,18950.0,,,
rich_features,0.5,0.7,short,Linear Regression,26,1.9780893709321452,2.8183439169495634,18950.0,,,
rich_features,0.5,0.7,short,Decision Tree,26,1.9892465317897072,2.7809799319042856,18950.0,,,
rich_features,0.5,0.7,short,Random Forest,26,1.9869136122521796,2.7766511673993275,18950.0,,,
rich_features,0.5,0.7,short,Naive (persistence),27,1.8521226045637305,2.8352495974571528,19151.0,,,
rich_features,0.5,0.7,short,Linear Regression,27,1.9402829138122357,2.7328002191863354,19151.0,,,
rich_features,0.5,0.7,short,Decision Tree,27,1.9459290405044782,2.678932158144558,19151.0,,,
rich_features,0.5,0.7,short,Random Forest,27,1.9433416090756803,2.6735256335395707,19151.0,,,
rich_features,0.5,0.7,short,Naive (persistence),28,1.926506406862226,2.9426550033442553,18886.0,,,
rich_features,0.5,0.7,short,Linear Regression,28,2.0029351842092864,2.8346357489200926,18886.0,,,
rich_features,0.5,0.7,short,Decision Tree,28,2.014375047650496,2.7859342806271776,18886.0,,,
rich_features,0.5,0.7,short,Random Forest,28,2.0115590588402728,2.7789401464904318,18886.0,,,
rich_features,0.5,0.7,short,Naive (persistence),29,1.8982799682455676,2.9293163735780237,18895.0,,,
rich_features,0.5,0.7,short,Linear Regression,29,2.012705481204842,2.8386693089666704,18895.0,,,
rich_features,0.5,0.7,short,Decision Tree,29,2.0252300879191942,2.8093268106536824,18895.0,,,
rich_features,0.5,0.7,short,Random Forest,29,2.021176352858772,2.802724146904157,18895.0,,,
rich_features,0.5,0.7,short,Linear Regression,ALL_MEAN,1.9768515978109114,,,0.02832865737309774,-0.051404297674871646,5.0
rich_features,0.5,0.7,short,Decision Tree,ALL_MEAN,1.9887691894647932,,,0.02901313135100516,-0.057742763898993354,5.0
rich_features,0.5,0.7,short,Random Forest,ALL_MEAN,1.9856253739918714,,,0.028795170355300097,-0.056070700551908104,5.0
rich_features,0.5,0.7,short,Naive (persistence),ALL_MEAN,1.8802011768285716,,,0.028742439620214284,0.0,5.0
rich_features,0.5,0.7,medium,Naive (persistence),25,2.6947146989219037,4.062333149550048,19015.0,,,
rich_features,0.5,0.7,medium,Linear Regression,25,2.753716626181051,3.825341228523945,19015.0,,,
rich_features,0.5,0.7,medium,Decision Tree,25,2.7667057395601815,3.769604171051946,19015.0,,,
rich_features,0.5,0.7,medium,Random Forest,25,2.766603359087827,3.766286565548605,19015.0,,,
rich_features,0.5,0.7,medium,Naive (persistence),26,2.6953562005277045,4.131256748484622,18950.0,,,
rich_features,0.5,0.7,medium,Linear Regression,26,2.7812051485451987,3.905356445646465,18950.0,,,
rich_features,0.5,0.7,medium,Decision Tree,26,2.7894913686700233,3.8537042211436234,18950.0,,,
rich_features,0.5,0.7,medium,Random Forest,26,2.7858938564720206,3.846981672209859,18950.0,,,
rich_features,0.5,0.7,medium,Naive (persistence),27,2.6336483734530836,3.9538682313544937,19151.0,,,
rich_features,0.5,0.7,medium,Linear Regression,27,2.6850282999287525,3.719157301901466,19151.0,,,
rich_features,0.5,0.7,medium,Decision Tree,27,2.6826373359582485,3.640246942706155,19151.0,,,
rich_features,0.5,0.7,medium,Random Forest,27,2.6802647015632584,3.6357565355824217,19151.0,,,
rich_features,0.5,0.7,medium,Naive (persistence),28,2.8235730170496662,4.217455645176363,18886.0,,,
rich_features,0.5,0.7,medium,Linear Regression,28,2.843767895366005,3.970462370292375,18886.0,,,
rich_features,0.5,0.7,medium,Decision Tree,28,2.8377737387293096,3.885339617319693,18886.0,,,
rich_features,0.5,0.7,medium,Random Forest,28,2.8352902460272293,3.880738542840256,18886.0,,,
rich_features,0.5,0.7,medium,Naive (persistence),29,2.76200052924054,4.174165431811513,18895.0,,,
rich_features,0.5,0.7,medium,Linear Regression,29,2.84633420815963,3.950687367548596,18895.0,,,
rich_features,0.5,0.7,medium,Decision Tree,29,2.8613456099959724,3.89559990801428,18895.0,,,
rich_features,0.5,0.7,medium,Random Forest,29,2.8569830426016645,3.8850097402530217,18895.0,,,
rich_features,0.5,0.7,medium,Linear Regression,ALL_MEAN,2.7820104356361277,,,0.06026318002078129,-0.022099558219776494,5.0
rich_features,0.5,0.7,medium,Decision Tree,ALL_MEAN,2.7875907585827466,,,0.06231071635320948,-0.0241497466537961,5.0
rich_features,0.5,0.7,medium,Random Forest,ALL_MEAN,2.7850070411503998,,,0.06167557885364458,-0.023200499155534127,5.0
rich_features,0.5,0.7,medium,Naive (persistence),ALL_MEAN,2.7218585638385795,,,0.06508058040596185,0.0,5.0
rich_features,0.5,0.7,long,Naive (persistence),25,3.7395740205101236,5.560671031379367,19015.0,,,
rich_features,0.5,0.7,long,Linear Regression,25,3.663722755650058,5.0354718096448625,19015.0,,,
rich_features,0.5,0.7,long,Decision Tree,25,3.649377777512866,4.9475443401501416,19015.0,,,
rich_features,0.5,0.7,long,Random Forest,25,3.6455735377182625,4.940447145948078,19015.0,,,
rich_features,0.5,0.7,long,Naive (persistence),26,3.6973087071240105,5.685495130704668,18950.0,,,
rich_features,0.5,0.7,long,Linear Regression,26,3.6795107673124288,5.173453029308701,18950.0,,,
rich_features,0.5,0.7,long,Decision Tree,26,3.685914159360342,5.120968914704933,18950.0,,,
rich_features,0.5,0.7,long,Random Forest,26,3.6792365922846275,5.110347019191593,18950.0,,,
rich_features,0.5,0.7,long,Naive (persistence),27,3.497310845386664,5.238766698202687,19151.0,,,
rich_features,0.5,0.7,long,Linear Regression,27,3.450578842038226,4.74345729618162,19151.0,,,
rich_features,0.5,0.7,long,Decision Tree,27,3.4527330962836578,4.665655076385671,19151.0,,,
rich_features,0.5,0.7,long,Random Forest,27,3.448585404134381,4.656244378716544,19151.0,,,
rich_features,0.5,0.7,long,Naive (persistence),28,3.8524833209785028,5.797392849051659,18886.0,,,
rich_features,0.5,0.7,long,Linear Regression,28,3.768406083988418,5.252670403739904,18886.0,,,
rich_features,0.5,0.7,long,Decision Tree,28,3.735444639582076,5.127161925304795,18886.0,,,
rich_features,0.5,0.7,long,Random Forest,28,3.7342458393296742,5.122074644906563,18886.0,,,
rich_features,0.5,0.7,long,Naive (persistence),29,3.916009526329717,5.916866960943175,18895.0,,,
rich_features,0.5,0.7,long,Linear Regression,29,3.900326827867435,5.4286161440832155,18895.0,,,
rich_features,0.5,0.7,long,Decision Tree,29,3.896803737312649,5.3372350267506645,18895.0,,,
rich_features,0.5,0.7,long,Random Forest,29,3.8969124930554906,5.3322945634162755,18895.0,,,
rich_features,0.5,0.7,long,Linear Regression,ALL_MEAN,3.692509055371313,,,0.1472931907357921,0.01283992780905674,5.0
rich_features,0.5,0.7,long,Decision Tree,ALL_MEAN,3.6840546820103186,,,0.14326109706120405,0.015100130747551455,5.0
rich_features,0.5,0.7,long,Random Forest,ALL_MEAN,3.680910773304487,,,0.14472592888925728,0.015940627303814625,5.0
rich_features,0.5,0.7,long,Naive (persistence),ALL_MEAN,3.740537284065803,,,0.14446533231139744,0.0,5.0
rich_features,0.5,0.7,extra_long,Naive (persistence),25,3.2816723639232186,4.896944799268073,19015.0,,,
rich_features,0.5,0.7,extra_long,Linear Regression,25,3.274330264026591,4.512082041364175,19015.0,,,
rich_features,0.5,0.7,extra_long,Decision Tree,25,3.274626391231306,4.429635464572865,19015.0,,,
rich_features,0.5,0.7,extra_long,Random Forest,25,3.2750545326873772,4.4262011720121945,19015.0,,,
rich_features,0.5,0.7,extra_long,Naive (persistence),26,3.258311345646438,4.983916083268855,18950.0,,,
rich_features,0.5,0.7,extra_long,Linear Regression,26,3.292899346938432,4.613739501841544,18950.0,,,
rich_features,0.5,0.7,extra_long,Decision Tree,26,3.301436154292488,4.552432053905147,18950.0,,,
rich_features,0.5,0.7,extra_long,Random Forest,26,3.2968993727300324,4.545203153860264,18950.0,,,
rich_features,0.5,0.7,extra_long,Naive (persistence),27,3.129183854629001,4.687481397801322,19151.0,,,
rich_features,0.5,0.7,extra_long,Linear Regression,27,3.132946096733981,4.3240721565405345,19151.0,,,
rich_features,0.5,0.7,extra_long,Decision Tree,27,3.1372883959877362,4.239909969147188,19151.0,,,
rich_features,0.5,0.7,extra_long,Random Forest,27,3.1361117071284563,4.235625702274823,19151.0,,,
rich_features,0.5,0.7,extra_long,Naive (persistence),28,3.423170602562745,5.117790760922419,18886.0,,,
rich_features,0.5,0.7,extra_long,Linear Regression,28,3.3838121005345743,4.724069007545933,18886.0,,,
rich_features,0.5,0.7,extra_long,Decision Tree,28,3.3675439566809042,4.611108840407189,18886.0,,,
rich_features,0.5,0.7,extra_long,Random Forest,28,3.365954109823008,4.605908783261084,18886.0,,,
rich_features,0.5,0.7,extra_long,Naive (persistence),29,3.4106377348504897,5.127679144696486,18895.0,,,
rich_features,0.5,0.7,extra_long,Linear Regression,29,3.4428909232726763,4.76454436019515,18895.0,,,
rich_features,0.5,0.7,extra_long,Decision Tree,29,3.442688291073893,4.678674282639485,18895.0,,,
rich_features,0.5,0.7,extra_long,Random Forest,29,3.444085715055575,4.678064770826597,18895.0,,,
rich_features,0.5,0.7,extra_long,Linear Regression,ALL_MEAN,3.3053757463012516,,,0.10574890271158009,-0.0014483951280586105,5.0
rich_features,0.5,0.7,extra_long,Decision Tree,ALL_MEAN,3.3047166378532657,,,0.10191354156523842,-0.0012487013116477819,5.0
rich_features,0.5,0.7,extra_long,Random Forest,ALL_MEAN,3.3036210874848897,,,0.10250496503293574,-0.0009167762167716642,5.0
rich_features,0.5,0.7,extra_long,Naive (persistence),ALL_MEAN,3.3005951803223788,,,0.1083161448499863,0.0,5.0
rich_features,0.5,0.8,short,Naive (persistence),25,2.6551742513055525,3.7246782651151107,18766.0,,,
rich_features,0.5,0.8,short,Linear Regression,25,2.7172747715512733,3.6447200364177927,18766.0,,,
rich_features,0.5,0.8,short,Decision Tree,25,2.7485468488725115,3.6512560671528522,18766.0,,,
rich_features,0.5,0.8,short,Random Forest,25,2.7385725785531494,3.635033287366151,18766.0,,,
rich_features,0.5,0.8,short,Naive (persistence),26,2.283522277880306,3.319374057549243,18965.0,,,
rich_features,0.5,0.8,short,Linear Regression,26,2.371033386209193,3.2353589367015103,18965.0,,,
rich_features,0.5,0.8,short,Decision Tree,26,2.376026025544846,3.191214835561322,18965.0,,,
rich_features,0.5,0.8,short,Random Forest,26,2.3730607391322343,3.1845199798572184,18965.0,,,
rich_features,0.5,0.8,short,Naive (persistence),27,2.6015081826933364,3.609679941805946,18698.0,,,
rich_features,0.5,0.8,short,Linear Regression,27,2.676420051197821,3.5507251477950774,18698.0,,,
rich_features,0.5,0.8,short,Decision Tree,27,2.698494681871766,3.5710031489670246,18698.0,,,
rich_features,0.5,0.8,short,Random Forest,27,2.6866418168669117,3.5446933021634806,18698.0,,,
rich_features,0.5,0.8,short,Naive (persistence),28,2.575107752886713,3.6312056170036806,18793.0,,,
rich_features,0.5,0.8,short,Linear Regression,28,2.6651375886212523,3.5758950922629804,18793.0,,,
rich_features,0.5,0.8,short,Decision Tree,28,2.8167954874706327,4.014653776679723,18793.0,,,
rich_features,0.5,0.8,short,Random Forest,28,2.791483573803519,3.928145426766773,18793.0,,,
rich_features,0.5,0.8,short,Naive (persistence),29,2.50079575596817,3.5269331287153305,18850.0,,,
rich_features,0.5,0.8,short,Linear Regression,29,2.5599081981155494,3.438419825897615,18850.0,,,
rich_features,0.5,0.8,short,Decision Tree,29,2.5738646085421055,3.412928246598795,18850.0,,,
rich_features,0.5,0.8,short,Random Forest,29,2.567865234381562,3.4001325762419463,18850.0,,,
rich_features,0.5,0.8,short,Linear Regression,ALL_MEAN,2.5979547991390177,,,0.12477856410075754,-0.029618149148951334,5.0
rich_features,0.5,0.8,short,Decision Tree,ALL_MEAN,2.6427455304603726,,,0.15522831578214366,-0.047369554946082415,5.0
rich_features,0.5,0.8,short,Random Forest,ALL_MEAN,2.631524788547475,,,0.14895645861336831,-0.0429225647504623,5.0
rich_features,0.5,0.8,short,Naive (persistence),ALL_MEAN,2.5232216441468154,,,0.12976220372891312,0.0,5.0
rich_features,0.5,0.8,medium,Naive (persistence),25,3.89379729297666,5.380130690358489,18766.0,,,
rich_features,0.5,0.8,medium,Linear Regression,25,3.932937799613164,5.217824470017898,18766.0,,,
rich_features,0.5,0.8,medium,Decision Tree,25,3.95831023397308,5.20140039116526,18766.0,,,
rich_features,0.5,0.8,medium,Random Forest,25,3.951290523565808,5.189436758201023,18766.0,,,
rich_features,0.5,0.8,medium,Naive (persistence),26,3.281729501713683,4.738876133393409,18965.0,,,
rich_features,0.5,0.8,medium,Linear Regression,26,3.3699980901598434,4.547086377215427,18965.0,,,
rich_features,0.5,0.8,medium,Decision Tree,26,3.3960842179619792,4.482094089108179,18965.0,,,
rich_features,0.5,0.8,medium,Random Forest,26,3.3894338569329574,4.473989927122549,18965.0,,,
rich_features,0.5,0.8,medium,Naive (persistence),27,3.7779441651513532,5.19488628486468,18698.0,,,
rich_features,0.5,0.8,medium,Linear Regression,27,3.815773290244255,5.068144069926056,18698.0,,,
rich_features,0.5,0.8,medium,Decision Tree,27,3.8346969540910845,5.047494665726868,18698.0,,,
rich_features,0.5,0.8,medium,Random Forest,27,3.827262697561496,5.033785537799317,18698.0,,,
rich_features,0.5,0.8,medium,Naive (persistence),28,3.7793859415739903,5.267535196589089,18793.0,,,
rich_features,0.5,0.8,medium,Linear Regression,28,3.861570635721025,5.167281226803937,18793.0,,,
rich_features,0.5,0.8,medium,Decision Tree,28,4.011227989115536,5.5053438977247495,18793.0,,,
rich_features,0.5,0.8,medium,Random Forest,28,4.008846205626406,5.502900688964852,18793.0,,,
rich_features,0.5,0.8,medium,Naive (persistence),29,3.6188328912466843,5.063160753617855,18850.0,,,
rich_features,0.5,0.8,medium,Linear Regression,29,3.636709660715513,4.863276116300186,18850.0,,,
rich_features,0.5,0.8,medium,Decision Tree,29,3.6531305640719465,4.809383234300337,18850.0,,,
rich_features,0.5,0.8,medium,Random Forest,29,3.6500298076721998,4.8032552569653015,18850.0,,,
rich_features,0.5,0.8,medium,Linear Regression,ALL_MEAN,3.72339789529076,,,0.20195948285466006,-0.014456417190394477,5.0
rich_features,0.5,0.8,medium,Decision Tree,ALL_MEAN,3.7706899918427252,,,0.22419031178350066,-0.02734136050795044,5.0
rich_features,0.5,0.8,medium,Random Forest,ALL_MEAN,3.7653726182717735,,,0.22463710886526111,-0.02589261828556455,5.0
rich_features,0.5,0.8,medium,Naive (persistence),ALL_MEAN,3.670337958532474,,,0.2131074551139693,0.0,5.0
rich_features,0.5,0.8,long,Naive (persistence),25,5.621869338164766,7.688010793750879,18766.0,,,
rich_features,0.5,0.8,long,Linear Regression,25,5.545320754154548,7.32568387555467,18766.0,,,
rich_features,0.5,0.8,long,Decision Tree,25,5.583054688930943,7.311657457717204,18766.0,,,
rich_features,0.5,0.8,long,Random Forest,25,5.577547176614531,7.29860487297792,18766.0,,,
rich_features,0.5,0.8,long,Naive (persistence),26,4.604481940416557,6.6036843889277765,18965.0,,,
rich_features,0.5,0.8,long,Linear Regression,26,4.601721180374899,6.154091081668071,18965.0,,,
rich_features,0.5,0.8,long,Decision Tree,26,4.606711357716963,6.043896630312484,18965.0,,,
rich_features,0.5,0.8,long,Random Forest,26,4.601996694096741,6.031772450719788,18965.0,,,
rich_features,0.5,0.8,long,Naive (persistence),27,5.479837415766392,7.471491795214088,18698.0,,,
rich_features,0.5,0.8,long,Linear Regression,27,5.387375198556495,7.1939500129788785,18698.0,,,
rich_features,0.5,0.8,long,Decision Tree,27,5.34991523649939,7.088525074269839,18698.0,,,
rich_features,0.5,0.8,long,Random Forest,27,5.340951337452136,7.0774579777332605,18698.0,,,
rich_features,0.5,0.8,long,Naive (persistence),28,5.315117330921088,7.466496942855421,18793.0,,,
rich_features,0.5,0.8,long,Linear Regression,28,5.3852555178607275,7.255998676811666,18793.0,,,
rich_features,0.5,0.8,long,Decision Tree,28,5.52075649777096,7.454802955832306,18793.0,,,
rich_features,0.5,0.8,long,Random Forest,28,5.528467769416841,7.4913619066884385,18793.0,,,
rich_features,0.5,0.8,long,Naive (persistence),29,5.127957559681698,7.149661934839533,18850.0,,,
rich_features,0.5,0.8,long,Linear Regression,29,5.03936692001198,6.705968164088588,18850.0,,,
rich_features,0.5,0.8,long,Decision Tree,29,5.022176062355841,6.619109808048356,18850.0,,,
rich_features,0.5,0.8,long,Random Forest,29,5.018803969498129,6.608349257602809,18850.0,,,
rich_features,0.5,0.8,long,Linear Regression,ALL_MEAN,5.191807914191729,,,0.3382544829653523,0.0072745457390751556,5.0
rich_features,0.5,0.8,long,Decision Tree,ALL_MEAN,5.216522768654819,,,0.3617562605263828,0.002548819069412067,5.0
rich_features,0.5,0.8,long,Random Forest,ALL_MEAN,5.213553389415676,,,0.36326896623918276,0.003116593995366901,5.0
rich_features,0.5,0.8,long,Naive (persistence),ALL_MEAN,5.2298527169901,,,0.3535281223787934,0.0,5.0
rich_features,0.5,0.8,extra_long,Naive (persistence),25,4.855909623787701,6.636454152113021,18766.0,,,
rich_features,0.5,0.8,extra_long,Linear Regression,25,4.834341777352678,6.378947204855609,18766.0,,,
rich_features,0.5,0.8,extra_long,Decision Tree,25,4.854988536152814,6.365573677904226,18766.0,,,
rich_features,0.5,0.8,extra_long,Random Forest,25,4.845492957779704,6.3497556637636015,18766.0,,,
rich_features,0.5,0.8,extra_long,Naive (persistence),26,3.997679936725547,5.746650464697351,18965.0,,,
rich_features,0.5,0.8,extra_long,Linear Regression,26,4.051601132401164,5.434097494954751,18965.0,,,
rich_features,0.5,0.8,extra_long,Decision Tree,26,4.0636665276979445,5.345459538619303,18965.0,,,
rich_features,0.5,0.8,extra_long,Random Forest,26,4.056175269708538,5.334441422018191,18965.0,,,
rich_features,0.5,0.8,extra_long,Naive (persistence),27,4.698630869611724,6.430507597399264,18698.0,,,
rich_features,0.5,0.8,extra_long,Linear Regression,27,4.683591491952974,6.233203679907534,18698.0,,,
rich_features,0.5,0.8,extra_long,Decision Tree,27,4.693035987162677,6.190895125688682,18698.0,,,
rich_features,0.5,0.8,extra_long,Random Forest,27,4.674836445395649,6.163464612263892,18698.0,,,
rich_features,0.5,0.8,extra_long,Naive (persistence),28,4.626988772415261,6.463751054032096,18793.0,,,
rich_features,0.5,0.8,extra_long,Linear Regression,28,4.699768903951659,6.309603848294242,18793.0,,,
rich_features,0.5,0.8,extra_long,Decision Tree,28,4.848295595889258,6.5682221470698945,18793.0,,,
rich_features,0.5,0.8,extra_long,Random Forest,28,4.851101027851393,6.578250202714869,18793.0,,,
rich_features,0.5,0.8,extra_long,Naive (persistence),29,4.448859416445623,6.196041347664076,18850.0,,,
rich_features,0.5,0.8,extra_long,Linear Regression,29,4.411340758896499,5.873177748859352,18850.0,,,
rich_features,0.5,0.8,extra_long,Decision Tree,29,4.41179514127833,5.806687044074699,18850.0,,,
rich_features,0.5,0.8,extra_long,Random Forest,29,4.40733881072323,5.795394267120292,18850.0,,,
rich_features,0.5,0.8,extra_long,Linear Regression,ALL_MEAN,4.536128812910995,,,0.27849359952145863,-0.002323461469663668,5.0
rich_features,0.5,0.8,extra_long,Decision Tree,ALL_MEAN,4.574356357636204,,,0.30169926476685455,-0.01077039199848806,5.0
rich_features,0.5,0.8,extra_long,Random Forest,ALL_MEAN,4.566988902291702,,,0.3021039623498827,-0.009142445869157134,5.0
rich_features,0.5,0.8,extra_long,Naive (persistence),ALL_MEAN,4.525613723797171,,,0.29458870379140173,0.0,5.0
rich_features,0.5,0.9,short,Naive (persistence),25,3.103117378856961,4.134052900426218,18862.0,,,
rich_features,0.5,0.9,short,Linear Regression,25,3.132058640414731,4.068056906486191,18862.0,,,
rich_features,0.5,0.9,short,Decision Tree,25,3.1773600721372466,4.099124524571124,18862.0,,,
rich_features,0.5,0.9,short,Random Forest,25,3.158196917285182,4.070197186365787,18862.0,,,
rich_features,0.5,0.9,short,Naive (persistence),26,3.1773971878634106,4.204305104833122,18918.0,,,
rich_features,0.5,0.9,short,Linear Regression,26,3.2132307890874734,4.152781278286435,18918.0,,,
rich_features,0.5,0.9,short,Decision Tree,26,3.2758191468492637,4.213047286478892,18918.0,,,
rich_features,0.5,0.9,short,Random Forest,26,3.2430509970375914,4.161328174664142,18918.0,,,
rich_features,0.5,0.9,short,Naive (persistence),27,3.2130998772220147,4.240180154484774,18733.0,,,
rich_features,0.5,0.9,short,Linear Regression,27,3.255694005614939,4.191203935253826,18733.0,,,
rich_features,0.5,0.9,short,Decision Tree,27,3.3299497219696987,4.280126481236281,18733.0,,,
rich_features,0.5,0.9,short,Random Forest,27,3.296681835506622,4.227671231246851,18733.0,,,
rich_features,0.5,0.9,short,Naive (persistence),28,3.1252680102915953,4.162625970979258,18656.0,,,
rich_features,0.5,0.9,short,Linear Regression,28,3.15354721392731,4.096325477408683,18656.0,,,
rich_features,0.5,0.9,short,Decision Tree,28,3.2156175941396787,4.15139546174506,18656.0,,,
rich_features,0.5,0.9,short,Random Forest,28,3.1911020972932143,4.114616238801668,18656.0,,,
rich_features,0.5,0.9,short,Naive (persistence),29,3.013921847808891,4.068644498951886,18963.0,,,
rich_features,0.5,0.9,short,Linear Regression,29,3.061421150137712,4.01039345672003,18963.0,,,
rich_features,0.5,0.9,short,Decision Tree,29,3.106941455254608,4.038958310588546,18963.0,,,
rich_features,0.5,0.9,short,Random Forest,29,3.089030120100981,4.005985451055343,18963.0,,,
rich_features,0.5,0.9,short,Linear Regression,ALL_MEAN,3.1631903598364333,,,0.0670523904149913,-0.011715588169638691,5.0
rich_features,0.5,0.9,short,Decision Tree,ALL_MEAN,3.2211375980700994,,,0.07722415598575282,-0.0302494471990431,5.0
rich_features,0.5,0.9,short,Random Forest,ALL_MEAN,3.1956123934447183,,,0.07105701210758099,-0.022085459429412646,5.0
rich_features,0.5,0.9,short,Naive (persistence),ALL_MEAN,3.126560860408575,,,0.06828198747583392,0.0,5.0
rich_features,0.5,0.9,medium,Naive (persistence),25,4.574594422648712,6.030767963612969,18862.0,,,
rich_features,0.5,0.9,medium,Linear Regression,25,4.568397327931668,5.897850194963476,18862.0,,,
rich_features,0.5,0.9,medium,Decision Tree,25,4.609927809897224,5.896944866772608,18862.0,,,
rich_features,0.5,0.9,medium,Random Forest,25,4.599455290468122,5.87700023533607,18862.0,,,
rich_features,0.5,0.9,medium,Naive (persistence),26,4.723120837297811,6.16370223875922,18918.0,,,
rich_features,0.5,0.9,medium,Linear Regression,26,4.738372198860731,6.071587025204474,18918.0,,,
rich_features,0.5,0.9,medium,Decision Tree,26,4.76782989929845,6.084998161636143,18918.0,,,
rich_features,0.5,0.9,medium,Random Forest,26,4.746768981253385,6.045793644413757,18918.0,,,
rich_features,0.5,0.9,medium,Naive (persistence),27,4.760529546789089,6.19120506241824,18733.0,,,
rich_features,0.5,0.9,medium,Linear Regression,27,4.799051495541348,6.105960065585082,18733.0,,,
rich_features,0.5,0.9,medium,Decision Tree,27,4.869882283522742,6.17616979417245,18733.0,,,
rich_features,0.5,0.9,medium,Random Forest,27,4.828052730855044,6.118591078275405,18733.0,,,
rich_features,0.5,0.9,medium,Naive (persistence),28,4.674367495711835,6.1490605412785415,18656.0,,,
rich_features,0.5,0.9,medium,Linear Regression,28,4.674141353537169,6.027048256995689,18656.0,,,
rich_features,0.5,0.9,medium,Decision Tree,28,4.716660647438627,6.045142103175013,18656.0,,,
rich_features,0.5,0.9,medium,Random Forest,28,4.694752886902867,6.010069166083556,18656.0,,,
rich_features,0.5,0.9,medium,Naive (persistence),29,4.436745240731952,5.901152756889853,18963.0,,,
rich_features,0.5,0.9,medium,Linear Regression,29,4.477274061465383,5.7935277526965185,18963.0,,,
rich_features,0.5,0.9,medium,Decision Tree,29,4.507446065730269,5.762710934150662,18963.0,,,
rich_features,0.5,0.9,medium,Random Forest,29,4.492634539784536,5.742716350955214,18963.0,,,
rich_features,0.5,0.9,medium,Linear Regression,ALL_MEAN,4.65144728746726,,,0.1158374477718592,-0.0037928930050445953,5.0
rich_features,0.5,0.9,medium,Decision Tree,ALL_MEAN,4.694349341177462,,,0.1255140071656006,-0.013051253671767515,5.0
rich_features,0.5,0.9,medium,Random Forest,ALL_MEAN,4.672332885852791,,,0.11652870750318575,-0.00830005258998523,5.0
rich_features,0.5,0.9,medium,Naive (persistence),ALL_MEAN,4.633871508635879,,,0.1166363276904262,0.0,5.0
rich_features,0.5,0.9,long,Naive (persistence),25,6.613561658360725,8.764194297591159,18862.0,,,
rich_features,0.5,0.9,long,Linear Regression,25,6.548601027977385,8.500859871306869,18862.0,,,
rich_features,0.5,0.9,long,Decision Tree,25,6.561792975772857,8.418969132357013,18862.0,,,
rich_features,0.5,0.9,long,Random Forest,25,6.5542890430225835,8.405125272922962,18862.0,,,
rich_features,0.5,0.9,long,Naive (persistence),26,6.832540437678402,8.89619572290342,18918.0,,,
rich_features,0.5,0.9,long,Linear Regression,26,6.782484526498443,8.711199018034998,18918.0,,,
rich_features,0.5,0.9,long,Decision Tree,26,6.767106116822898,8.610722948985307,18918.0,,,
rich_features,0.5,0.9,long,Random Forest,26,6.739945732498338,8.57134025320833,18918.0,,,
rich_features,0.5,0.9,long,Naive (persistence),27,6.776864357017029,8.913892609283996,18733.0,,,
rich_features,0.5,0.9,long,Linear Regression,27,6.790644997418165,8.749467390468375,18733.0,,,
rich_features,0.5,0.9,long,Decision Tree,27,6.844634797125258,8.776207370103071,18733.0,,,
rich_features,0.5,0.9,long,Random Forest,27,6.8203354251699135,8.73767444880561,18733.0,,,
rich_features,0.5,0.9,long,Naive (persistence),28,6.808265437392796,8.987159102336136,18656.0,,,
rich_features,0.5,0.9,long,Linear Regression,28,6.744412147310872,8.736110250750322,18656.0,,,
rich_features,0.5,0.9,long,Decision Tree,28,6.770279752889482,8.67655255694479,18656.0,,,
rich_features,0.5,0.9,long,Random Forest,28,6.76090846805273,8.659443291306228,18656.0,,,
rich_features,0.5,0.9,long,Naive (persistence),29,6.414544112218531,8.464595077465287,18963.0,,,
rich_features,0.5,0.9,long,Linear Regression,29,6.383121743068824,8.226365867769564,18963.0,,,
rich_features,0.5,0.9,long,Decision Tree,29,6.401317884036984,8.149764492870041,18963.0,,,
rich_features,0.5,0.9,long,Random Forest,29,6.389706544330953,8.133344517592247,18963.0,,,
rich_features,0.5,0.9,long,Linear Regression,ALL_MEAN,6.649852888454738,,,0.15984521635692076,0.005875527013579074,5.0
rich_features,0.5,0.9,long,Decision Tree,ALL_MEAN,6.669026305329496,,,0.16363192735825025,0.0030091834619706548,5.0
rich_features,0.5,0.9,long,Random Forest,ALL_MEAN,6.653037042614903,,,0.15891647640111103,0.0053995096295138545,5.0
rich_features,0.5,0.9,long,Naive (persistence),ALL_MEAN,6.689155200533496,,,0.15720375589062022,0.0,5.0
rich_features,0.5,0.9,extra_long,Naive (persistence),25,5.70761319054183,7.529959952962862,18862.0,,,
rich_features,0.5,0.9,extra_long,Linear Regression,25,5.664445555699358,7.328937394420684,18862.0,,,
rich_features,0.5,0.9,extra_long,Decision Tree,25,5.686422455477895,7.284455731167512,18862.0,,,
rich_features,0.5,0.9,extra_long,Random Forest,25,5.673473203097458,7.263642769660881,18862.0,,,
rich_features,0.5,0.9,extra_long,Naive (persistence),26,5.875938259858336,7.655865334809537,18918.0,,,
rich_features,0.5,0.9,extra_long,Linear Regression,26,5.867574210928688,7.519570637791215,18918.0,,,
rich_features,0.5,0.9,extra_long,Decision Tree,26,5.873654776456951,7.468514044534391,18918.0,,,
rich_features,0.5,0.9,extra_long,Random Forest,26,5.8539599652857905,7.444686915474598,18918.0,,,
rich_features,0.5,0.9,extra_long,Naive (persistence),27,5.869481663374793,7.68575202421041,18733.0,,,
rich_features,0.5,0.9,extra_long,Linear Regression,27,5.886454529593354,7.564049006718991,18733.0,,,
rich_features,0.5,0.9,extra_long,Decision Tree,27,5.926346444058941,7.58452679175998,18733.0,,,
rich_features,0.5,0.9,extra_long,Random Forest,27,5.904712864880916,7.555946092361207,18733.0,,,
rich_features,0.5,0.9,extra_long,Naive (persistence),28,5.834101629502573,7.688947119369446,18656.0,,,
rich_features,0.5,0.9,extra_long,Linear Regression,28,5.811043451235869,7.507975942350011,18656.0,,,
rich_features,0.5,0.9,extra_long,Decision Tree,28,5.835539333671382,7.490331564934548,18656.0,,,
rich_features,0.5,0.9,extra_long,Random Forest,28,5.819577499312859,7.460413813148737,18656.0,,,
rich_features,0.5,0.9,extra_long,Naive (persistence),29,5.503612297632231,7.301367820541288,18963.0,,,
rich_features,0.5,0.9,extra_long,Linear Regression,29,5.505660311010717,7.125038878481256,18963.0,,,
rich_features,0.5,0.9,extra_long,Decision Tree,29,5.544729666422719,7.07636726818401,18963.0,,,
rich_features,0.5,0.9,extra_long,Random Forest,29,5.532588927893653,7.053646176208445,18963.0,,,
rich_features,0.5,0.9,extra_long,Linear Regression,ALL_MEAN,5.7470356116935974,,,0.14362962453870598,0.0019300986654778862,5.0
rich_features,0.5,0.9,extra_long,Decision Tree,ALL_MEAN,5.773338535217578,,,0.13939880025428758,-0.002637848718208602,5.0
rich_features,0.5,0.9,extra_long,Random Forest,ALL_MEAN,5.756862492094135,,,0.13599502144004977,0.0002234947370396423,5.0
rich_features,0.5,0.9,extra_long,Naive (persistence),ALL_MEAN,5.758149408181952,,,0.14098288867055625,0.0,5.0
rich_features,0.5,0.95,short,Naive (persistence),25,3.6243767613266855,4.643309021015444,18452.0,,,
rich_features,0.5,0.95,short,Linear Regression,25,3.6314012279009957,4.596568316703977,18452.0,,,
rich_features,0.5,0.95,short,Decision Tree,25,4.2876056608786355,5.44311977846482,18452.0,,,
rich_features,0.5,0.95,short,Random Forest,25,3.9307455739444332,4.97151546125244,18452.0,,,
rich_features,0.5,0.95,short,Naive (persistence),26,3.4329020530367838,4.4508952300650995,18704.0,,,
rich_features,0.5,0.95,short,Linear Regression,26,3.437767243431262,4.394926753968482,18704.0,,,
rich_features,0.5,0.95,short,Decision Tree,26,3.6353098014443277,4.611210387034428,18704.0,,,
rich_features,0.5,0.95,short,Random Forest,26,3.550868816791749,4.503563482618539,18704.0,,,
rich_features,0.5,0.95,short,Naive (persistence),27,3.340201271186441,4.395713676846293,18880.0,,,
rich_features,0.5,0.95,short,Linear Regression,27,3.3599048860006118,4.342481472870353,18880.0,,,
rich_features,0.5,0.95,short,Decision Tree,27,3.494307823783736,4.486675314208182,18880.0,,,
rich_features,0.5,0.95,short,Random Forest,27,3.4421653123773663,4.41981457543372,18880.0,,,
rich_features,0.5,0.95,short,Naive (persistence),28,3.4407453149331473,4.428572418378531,18623.0,,,
rich_features,0.5,0.95,short,Linear Regression,28,3.459306790927053,4.38463086127219,18623.0,,,
rich_features,0.5,0.95,short,Decision Tree,28,3.6234215280026962,4.593056738960288,18623.0,,,
rich_features,0.5,0.95,short,Random Forest,28,3.5542715147638186,4.493719478998977,18623.0,,,
rich_features,0.5,0.95,short,Naive (persistence),29,3.356706507304117,4.381853198157054,18825.0,,,
rich_features,0.5,0.95,short,Linear Regression,29,3.3817928753485194,4.339944049725602,18825.0,,,
rich_features,0.5,0.95,short,Decision Tree,29,3.4853457675494655,4.442679199690317,18825.0,,,
rich_features,0.5,0.95,short,Random Forest,29,3.4466909524650626,4.388469777735874,18825.0,,,
rich_features,0.5,0.95,short,Linear Regression,ALL_MEAN,3.4540346047216888,,,0.0957398698746796,-0.004375772827992064,5.0
rich_features,0.5,0.95,short,Decision Tree,ALL_MEAN,3.705198116331772,,,0.297852347869796,-0.07740994154614111,5.0
rich_features,0.5,0.95,short,Random Forest,ALL_MEAN,3.584948434068486,,,0.1795440373264016,-0.042443335424011686,5.0
rich_features,0.5,0.95,short,Naive (persistence),ALL_MEAN,3.4389863815574353,,,0.10093382143692536,0.0,5.0
rich_features,0.5,0.95,medium,Naive (persistence),25,5.451875135486668,6.925566604565799,18452.0,,,
rich_features,0.5,0.95,medium,Linear Regression,25,5.467233907267162,6.878244033972855,18452.0,,,
rich_features,0.5,0.95,medium,Decision Tree,25,5.894706073450901,7.437203245124707,18452.0,,,
rich_features,0.5,0.95,medium,Random Forest,25,5.690891101958714,7.161371223944186,18452.0,,,
rich_features,0.5,0.95,medium,Naive (persistence),26,5.101475620188195,6.549247535775301,18704.0,,,
rich_features,0.5,0.95,medium,Linear Regression,26,5.0958749021411744,6.4732816913837885,18704.0,,,
rich_features,0.5,0.95,medium,Decision Tree,26,5.221526699547651,6.592863222654459,18704.0,,,
rich_features,0.5,0.95,medium,Random Forest,26,5.165391602955681,6.5169924149433305,18704.0,,,
rich_features,0.5,0.95,medium,Naive (persistence),27,4.9586334745762715,6.4751194282553195,18880.0,,,
rich_features,0.5,0.95,medium,Linear Regression,27,4.962896115415984,6.391767075116006,18880.0,,,
rich_features,0.5,0.95,medium,Decision Tree,27,5.065789782424171,6.474584788267003,18880.0,,,
rich_features,0.5,0.95,medium,Random Forest,27,5.029412401511494,6.421472684119026,18880.0,,,
rich_features,0.5,0.95,medium,Naive (persistence),28,5.093808731138914,6.525658879321544,18623.0,,,
rich_features,0.5,0.95,medium,Linear Regression,28,5.093183337438875,6.457796338313938,18623.0,,,
rich_features,0.5,0.95,medium,Decision Tree,28,5.217981160985013,6.595882034487396,18623.0,,,
rich_features,0.5,0.95,medium,Random Forest,28,5.149880378336566,6.503675303675408,18623.0,,,
rich_features,0.5,0.95,medium,Naive (persistence),29,4.915112881806109,6.351446803211368,18825.0,,,
rich_features,0.5,0.95,medium,Linear Regression,29,4.941312087224947,6.28784769313818,18825.0,,,
rich_features,0.5,0.95,medium,Decision Tree,29,5.012509843995726,6.334494422517907,18825.0,,,
rich_features,0.5,0.95,medium,Random Forest,29,4.974348060885825,6.282422397986749,18825.0,,,
rich_features,0.5,0.95,medium,Linear Regression,ALL_MEAN,5.112100069897628,,,0.18877049363648768,-0.0015514537977319165,5.0
rich_features,0.5,0.95,medium,Decision Tree,ALL_MEAN,5.282502712080692,,,0.3170282962229908,-0.03493636639253572,5.0
rich_features,0.5,0.95,medium,Random Forest,ALL_MEAN,5.201984709129656,,,0.25482661659894157,-0.019161455532053395,5.0
rich_features,0.5,0.95,medium,Naive (persistence),ALL_MEAN,5.104181168639231,,,0.18864620344299665,0.0,5.0
rich_features,0.5,0.95,long,Naive (persistence),25,8.112237155863863,10.273527190623668,18452.0,,,
rich_features,0.5,0.95,long,Linear Regression,25,8.123074400051395,10.221447587722462,18452.0,,,
rich_features,0.5,0.95,long,Decision Tree,25,8.406267868299848,10.64282379976983,18452.0,,,
rich_features,0.5,0.95,long,Random Forest,25,8.310566406674315,10.476917128817794,18452.0,,,
rich_features,0.5,0.95,long,Naive (persistence),26,7.426860564585115,9.48501812661818,18704.0,,,
rich_features,0.5,0.95,long,Linear Regression,26,7.397140862704698,9.366996437449826,18704.0,,,
rich_features,0.5,0.95,long,Decision Tree,26,7.487839177468431,9.430712484931375,18704.0,,,
rich_features,0.5,0.95,long,Random Forest,26,7.441029827006901,9.374235358880577,18704.0,,,
rich_features,0.5,0.95,long,Naive (persistence),27,7.346875,9.552284201937056,18880.0,,,
rich_features,0.5,0.95,long,Linear Regression,27,7.332017016762834,9.404036263731152,18880.0,,,
rich_features,0.5,0.95,long,Decision Tree,27,7.413187049579469,9.405438907115697,18880.0,,,
rich_features,0.5,0.95,long,Random Forest,27,7.380107661107961,9.364036008790457,18880.0,,,
rich_features,0.5,0.95,long,Naive (persistence),28,7.467164259249316,9.579526643841925,18623.0,,,
rich_features,0.5,0.95,long,Linear Regression,28,7.4166927772566416,9.458229712067052,18623.0,,,
rich_features,0.5,0.95,long,Decision Tree,28,7.506506859851914,9.545521246996529,18623.0,,,
rich_features,0.5,0.95,long,Random Forest,28,7.463077385002515,9.470285220343564,18623.0,,,
rich_features,0.5,0.95,long,Naive (persistence),29,7.070225763612218,9.168978822244181,18825.0,,,
rich_features,0.5,0.95,long,Linear Regression,29,7.073795897733568,9.049410500703093,18825.0,,,
rich_features,0.5,0.95,long,Decision Tree,29,7.116578533647317,9.03139760293213,18825.0,,,
rich_features,0.5,0.95,long,Random Forest,29,7.091296529340994,8.99906738129837,18825.0,,,
rich_features,0.5,0.95,long,Linear Regression,ALL_MEAN,7.468544190901826,,,0.34947465810889394,0.002154851485541398,5.0
rich_features,0.5,0.95,long,Decision Tree,ALL_MEAN,7.586075897769396,,,0.43336240775573703,-0.013548134330261252,5.0
rich_features,0.5,0.95,long,Random Forest,ALL_MEAN,7.537215561826537,,,0.40898566480340026,-0.00702008175011315,5.0
rich_features,0.5,0.95,long,Naive (persistence),ALL_MEAN,7.484672548662102,,,0.3429986600466099,0.0,5.0
rich_features,0.5,0.95,extra_long,Naive (persistence),25,6.873455451983525,8.718124250093062,18452.0,,,
rich_features,0.5,0.95,extra_long,Linear Regression,25,6.885794019369042,8.66875986153548,18452.0,,,
rich_features,0.5,0.95,extra_long,Decision Tree,25,7.262962391177774,9.146079945753039,18452.0,,,
rich_features,0.5,0.95,extra_long,Random Forest,25,7.080243477793285,8.92074852925309,18452.0,,,
rich_features,0.5,0.95,extra_long,Naive (persistence),26,6.341424294268606,8.120773560223453,18704.0,,,
rich_features,0.5,0.95,extra_long,Linear Regression,26,6.3250166300032005,8.016654296986577,18704.0,,,
rich_features,0.5,0.95,extra_long,Decision Tree,26,6.452720058061232,8.123813327254489,18704.0,,,
rich_features,0.5,0.95,extra_long,Random Forest,26,6.394473179056745,8.049426163574259,18704.0,,,
rich_features,0.5,0.95,extra_long,Naive (persistence),27,6.226641949152542,8.117421498213643,18880.0,,,
rich_features,0.5,0.95,extra_long,Linear Regression,27,6.218920838051607,7.99885433735176,18880.0,,,
rich_features,0.5,0.95,extra_long,Decision Tree,27,6.314100743998082,8.047733514344442,18880.0,,,
rich_features,0.5,0.95,extra_long,Random Forest,27,6.287445649392921,8.0027742757109,18880.0,,,
rich_features,0.5,0.95,extra_long,Naive (persistence),28,6.383235783708318,8.167667215037337,18623.0,,,
rich_features,0.5,0.95,extra_long,Linear Regression,28,6.360433614746599,8.076675856199119,18623.0,,,
rich_features,0.5,0.95,extra_long,Decision Tree,28,6.472105669646285,8.187860644335396,18623.0,,,
rich_features,0.5,0.95,extra_long,Random Forest,28,6.40934806220773,8.106759440187693,18623.0,,,
rich_features,0.5,0.95,extra_long,Naive (persistence),29,6.080318725099602,7.8790592733650975,18825.0,,,
rich_features,0.5,0.95,extra_long,Linear Regression,29,6.105971707079666,7.789655451710243,18825.0,,,
rich_features,0.5,0.95,extra_long,Decision Tree,29,6.145370147547581,7.796828880625377,18825.0,,,
rich_features,0.5,0.95,extra_long,Random Forest,29,6.12770161331864,7.766129148737987,18825.0,,,
rich_features,0.5,0.95,extra_long,Linear Regression,ALL_MEAN,6.379227361850023,,,0.2684282478890236,0.00028018723118738986,5.0
rich_features,0.5,0.95,extra_long,Decision Tree,ALL_MEAN,6.529451802086191,,,0.38499582317973063,-0.023262217004840435,5.0
rich_features,0.5,0.95,extra_long,Random Forest,ALL_MEAN,6.459842396353865,,,0.32611606900613466,-0.012353387750400957,5.0
rich_features,0.5,0.95,extra_long,Naive (persistence),ALL_MEAN,6.381015240842519,,,0.2677010433961605,0.0,5.0
