dataset,weibull_shape,rho,horizon,model,test_run_id,accuracy,precision_congested,recall_congested,f1_congested,n_test,congestion_rate,accuracy_std,precision_congested_std,recall_congested_std,f1_congested_std,n_test_runs
history_only,2.0,0.3,short,Naive (always 'not congested'),25,0.935099685204617,0.0,0.0,0.0,19060.0,0.064900314795383,,,,,
history_only,2.0,0.3,short,Naive (persistence),25,0.8826337880377755,0.1,0.10105092966855295,0.10052271813429835,19060.0,0.064900314795383,,,,,
history_only,2.0,0.3,short,Logistic Regression,25,0.935099685204617,0.0,0.0,0.0,19060.0,0.064900314795383,,,,,
history_only,2.0,0.3,short,Random Forest,25,0.9350472193074502,0.3333333333333333,0.0008084074373484236,0.0016129032258064516,19060.0,0.064900314795383,,,,,
history_only,2.0,0.3,short,Naive (always 'not congested'),26,0.9354206399660945,0.0,0.0,0.0,18876.0,0.06457936003390549,,,,,
history_only,2.0,0.3,short,Naive (persistence),26,0.8844564526382708,0.11209677419354838,0.1140278917145201,0.11305408702724686,18876.0,0.06457936003390549,,,,,
history_only,2.0,0.3,short,Logistic Regression,26,0.9354206399660945,0.0,0.0,0.0,18876.0,0.06457936003390549,,,,,
history_only,2.0,0.3,short,Random Forest,26,0.9355265946175038,0.625,0.004101722723543888,0.008149959250203748,18876.0,0.06457936003390549,,,,,
history_only,2.0,0.3,short,Naive (always 'not congested'),27,0.9299490251721058,0.0,0.0,0.0,19029.0,0.07005097482789427,,,,,
history_only,2.0,0.3,short,Naive (persistence),27,0.8733512007987808,0.10433504775900074,0.10652663165791448,0.10541945063103192,19029.0,0.07005097482789427,,,,,
history_only,2.0,0.3,short,Logistic Regression,27,0.9299490251721058,0.0,0.0,0.0,19029.0,0.07005097482789427,,,,,
history_only,2.0,0.3,short,Random Forest,27,0.9299490251721058,0.0,0.0,0.0,19029.0,0.07005097482789427,,,,,
history_only,2.0,0.3,short,Naive (always 'not congested'),28,0.9352134949920928,0.0,0.0,0.0,18970.0,0.06478650500790722,,,,,
history_only,2.0,0.3,short,Naive (persistence),28,0.881813389562467,0.09577015163607343,0.09764035801464606,0.09669621273166801,18970.0,0.06478650500790722,,,,,
history_only,2.0,0.3,short,Logistic Regression,28,0.9352134949920928,0.0,0.0,0.0,18970.0,0.06478650500790722,,,,,
history_only,2.0,0.3,short,Random Forest,28,0.9352134949920928,0.0,0.0,0.0,18970.0,0.06478650500790722,,,,,
history_only,2.0,0.3,short,Naive (always 'not congested'),29,0.9349960619585193,0.0,0.0,0.0,19045.0,0.0650039380414807,,,,,
history_only,2.0,0.3,short,Naive (persistence),29,0.8817012339196639,0.08906882591093117,0.0888529886914378,0.08896077638495754,19045.0,0.0650039380414807,,,,,
history_only,2.0,0.3,short,Logistic Regression,29,0.9349960619585193,0.0,0.0,0.0,19045.0,0.0650039380414807,,,,,
history_only,2.0,0.3,short,Random Forest,29,0.9348910475190338,0.0,0.0,0.0,19045.0,0.0650039380414807,,,,,
history_only,2.0,0.3,short,Naive (always 'not congested'),ALL_MEAN,0.9341357814586859,0.0,0.0,0.0,,0.06586421854131413,0.0020981157745548944,0.0,0.0,0.0,5.0
history_only,2.0,0.3,short,Naive (persistence),ALL_MEAN,0.8807912129913916,0.10025415989991075,0.10161975994941427,0.10093064898184054,,0.06586421854131413,0.003848527742635041,0.0077741080882149345,0.008452085894786729,0.008105575836488741,5.0
history_only,2.0,0.3,short,Logistic Regression,ALL_MEAN,0.9341357814586859,0.0,0.0,0.0,,0.06586421854131413,0.0020981157745548944,0.0,0.0,0.0,5.0
history_only,2.0,0.3,short,Random Forest,ALL_MEAN,0.9341254763216373,0.19166666666666665,0.0009820260321784624,0.00195257249520204,,0.06586421854131413,0.002098826848545314,0.2522124325070259,0.0015909604801009776,0.003161031345959761,5.0
history_only,2.0,0.3,medium,Naive (always 'not congested'),25,0.9354669464847849,0.0,0.0,0.0,19060.0,0.06453305351521511,,,,,
history_only,2.0,0.3,medium,Naive (persistence),25,0.878488982161595,0.0656,0.06666666666666667,0.06612903225806452,19060.0,0.06453305351521511,,,,,
history_only,2.0,0.3,medium,Logistic Regression,25,0.9354669464847849,0.0,0.0,0.0,19060.0,0.06453305351521511,,,,,
history_only,2.0,0.3,medium,Random Forest,25,0.935414480587618,0.0,0.0,0.0,19060.0,0.06453305351521511,,,,,
history_only,2.0,0.3,medium,Naive (always 'not congested'),26,0.9352087306632761,0.0,0.0,0.0,18876.0,0.06479126933672388,,,,,
history_only,2.0,0.3,medium,Naive (persistence),26,0.881277813095995,0.08951612903225807,0.09076042518397383,0.09013398294762484,18876.0,0.06479126933672388,,,,,
history_only,2.0,0.3,medium,Logistic Regression,26,0.9352087306632761,0.0,0.0,0.0,18876.0,0.06479126933672388,,,,,
history_only,2.0,0.3,medium,Random Forest,26,0.9351557533375715,0.0,0.0,0.0,18876.0,0.06479126933672388,,,,,
history_only,2.0,0.3,medium,Naive (always 'not congested'),27,0.9288979977928425,0.0,0.0,0.0,19029.0,0.0711020022071575,,,,,
history_only,2.0,0.3,medium,Naive (persistence),27,0.8693572967575806,0.08376193975018369,0.08425720620842572,0.08400884303610906,19029.0,0.0711020022071575,,,,,
history_only,2.0,0.3,medium,Logistic Regression,27,0.9288979977928425,0.0,0.0,0.0,19029.0,0.0711020022071575,,,,,
history_only,2.0,0.3,medium,Random Forest,27,0.9288979977928425,0.0,0.0,0.0,19029.0,0.0711020022071575,,,,,
history_only,2.0,0.3,medium,Naive (always 'not congested'),28,0.9348972061149183,0.0,0.0,0.0,18970.0,0.06510279388508171,,,,,
history_only,2.0,0.3,medium,Naive (persistence),28,0.8774907749077491,0.06544293695131684,0.06639676113360324,0.06591639871382636,18970.0,0.06510279388508171,,,,,
history_only,2.0,0.3,medium,Logistic Regression,28,0.9348972061149183,0.0,0.0,0.0,18970.0,0.06510279388508171,,,,,
history_only,2.0,0.3,medium,Random Forest,28,0.9348972061149183,0.0,0.0,0.0,18970.0,0.06510279388508171,,,,,
history_only,2.0,0.3,medium,Naive (always 'not congested'),29,0.9348910475190338,0.0,0.0,0.0,19045.0,0.06510895248096614,,,,,
history_only,2.0,0.3,medium,Naive (persistence),29,0.8800210028878971,0.07692307692307693,0.07661290322580645,0.07676767676767676,19045.0,0.06510895248096614,,,,,
history_only,2.0,0.3,medium,Logistic Regression,29,0.9348910475190338,0.0,0.0,0.0,19045.0,0.06510895248096614,,,,,
history_only,2.0,0.3,medium,Random Forest,29,0.9348910475190338,0.0,0.0,0.0,19045.0,0.06510895248096614,,,,,
history_only,2.0,0.3,medium,Naive (always 'not congested'),ALL_MEAN,0.9338723857149711,0.0,0.0,0.0,,0.06612761428502888,0.002496433687984218,0.0,0.0,0.0,5.0
history_only,2.0,0.3,medium,Naive (persistence),ALL_MEAN,0.8773271739621633,0.07624881653136711,0.07693879248369519,0.07659118674466031,,0.06612761428502888,0.00418950522292724,0.009623799203957985,0.009605768137357145,0.009611117298066404,5.0
history_only,2.0,0.3,medium,Logistic Regression,ALL_MEAN,0.9338723857149711,0.0,0.0,0.0,,0.06612761428502888,0.002496433687984218,0.0,0.0,0.0,5.0
history_only,2.0,0.3,medium,Random Forest,ALL_MEAN,0.9338512970703968,0.0,0.0,0.0,,0.06612761428502888,0.0024841630107283945,0.0,0.0,0.0,5.0
history_only,2.0,0.3,long,Naive (always 'not congested'),25,0.9349422875131165,0.0,0.0,0.0,19060.0,0.06505771248688352,,,,,
history_only,2.0,0.3,long,Naive (persistence),25,0.8766002098635887,0.0552,0.055645161290322584,0.05542168674698795,19060.0,0.06505771248688352,,,,,
history_only,2.0,0.3,long,Logistic Regression,25,0.9349422875131165,0.0,0.0,0.0,19060.0,0.06505771248688352,,,,,
history_only,2.0,0.3,long,Random Forest,25,0.9348898216159496,0.3333333333333333,0.0008064516129032258,0.0016090104585679806,19060.0,0.06505771248688352,,,,,
history_only,2.0,0.3,long,Naive (always 'not congested'),26,0.9357914812460267,0.0,0.0,0.0,18876.0,0.06420851875397329,,,,,
history_only,2.0,0.3,long,Naive (persistence),26,0.8779402415766052,0.05967741935483871,0.06105610561056106,0.06035889070146819,18876.0,0.06420851875397329,,,,,
history_only,2.0,0.3,long,Logistic Regression,26,0.9357914812460267,0.0,0.0,0.0,18876.0,0.06420851875397329,,,,,
history_only,2.0,0.3,long,Random Forest,26,0.9356325492689129,0.0,0.0,0.0,18876.0,0.06420851875397329,,,,,
history_only,2.0,0.3,long,Naive (always 'not congested'),27,0.9298439224341795,0.0,0.0,0.0,19029.0,0.0701560775658206,,,,,
history_only,2.0,0.3,long,Naive (persistence),27,0.8698828104472122,0.08082292432035268,0.08239700374531835,0.08160237388724036,19029.0,0.0701560775658206,,,,,
history_only,2.0,0.3,long,Logistic Regression,27,0.9298439224341795,0.0,0.0,0.0,19029.0,0.0701560775658206,,,,,
history_only,2.0,0.3,long,Random Forest,27,0.9298439224341795,0.0,0.0,0.0,19029.0,0.0701560775658206,,,,,
history_only,2.0,0.3,long,Naive (always 'not congested'),28,0.9335266209804955,0.0,0.0,0.0,18970.0,0.06647337901950448,,,,,
history_only,2.0,0.3,long,Naive (persistence),28,0.8755930416447022,0.061452513966480445,0.06106264869151467,0.061256961018297536,18970.0,0.06647337901950448,,,,,
history_only,2.0,0.3,long,Logistic Regression,28,0.9335266209804955,0.0,0.0,0.0,18970.0,0.06647337901950448,,,,,
history_only,2.0,0.3,long,Random Forest,28,0.9335266209804955,0.0,0.0,0.0,18970.0,0.06647337901950448,,,,,
history_only,2.0,0.3,long,Naive (always 'not congested'),29,0.9367813074297716,0.0,0.0,0.0,19045.0,0.06321869257022841,,,,,
history_only,2.0,0.3,long,Naive (persistence),29,0.8794959306904699,0.058299595141700404,0.059800664451827246,0.05904059040590406,19045.0,0.06321869257022841,,,,,
history_only,2.0,0.3,long,Logistic Regression,29,0.9367813074297716,0.0,0.0,0.0,19045.0,0.06321869257022841,,,,,
history_only,2.0,0.3,long,Random Forest,29,0.9367813074297716,0.0,0.0,0.0,19045.0,0.06321869257022841,,,,,
history_only,2.0,0.3,long,Naive (always 'not congested'),ALL_MEAN,0.9341771239207179,0.0,0.0,0.0,,0.06582287607928206,0.0024154993621988306,0.0,0.0,0.0,5.0
history_only,2.0,0.3,long,Naive (persistence),ALL_MEAN,0.8759024468445157,0.06309049055667446,0.06399231675790878,0.06353610055197961,,0.06582287607928206,0.0032828146668816022,0.009099271944768414,0.009414687965521897,0.00924913719808113,5.0
history_only,2.0,0.3,long,Logistic Regression,ALL_MEAN,0.9341771239207179,0.0,0.0,0.0,,0.06582287607928206,0.0024154993621988306,0.0,0.0,0.0,5.0
history_only,2.0,0.3,long,Random Forest,ALL_MEAN,0.9341348443458619,0.06666666666666667,0.00016129032258064516,0.00032180209171359613,,0.06582287607928206,0.002391602980584834,0.13333333333333333,0.00032258064516129027,0.0006436041834271923,5.0
history_only,2.0,0.3,extra_long,Naive (always 'not congested'),25,0.9347848898216159,0.0,0.0,0.0,19060.0,0.06521511017838405,,,,,
history_only,2.0,0.3,extra_long,Naive (persistence),25,0.8785414480587618,0.0712,0.07160096540627514,0.07139991977537104,19060.0,0.06521511017838405,,,,,
history_only,2.0,0.3,extra_long,Logistic Regression,25,0.9347848898216159,0.0,0.0,0.0,19060.0,0.06521511017838405,,,,,
history_only,2.0,0.3,extra_long,Random Forest,25,0.9347848898216159,0.0,0.0,0.0,19060.0,0.06521511017838405,,,,,
history_only,2.0,0.3,extra_long,Naive (always 'not congested'),26,0.9361623225259589,0.0,0.0,0.0,18876.0,0.06383767747404111,,,,,
history_only,2.0,0.3,extra_long,Naive (persistence),26,0.8810659037931765,0.08064516129032258,0.08298755186721991,0.081799591002045,18876.0,0.06383767747404111,,,,,
history_only,2.0,0.3,extra_long,Logistic Regression,26,0.9361623225259589,0.0,0.0,0.0,18876.0,0.06383767747404111,,,,,
history_only,2.0,0.3,extra_long,Random Forest,26,0.9361623225259589,0.0,0.0,0.0,18876.0,0.06383767747404111,,,,,
history_only,2.0,0.3,extra_long,Naive (always 'not congested'),27,0.9294235114824742,0.0,0.0,0.0,19029.0,0.07057648851752588,,,,,
history_only,2.0,0.3,extra_long,Naive (persistence),27,0.8679909611645383,0.07053637031594416,0.07148175725986597,0.07100591715976332,19029.0,0.07057648851752588,,,,,
history_only,2.0,0.3,extra_long,Logistic Regression,27,0.9294235114824742,0.0,0.0,0.0,19029.0,0.07057648851752588,,,,,
history_only,2.0,0.3,extra_long,Random Forest,27,0.9294235114824742,0.0,0.0,0.0,19029.0,0.07057648851752588,,,,,
history_only,2.0,0.3,extra_long,Naive (always 'not congested'),28,0.9340010542962572,0.0,0.0,0.0,18970.0,0.06599894570374275,,,,,
history_only,2.0,0.3,extra_long,Naive (persistence),28,0.8767000527148129,0.06624102154828412,0.06629392971246006,0.06626746506986028,18970.0,0.06599894570374275,,,,,
history_only,2.0,0.3,extra_long,Logistic Regression,28,0.9340010542962572,0.0,0.0,0.0,18970.0,0.06599894570374275,,,,,
history_only,2.0,0.3,extra_long,Random Forest,28,0.9340010542962572,0.0,0.0,0.0,18970.0,0.06599894570374275,,,,,
history_only,2.0,0.3,extra_long,Naive (always 'not congested'),29,0.9359936991336308,0.0,0.0,0.0,19045.0,0.06400630086636913,,,,,
history_only,2.0,0.3,extra_long,Naive (persistence),29,0.879863481228669,0.06720647773279352,0.06808859721082855,0.06764466177669112,19045.0,0.06400630086636913,,,,,
history_only,2.0,0.3,extra_long,Logistic Regression,29,0.9359936991336308,0.0,0.0,0.0,19045.0,0.06400630086636913,,,,,
history_only,2.0,0.3,extra_long,Random Forest,29,0.9359936991336308,0.0,0.0,0.0,19045.0,0.06400630086636913,,,,,
history_only,2.0,0.3,extra_long,Naive (always 'not congested'),ALL_MEAN,0.9340730954519874,0.0,0.0,0.0,,0.06592690454801257,0.0024569924912732685,0.0,0.0,0.0,5.0
history_only,2.0,0.3,extra_long,Naive (persistence),ALL_MEAN,0.8768323693919917,0.07116580617746888,0.07209056029132993,0.07162351095674616,,0.06592690454801257,0.004652298561554463,0.005102652593573818,0.005813284858893362,0.005449816300442453,5.0
history_only,2.0,0.3,extra_long,Logistic Regression,ALL_MEAN,0.9340730954519874,0.0,0.0,0.0,,0.06592690454801257,0.0024569924912732685,0.0,0.0,0.0,5.0
history_only,2.0,0.3,extra_long,Random Forest,ALL_MEAN,0.9340730954519874,0.0,0.0,0.0,,0.06592690454801257,0.0024569924912732685,0.0,0.0,0.0,5.0
history_only,2.0,0.5,short,Naive (always 'not congested'),25,0.9267556003020387,0.0,0.0,0.0,19865.0,0.07324439969796123,,,,,
history_only,2.0,0.5,short,Naive (persistence),25,0.8890007550969041,0.24209078404401652,0.24192439862542955,0.2420075627363355,19865.0,0.07324439969796123,,,,,
history_only,2.0,0.5,short,Logistic Regression,25,0.9274603574125346,0.6842105263157895,0.017869415807560136,0.034829202947086406,19865.0,0.07324439969796123,,,,,
history_only,2.0,0.5,short,Random Forest,25,0.9275106972061414,0.6470588235294118,0.02268041237113402,0.043824701195219126,19865.0,0.07324439969796123,,,,,
history_only,2.0,0.5,short,Naive (always 'not congested'),26,0.9221925268518986,0.0,0.0,0.0,19831.0,0.07780747314810146,,,,,
history_only,2.0,0.5,short,Naive (persistence),26,0.8818012203116333,0.24010382868267358,0.23979261179520414,0.23994811932555124,19831.0,0.07780747314810146,,,,,
history_only,2.0,0.5,short,Logistic Regression,26,0.9240582925722354,0.7681159420289855,0.034348671419313026,0.06575682382133995,19831.0,0.07780747314810146,,,,,
history_only,2.0,0.5,short,Random Forest,26,0.9241591447733347,0.76,0.03694102397926118,0.07045735475896168,19831.0,0.07780747314810146,,,,,
history_only,2.0,0.5,short,Naive (always 'not congested'),27,0.9344138521165752,0.0,0.0,0.0,19867.0,0.06558614788342478,,,,,
history_only,2.0,0.5,short,Naive (persistence),27,0.8938440630190768,0.19095092024539878,0.1910974673829624,0.19102416570771003,19867.0,0.06558614788342478,,,,,
history_only,2.0,0.5,short,Logistic Regression,27,0.9346151910202849,0.5769230769230769,0.011511895625479662,0.022573363431151242,19867.0,0.06558614788342478,,,,,
history_only,2.0,0.5,short,Random Forest,27,0.9344138521165752,0.5,0.011511895625479662,0.02250562640660165,19867.0,0.06558614788342478,,,,,
history_only,2.0,0.5,short,Naive (always 'not congested'),28,0.9238484023787925,0.0,0.0,0.0,19842.0,0.07615159762120755,,,,,
history_only,2.0,0.5,short,Naive (persistence),28,0.8858482007862111,0.25066137566137564,0.25082726671078753,0.2507442937479325,19842.0,0.07615159762120755,,,,,
history_only,2.0,0.5,short,Logistic Regression,28,0.9255115411752848,0.7538461538461538,0.03242885506287227,0.06218274111675127,19842.0,0.07615159762120755,,,,,
history_only,2.0,0.5,short,Random Forest,28,0.9258139300473742,0.7532467532467533,0.03838517538054269,0.07304785894206549,19842.0,0.07615159762120755,,,,,
history_only,2.0,0.5,short,Naive (always 'not congested'),29,0.9206077681626081,0.0,0.0,0.0,19876.0,0.07939223183739183,,,,,
history_only,2.0,0.5,short,Naive (persistence),29,0.8810122761118937,0.2511068943706515,0.25158428390367554,0.25134536245647354,19876.0,0.07939223183739183,,,,,
history_only,2.0,0.5,short,Logistic Regression,29,0.9215636949084323,0.7021276595744681,0.02091254752851711,0.040615384615384616,19876.0,0.07939223183739183,,,,,
history_only,2.0,0.5,short,Random Forest,29,0.9215133829744415,0.6607142857142857,0.023447401774397972,0.04528763769889841,19876.0,0.07939223183739183,,,,,
history_only,2.0,0.5,short,Naive (always 'not congested'),ALL_MEAN,0.9255636299623827,0.0,0.0,0.0,,0.07443637003761736,0.004870608452599518,0.0,0.0,0.0,5.0
history_only,2.0,0.5,short,Naive (persistence),ALL_MEAN,0.8863013030651438,0.23498276060082315,0.2350452056836118,0.23501390079480053,,0.07443637003761736,0.004745737488952651,0.022455996796837203,0.022467217988422113,0.02246115097389588,5.0
history_only,2.0,0.5,short,Logistic Regression,ALL_MEAN,0.9266418154177544,0.6970446717376948,0.02341427708874844,0.04519150318634269,,0.07443637003761736,0.004426830639632704,0.0676716830371492,0.00871199652599979,0.016441003330924357,5.0
history_only,2.0,0.5,short,Random Forest,ALL_MEAN,0.9266822014235734,0.6642039724980902,0.026593181826163104,0.05102463580034927,,0.07443637003761736,0.004342838286269831,0.0942067665507759,0.009987790943158352,0.018765601647744233,5.0
history_only,2.0,0.5,medium,Naive (always 'not congested'),25,0.9271079788572867,0.0,0.0,0.0,19865.0,0.07289202114271331,,,,,
history_only,2.0,0.5,medium,Naive (persistence),25,0.8722376038258243,0.12517193947730398,0.12569060773480664,0.12543073742246727,19865.0,0.07289202114271331,,,,,
history_only,2.0,0.5,medium,Logistic Regression,25,0.9271079788572867,0.0,0.0,0.0,19865.0,0.07289202114271331,,,,,
history_only,2.0,0.5,medium,Random Forest,25,0.927007299270073,0.0,0.0,0.0,19865.0,0.07289202114271331,,,,,
history_only,2.0,0.5,medium,Naive (always 'not congested'),26,0.9222429529524482,0.0,0.0,0.0,19831.0,0.07775704704755182,,,,,
history_only,2.0,0.5,medium,Naive (persistence),26,0.864404215622006,0.12783906554185595,0.12775616083009078,0.1277975997405125,19831.0,0.07775704704755182,,,,,
history_only,2.0,0.5,medium,Logistic Regression,26,0.9222933790529978,1.0,0.0006485084306095979,0.0012961762799740765,19831.0,0.07775704704755182,,,,,
history_only,2.0,0.5,medium,Random Forest,26,0.9223942312540971,0.5652173913043478,0.008430609597924773,0.016613418530351438,19831.0,0.07775704704755182,,,,,
history_only,2.0,0.5,medium,Naive (always 'not congested'),27,0.9344641868425027,0.0,0.0,0.0,19867.0,0.06553581315749736,,,,,
history_only,2.0,0.5,medium,Naive (persistence),27,0.8809080384557306,0.09202453987730061,0.09216589861751152,0.0920951650038373,19867.0,0.06553581315749736,,,,,
history_only,2.0,0.5,medium,Logistic Regression,27,0.9344641868425027,0.0,0.0,0.0,19867.0,0.06553581315749736,,,,,
history_only,2.0,0.5,medium,Random Forest,27,0.934262847938793,0.0,0.0,0.0,19867.0,0.06553581315749736,,,,,
history_only,2.0,0.5,medium,Naive (always 'not congested'),28,0.9237980042334442,0.0,0.0,0.0,19842.0,0.07620199576655579,,,,,
history_only,2.0,0.5,medium,Naive (persistence),28,0.8657393407922589,0.11904761904761904,0.11904761904761904,0.11904761904761904,19842.0,0.07620199576655579,,,,,
history_only,2.0,0.5,medium,Logistic Regression,28,0.9237980042334442,0.0,0.0,0.0,19842.0,0.07620199576655579,,,,,
history_only,2.0,0.5,medium,Random Forest,28,0.9237980042334442,0.5,0.0013227513227513227,0.002638522427440633,19842.0,0.07620199576655579,,,,,
history_only,2.0,0.5,medium,Naive (always 'not congested'),29,0.9203058965586637,0.0,0.0,0.0,19876.0,0.07969410344133629,,,,,
history_only,2.0,0.5,medium,Naive (persistence),29,0.8575669148722077,0.105629348513599,0.10542929292929293,0.10552922590837283,19876.0,0.07969410344133629,,,,,
history_only,2.0,0.5,medium,Logistic Regression,29,0.9203058965586637,0.0,0.0,0.0,19876.0,0.07969410344133629,,,,,
history_only,2.0,0.5,medium,Random Forest,29,0.9203058965586637,0.5,0.0012626262626262627,0.0025188916876574307,19876.0,0.07969410344133629,,,,,
history_only,2.0,0.5,medium,Naive (always 'not congested'),ALL_MEAN,0.9255838038888691,0.0,0.0,0.0,,0.0744161961111309,0.004967715408766339,0.0,0.0,0.0,5.0
history_only,2.0,0.5,medium,Naive (persistence),ALL_MEAN,0.8681712227136055,0.11394250249153573,0.11401791583186419,0.1139800694245618,,0.0744161961111309,0.007890724523151474,0.013377462755694408,0.013428061111194184,0.013402147577548762,5.0
history_only,2.0,0.5,medium,Logistic Regression,ALL_MEAN,0.9255938891089789,0.2,0.00012970168612191958,0.0002592352559948153,,0.0744161961111309,0.004960969340265739,0.4000000000000001,0.0002594033722438391,0.0005184705119896306,5.0
history_only,2.0,0.5,medium,Random Forest,ALL_MEAN,0.9255536558510142,0.31304347826086953,0.0022031974366604713,0.0043541665290899,,0.0744161961111309,0.00486962750090669,0.25670590294131324,0.0031669758322096135,0.006237282427205738,5.0
history_only,2.0,0.5,long,Naive (always 'not congested'),25,0.9269066196828593,0.0,0.0,0.0,19865.0,0.0730933803171407,,,,,
history_only,2.0,0.5,long,Naive (persistence),25,0.8652907123080795,0.07909215955983494,0.07920110192837465,0.0791465932553338,19865.0,0.0730933803171407,,,,,
history_only,2.0,0.5,long,Logistic Regression,25,0.9269066196828593,0.0,0.0,0.0,19865.0,0.0730933803171407,,,,,
history_only,2.0,0.5,long,Random Forest,25,0.9269066196828593,0.0,0.0,0.0,19865.0,0.0730933803171407,,,,,
history_only,2.0,0.5,long,Naive (always 'not congested'),26,0.9220412485502496,0.0,0.0,0.0,19831.0,0.0779587514497504,,,,,
history_only,2.0,0.5,long,Naive (persistence),26,0.8547224043164742,0.06683971447112265,0.0666235446313066,0.06673145448655653,19831.0,0.0779587514497504,,,,,
history_only,2.0,0.5,long,Logistic Regression,26,0.9220412485502496,0.0,0.0,0.0,19831.0,0.0779587514497504,,,,,
history_only,2.0,0.5,long,Random Forest,26,0.9220412485502496,0.0,0.0,0.0,19831.0,0.0779587514497504,,,,,
history_only,2.0,0.5,long,Naive (always 'not congested'),27,0.9348165299239946,0.0,0.0,0.0,19867.0,0.06518347007600543,,,,,
history_only,2.0,0.5,long,Naive (persistence),27,0.876730256203755,0.057515337423312884,0.05791505791505792,0.057714505579068875,19867.0,0.06518347007600543,,,,,
history_only,2.0,0.5,long,Logistic Regression,27,0.9348165299239946,0.0,0.0,0.0,19867.0,0.06518347007600543,,,,,
history_only,2.0,0.5,long,Random Forest,27,0.9348165299239946,0.0,0.0,0.0,19867.0,0.06518347007600543,,,,,
history_only,2.0,0.5,long,Naive (always 'not congested'),28,0.9239995968148372,0.0,0.0,0.0,19842.0,0.07600040318516278,,,,,
history_only,2.0,0.5,long,Naive (persistence),28,0.8575748412458422,0.06415343915343916,0.0643236074270557,0.06423841059602649,19842.0,0.07600040318516278,,,,,
history_only,2.0,0.5,long,Logistic Regression,28,0.9239995968148372,0.0,0.0,0.0,19842.0,0.07600040318516278,,,,,
history_only,2.0,0.5,long,Random Forest,28,0.9239995968148372,0.0,0.0,0.0,19842.0,0.07600040318516278,,,,,
history_only,2.0,0.5,long,Naive (always 'not congested'),29,0.9205574562286174,0.0,0.0,0.0,19876.0,0.07944254377138257,,,,,
history_only,2.0,0.5,long,Naive (persistence),29,0.8538941436908835,0.08096141682479444,0.08106396453451552,0.0810126582278481,19876.0,0.07944254377138257,,,,,
history_only,2.0,0.5,long,Logistic Regression,29,0.9205574562286174,0.0,0.0,0.0,19876.0,0.07944254377138257,,,,,
history_only,2.0,0.5,long,Random Forest,29,0.9205574562286174,0.0,0.0,0.0,19876.0,0.07944254377138257,,,,,
history_only,2.0,0.5,long,Naive (always 'not congested'),ALL_MEAN,0.9256642902401117,0.0,0.0,0.0,,0.07433570975988837,0.005045478422967309,0.0,0.0,0.0,5.0
history_only,2.0,0.5,long,Naive (persistence),ALL_MEAN,0.8616424715530069,0.06971241348650081,0.06982545528726208,0.06976872442896676,,0.07433570975988837,0.008548923181397527,0.00897154359366272,0.008906031297149062,0.00893850147254321,5.0
history_only,2.0,0.5,long,Logistic Regression,ALL_MEAN,0.9256642902401117,0.0,0.0,0.0,,0.07433570975988837,0.005045478422967309,0.0,0.0,0.0,5.0
history_only,2.0,0.5,long,Random Forest,ALL_MEAN,0.9256642902401117,0.0,0.0,0.0,,0.07433570975988837,0.005045478422967309,0.0,0.0,0.0,5.0
history_only,2.0,0.5,extra_long,Naive (always 'not congested'),25,0.9270576390636799,0.0,0.0,0.0,19865.0,0.07294236093632016,,,,,
history_only,2.0,0.5,extra_long,Naive (persistence),25,0.8656430908633275,0.08046767537826685,0.08074534161490683,0.08060626937650706,19865.0,0.07294236093632016,,,,,
history_only,2.0,0.5,extra_long,Logistic Regression,25,0.9270576390636799,0.0,0.0,0.0,19865.0,0.07294236093632016,,,,,
history_only,2.0,0.5,extra_long,Random Forest,25,0.9270576390636799,0.0,0.0,0.0,19865.0,0.07294236093632016,,,,,
history_only,2.0,0.5,extra_long,Naive (always 'not congested'),26,0.9224446573546468,0.0,0.0,0.0,19831.0,0.07755534264535323,,,,,
history_only,2.0,0.5,extra_long,Naive (persistence),26,0.8585547879582471,0.08890330953926022,0.08907672301690507,0.08898993179603767,19831.0,0.07755534264535323,,,,,
history_only,2.0,0.5,extra_long,Logistic Regression,26,0.9224446573546468,0.0,0.0,0.0,19831.0,0.07755534264535323,,,,,
history_only,2.0,0.5,extra_long,Random Forest,26,0.9220916746507992,0.1111111111111111,0.0006501950585175553,0.001292824822236587,19831.0,0.07755534264535323,,,,,
history_only,2.0,0.5,extra_long,Naive (always 'not congested'),27,0.9343131826647204,0.0,0.0,0.0,19867.0,0.0656868173352796,,,,,
history_only,2.0,0.5,extra_long,Naive (persistence),27,0.8774349423667388,0.06671779141104295,0.06666666666666667,0.06669221924108854,19867.0,0.0656868173352796,,,,,
history_only,2.0,0.5,extra_long,Logistic Regression,27,0.9343131826647204,0.0,0.0,0.0,19867.0,0.0656868173352796,,,,,
history_only,2.0,0.5,extra_long,Random Forest,27,0.9343131826647204,0.0,0.0,0.0,19867.0,0.0656868173352796,,,,,
history_only,2.0,0.5,extra_long,Naive (always 'not congested'),28,0.9243019856869267,0.0,0.0,0.0,19842.0,0.07569801431307328,,,,,
history_only,2.0,0.5,extra_long,Naive (persistence),28,0.8598931559318617,0.07738095238095238,0.07789613848202397,0.0776376907763769,19842.0,0.07569801431307328,,,,,
history_only,2.0,0.5,extra_long,Logistic Regression,28,0.9243019856869267,0.0,0.0,0.0,19842.0,0.07569801431307328,,,,,
history_only,2.0,0.5,extra_long,Random Forest,28,0.9242011893962302,0.0,0.0,0.0,19842.0,0.07569801431307328,,,,,
history_only,2.0,0.5,extra_long,Naive (always 'not congested'),29,0.9205574562286174,0.0,0.0,0.0,19876.0,0.07944254377138257,,,,,
history_only,2.0,0.5,extra_long,Naive (persistence),29,0.8522841618031797,0.07084123972169513,0.07093096896770108,0.07088607594936709,19876.0,0.07944254377138257,,,,,
history_only,2.0,0.5,extra_long,Logistic Regression,29,0.9205574562286174,0.0,0.0,0.0,19876.0,0.07944254377138257,,,,,
history_only,2.0,0.5,extra_long,Random Forest,29,0.9205071442946267,0.0,0.0,0.0,19876.0,0.07944254377138257,,,,,
history_only,2.0,0.5,extra_long,Naive (always 'not congested'),ALL_MEAN,0.9257349841997181,0.0,0.0,0.0,,0.07426501580028178,0.004796278477543176,0.0,0.0,0.0,5.0
history_only,2.0,0.5,extra_long,Naive (persistence),ALL_MEAN,0.8627620277846709,0.0768621936862435,0.07706316774964073,0.07696243742787545,,0.07426501580028178,0.008477168336028693,0.00771255941908945,0.007800882660881056,0.007756205896601944,5.0
history_only,2.0,0.5,extra_long,Logistic Regression,ALL_MEAN,0.9257349841997181,0.0,0.0,0.0,,0.07426501580028178,0.004796278477543176,0.0,0.0,0.0,5.0
history_only,2.0,0.5,extra_long,Random Forest,ALL_MEAN,0.9256341660140113,0.02222222222222222,0.00013003901170351105,0.0002585649644473174,,0.07426501580028178,0.004862933770945275,0.04444444444444444,0.0002600780234070221,0.0005171299288946348,5.0
history_only,2.0,0.7,short,Naive (always 'not congested'),25,0.8592318093044219,0.0,0.0,0.0,19969.0,0.14076819069557814,,,,,
history_only,2.0,0.7,short,Naive (persistence),25,0.8579798687966348,0.4955595026642984,0.49626467449306294,0.49591183789548526,19969.0,0.14076819069557814,,,,,
history_only,2.0,0.7,short,Logistic Regression,25,0.8854724823476389,0.7641129032258065,0.2696549270722163,0.3986326584275572,19969.0,0.14076819069557814,,,,,
history_only,2.0,0.7,short,Random Forest,25,0.8847213180429666,0.7421503330161751,0.27748132337246534,0.40393578456758156,19969.0,0.14076819069557814,,,,,
history_only,2.0,0.7,short,Naive (always 'not congested'),26,0.8428600080224629,0.0,0.0,0.0,19944.0,0.1571399919775371,,,,,
history_only,2.0,0.7,short,Naive (persistence),26,0.8542920176494184,0.5363288718929254,0.5370134014039566,0.5366709183673469,19944.0,0.1571399919775371,,,,,
history_only,2.0,0.7,short,Logistic Regression,26,0.8828720417168071,0.8073959938366718,0.33439693682195276,0.4729241877256318,19944.0,0.1571399919775371,,,,,
history_only,2.0,0.7,short,Random Forest,26,0.8823706377858003,0.7918518518518518,0.3410976388002553,0.4768064228367529,19944.0,0.1571399919775371,,,,,
history_only,2.0,0.7,short,Naive (always 'not congested'),27,0.8573146895203729,0.0,0.0,0.0,19953.0,0.14268531047962713,,,,,
history_only,2.0,0.7,short,Naive (persistence),27,0.855560567333233,0.49385317878468565,0.49385317878468565,0.49385317878468565,19953.0,0.14268531047962713,,,,,
history_only,2.0,0.7,short,Logistic Regression,27,0.8819726356938806,0.7411764705882353,0.2655426765015806,0.39100077579519005,19953.0,0.14268531047962713,,,,,
history_only,2.0,0.7,short,Random Forest,27,0.880719691274495,0.7196613358419567,0.26870389884088514,0.391304347826087,19953.0,0.14268531047962713,,,,,
history_only,2.0,0.7,short,Naive (always 'not congested'),28,0.8442462802464806,0.0,0.0,0.0,19961.0,0.15575371975351937,,,,,
history_only,2.0,0.7,short,Naive (persistence),28,0.8619808626822304,0.5569131832797428,0.5570923126407205,0.5570027335584499,19961.0,0.15575371975351937,,,,,
history_only,2.0,0.7,short,Logistic Regression,28,0.8838735534291869,0.805877803557618,0.3351559987134127,0.47342117219445706,19961.0,0.15575371975351937,,,,,
history_only,2.0,0.7,short,Random Forest,28,0.8845749210961374,0.8056188306757783,0.3412672885172081,0.47943967464979664,19961.0,0.15575371975351937,,,,,
history_only,2.0,0.7,short,Naive (always 'not congested'),29,0.8391783567134269,0.0,0.0,0.0,19960.0,0.16082164328657314,,,,,
history_only,2.0,0.7,short,Naive (persistence),29,0.8512024048096193,0.5373831775700935,0.5373831775700935,0.5373831775700935,19960.0,0.16082164328657314,,,,,
history_only,2.0,0.7,short,Logistic Regression,29,0.8697895791583167,0.7535269709543568,0.28286604361370715,0.4113250283125708,19960.0,0.16082164328657314,,,,,
history_only,2.0,0.7,short,Random Forest,29,0.8687875751503006,0.7388843977364592,0.28473520249221185,0.41106363840791543,19960.0,0.16082164328657314,,,,,
history_only,2.0,0.7,short,Naive (always 'not congested'),ALL_MEAN,0.8485662287614331,0.0,0.0,0.0,,0.15143377123856697,0.00811967026243211,0.0,0.0,0.0,5.0
history_only,2.0,0.7,short,Naive (persistence),ALL_MEAN,0.8562031442542273,0.5240075828383491,0.5243213489785038,0.5241643692352123,,0.15143377123856697,0.003622471126861909,0.02502830632793099,0.02498448317823802,0.02500592981692486,5.0
history_only,2.0,0.7,short,Logistic Regression,ALL_MEAN,0.880796058469166,0.7744180284325377,0.29752331654457387,0.4294607644910814,,0.15143377123856697,0.005624527406822079,0.027294309696770314,0.03095198461712464,0.036276809080736945,5.0
history_only,2.0,0.7,short,Random Forest,ALL_MEAN,0.8802348286699401,0.7596333498244443,0.30265707040460516,0.4325099736576267,,0.15143377123856697,0.005912721448365411,0.03312592070660794,0.03186300578606609,0.03778599058661531,5.0
history_only,2.0,0.7,medium,Naive (always 'not congested'),25,0.8594821974059793,0.0,0.0,0.0,19969.0,0.14051780259402072,,,,,
history_only,2.0,0.7,medium,Naive (persistence),25,0.8173669187240222,0.3506216696269982,0.3517462580185317,0.35118306351183065,19969.0,0.14051780259402072,,,,,
history_only,2.0,0.7,medium,Logistic Regression,25,0.8715008262807351,0.7489626556016598,0.1286528866714184,0.21958637469586376,19969.0,0.14051780259402072,,,,,
history_only,2.0,0.7,medium,Random Forest,25,0.8714006710401122,0.7262357414448669,0.1361368496079829,0.22929171668667467,19969.0,0.14051780259402072,,,,,
history_only,2.0,0.7,medium,Naive (always 'not congested'),26,0.8427597272362616,0.0,0.0,0.0,19944.0,0.15724027276373848,,,,,
history_only,2.0,0.7,medium,Naive (persistence),26,0.811171279582832,0.39961759082217974,0.39987244897959184,0.3997449792795665,19944.0,0.15724027276373848,,,,,
history_only,2.0,0.7,medium,Logistic Regression,26,0.8632170076213398,0.7741935483870968,0.1836734693877551,0.29690721649484536,19944.0,0.15724027276373848,,,,,
history_only,2.0,0.7,medium,Random Forest,26,0.863016446048937,0.7616580310880829,0.1875,0.300921187308086,19944.0,0.15724027276373848,,,,,
history_only,2.0,0.7,medium,Naive (always 'not congested'),27,0.8575151606274746,0.0,0.0,0.0,19953.0,0.14248483937252543,,,,,
history_only,2.0,0.7,medium,Naive (persistence),27,0.8139628126096327,0.347383210396909,0.3478719662328526,0.3476274165202109,19953.0,0.14248483937252543,,,,,
history_only,2.0,0.7,medium,Logistic Regression,27,0.8653836515812159,0.6666666666666666,0.11044671122054169,0.18949909474954738,19953.0,0.14248483937252543,,,,,
history_only,2.0,0.7,medium,Random Forest,27,0.8650328271437879,0.6488095238095238,0.11501934576151952,0.19539886465491485,19953.0,0.14248483937252543,,,,,
history_only,2.0,0.7,medium,Naive (always 'not congested'),28,0.8441961825559842,0.0,0.0,0.0,19961.0,0.15580381744401584,,,,,
history_only,2.0,0.7,medium,Naive (persistence),28,0.8185461650217924,0.4176848874598071,0.4176848874598071,0.4176848874598071,19961.0,0.15580381744401584,,,,,
history_only,2.0,0.7,medium,Logistic Regression,28,0.8608787134913081,0.7375178316690443,0.16623794212218648,0.27131986355287324,19961.0,0.15580381744401584,,,,,
history_only,2.0,0.7,medium,Random Forest,28,0.8615800811582586,0.741307371349096,0.17138263665594855,0.2784016714546879,19961.0,0.15580381744401584,,,,,
history_only,2.0,0.7,medium,Naive (always 'not congested'),29,0.8392284569138276,0.0,0.0,0.0,19960.0,0.16077154308617234,,,,,
history_only,2.0,0.7,medium,Naive (persistence),29,0.7985470941883768,0.3735202492211838,0.37363664693050797,0.37357843900919147,19960.0,0.16077154308617234,,,,,
history_only,2.0,0.7,medium,Logistic Regression,29,0.8455911823647294,0.6063651591289783,0.11280772826425678,0.1902259590120862,19960.0,0.16077154308617234,,,,,
history_only,2.0,0.7,medium,Random Forest,29,0.8459418837675351,0.6060126582278481,0.11935182299781863,0.19942723249153865,19960.0,0.16077154308617234,,,,,
history_only,2.0,0.7,medium,Naive (always 'not congested'),ALL_MEAN,0.8486363449479055,0.0,0.0,0.0,,0.15136365505209456,0.008236794503582718,0.0,0.0,0.0,5.0
history_only,2.0,0.7,medium,Naive (persistence),ALL_MEAN,0.8119188540253311,0.37776552150541554,0.37816244152425826,0.3779637571561213,,0.15136365505209456,0.007171377209205283,0.027382346763869997,0.02708932859090943,0.02723571170463652,5.0
history_only,2.0,0.7,medium,Logistic Regression,ALL_MEAN,0.8613142762678656,0.7067411722906891,0.1403637475332317,0.23350770170104324,,0.15136365505209456,0.008618020654747252,0.061580824086351516,0.029450682418426098,0.04348132505245902,5.0
history_only,2.0,0.7,medium,Random Forest,ALL_MEAN,0.8613943818317262,0.6968046651838835,0.1458781310046539,0.24068813451918042,,0.15136365505209456,0.008423887238077042,0.05932850966889458,0.02875295460848218,0.04227005998775718,5.0
history_only,2.0,0.7,long,Naive (always 'not congested'),25,0.8596825078872252,0.0,0.0,0.0,19969.0,0.1403174921127748,,,,,
history_only,2.0,0.7,long,Naive (persistence),25,0.7873203465371326,0.2433392539964476,0.2444682369735903,0.24390243902439024,19969.0,0.1403174921127748,,,,,
history_only,2.0,0.7,long,Logistic Regression,25,0.8599328959887826,0.6,0.0053533190578158455,0.010611956137247965,19969.0,0.1403174921127748,,,,,
history_only,2.0,0.7,long,Random Forest,25,0.8605839050528319,0.5725806451612904,0.025339043540328336,0.048530416951469584,19969.0,0.1403174921127748,,,,,
history_only,2.0,0.7,long,Naive (always 'not congested'),26,0.8427095868431609,0.0,0.0,0.0,19944.0,0.15729041315683914,,,,,
history_only,2.0,0.7,long,Naive (persistence),26,0.7705074207781789,0.27055449330783937,0.27064073956008927,0.270597609561753,19944.0,0.15729041315683914,,,,,
history_only,2.0,0.7,long,Logistic Regression,26,0.8444645006016848,0.7108433734939759,0.01880777813197322,0.03664596273291926,19944.0,0.15729041315683914,,,,,
history_only,2.0,0.7,long,Random Forest,26,0.8457681508223025,0.6355555555555555,0.04558495377749442,0.08506841165972635,19944.0,0.15729041315683914,,,,,
history_only,2.0,0.7,long,Naive (always 'not congested'),27,0.857214453966822,0.0,0.0,0.0,19953.0,0.14278554603317797,,,,,
history_only,2.0,0.7,long,Naive (persistence),27,0.7855961509547437,0.24903407095187918,0.24885924885924887,0.24894662921348315,19953.0,0.14278554603317797,,,,,
history_only,2.0,0.7,long,Logistic Regression,27,0.8577657495113516,0.8235294117647058,0.004914004914004914,0.009769713886950453,19953.0,0.14278554603317797,,,,,
history_only,2.0,0.7,long,Random Forest,27,0.8590186939307373,0.6956521739130435,0.022464022464022463,0.0435226113566814,19953.0,0.14278554603317797,,,,,
history_only,2.0,0.7,long,Naive (always 'not congested'),28,0.8442462802464806,0.0,0.0,0.0,19961.0,0.15575371975351937,,,,,
history_only,2.0,0.7,long,Naive (persistence),28,0.7753118581233405,0.2787781350482315,0.27886780315213894,0.27882296189097927,19961.0,0.15575371975351937,,,,,
history_only,2.0,0.7,long,Logistic Regression,28,0.8464505786283252,0.9583333333333334,0.014795754261820521,0.029141590117199873,19961.0,0.15575371975351937,,,,,
history_only,2.0,0.7,long,Random Forest,28,0.8479535093432192,0.7605633802816901,0.03473785783210035,0.06644109504767763,19961.0,0.15575371975351937,,,,,
history_only,2.0,0.7,long,Naive (always 'not congested'),29,0.8392284569138276,0.0,0.0,0.0,19960.0,0.16077154308617234,,,,,
history_only,2.0,0.7,long,Naive (persistence),29,0.7612725450901804,0.2576323987538941,0.25771268307884077,0.25767253466272005,19960.0,0.16077154308617234,,,,,
history_only,2.0,0.7,long,Logistic Regression,29,0.8385771543086172,0.37254901960784315,0.005920847616079776,0.011656441717791411,19960.0,0.16077154308617234,,,,,
history_only,2.0,0.7,long,Random Forest,29,0.8372244488977956,0.375,0.01869741352446245,0.03561887800534283,19960.0,0.16077154308617234,,,,,
history_only,2.0,0.7,long,Naive (always 'not congested'),ALL_MEAN,0.8486162571715032,0.0,0.0,0.0,,0.15138374282849673,0.008228087741452594,0.0,0.0,0.0,5.0
history_only,2.0,0.7,long,Naive (persistence),ALL_MEAN,0.7760016642967152,0.2598676704116583,0.2601097423247817,0.25998843487066514,,0.15138374282849673,0.009672396175599327,0.013170920409895148,0.012959497942982104,0.01306398196581327,5.0
history_only,2.0,0.7,long,Logistic Regression,ALL_MEAN,0.8494381758077523,0.6930510276399717,0.009958340796338856,0.019565132918421792,,0.15138374282849673,0.008137722106752612,0.19954744243224856,0.0057387457005874136,0.011154553192448756,5.0
history_only,2.0,0.7,long,Random Forest,ALL_MEAN,0.8501097416093772,0.6078703509823159,0.0293646582276816,0.05583628260417957,,0.15138374282849673,0.008701804958922497,0.13210695961188784,0.009691065151202796,0.017780467020423785,5.0
history_only,2.0,0.7,extra_long,Naive (always 'not congested'),25,0.8596825078872252,0.0,0.0,0.0,19969.0,0.1403174921127748,,,,,
history_only,2.0,0.7,extra_long,Naive (persistence),25,0.7993389754118885,0.28596802841918295,0.2872947894361171,0.28662987359800607,19969.0,0.1403174921127748,,,,,
history_only,2.0,0.7,extra_long,Logistic Regression,25,0.8613851469778157,0.6036585365853658,0.035331905781584586,0.0667565745111261,19969.0,0.1403174921127748,,,,,
history_only,2.0,0.7,extra_long,Random Forest,25,0.8623366217637338,0.6177777777777778,0.0496074232690935,0.0918401057152296,19969.0,0.1403174921127748,,,,,
history_only,2.0,0.7,extra_long,Naive (always 'not congested'),26,0.8426093060569595,0.0,0.0,0.0,19944.0,0.1573906939430405,,,,,
history_only,2.0,0.7,extra_long,Naive (persistence),26,0.7853489771359807,0.31803696622052263,0.31793564829563553,0.31798629918751,19944.0,0.1573906939430405,,,,,
history_only,2.0,0.7,extra_long,Logistic Regression,26,0.8503810669875652,0.764505119453925,0.07136030582988213,0.13053613053613053,19944.0,0.1573906939430405,,,,,
history_only,2.0,0.7,extra_long,Random Forest,26,0.8503309265944645,0.6868932038834952,0.09015610066900287,0.15939172064207266,19944.0,0.1573906939430405,,,,,
history_only,2.0,0.7,extra_long,Naive (always 'not congested'),27,0.8573648072971483,0.0,0.0,0.0,19953.0,0.14263519270285172,,,,,
history_only,2.0,0.7,extra_long,Naive (persistence),27,0.7939658196762391,0.27783631893220934,0.27793394237526353,0.2778851220797471,19953.0,0.14263519270285172,,,,,
history_only,2.0,0.7,extra_long,Logistic Regression,27,0.8603217561268982,0.7322834645669292,0.03267744202389318,0.06256306760847628,19953.0,0.14263519270285172,,,,,
history_only,2.0,0.7,extra_long,Random Forest,27,0.8603718739036736,0.6630434782608695,0.04286718200983837,0.08052805280528053,19953.0,0.14263519270285172,,,,,
history_only,2.0,0.7,extra_long,Naive (always 'not congested'),28,0.8441961825559842,0.0,0.0,0.0,19961.0,0.15580381744401584,,,,,
history_only,2.0,0.7,extra_long,Naive (persistence),28,0.7931967336305796,0.33633440514469454,0.33633440514469454,0.33633440514469454,19961.0,0.15580381744401584,,,,,
history_only,2.0,0.7,extra_long,Logistic Regression,28,0.8494063423676168,0.782608695652174,0.04630225080385852,0.08743169398907104,19961.0,0.15580381744401584,,,,,
history_only,2.0,0.7,extra_long,Random Forest,28,0.851560543058965,0.7363344051446945,0.07363344051446945,0.13387898275358082,19961.0,0.15580381744401584,,,,,
history_only,2.0,0.7,extra_long,Naive (always 'not congested'),29,0.8392785571142285,0.0,0.0,0.0,19960.0,0.16072144288577153,,,,,
history_only,2.0,0.7,extra_long,Naive (persistence),29,0.7729458917835671,0.2937694704049844,0.29395261845386533,0.2938610158928015,19960.0,0.16072144288577153,,,,,
history_only,2.0,0.7,extra_long,Logistic Regression,29,0.8398296593186373,0.5287958115183246,0.031483790523690776,0.059429243895263315,19960.0,0.16072144288577153,,,,,
history_only,2.0,0.7,extra_long,Random Forest,29,0.8395290581162325,0.5087108013937283,0.04551122194513716,0.08354792560801144,19960.0,0.16072144288577153,,,,,
history_only,2.0,0.7,extra_long,Naive (always 'not congested'),ALL_MEAN,0.8486262721823092,0.0,0.0,0.0,,0.15137372781769087,0.008268152107464361,0.0,0.0,0.0,5.0
history_only,2.0,0.7,extra_long,Naive (persistence),ALL_MEAN,0.788959279527651,0.3023890378243188,0.3026902807411152,0.3025393431805518,,0.15137372781769087,0.009167577854425723,0.021651457793797235,0.021403703057222525,0.021526587597851046,5.0
history_only,2.0,0.7,extra_long,Logistic Regression,ALL_MEAN,0.8522647943557067,0.6823703255553437,0.043431138992581844,0.08134334210801344,,0.15137372781769087,0.007930286563421308,0.09906144935239168,0.01491482722525625,0.026467711127495307,5.0
history_only,2.0,0.7,extra_long,Random Forest,ALL_MEAN,0.852825804687414,0.642551933292113,0.060355073681508276,0.10983735750483499,,0.15137372781769087,0.008148957910569066,0.07708230807251983,0.018472111488072894,0.03132955567494009,5.0
history_only,2.0,0.8,short,Naive (always 'not congested'),25,0.876264903316301,0.0,0.0,0.0,19962.0,0.12373509668369903,,,,,
history_only,2.0,0.8,short,Naive (persistence),25,0.9104298166516381,0.6380566801619433,0.6380566801619433,0.6380566801619433,19962.0,0.12373509668369903,,,,,
history_only,2.0,0.8,short,Logistic Regression,25,0.9206993287245767,0.76797583081571,0.5145748987854251,0.6162424242424243,19962.0,0.12373509668369903,,,,,
history_only,2.0,0.8,short,Random Forest,25,0.9204989480012022,0.772699197035207,0.5064777327935223,0.6118855465884079,19962.0,0.12373509668369903,,,,,
history_only,2.0,0.8,short,Naive (always 'not congested'),26,0.8460768113764959,0.0,0.0,0.0,19971.0,0.15392318862350407,,,,,
history_only,2.0,0.8,short,Naive (persistence),26,0.905312703419959,0.692733789507983,0.6916070266753416,0.6921699495360573,19971.0,0.15392318862350407,,,,,
history_only,2.0,0.8,short,Logistic Regression,26,0.9150768614491012,0.8095238095238095,0.5862068965517241,0.68,19971.0,0.15392318862350407,,,,,
history_only,2.0,0.8,short,Random Forest,26,0.91467628060688,0.8147977941176471,0.5767729342875731,0.6754285714285714,19971.0,0.15392318862350407,,,,,
history_only,2.0,0.8,short,Naive (always 'not congested'),27,0.8653778734912606,0.0,0.0,0.0,19967.0,0.13462212650873942,,,,,
history_only,2.0,0.8,short,Naive (persistence),27,0.9041418340261431,0.6437592867756315,0.6447172619047619,0.6442379182156134,19967.0,0.13462212650873942,,,,,
history_only,2.0,0.8,short,Logistic Regression,27,0.9160114188410878,0.7728008634646519,0.5327380952380952,0.63069808412244,19967.0,0.13462212650873942,,,,,
history_only,2.0,0.8,short,Random Forest,27,0.915710923022988,0.7796327212020033,0.5212053571428571,0.6247491638795987,19967.0,0.13462212650873942,,,,,
history_only,2.0,0.8,short,Naive (always 'not congested'),28,0.8089730108657553,0.0,0.0,0.0,19971.0,0.19102698913424465,,,,,
history_only,2.0,0.8,short,Naive (persistence),28,0.8977517400230334,0.7323722149410222,0.7323722149410222,0.7323722149410222,19971.0,0.19102698913424465,,,,,
history_only,2.0,0.8,short,Logistic Regression,28,0.9063642281307897,0.83569209527097,0.6346002621231979,0.7213945172824792,19971.0,0.19102698913424465,,,,,
history_only,2.0,0.8,short,Random Forest,28,0.9058134294727355,0.8388227049754731,0.6275229357798165,0.717948717948718,19971.0,0.19102698913424465,,,,,
history_only,2.0,0.8,short,Naive (always 'not congested'),29,0.8440693247846123,0.0,0.0,0.0,19964.0,0.1559306752153877,,,,,
history_only,2.0,0.8,short,Naive (persistence),29,0.8923061510719295,0.6544754571703562,0.6553164150337295,0.6548956661316212,19964.0,0.1559306752153877,,,,,
history_only,2.0,0.8,short,Logistic Regression,29,0.9044780605089161,0.7768595041322314,0.5435271442338581,0.6395766395766396,19964.0,0.1559306752153877,,,,,
history_only,2.0,0.8,short,Random Forest,29,0.9043277900220397,0.7814693495554516,0.5364600064246707,0.6361904761904762,19964.0,0.1559306752153877,,,,,
history_only,2.0,0.8,short,Naive (always 'not congested'),ALL_MEAN,0.848152384766885,0.0,0.0,0.0,,0.151847615233115,0.022991450080354213,0.0,0.0,0.0,5.0
history_only,2.0,0.8,short,Naive (persistence),ALL_MEAN,0.9019884490385406,0.6722794857113872,0.6724139197433596,0.6723464857972514,,0.151847615233115,0.0063030313099807075,0.03558398586265918,0.0352227822611774,0.03540189634142825,5.0
history_only,2.0,0.8,short,Logistic Regression,ALL_MEAN,0.9125259795308942,0.7925704206414746,0.56232945938646,0.6575823330447965,,0.151847615233115,0.006135064851956435,0.02603635287314036,0.043134382757263195,0.038289691944635156,5.0
history_only,2.0,0.8,short,Random Forest,ALL_MEAN,0.9122054742251692,0.7974843533771564,0.5536877932856881,0.6532404952071544,,0.151847615233115,0.006165888536863633,0.02529062923994415,0.0437384204373703,0.03870957427129372,5.0
history_only,2.0,0.8,medium,Naive (always 'not congested'),25,0.876264903316301,0.0,0.0,0.0,19962.0,0.12373509668369903,,,,,
history_only,2.0,0.8,medium,Naive (persistence),25,0.872858431018936,0.4862348178137652,0.4862348178137652,0.4862348178137652,19962.0,0.12373509668369903,,,,,
history_only,2.0,0.8,medium,Logistic Regression,25,0.8973048792706142,0.6926605504587156,0.305668016194332,0.4241573033707865,19962.0,0.12373509668369903,,,,,
history_only,2.0,0.8,medium,Random Forest,25,0.8967037371004909,0.6895910780669146,0.3004048582995951,0.4184997179921038,19962.0,0.12373509668369903,,,,,
history_only,2.0,0.8,medium,Naive (always 'not congested'),26,0.8458264483501077,0.0,0.0,0.0,19971.0,0.15417355164989235,,,,,
history_only,2.0,0.8,medium,Naive (persistence),26,0.8702118071203244,0.5793418051482567,0.5774602143553101,0.5783994795055303,19971.0,0.15417355164989235,,,,,
history_only,2.0,0.8,medium,Logistic Regression,26,0.8866856942566722,0.7618741976893453,0.3855147775251705,0.5119689454388613,19971.0,0.15417355164989235,,,,,
history_only,2.0,0.8,medium,Random Forest,26,0.887286565520004,0.7674418604651163,0.38583955829814875,0.5135076723578993,19971.0,0.15417355164989235,,,,,
history_only,2.0,0.8,medium,Naive (always 'not congested'),27,0.8656282866730105,0.0,0.0,0.0,19967.0,0.13437171332698952,,,,,
history_only,2.0,0.8,medium,Naive (persistence),27,0.8701357239445084,0.5167161961367014,0.5184494968319046,0.5175813953488372,19967.0,0.13437171332698952,,,,,
history_only,2.0,0.8,medium,Logistic Regression,27,0.8960785295737967,0.7367601246105919,0.35259038389862096,0.47693471136879256,19967.0,0.13437171332698952,,,,,
history_only,2.0,0.8,medium,Random Forest,27,0.8964291080282466,0.7426992896606156,0.3507267983600447,0.47645569620253164,19967.0,0.13437171332698952,,,,,
history_only,2.0,0.8,medium,Naive (always 'not congested'),28,0.8089730108657553,0.0,0.0,0.0,19971.0,0.19102698913424465,,,,,
history_only,2.0,0.8,medium,Naive (persistence),28,0.8591958339592409,0.6314547837483617,0.6314547837483617,0.6314547837483617,19971.0,0.19102698913424465,,,,,
history_only,2.0,0.8,medium,Logistic Regression,28,0.8748184868058685,0.7987278509768287,0.46081258191349933,0.5844414893617021,19971.0,0.19102698913424465,,,,,
history_only,2.0,0.8,medium,Random Forest,28,0.8747183415953133,0.8026740433379438,0.4563564875491481,0.5818850267379679,19971.0,0.19102698913424465,,,,,
history_only,2.0,0.8,medium,Naive (always 'not congested'),29,0.844319775596073,0.0,0.0,0.0,19964.0,0.15568022440392706,,,,,
history_only,2.0,0.8,medium,Naive (persistence),29,0.855890603085554,0.5370548604427334,0.5386100386100386,0.5378313253012048,19964.0,0.15568022440392706,,,,,
history_only,2.0,0.8,medium,Logistic Regression,29,0.8856942496493688,0.7590966122961104,0.3893178893178893,0.5146746065504041,19964.0,0.15568022440392706,,,,,
history_only,2.0,0.8,medium,Random Forest,29,0.885343618513324,0.7603305785123967,0.38481338481338484,0.511001922666097,19964.0,0.15568022440392706,,,,,
history_only,2.0,0.8,medium,Naive (always 'not congested'),ALL_MEAN,0.8482024849602496,0.0,0.0,0.0,,0.15179751503975053,0.02302533608455046,0.0,0.0,0.0,5.0
history_only,2.0,0.8,medium,Naive (persistence),ALL_MEAN,0.8656584798257129,0.5501604926579636,0.550441870271876,0.5503003603435398,,0.15179751503975053,0.006779306884074556,0.050669677781481286,0.05015801601162997,0.05041032073037179,5.0
history_only,2.0,0.8,medium,Logistic Regression,ALL_MEAN,0.888116367911264,0.7498238672063184,0.37878072976990246,0.5024354112181093,,0.15179751503975053,0.008155634680575117,0.03481695003032557,0.05082717186674793,0.05242791411180768,5.0
history_only,2.0,0.8,medium,Random Forest,ALL_MEAN,0.8880962741514757,0.7525473700085975,0.37562821746406433,0.50027000719132,,0.15179751503975053,0.0081329743568253,0.037028602299375706,0.05095944820968112,0.0533008870620633,5.0
history_only,2.0,0.8,long,Naive (always 'not congested'),25,0.876264903316301,0.0,0.0,0.0,19962.0,0.12373509668369903,,,,,
history_only,2.0,0.8,long,Naive (persistence),25,0.8395952309387837,0.35182186234817814,0.35182186234817814,0.35182186234817814,19962.0,0.12373509668369903,,,,,
history_only,2.0,0.8,long,Logistic Regression,25,0.8828774671876566,0.6386554621848739,0.12307692307692308,0.20638153428377462,19962.0,0.12373509668369903,,,,,
history_only,2.0,0.8,long,Random Forest,25,0.8824767057409078,0.6275720164609053,0.12348178137651822,0.20635994587280107,19962.0,0.12373509668369903,,,,,
history_only,2.0,0.8,long,Naive (always 'not congested'),26,0.8453257222973312,0.0,0.0,0.0,19971.0,0.15467427770266887,,,,,
history_only,2.0,0.8,long,Naive (persistence),26,0.8181362976315658,0.4115347018572825,0.4088701845257365,0.4101981162715167,19971.0,0.15467427770266887,,,,,
history_only,2.0,0.8,long,Logistic Regression,26,0.8590456161434079,0.6851351351351351,0.1641307866623503,0.26482110211543486,19971.0,0.15467427770266887,,,,,
history_only,2.0,0.8,long,Random Forest,26,0.8584447448800762,0.6732804232804233,0.1647782453868566,0.2647594278283485,19971.0,0.15467427770266887,,,,,
history_only,2.0,0.8,long,Naive (always 'not congested'),27,0.8661291130365102,0.0,0.0,0.0,19967.0,0.13387088696348975,,,,,
history_only,2.0,0.8,long,Naive (persistence),27,0.8293684579556267,0.3636701337295691,0.3662551440329218,0.36495806150978566,19967.0,0.13387088696348975,,,,,
history_only,2.0,0.8,long,Logistic Regression,27,0.8806029949416537,0.7548500881834215,0.16011971567527122,0.2641975308641975,19967.0,0.13387088696348975,,,,,
history_only,2.0,0.8,long,Random Forest,27,0.8811038213051535,0.7573149741824441,0.1646090534979424,0.2704363859864782,19967.0,0.13387088696348975,,,,,
history_only,2.0,0.8,long,Naive (always 'not congested'),28,0.8089730108657553,0.0,0.0,0.0,19971.0,0.19102698913424465,,,,,
history_only,2.0,0.8,long,Naive (persistence),28,0.8098242451554755,0.5022280471821756,0.5022280471821756,0.5022280471821756,19971.0,0.19102698913424465,,,,,
history_only,2.0,0.8,long,Logistic Regression,28,0.8453257222973312,0.7880952380952381,0.2602883355176933,0.3913300492610837,19971.0,0.19102698913424465,,,,,
history_only,2.0,0.8,long,Random Forest,28,0.8460267387712183,0.7881619937694704,0.2652686762778506,0.39694057658364384,19971.0,0.19102698913424465,,,,,
history_only,2.0,0.8,long,Naive (always 'not congested'),29,0.84472049689441,0.0,0.0,0.0,19964.0,0.15527950310559005,,,,,
history_only,2.0,0.8,long,Naive (persistence),29,0.815718292927269,0.40712223291626565,0.4093548387096774,0.4082354833520991,19964.0,0.15527950310559005,,,,,
history_only,2.0,0.8,long,Logistic Regression,29,0.8649569224604288,0.7354312354312355,0.2035483870967742,0.31884790298130367,19964.0,0.15527950310559005,,,,,
history_only,2.0,0.8,long,Random Forest,29,0.8646062913243839,0.7294797687861272,0.2035483870967742,0.31828499369482977,19964.0,0.15527950310559005,,,,,
history_only,2.0,0.8,long,Naive (always 'not congested'),ALL_MEAN,0.8482826492820615,0.0,0.0,0.0,,0.1517173507179385,0.02310057500852382,0.0,0.0,0.0,5.0
history_only,2.0,0.8,long,Naive (persistence),ALL_MEAN,0.822528504921744,0.40727539560669423,0.4077060153597379,0.40748831413275105,,0.1517173507179385,0.010631338419454415,0.052935213995953245,0.052497050773733914,0.05270881245144357,5.0
history_only,2.0,0.8,long,Logistic Regression,ALL_MEAN,0.8665617446060956,0.7204334318059809,0.1822328296058024,0.28911562390115886,,0.1517173507179385,0.013952747392749987,0.05276583448278483,0.046611393538483495,0.06227015642371924,5.0
history_only,2.0,0.8,long,Random Forest,ALL_MEAN,0.8665316604043479,0.7151618352958741,0.1843372287271884,0.29135626599322023,,0.1517173507179385,0.013828589256142464,0.05785662020986456,0.047737004531035035,0.06362799797629988,5.0
history_only,2.0,0.8,extra_long,Naive (always 'not congested'),25,0.876264903316301,0.0,0.0,0.0,19962.0,0.12373509668369903,,,,,
history_only,2.0,0.8,extra_long,Naive (persistence),25,0.8507163610860635,0.3967611336032389,0.3967611336032389,0.3967611336032389,19962.0,0.12373509668369903,,,,,
history_only,2.0,0.8,extra_long,Logistic Regression,25,0.8871856527402064,0.6535211267605634,0.18785425101214576,0.2918238993710692,19962.0,0.12373509668369903,,,,,
history_only,2.0,0.8,extra_long,Random Forest,25,0.8868349864743011,0.654014598540146,0.1813765182186235,0.2839936608557845,19962.0,0.12373509668369903,,,,,
history_only,2.0,0.8,extra_long,Naive (always 'not congested'),26,0.8455760853237194,0.0,0.0,0.0,19971.0,0.1544239146762806,,,,,
history_only,2.0,0.8,extra_long,Naive (persistence),26,0.8426218016123379,0.49038774845226457,0.4880025940337224,0.4891922639362912,19971.0,0.1544239146762806,,,,,
history_only,2.0,0.8,extra_long,Logistic Regression,26,0.8712633318311552,0.7351054078826764,0.2600518806744488,0.38419161676646707,19971.0,0.1544239146762806,,,,,
history_only,2.0,0.8,extra_long,Random Forest,26,0.8709628961994893,0.7366946778711485,0.25583657587548636,0.37978339350180507,19971.0,0.1544239146762806,,,,,
history_only,2.0,0.8,extra_long,Naive (always 'not congested'),27,0.8658786998547604,0.0,0.0,0.0,19967.0,0.13412130014523965,,,,,
history_only,2.0,0.8,extra_long,Naive (persistence),27,0.8474482896779687,0.43164933135215455,0.4339058999253174,0.4327746741154562,19967.0,0.13412130014523965,,,,,
history_only,2.0,0.8,extra_long,Logistic Regression,27,0.8854109280312515,0.7210884353741497,0.2374906646751307,0.35730337078651686,19967.0,0.13412130014523965,,,,,
history_only,2.0,0.8,extra_long,Random Forest,27,0.8852606801222016,0.7231833910034602,0.23412994772218074,0.353737658674189,19967.0,0.13412130014523965,,,,,
history_only,2.0,0.8,extra_long,Naive (always 'not congested'),28,0.8089730108657553,0.0,0.0,0.0,19971.0,0.19102698913424465,,,,,
history_only,2.0,0.8,extra_long,Naive (persistence),28,0.8322567723198638,0.5609436435124509,0.5609436435124509,0.5609436435124509,19971.0,0.19102698913424465,,,,,
history_only,2.0,0.8,extra_long,Logistic Regression,28,0.8576435831956337,0.7952612393681653,0.3431192660550459,0.479399377403406,19971.0,0.19102698913424465,,,,,
history_only,2.0,0.8,extra_long,Random Forest,28,0.8573932201692454,0.7979051139864448,0.3394495412844037,0.4762780433983082,19971.0,0.19102698913424465,,,,,
history_only,2.0,0.8,extra_long,Naive (always 'not congested'),29,0.8445702264075335,0.0,0.0,0.0,19964.0,0.15542977359246643,,,,,
history_only,2.0,0.8,extra_long,Naive (persistence),29,0.8329993989180525,0.4629451395572666,0.46503383822107636,0.4639871382636656,19964.0,0.15542977359246643,,,,,
history_only,2.0,0.8,extra_long,Logistic Regression,29,0.8726708074534162,0.7395388556789069,0.279084756687077,0.4052409920449228,19964.0,0.15542977359246643,,,,,
history_only,2.0,0.8,extra_long,Random Forest,29,0.8727208976157083,0.7443478260869565,0.27586206896551724,0.40253938396426053,19964.0,0.15542977359246643,,,,,
history_only,2.0,0.8,extra_long,Naive (always 'not congested'),ALL_MEAN,0.8482525851536138,0.0,0.0,0.0,,0.1517474148463861,0.023060694967044,0.0,0.0,0.0,5.0
history_only,2.0,0.8,extra_long,Naive (persistence),ALL_MEAN,0.8412085247228573,0.46853739929547505,0.4689294218591612,0.46873177068622063,,0.1517474148463861,0.007467992878069633,0.05578563788441265,0.055281981465180534,0.05552811577374429,5.0
history_only,2.0,0.8,extra_long,Logistic Regression,ALL_MEAN,0.8748348606503328,0.7289030130128923,0.26152016382076965,0.3835918512744764,,0.1517474148463861,0.010745922309069284,0.04538392106238855,0.05093754568589816,0.061254499068397264,5.0
history_only,2.0,0.8,extra_long,Random Forest,ALL_MEAN,0.8746345361161891,0.7312291214976312,0.25733093041324234,0.37926642807886946,,0.1517474148463861,0.01073472731789713,0.04620492836414586,0.051761879356527124,0.06274036894606233,5.0
history_only,2.0,0.9,short,Naive (always 'not congested'),25,0.8051076614922383,0.0,0.0,0.0,19970.0,0.19489233850776164,,,,,
history_only,2.0,0.9,short,Naive (persistence),25,0.9390085127691538,0.8435251798561151,0.8435251798561151,0.8435251798561151,19970.0,0.19489233850776164,,,,,
history_only,2.0,0.9,short,Logistic Regression,25,0.9401101652478718,0.8840455840455841,0.7972764645426516,0.8384220480951095,19970.0,0.19489233850776164,,,,,
history_only,2.0,0.9,short,Random Forest,25,0.9401101652478718,0.8909512761020881,0.789311408016444,0.8370572207084469,19970.0,0.19489233850776164,,,,,
history_only,2.0,0.9,short,Naive (always 'not congested'),26,0.8198888388162836,0.0,0.0,0.0,19971.0,0.1801111611837164,,,,,
history_only,2.0,0.9,short,Naive (persistence),26,0.9326022732962796,0.812899638587712,0.812899638587712,0.812899638587712,19971.0,0.1801111611837164,,,,,
history_only,2.0,0.9,short,Logistic Regression,26,0.9335035801912773,0.8584518167456556,0.7553516819571865,0.8036083998816919,19971.0,0.1801111611837164,,,,,
history_only,2.0,0.9,short,Random Forest,26,0.9327524911121126,0.867100977198697,0.7400611620795107,0.7985600719964002,19971.0,0.1801111611837164,,,,,
history_only,2.0,0.9,short,Naive (always 'not congested'),27,0.7238495818937459,0.0,0.0,0.0,19971.0,0.27615041810625407,,,,,
history_only,2.0,0.9,short,Naive (persistence),27,0.9186320164238145,0.852994555353902,0.8522212148685403,0.8526077097505669,19971.0,0.27615041810625407,,,,,
history_only,2.0,0.9,short,Logistic Regression,27,0.9201842671874217,0.8956609485368315,0.8047144152311877,0.8477554918815664,19971.0,0.27615041810625407,,,,,
history_only,2.0,0.9,short,Random Forest,27,0.9205347754243653,0.9027891714520099,0.7981867633726202,0.847271677413146,19971.0,0.27615041810625407,,,,,
history_only,2.0,0.9,short,Naive (always 'not congested'),28,0.762906214010315,0.0,0.0,0.0,19971.0,0.23709378598968503,,,,,
history_only,2.0,0.9,short,Naive (persistence),28,0.9376596064293226,0.86892177589852,0.8680042238648363,0.8684627575277337,19971.0,0.23709378598968503,,,,,
history_only,2.0,0.9,short,Logistic Regression,28,0.9392118571929298,0.9046196276717996,0.8312565997888067,0.8663878494386968,19971.0,0.23709378598968503,,,,,
history_only,2.0,0.9,short,Random Forest,28,0.9383606229032097,0.9104967197750703,0.8206969376979937,0.8632677996223481,19971.0,0.23709378598968503,,,,,
history_only,2.0,0.9,short,Naive (always 'not congested'),29,0.7342881466272723,0.0,0.0,0.0,19969.0,0.26571185337272774,,,,,
history_only,2.0,0.9,short,Naive (persistence),29,0.9348990935950724,0.8776395173453997,0.8773087071240105,0.8774740810556079,19969.0,0.26571185337272774,,,,,
history_only,2.0,0.9,short,Logistic Regression,29,0.9363513445841054,0.9118187385180649,0.8418771202412363,0.875453209211171,19969.0,0.26571185337272774,,,,,
history_only,2.0,0.9,short,Random Forest,29,0.9353998697981872,0.9167704441677045,0.8324538258575198,0.8725800079020151,19969.0,0.26571185337272774,,,,,
history_only,2.0,0.9,short,Naive (always 'not congested'),ALL_MEAN,0.7692080885679711,0.0,0.0,0.0,,0.23079191143202898,0.03787829953330679,0.0,0.0,0.0,5.0
history_only,2.0,0.9,short,Naive (persistence),ALL_MEAN,0.9325603005027286,0.8511961334083298,0.8507917928602428,0.8509938733555471,,0.23079191143202898,0.00730823062844895,0.022548393828268492,0.02231625770779116,0.022431762690902902,5.0
history_only,2.0,0.9,short,Logistic Regression,ALL_MEAN,0.9338722428807212,0.8909193431035872,0.8060952563522138,0.8463253997016471,,0.23079191143202898,0.007225865933940483,0.018699487583437816,0.03022589333823667,0.02506065194743521,5.0
history_only,2.0,0.9,short,Random Forest,ALL_MEAN,0.9334315848971494,0.897621717739114,0.7961420194048177,0.8437473555284714,,0.23079191143202898,0.00692187632891637,0.017522285090171424,0.031991849238258596,0.025734952582744237,5.0
history_only,2.0,0.9,medium,Naive (always 'not congested'),25,0.8051076614922383,0.0,0.0,0.0,19970.0,0.19489233850776164,,,,,
history_only,2.0,0.9,medium,Naive (persistence),25,0.9128693039559339,0.776464542651593,0.776464542651593,0.776464542651593,19970.0,0.19489233850776164,,,,,
history_only,2.0,0.9,medium,Logistic Regression,25,0.9169754631947922,0.834230999401556,0.7163412127440905,0.7708045341443185,19970.0,0.19489233850776164,,,,,
history_only,2.0,0.9,medium,Random Forest,25,0.9164747120681022,0.8390243902439024,0.7070914696813977,0.7674288901282766,19970.0,0.19489233850776164,,,,,
history_only,2.0,0.9,medium,Naive (always 'not congested'),26,0.8198888388162836,0.0,0.0,0.0,19971.0,0.1801111611837164,,,,,
history_only,2.0,0.9,medium,Naive (persistence),26,0.900555805918582,0.7239366138448707,0.7239366138448707,0.7239366138448707,19971.0,0.1801111611837164,,,,,
history_only,2.0,0.9,medium,Logistic Regression,26,0.9055129938410695,0.7898305084745763,0.6477620239088129,0.7117763861310524,19971.0,0.1801111611837164,,,,,
history_only,2.0,0.9,medium,Random Forest,26,0.905312703419959,0.7951557093425605,0.6388657214345288,0.7084939108987205,19971.0,0.1801111611837164,,,,,
history_only,2.0,0.9,medium,Naive (always 'not congested'),27,0.7235992188673577,0.0,0.0,0.0,19971.0,0.2764007811326423,,,,,
history_only,2.0,0.9,medium,Naive (persistence),27,0.8882379450202794,0.798366606170599,0.7969202898550725,0.7976427923844062,19971.0,0.2764007811326423,,,,,
history_only,2.0,0.9,medium,Logistic Regression,27,0.8926944068899905,0.8578088578088578,0.7333333333333333,0.7907022170133802,19971.0,0.2764007811326423,,,,,
history_only,2.0,0.9,medium,Random Forest,27,0.892043463021381,0.8612542955326461,0.7264492753623188,0.78812893081761,19971.0,0.2764007811326423,,,,,
history_only,2.0,0.9,medium,Naive (always 'not congested'),28,0.7626558509839267,0.0,0.0,0.0,19971.0,0.2373441490160733,,,,,
history_only,2.0,0.9,medium,Naive (persistence),28,0.9075659706574533,0.8059196617336152,0.8042194092827004,0.8050686378035903,19971.0,0.2373441490160733,,,,,
history_only,2.0,0.9,medium,Logistic Regression,28,0.9136247558960493,0.8617710583153347,0.7575949367088608,0.8063320983496126,19971.0,0.2373441490160733,,,,,
history_only,2.0,0.9,medium,Random Forest,28,0.9125231585799409,0.8629638612660684,0.7506329113924051,0.8028884125014104,19971.0,0.2373441490160733,,,,,
history_only,2.0,0.9,medium,Naive (always 'not congested'),29,0.7341379137663379,0.0,0.0,0.0,19969.0,0.2658620862336622,,,,,
history_only,2.0,0.9,medium,Naive (persistence),29,0.9105112925033803,0.8320135746606335,0.8312299868148427,0.8316215961556581,19969.0,0.2658620862336622,,,,,
history_only,2.0,0.9,medium,Logistic Regression,29,0.9134658721017577,0.8810385188337945,0.7798078734224901,0.8273381294964028,19969.0,0.2658620862336622,,,,,
history_only,2.0,0.9,medium,Random Forest,29,0.9130151735189543,0.8849137931034483,0.7734036541721605,0.8254095889034074,19969.0,0.2658620862336622,,,,,
history_only,2.0,0.9,medium,Naive (always 'not congested'),ALL_MEAN,0.7690778967852289,0.0,0.0,0.0,,0.2309221032147712,0.03797433608561853,0.0,0.0,0.0,5.0
history_only,2.0,0.9,medium,Naive (persistence),ALL_MEAN,0.9039480636111257,0.7873401998122623,0.7865541684898159,0.7869468365680238,,0.2309221032147712,0.008877713585928544,0.03633395958331567,0.035883713984783266,0.03610762786014086,5.0
history_only,2.0,0.9,medium,Logistic Regression,ALL_MEAN,0.9084546983847318,0.8449359885668238,0.7269678760235175,0.7813906730269533,,0.2309221032147712,0.008734817722910121,0.031316876462581196,0.045071264015514374,0.039441510064945895,5.0
history_only,2.0,0.9,medium,Random Forest,ALL_MEAN,0.9078738421216676,0.8486624098977252,0.7192886064085622,0.778469946649885,,0.2309221032147712,0.00870844107529652,0.030440460924761735,0.045997368622845654,0.03977797876500199,5.0
history_only,2.0,0.9,long,Naive (always 'not congested'),25,0.8051577366049074,0.0,0.0,0.0,19970.0,0.19484226339509264,,,,,
history_only,2.0,0.9,long,Naive (persistence),25,0.8753630445668503,0.6801130524152107,0.6802878437419686,0.6802004368495439,19970.0,0.19484226339509264,,,,,
history_only,2.0,0.9,long,Logistic Regression,25,0.8917876815222834,0.8011838440111421,0.5913646877409406,0.6804672482626054,19970.0,0.19484226339509264,,,,,
history_only,2.0,0.9,long,Random Forest,25,0.8922884326489735,0.8104925053533191,0.5836545875096376,0.6786194531600179,19970.0,0.19484226339509264,,,,,
history_only,2.0,0.9,long,Naive (always 'not congested'),26,0.8198888388162836,0.0,0.0,0.0,19971.0,0.1801111611837164,,,,,
history_only,2.0,0.9,long,Naive (persistence),26,0.8610985929597917,0.6144008896302474,0.6144008896302474,0.6144008896302474,19971.0,0.1801111611837164,,,,,
history_only,2.0,0.9,long,Logistic Regression,26,0.8716138400680987,0.7158378604262432,0.4762301918265221,0.5719532554257095,19971.0,0.1801111611837164,,,,,
history_only,2.0,0.9,long,Random Forest,26,0.8713134044364328,0.7229700390794616,0.4628857381150959,0.5644067796610169,19971.0,0.1801111611837164,,,,,
history_only,2.0,0.9,long,Naive (always 'not congested'),27,0.7232487106304141,0.0,0.0,0.0,19971.0,0.2767512893695859,,,,,
history_only,2.0,0.9,long,Naive (persistence),27,0.837414250663462,0.7068965517241379,0.7047222724805501,0.7058077376098577,19971.0,0.2767512893695859,,,,,
history_only,2.0,0.9,long,Logistic Regression,27,0.8501326924039858,0.8102350636630754,0.5986973041432966,0.6885859952138175,19971.0,0.2767512893695859,,,,,
history_only,2.0,0.9,long,Random Forest,27,0.8504331280356517,0.8220081135902637,0.5865749954767505,0.6846161968113188,19971.0,0.2767512893695859,,,,,
history_only,2.0,0.9,long,Naive (always 'not congested'),28,0.7626057783786491,0.0,0.0,0.0,19971.0,0.23739422162135096,,,,,
history_only,2.0,0.9,long,Naive (persistence),28,0.8723649291472635,0.7317124735729387,0.730014764817549,0.7308626333016577,19971.0,0.23739422162135096,,,,,
history_only,2.0,0.9,long,Logistic Regression,28,0.8803264733864103,0.8216142270861833,0.6334106728538283,0.7153406383992378,19971.0,0.23739422162135096,,,,,
history_only,2.0,0.9,long,Random Forest,28,0.8799759651494667,0.8295838020247469,0.622231596709555,0.7111003977341208,19971.0,0.23739422162135096,,,,,
history_only,2.0,0.9,long,Naive (always 'not congested'),29,0.7340878361460264,0.0,0.0,0.0,19969.0,0.26591216385397365,,,,,
history_only,2.0,0.9,long,Naive (persistence),29,0.8731033101307026,0.7616892911010558,0.7608286252354048,0.7612587149048426,19969.0,0.26591216385397365,,,,,
history_only,2.0,0.9,long,Logistic Regression,29,0.8830186789523762,0.8548926014319809,0.6745762711864407,0.7541052631578947,19969.0,0.26591216385397365,,,,,
history_only,2.0,0.9,long,Random Forest,29,0.8838199208773599,0.8632167152575316,0.6691148775894539,0.753872268194356,19969.0,0.26591216385397365,,,,,
history_only,2.0,0.9,long,Naive (always 'not congested'),ALL_MEAN,0.7689977801152561,0.0,0.0,0.0,,0.2310022198847439,0.03807881705596789,0.0,0.0,0.0,5.0
history_only,2.0,0.9,long,Naive (persistence),ALL_MEAN,0.863868825493614,0.6989624516887181,0.698050879181144,0.69850608245923,,0.2310022198847439,0.014121581169580778,0.050152024665392855,0.04963887398614983,0.04989375422074233,5.0
history_only,2.0,0.9,long,Logistic Regression,ALL_MEAN,0.8753758732666308,0.8007527193237249,0.5948558255502057,0.6820904800918529,,0.2310022198847439,0.01416784700910758,0.04618866381497587,0.06624320596163134,0.06077291643972159,5.0
history_only,2.0,0.9,long,Random Forest,ALL_MEAN,0.875566170229577,0.8096542350610646,0.5848923590800986,0.6785230191121661,,0.2310022198847439,0.014261560771720522,0.04676237326939442,0.06837781832408739,0.06292606321008672,5.0
history_only,2.0,0.9,extra_long,Naive (always 'not congested'),25,0.8051577366049074,0.0,0.0,0.0,19970.0,0.19484226339509264,,,,,
history_only,2.0,0.9,extra_long,Naive (persistence),25,0.8907861792689034,0.7196813977389517,0.7198663582626574,0.7197738661184633,19970.0,0.19484226339509264,,,,,
history_only,2.0,0.9,extra_long,Logistic Regression,25,0.9011517275913871,0.8288164665523156,0.6209200719609355,0.7099617984131649,19970.0,0.19484226339509264,,,,,
history_only,2.0,0.9,extra_long,Random Forest,25,0.899399098647972,0.8089297439264609,0.6332562323310204,0.7103935418768921,19970.0,0.19484226339509264,,,,,
history_only,2.0,0.9,extra_long,Naive (always 'not congested'),26,0.8198888388162836,0.0,0.0,0.0,19971.0,0.1801111611837164,,,,,
history_only,2.0,0.9,extra_long,Naive (persistence),26,0.8785238595964148,0.6627745343341673,0.6627745343341673,0.6627745343341673,19971.0,0.1801111611837164,,,,,
history_only,2.0,0.9,extra_long,Logistic Regression,26,0.8852836613088979,0.7674037674037674,0.5209897136502641,0.6206325550587846,19971.0,0.1801111611837164,,,,,
history_only,2.0,0.9,extra_long,Random Forest,26,0.8847328626508437,0.7464788732394366,0.545176536002224,0.6301413881748072,19971.0,0.1801111611837164,,,,,
history_only,2.0,0.9,extra_long,Naive (always 'not congested'),27,0.7233989284462471,0.0,0.0,0.0,19971.0,0.27660107155375296,,,,,
history_only,2.0,0.9,extra_long,Naive (persistence),27,0.861198738170347,0.7497277676950999,0.747827661115134,0.7487765089722676,19971.0,0.27660107155375296,,,,,
history_only,2.0,0.9,extra_long,Logistic Regression,27,0.8686094837514395,0.8493975903614458,0.638124547429399,0.7287574943146579,19971.0,0.27660107155375296,,,,,
history_only,2.0,0.9,extra_long,Random Forest,27,0.8689599919883831,0.8354488806831295,0.6553222302679218,0.7345033985999797,19971.0,0.27660107155375296,,,,,
history_only,2.0,0.9,extra_long,Naive (always 'not congested'),28,0.7626057783786491,0.0,0.0,0.0,19971.0,0.23739422162135096,,,,,
history_only,2.0,0.9,extra_long,Naive (persistence),28,0.8874868559411146,0.7636363636363637,0.7618645855304788,0.7627494456762749,19971.0,0.23739422162135096,,,,,
history_only,2.0,0.9,extra_long,Logistic Regression,28,0.8936958589955435,0.8539751216873986,0.6661041974267032,0.7484299087569617,19971.0,0.23739422162135096,,,,,
history_only,2.0,0.9,extra_long,Random Forest,28,0.8935957137849883,0.8390357698289269,0.6827673486606202,0.7528782416560065,19971.0,0.23739422162135096,,,,,
history_only,2.0,0.9,extra_long,Naive (always 'not congested'),29,0.7340878361460264,0.0,0.0,0.0,19969.0,0.26591216385397365,,,,,
history_only,2.0,0.9,extra_long,Naive (persistence),29,0.8896289248334919,0.7927978883861236,0.7919020715630886,0.7923497267759563,19969.0,0.26591216385397365,,,,,
history_only,2.0,0.9,extra_long,Logistic Regression,29,0.8957884721318043,0.8799717580607201,0.7041431261770245,0.7822994037033163,19969.0,0.26591216385397365,,,,,
history_only,2.0,0.9,extra_long,Random Forest,29,0.8966397916770995,0.8697038724373576,0.7190207156308851,0.7872164948453608,19969.0,0.26591216385397365,,,,,
history_only,2.0,0.9,extra_long,Naive (always 'not congested'),ALL_MEAN,0.7690278236784226,0.0,0.0,0.0,,0.2309721763215773,0.03804275211820064,0.0,0.0,0.0,5.0
history_only,2.0,0.9,extra_long,Naive (persistence),ALL_MEAN,0.8815249115620543,0.7377235903581412,0.7368470421611052,0.737284816375426,,0.2309721763215773,0.011037667589403029,0.04425298206714086,0.04370946756192779,0.043979691245751414,5.0
history_only,2.0,0.9,extra_long,Logistic Regression,ALL_MEAN,0.8889058407558144,0.8359129408131295,0.6300563313288653,0.7180162320493771,,0.2309721763215773,0.011360800371268314,0.037929208578088625,0.06137164859968164,0.05426075386358549,5.0
history_only,2.0,0.9,extra_long,Random Forest,ALL_MEAN,0.8886654917498573,0.8199194280230623,0.6471086125785344,0.7230266130306093,,0.2309721763215773,0.011017070011290906,0.04147138187490209,0.05846776242274316,0.05278340032486255,5.0
history_only,2.0,0.95,short,Naive (always 'not congested'),25,0.8205397826848931,0.0,0.0,0.0,19971.0,0.17946021731510692,,,,,
history_only,2.0,0.95,short,Naive (persistence),25,0.9749636973611737,0.9302455357142857,0.9302455357142857,0.9302455357142857,19971.0,0.17946021731510692,,,,,
history_only,2.0,0.95,short,Logistic Regression,25,0.9750137699664514,0.9314685314685315,0.9291294642857143,0.9302975275876519,19971.0,0.17946021731510692,,,,,
history_only,2.0,0.95,short,Random Forest,25,0.9749636973611737,0.935347261434218,0.9243861607142857,0.9298344092057255,19971.0,0.17946021731510692,,,,,
history_only,2.0,0.95,short,Naive (always 'not congested'),26,0.8166341194732362,0.0,0.0,0.0,19971.0,0.1833658805267638,,,,,
history_only,2.0,0.95,short,Naive (persistence),26,0.9579890841720494,0.8859721082854799,0.8847624249044238,0.8853668533952725,19971.0,0.1833658805267638,,,,,
history_only,2.0,0.95,short,Logistic Regression,26,0.9577887937509388,0.8864820400329038,0.8828509011469142,0.8846627445614995,19971.0,0.1833658805267638,,,,,
history_only,2.0,0.95,short,Random Forest,26,0.95733814030344,0.8924581005586593,0.8724740578918624,0.8823529411764706,19971.0,0.1833658805267638,,,,,
history_only,2.0,0.95,short,Naive (always 'not congested'),27,0.8638525862500626,0.0,0.0,0.0,19971.0,0.1361474137499374,,,,,
history_only,2.0,0.95,short,Naive (persistence),27,0.9705072354914627,0.8909691629955947,0.8926075763148216,0.8917876171229102,19971.0,0.1361474137499374,,,,,
history_only,2.0,0.95,short,Logistic Regression,27,0.9707075259125733,0.8934365781710915,0.8911364472232438,0.8922850303811453,19971.0,0.1361474137499374,,,,,
history_only,2.0,0.95,short,Random Forest,27,0.9713083971759051,0.9012715033657442,0.8863552776756161,0.8937511589096978,19971.0,0.1361474137499374,,,,,
history_only,2.0,0.95,short,Naive (always 'not congested'),28,0.8607480847228481,0.0,0.0,0.0,19971.0,0.13925191527715186,,,,,
history_only,2.0,0.95,short,Naive (persistence),28,0.9768664563617245,0.9169363538295577,0.9169363538295577,0.9169363538295577,19971.0,0.13925191527715186,,,,,
history_only,2.0,0.95,short,Logistic Regression,28,0.9769165289670022,0.9178674351585014,0.9162171880618483,0.9170415691920101,19971.0,0.13925191527715186,,,,,
history_only,2.0,0.95,short,Random Forest,28,0.9768163837564469,0.9236111111111112,0.9086659475008989,0.9160775783940548,19971.0,0.13925191527715186,,,,,
history_only,2.0,0.95,short,Naive (always 'not congested'),29,0.8185277916875313,0.0,0.0,0.0,19970.0,0.1814722083124687,,,,,
history_only,2.0,0.95,short,Naive (persistence),29,0.9763144717075614,0.9346206896551724,0.934878587196468,0.9347496206373292,19970.0,0.1814722083124687,,,,,
history_only,2.0,0.95,short,Logistic Regression,29,0.9767651477215824,0.9369469026548672,0.934878587196468,0.9359116022099447,19970.0,0.1814722083124687,,,,,
history_only,2.0,0.95,short,Random Forest,29,0.9761141712568854,0.9396479463537301,0.9279801324503312,0.9337775926697209,19970.0,0.1814722083124687,,,,,
history_only,2.0,0.95,short,Naive (always 'not congested'),ALL_MEAN,0.8360604729637142,0.0,0.0,0.0,,0.16393952703628573,0.02148278233698448,0.0,0.0,0.0,5.0
history_only,2.0,0.95,short,Naive (persistence),ALL_MEAN,0.9713281890187944,0.9117487700960181,0.9118860955919115,0.9118171961398712,,0.16393952703628573,0.007033605390240014,0.01994188773909262,0.019992916931453324,0.019962516049620842,5.0
history_only,2.0,0.95,short,Logistic Regression,ALL_MEAN,0.9714383532637096,0.9132402974971792,0.9108425175828379,0.9120396947864503,,0.16393952703628573,0.007183499653242208,0.020119014321902665,0.020556711530087708,0.02033705652048583,5.0
history_only,2.0,0.95,short,Random Forest,ALL_MEAN,0.9713081579707703,0.9184671845646925,0.9039723152465988,0.911158736071134,,0.16393952703628573,0.007238268811391818,0.01861282110873443,0.021529657621837183,0.020086741959810563,5.0
history_only,2.0,0.95,medium,Naive (always 'not congested'),25,0.8205397826848931,0.0,0.0,0.0,19971.0,0.17946021731510692,,,,,
history_only,2.0,0.95,medium,Naive (persistence),25,0.964248159831756,0.900390625,0.900390625,0.900390625,19971.0,0.17946021731510692,,,,,
history_only,2.0,0.95,medium,Logistic Regression,25,0.9646487406739772,0.920268691588785,0.8791852678571429,0.89925799086758,19971.0,0.17946021731510692,,,,,
history_only,2.0,0.95,medium,Random Forest,25,0.9638976515948124,0.9131313131313131,0.8828125,0.8977159880834161,19971.0,0.17946021731510692,,,,,
history_only,2.0,0.95,medium,Naive (always 'not congested'),26,0.8163837564468479,0.0,0.0,0.0,19971.0,0.18361624355315206,,,,,
history_only,2.0,0.95,medium,Naive (persistence),26,0.9424165039306995,0.8441345365053322,0.8418325606763022,0.842981977061715,19971.0,0.18361624355315206,,,,,
history_only,2.0,0.95,medium,Logistic Regression,26,0.941915777877923,0.8696549690356827,0.8041996182165257,0.8356474922074242,19971.0,0.18361624355315206,,,,,
history_only,2.0,0.95,medium,Random Forest,26,0.9418657052726453,0.8621387283236994,0.8134715025906736,0.8370983583555494,19971.0,0.18361624355315206,,,,,
history_only,2.0,0.95,medium,Naive (always 'not congested'),27,0.8641029492764508,0.0,0.0,0.0,19971.0,0.13589705072354916,,,,,
history_only,2.0,0.95,medium,Naive (persistence),27,0.959641480146212,0.8502202643171806,0.8533529845246868,0.8517837440235381,19971.0,0.13589705072354916,,,,,
history_only,2.0,0.95,medium,Logistic Regression,27,0.9612938761203745,0.8771861640108822,0.8316138540899042,0.8537923207868356,19971.0,0.13589705072354916,,,,,
history_only,2.0,0.95,medium,Random Forest,27,0.9605427870412098,0.8706697459584296,0.8334561532792926,0.8516566265060241,19971.0,0.13589705072354916,,,,,
history_only,2.0,0.95,medium,Naive (always 'not congested'),28,0.8607480847228481,0.0,0.0,0.0,19971.0,0.13925191527715186,,,,,
history_only,2.0,0.95,medium,Naive (persistence),28,0.9661509188323069,0.8784609852571018,0.8784609852571018,0.8784609852571018,19971.0,0.13925191527715186,,,,,
history_only,2.0,0.95,medium,Logistic Regression,28,0.9665014270692505,0.8990929705215419,0.8554476806903991,0.8767274737423991,19971.0,0.13925191527715186,,,,,
history_only,2.0,0.95,medium,Random Forest,28,0.9663011366481398,0.8935772964899178,0.8604818410643653,0.876717347499542,19971.0,0.13925191527715186,,,,,
history_only,2.0,0.95,medium,Naive (always 'not congested'),29,0.8186279419128693,0.0,0.0,0.0,19970.0,0.1813720580871307,,,,,
history_only,2.0,0.95,medium,Naive (persistence),29,0.9674011016524787,0.9097931034482759,0.9105466593042518,0.9101697254036153,19970.0,0.1813720580871307,,,,,
history_only,2.0,0.95,medium,Logistic Regression,29,0.9684026039058587,0.9293712316968131,0.8937051352843732,0.9111893033075299,19970.0,0.1813720580871307,,,,,
history_only,2.0,0.95,medium,Random Forest,29,0.9684526790185278,0.9259681093394078,0.8978464936499172,0.911690496215307,19970.0,0.1813720580871307,,,,,
history_only,2.0,0.95,medium,Naive (always 'not congested'),ALL_MEAN,0.8360805030087818,0.0,0.0,0.0,,0.16391949699121816,0.021576907955318705,0.0,0.0,0.0,5.0
history_only,2.0,0.95,medium,Naive (persistence),ALL_MEAN,0.9599716328786906,0.8765999029055781,0.8769167629524685,0.876757411349194,,0.16391949699121816,0.00916472385994149,0.02615773688650304,0.0263458902059995,0.026238436321534008,5.0
history_only,2.0,0.95,medium,Logistic Regression,ALL_MEAN,0.9605524851294769,0.8991148053707411,0.8528303112276691,0.8753229161823537,,0.16391949699121816,0.009609059290830236,0.02328813423908987,0.03220952641606231,0.027924770771541742,5.0
history_only,2.0,0.95,medium,Random Forest,ALL_MEAN,0.960211991915067,0.8930970386485535,0.8576136981168497,0.8749757633319678,,0.16391949699121816,0.009542183751885452,0.02426318415042154,0.0309645090229734,0.027736627400997277,5.0
history_only,2.0,0.95,long,Naive (always 'not congested'),25,0.8205397826848931,0.0,0.0,0.0,19971.0,0.17946021731510692,,,,,
history_only,2.0,0.95,long,Naive (persistence),25,0.9502278303540134,0.861328125,0.861328125,0.861328125,19971.0,0.17946021731510692,,,,,
history_only,2.0,0.95,long,Logistic Regression,25,0.9506284111962345,0.889622075584883,0.8275669642857143,0.8574732581671003,19971.0,0.17946021731510692,,,,,
history_only,2.0,0.95,long,Random Forest,25,0.9503279755645686,0.8903614457831325,0.8247767857142857,0.8563151796060255,19971.0,0.17946021731510692,,,,,
history_only,2.0,0.95,long,Naive (always 'not congested'),26,0.8158830303940714,0.0,0.0,0.0,19971.0,0.1841169696059286,,,,,
history_only,2.0,0.95,long,Naive (persistence),26,0.9187822342396474,0.7809680065627563,0.7767201522980691,0.7788382874284155,19971.0,0.1841169696059286,,,,,
history_only,2.0,0.95,long,Logistic Regression,26,0.9221871713985279,0.8283328178162698,0.7283111231982594,0.7751085383502171,19971.0,0.1841169696059286,,,,,
history_only,2.0,0.95,long,Random Forest,26,0.9215362275299184,0.8288653366583542,0.7231438672831112,0.772403776325345,19971.0,0.1841169696059286,,,,,
history_only,2.0,0.95,long,Naive (always 'not congested'),27,0.8646036753292273,0.0,0.0,0.0,19971.0,0.13539632467077262,,,,,
history_only,2.0,0.95,long,Naive (persistence),27,0.9435181012468079,0.78928046989721,0.7951183431952663,0.7921886514369934,19971.0,0.13539632467077262,,,,,
history_only,2.0,0.95,long,Logistic Regression,27,0.9463722397476341,0.8280433909200482,0.7622041420118343,0.7937608318890814,19971.0,0.13539632467077262,,,,,
history_only,2.0,0.95,long,Random Forest,27,0.9460718041159681,0.8302882663418595,0.7562869822485208,0.7915618347203406,19971.0,0.13539632467077262,,,,,
history_only,2.0,0.95,long,Naive (always 'not congested'),28,0.8607480847228481,0.0,0.0,0.0,19971.0,0.13925191527715186,,,,,
history_only,2.0,0.95,long,Naive (persistence),28,0.9503279755645686,0.8216468896080547,0.8216468896080547,0.8216468896080547,19971.0,0.13925191527715186,,,,,
history_only,2.0,0.95,long,Logistic Regression,28,0.951129137249011,0.8543384373773066,0.7824523552678893,0.8168168168168168,19971.0,0.13925191527715186,,,,,
history_only,2.0,0.95,long,Random Forest,28,0.9510289920384558,0.8559020923805764,0.7795756921970515,0.8159578471960858,19971.0,0.13925191527715186,,,,,
history_only,2.0,0.95,long,Naive (always 'not congested'),29,0.8186279419128693,0.0,0.0,0.0,19970.0,0.1813720580871307,,,,,
history_only,2.0,0.95,long,Naive (persistence),29,0.9552829243865799,0.8764137931034482,0.8771397018221977,0.8767765972126397,19970.0,0.1813720580871307,,,,,
history_only,2.0,0.95,long,Logistic Regression,29,0.9569854782173259,0.905488699735838,0.8517393705135284,0.8777920045525679,19970.0,0.1813720580871307,,,,,
history_only,2.0,0.95,long,Random Forest,29,0.956835252879319,0.9063604240282686,0.8498067366096079,0.8771729837560559,19970.0,0.1813720580871307,,,,,
history_only,2.0,0.95,long,Naive (always 'not congested'),ALL_MEAN,0.8360805030087818,0.0,0.0,0.0,,0.16391949699121816,0.021799562949086082,0.0,0.0,0.0,5.0
history_only,2.0,0.95,long,Naive (persistence),ALL_MEAN,0.9436278131583234,0.8259274568342938,0.8263906423847175,0.8261557101372207,,0.16391949699121816,0.012973888002477741,0.03790713529805326,0.038114858514050776,0.0379805266069191,5.0
history_only,2.0,0.95,long,Logistic Regression,ALL_MEAN,0.9454604875617466,0.8611650842868691,0.7904547910554452,0.8241902899551568,,0.16391949699121816,0.012117301439360337,0.03161009535358381,0.04440064568424896,0.038393327924798125,5.0
history_only,2.0,0.95,long,Random Forest,ALL_MEAN,0.945160050425646,0.8623555130384382,0.7867180128105156,0.8226823243207706,,0.16391949699121816,0.012299419345894768,0.03134425409219026,0.04571080749645335,0.03909485074643552,5.0
history_only,2.0,0.95,extra_long,Naive (always 'not congested'),25,0.8205397826848931,0.0,0.0,0.0,19971.0,0.17946021731510692,,,,,
history_only,2.0,0.95,extra_long,Naive (persistence),25,0.9569375594612187,0.8800223214285714,0.8800223214285714,0.8800223214285714,19971.0,0.17946021731510692,,,,,
history_only,2.0,0.95,extra_long,Logistic Regression,25,0.9557858895398328,0.9047048246928379,0.8423549107142857,0.8724172807397775,19971.0,0.17946021731510692,,,,,
history_only,2.0,0.95,extra_long,Random Forest,25,0.9554353813028892,0.8964096527369041,0.8498883928571429,0.8725293612145517,19971.0,0.17946021731510692,,,,,
history_only,2.0,0.95,extra_long,Naive (always 'not congested'),26,0.8161333934204597,0.0,0.0,0.0,19971.0,0.18386660657954032,,,,,
history_only,2.0,0.95,extra_long,Naive (persistence),26,0.928646537479345,0.8072190319934373,0.803921568627451,0.8055669259107655,19971.0,0.18386660657954032,,,,,
history_only,2.0,0.95,extra_long,Logistic Regression,26,0.931250312953783,0.8546744831842024,0.7543572984749455,0.8013886879791697,19971.0,0.18386660657954032,,,,,
history_only,2.0,0.95,extra_long,Random Forest,26,0.9296479895848981,0.8370502527505204,0.7666122004357299,0.8002842928216063,19971.0,0.18386660657954032,,,,,
history_only,2.0,0.95,extra_long,Naive (always 'not congested'),27,0.8643533123028391,0.0,0.0,0.0,19971.0,0.13564668769716087,,,,,
history_only,2.0,0.95,extra_long,Naive (persistence),27,0.9507786290120674,0.816813509544787,0.8213362864525655,0.8190686545186822,19971.0,0.13564668769716087,,,,,
history_only,2.0,0.95,extra_long,Logistic Regression,27,0.952881678433729,0.8547351524879615,0.7862679955703211,0.8190732551432417,19971.0,0.13564668769716087,,,,,
history_only,2.0,0.95,extra_long,Random Forest,27,0.9515797906965099,0.8421052631578947,0.7914359542266519,0.8159847764034253,19971.0,0.13564668769716087,,,,,
history_only,2.0,0.95,extra_long,Naive (always 'not congested'),28,0.8607480847228481,0.0,0.0,0.0,19971.0,0.13925191527715186,,,,,
history_only,2.0,0.95,extra_long,Naive (persistence),28,0.9585398828301036,0.8511326860841424,0.8511326860841424,0.8511326860841424,19971.0,0.13925191527715186,,,,,
history_only,2.0,0.95,extra_long,Logistic Regression,28,0.9579890841720494,0.8790007806401249,0.8097806544408486,0.8429721130451058,19971.0,0.13925191527715186,,,,,
history_only,2.0,0.95,extra_long,Random Forest,28,0.9575384307245506,0.869316010699274,0.8180510607695074,0.8429047795479807,19971.0,0.13925191527715186,,,,,
history_only,2.0,0.95,extra_long,Naive (always 'not congested'),29,0.8186279419128693,0.0,0.0,0.0,19970.0,0.1813720580871307,,,,,
history_only,2.0,0.95,extra_long,Naive (persistence),29,0.9608913370055082,0.8918620689655172,0.8926007730535616,0.8922312681109424,19970.0,0.1813720580871307,,,,,
history_only,2.0,0.95,extra_long,Logistic Regression,29,0.9627941912869304,0.9217697040726633,0.8685808945334069,0.8943852167732764,19970.0,0.1813720580871307,,,,,
history_only,2.0,0.95,extra_long,Random Forest,29,0.9624937406109164,0.9143351600807614,0.8752070679182772,0.8943433488503315,19970.0,0.1813720580871307,,,,,
history_only,2.0,0.95,extra_long,Naive (always 'not congested'),ALL_MEAN,0.8360805030087818,0.0,0.0,0.0,,0.16391949699121816,0.021687943152446206,0.0,0.0,0.0,5.0
history_only,2.0,0.95,extra_long,Naive (persistence),ALL_MEAN,0.9511587891576486,0.849409923603291,0.8498027271292583,0.8496043712106207,,0.16391949699121816,0.011743451068552442,0.03342115797318252,0.03365140221638069,0.033515269247294095,5.0
history_only,2.0,0.95,extra_long,Logistic Regression,ALL_MEAN,0.9521402312772649,0.882976989015558,0.8122683507467615,0.8460473107361143,,0.16391949699121816,0.010935677388140014,0.026800809631617142,0.04027952521031696,0.03395107533073104,5.0
history_only,2.0,0.95,extra_long,Random Forest,ALL_MEAN,0.9513390665839528,0.8718432678850709,0.8202389352414619,0.8452093117675791,,0.16391949699121816,0.01140350325250452,0.03003450689872682,0.039014897520944176,0.03475105858857304,5.0
history_only,0.5,0.3,short,Naive (always 'not congested'),25,0.8712474260322965,0.0,0.0,0.0,18454.0,0.12875257396770348,,,,,
history_only,0.5,0.3,short,Naive (persistence),25,0.8527148585672483,0.4245366284201236,0.4048821548821549,0.4144765187419216,18454.0,0.12875257396770348,,,,,
history_only,0.5,0.3,short,Logistic Regression,25,0.8774249485206459,0.6135458167330677,0.12962962962962962,0.21403752605976373,18454.0,0.12875257396770348,,,,,
history_only,0.5,0.3,short,Random Forest,25,0.8765037390267693,0.6,0.12247474747474747,0.2034253757427473,18454.0,0.12875257396770348,,,,,
history_only,0.5,0.3,short,Naive (always 'not congested'),26,0.8714536093767116,0.0,0.0,0.0,18258.0,0.12854639062328843,,,,,
history_only,0.5,0.3,short,Naive (persistence),26,0.846752108664695,0.3973600364132909,0.37196420962931404,0.3842429577464789,18258.0,0.12854639062328843,,,,,
history_only,0.5,0.3,short,Logistic Regression,26,0.876711578486143,0.5930232558139535,0.1303792074989348,0.2137617883339155,18258.0,0.12854639062328843,,,,,
history_only,0.5,0.3,short,Random Forest,26,0.8767663489976997,0.5968063872255489,0.1273966766084363,0.20997191011235955,18258.0,0.12854639062328843,,,,,
history_only,0.5,0.3,short,Naive (always 'not congested'),27,0.8536851286524204,0.0,0.0,0.0,18344.0,0.1463148713475796,,,,,
history_only,0.5,0.3,short,Naive (persistence),27,0.8394570431748801,0.448642266824085,0.4247391952309985,0.43636363636363634,18344.0,0.1463148713475796,,,,,
history_only,0.5,0.3,short,Logistic Regression,27,0.8631160052333188,0.6499133448873483,0.13971684053651268,0.22999080036798528,18344.0,0.1463148713475796,,,,,
history_only,0.5,0.3,short,Random Forest,27,0.8642607937200174,0.6695804195804196,0.14269746646795828,0.23525798525798525,18344.0,0.1463148713475796,,,,,
history_only,0.5,0.3,short,Naive (always 'not congested'),28,0.8595018949648078,0.0,0.0,0.0,18470.0,0.1404981050351922,,,,,
history_only,0.5,0.3,short,Naive (persistence),28,0.8353004872766648,0.4087382605144957,0.3857418111753372,0.39690721649484534,18470.0,0.1404981050351922,,,,,
history_only,0.5,0.3,short,Logistic Regression,28,0.8678938819707634,0.6459510357815442,0.13217726396917148,0.21944977607165708,18470.0,0.1404981050351922,,,,,
history_only,0.5,0.3,short,Random Forest,28,0.8679480238224148,0.6494252873563219,0.130635838150289,0.21751684311838307,18470.0,0.1404981050351922,,,,,
history_only,0.5,0.3,short,Naive (always 'not congested'),29,0.8672854583943983,0.0,0.0,0.0,18423.0,0.1327145416056017,,,,,
history_only,0.5,0.3,short,Naive (persistence),29,0.8425880692612495,0.4020662935858803,0.3820040899795501,0.39177852348993286,18423.0,0.1327145416056017,,,,,
history_only,0.5,0.3,short,Logistic Regression,29,0.8735819356239484,0.6094339622641509,0.13210633946830266,0.21714285714285714,18423.0,0.1327145416056017,,,,,
history_only,0.5,0.3,short,Random Forest,29,0.8740704554089996,0.6213592233009708,0.130879345603272,0.21621621621621623,18423.0,0.1327145416056017,,,,,
history_only,0.5,0.3,short,Naive (always 'not congested'),ALL_MEAN,0.864634703484127,0.0,0.0,0.0,,0.1353652965158731,0.006978409431331187,0.0,0.0,0.0,5.0
history_only,0.5,0.3,short,Naive (persistence),ALL_MEAN,0.8433625133889475,0.41626869715157505,0.39386629217947094,0.404753770567363,,0.1353652965158731,0.005996739827647621,0.01861375778667893,0.018766489424320302,0.018677978144493804,5.0
history_only,0.5,0.3,short,Logistic Regression,ALL_MEAN,0.871745669966964,0.6223734830960129,0.13280185622051024,0.21887654959523575,,0.1353652965158731,0.005469802703150834,0.022005179901137217,0.003595083183895322,0.005940332985438157,5.0
history_only,0.5,0.3,short,Random Forest,ALL_MEAN,0.8719098721951802,0.6274342634926523,0.1308168148609406,0.21647766608953828,,0.1353652965158731,0.00497115164265998,0.028240096794787173,0.006670441952568012,0.010644583384367894,5.0
history_only,0.5,0.3,medium,Naive (always 'not congested'),25,0.8675083992630324,0.0,0.0,0.0,18454.0,0.13249160073696759,,,,,
history_only,0.5,0.3,medium,Naive (persistence),25,0.8112604313427983,0.2709620476610768,0.25112474437627813,0.26066652515389516,18454.0,0.13249160073696759,,,,,
history_only,0.5,0.3,medium,Logistic Regression,25,0.8683212311693942,0.5490196078431373,0.0343558282208589,0.06466512702078522,18454.0,0.13249160073696759,,,,,
history_only,0.5,0.3,medium,Random Forest,25,0.8679960984068494,0.6153846153846154,0.0098159509202454,0.01932367149758454,18454.0,0.13249160073696759,,,,,
history_only,0.5,0.3,medium,Naive (always 'not congested'),26,0.8653740825939314,0.0,0.0,0.0,18258.0,0.13462591740606858,,,,,
history_only,0.5,0.3,medium,Naive (persistence),26,0.8100010954102311,0.2699135184342285,0.24125305126118796,0.2547798066595059,18258.0,0.13462591740606858,,,,,
history_only,0.5,0.3,medium,Logistic Regression,26,0.8649359185014788,0.4696969696969697,0.025223759153783564,0.047876447876447875,18258.0,0.13462591740606858,,,,,
history_only,0.5,0.3,medium,Random Forest,26,0.8655931646401578,0.5277777777777778,0.015459723352318959,0.030039525691699605,18258.0,0.13462591740606858,,,,,
history_only,0.5,0.3,medium,Naive (always 'not congested'),27,0.8477976450065416,0.0,0.0,0.0,18344.0,0.15220235499345836,,,,,
history_only,0.5,0.3,medium,Naive (persistence),27,0.7983536851286525,0.32152695789059427,0.292621776504298,0.30639414963435213,18344.0,0.15220235499345836,,,,,
history_only,0.5,0.3,medium,Logistic Regression,27,0.8512320104666375,0.7172413793103448,0.03724928366762178,0.07082056520258767,18344.0,0.15220235499345836,,,,,
history_only,0.5,0.3,medium,Random Forest,27,0.8489424334932403,0.6721311475409836,0.014684813753581662,0.02874167542937259,18344.0,0.15220235499345836,,,,,
history_only,0.5,0.3,medium,Naive (always 'not congested'),28,0.8537087168381159,0.0,0.0,0.0,18470.0,0.14629128316188414,,,,,
history_only,0.5,0.3,medium,Naive (persistence),28,0.7943151055766107,0.2760310330747244,0.25018504811250925,0.2624733061541448,18470.0,0.14629128316188414,,,,,
history_only,0.5,0.3,medium,Logistic Regression,28,0.8531131564699512,0.44329896907216493,0.015914137675795706,0.030725259021078956,18470.0,0.14629128316188414,,,,,
history_only,0.5,0.3,medium,Random Forest,28,0.8531672983216027,0.375,0.0055514433752775726,0.010940919037199124,18470.0,0.14629128316188414,,,,,
history_only,0.5,0.3,medium,Naive (always 'not congested'),29,0.8618574607827173,0.0,0.0,0.0,18423.0,0.13814253921728276,,,,,
history_only,0.5,0.3,medium,Naive (persistence),29,0.804917765836183,0.27421437795953507,0.2502946954813359,0.26170912078882497,18423.0,0.13814253921728276,,,,,
history_only,0.5,0.3,medium,Logistic Regression,29,0.8633230201378711,0.5870967741935483,0.03575638506876228,0.0674074074074074,18423.0,0.13814253921728276,,,,,
history_only,0.5,0.3,medium,Random Forest,29,0.8625631004722358,0.6226415094339622,0.012966601178781925,0.025404157043879907,18423.0,0.13814253921728276,,,,,
history_only,0.5,0.3,medium,Naive (always 'not congested'),ALL_MEAN,0.8592492608968678,0.0,0.0,0.0,,0.14075073910313227,0.007407653460892456,0.0,0.0,0.0,5.0
history_only,0.5,0.3,medium,Naive (persistence),ALL_MEAN,0.8037696166588951,0.28252958700403175,0.25709586314712185,0.2692045816781446,,0.14075073910313227,0.006557163605333567,0.01962214052186304,0.018125974256579736,0.01879110700540188,5.0
history_only,0.5,0.3,medium,Logistic Regression,ALL_MEAN,0.8601850673490666,0.553270740023233,0.029699878757364444,0.05629896130566142,,0.14075073910313227,0.006764372064138848,0.09708450829394905,0.008067650866011081,0.015028108758678008,5.0
history_only,0.5,0.3,medium,Random Forest,ALL_MEAN,0.8596524190668171,0.5625870100274678,0.011695706516041104,0.02288998973994715,,0.14075073910313227,0.00735040259042366,0.10468487672520034,0.0036332687406233576,0.007031046059164617,5.0
history_only,0.5,0.3,long,Naive (always 'not congested'),25,0.8633358621437087,0.0,0.0,0.0,18454.0,0.1366641378562913,,,,,
history_only,0.5,0.3,long,Naive (persistence),25,0.7773924352443915,0.1500441306266549,0.13481363996827914,0.14202172096908938,18454.0,0.1366641378562913,,,,,
history_only,0.5,0.3,long,Logistic Regression,25,0.8633358621437087,0.0,0.0,0.0,18454.0,0.1366641378562913,,,,,
history_only,0.5,0.3,long,Random Forest,25,0.8631191069686789,0.0,0.0,0.0,18454.0,0.1366641378562913,,,,,
history_only,0.5,0.3,long,Naive (always 'not congested'),26,0.8614306057618578,0.0,0.0,0.0,18258.0,0.13856939423814219,,,,,
history_only,0.5,0.3,long,Naive (persistence),26,0.7811918063314711,0.1665908056440601,0.14466403162055336,0.15485508779352655,18258.0,0.13856939423814219,,,,,
history_only,0.5,0.3,long,Logistic Regression,26,0.8610472121809618,0.0,0.0,0.0,18258.0,0.13856939423814219,,,,,
history_only,0.5,0.3,long,Random Forest,26,0.860882900646292,0.0,0.0,0.0,18258.0,0.13856939423814219,,,,,
history_only,0.5,0.3,long,Naive (always 'not congested'),27,0.8405473179241169,0.0,0.0,0.0,18344.0,0.15945268207588312,,,,,
history_only,0.5,0.3,long,Naive (persistence),27,0.7631923244657653,0.22077922077922077,0.19179487179487179,0.2052689352360044,18344.0,0.15945268207588312,,,,,
history_only,0.5,0.3,long,Logistic Regression,27,0.8405473179241169,0.0,0.0,0.0,18344.0,0.15945268207588312,,,,,
history_only,0.5,0.3,long,Random Forest,27,0.8405473179241169,0.0,0.0,0.0,18344.0,0.15945268207588312,,,,,
history_only,0.5,0.3,long,Naive (always 'not congested'),28,0.8486193827828912,0.0,0.0,0.0,18470.0,0.15138061721710883,,,,,
history_only,0.5,0.3,long,Naive (persistence),28,0.7690850027070926,0.2000816659861168,0.17525035765379113,0.18684461391801716,18470.0,0.15138061721710883,,,,,
history_only,0.5,0.3,long,Logistic Regression,28,0.8481321061180292,0.0,0.0,0.0,18470.0,0.15138061721710883,,,,,
history_only,0.5,0.3,long,Random Forest,28,0.8481862479696806,0.0,0.0,0.0,18470.0,0.15138061721710883,,,,,
history_only,0.5,0.3,long,Naive (always 'not congested'),29,0.8549639038158823,0.0,0.0,0.0,18423.0,0.14503609618411767,,,,,
history_only,0.5,0.3,long,Naive (persistence),29,0.7816316560820713,0.20921222557038313,0.18188622754491018,0.1945945945945946,18423.0,0.14503609618411767,,,,,
history_only,0.5,0.3,long,Logistic Regression,29,0.8549639038158823,0.0,0.0,0.0,18423.0,0.14503609618411767,,,,,
history_only,0.5,0.3,long,Random Forest,29,0.8549096238397655,0.0,0.0,0.0,18423.0,0.14503609618411767,,,,,
history_only,0.5,0.3,long,Naive (always 'not congested'),ALL_MEAN,0.8537794144856914,0.0,0.0,0.0,,0.1462205855143086,0.008402187112258118,0.0,0.0,0.0,5.0
history_only,0.5,0.3,long,Naive (persistence),ALL_MEAN,0.7744986449661584,0.18934160972128714,0.1656818257164811,0.1767169905022464,,0.1462205855143086,0.007227623185847472,0.026684844092395937,0.02204823429478645,0.024162349017584902,5.0
history_only,0.5,0.3,long,Logistic Regression,ALL_MEAN,0.8536052804365397,0.0,0.0,0.0,,0.1462205855143086,0.008394980024181938,0.0,0.0,0.0,5.0
history_only,0.5,0.3,long,Random Forest,ALL_MEAN,0.8535290394697068,0.0,0.0,0.0,,0.1462205855143086,0.008306927197732811,0.0,0.0,0.0,5.0
history_only,0.5,0.3,extra_long,Naive (always 'not congested'),25,0.8663162458003685,0.0,0.0,0.0,18454.0,0.13368375419963152,,,,,
history_only,0.5,0.3,extra_long,Naive (persistence),25,0.7921859759401756,0.19814651368049427,0.18200243210376976,0.18973167124445384,18454.0,0.13368375419963152,,,,,
history_only,0.5,0.3,extra_long,Logistic Regression,25,0.8662078682128536,0.4444444444444444,0.0032428050263477908,0.006438631790744467,18454.0,0.13368375419963152,,,,,
history_only,0.5,0.3,extra_long,Random Forest,25,0.8662078682128536,0.4375,0.002837454398054317,0.005638340716874748,18454.0,0.13368375419963152,,,,,
history_only,0.5,0.3,extra_long,Naive (always 'not congested'),26,0.8621973929236499,0.0,0.0,0.0,18258.0,0.1378026070763501,,,,,
history_only,0.5,0.3,extra_long,Naive (persistence),26,0.7891883010187315,0.19663177059626763,0.17170111287758347,0.1833227243793762,18258.0,0.1378026070763501,,,,,
history_only,0.5,0.3,extra_long,Logistic Regression,26,0.8611019826925184,0.1875,0.0023847376788553257,0.004709576138147566,18258.0,0.1378026070763501,,,,,
history_only,0.5,0.3,extra_long,Random Forest,26,0.8614306057618578,0.15,0.0011923688394276629,0.002365930599369085,18258.0,0.1378026070763501,,,,,
history_only,0.5,0.3,extra_long,Naive (always 'not congested'),27,0.8435455734845181,0.0,0.0,0.0,18344.0,0.15645442651548191,,,,,
history_only,0.5,0.3,extra_long,Naive (persistence),27,0.77665721761884,0.2585596221959858,0.2289198606271777,0.2428386619848457,18344.0,0.15645442651548191,,,,,
history_only,0.5,0.3,extra_long,Logistic Regression,27,0.843927169646751,0.6060606060606061,0.006968641114982578,0.013778849466069583,18344.0,0.15645442651548191,,,,,
history_only,0.5,0.3,extra_long,Random Forest,27,0.8440361971216747,0.68,0.005923344947735192,0.011744386873920553,18344.0,0.15645442651548191,,,,,
history_only,0.5,0.3,extra_long,Naive (always 'not congested'),28,0.8504060638873849,0.0,0.0,0.0,18470.0,0.14959393611261504,,,,,
history_only,0.5,0.3,extra_long,Naive (persistence),28,0.781266919328641,0.23928133932217233,0.21208830980817953,0.22486569455103608,18470.0,0.14959393611261504,,,,,
history_only,0.5,0.3,extra_long,Logistic Regression,28,0.849593936112615,0.14285714285714285,0.0010857763300760044,0.0021551724137931034,18470.0,0.14959393611261504,,,,,
history_only,0.5,0.3,extra_long,Random Forest,28,0.8496480779642663,0.1111111111111111,0.0007238508867173362,0.001438331535418914,18470.0,0.14959393611261504,,,,,
history_only,0.5,0.3,extra_long,Naive (always 'not congested'),29,0.8568637029799707,0.0,0.0,0.0,18423.0,0.1431362970200293,,,,,
history_only,0.5,0.3,extra_long,Naive (persistence),29,0.7912392118547468,0.23977615152819629,0.211224876753887,0.2245967741935484,18423.0,0.1431362970200293,,,,,
history_only,0.5,0.3,extra_long,Logistic Regression,29,0.8562666232426858,0.23809523809523808,0.0018960940462646946,0.003762227238525207,18423.0,0.1431362970200293,,,,,
history_only,0.5,0.3,extra_long,Random Forest,29,0.8562123432665689,0.16666666666666666,0.0011376564277588168,0.0022598870056497176,18423.0,0.1431362970200293,,,,,
history_only,0.5,0.3,extra_long,Naive (always 'not congested'),ALL_MEAN,0.8558657958151784,0.0,0.0,0.0,,0.14413420418482156,0.008147311170524627,0.0,0.0,0.0,5.0
history_only,0.5,0.3,extra_long,Naive (persistence),ALL_MEAN,0.786107525152227,0.22647907946462326,0.20118731843411947,0.21307110527065207,,0.14413420418482156,0.00609118591981715,0.02475264565842554,0.02110058894002987,0.022749752347933763,5.0
history_only,0.5,0.3,extra_long,Logistic Regression,ALL_MEAN,0.8554195159814848,0.3237914862914863,0.0031156108393052785,0.006168891409455985,,0.14413420418482156,0.007942392178533044,0.17486534540083434,0.0020495680318806417,0.0040500813612957655,5.0
history_only,0.5,0.3,extra_long,Random Forest,ALL_MEAN,0.8555070184654442,0.3090555555555556,0.0023629350999386655,0.004689375346246604,,0.14413420418482156,0.007949861394351056,0.21856487581098571,0.0019214482611482186,0.003809037092995386,5.0
history_only,0.5,0.5,short,Naive (always 'not congested'),25,0.8116400442827771,0.0,0.0,0.0,18969.0,0.18835995571722283,,,,,
history_only,0.5,0.5,short,Naive (persistence),25,0.8682060203489904,0.6545664073753962,0.6358802127064092,0.6450880181714934,18969.0,0.18835995571722283,,,,,
history_only,0.5,0.5,short,Logistic Regression,25,0.8724761452896832,0.7856435643564357,0.4441645675902603,0.5674950831396388,18969.0,0.18835995571722283,,,,,
history_only,0.5,0.5,short,Random Forest,25,0.8754283304338658,0.7625868055555556,0.4917436328015673,0.5979241109409563,18969.0,0.18835995571722283,,,,,
history_only,0.5,0.5,short,Naive (always 'not congested'),26,0.8453559887417909,0.0,0.0,0.0,19186.0,0.15464401125820912,,,,,
history_only,0.5,0.5,short,Naive (persistence),26,0.876785155842802,0.6056042031523643,0.5827435119649478,0.5939539677086911,19186.0,0.15464401125820912,,,,,
history_only,0.5,0.5,short,Logistic Regression,26,0.8849160846450537,0.7391304347826086,0.3953488372093023,0.5151515151515151,19186.0,0.15464401125820912,,,,,
history_only,0.5,0.5,short,Random Forest,26,0.8869488168456165,0.7219132369299222,0.4374789349511291,0.5448058761804827,19186.0,0.15464401125820912,,,,,
history_only,0.5,0.5,short,Naive (always 'not congested'),27,0.8133509234828497,0.0,0.0,0.0,18950.0,0.1866490765171504,,,,,
history_only,0.5,0.5,short,Naive (persistence),27,0.8695514511873351,0.6536796536796536,0.640373197625106,0.6469580119965724,18950.0,0.1866490765171504,,,,,
history_only,0.5,0.5,short,Logistic Regression,27,0.8756728232189973,0.7862336403296171,0.45858071812270285,0.5792857142857143,18950.0,0.1866490765171504,,,,,
history_only,0.5,0.5,short,Random Forest,27,0.8765171503957784,0.7550063911376225,0.5009895391574781,0.6023113528212101,18950.0,0.1866490765171504,,,,,
history_only,0.5,0.5,short,Naive (always 'not congested'),28,0.8371059647655392,0.0,0.0,0.0,19129.0,0.16289403523446078,,,,,
history_only,0.5,0.5,short,Naive (persistence),28,0.8693606565946992,0.6023896448722204,0.5824775353016688,0.5922662750856583,19129.0,0.16289403523446078,,,,,
history_only,0.5,0.5,short,Logistic Regression,28,0.8738564483245335,0.7295885042455911,0.35847240051347884,0.4807402625349688,19129.0,0.16289403523446078,,,,,
history_only,0.5,0.5,short,Random Forest,28,0.8776203669820691,0.7127951674903898,0.4165596919127086,0.5258254000405105,19129.0,0.16289403523446078,,,,,
history_only,0.5,0.5,short,Naive (always 'not congested'),29,0.8426813301911495,0.0,0.0,0.0,19095.0,0.15731866980885048,,,,,
history_only,0.5,0.5,short,Naive (persistence),29,0.8761455878502226,0.6106685140284032,0.5868841544607191,0.5985401459854015,19095.0,0.15731866980885048,,,,,
history_only,0.5,0.5,short,Logistic Regression,29,0.8828489133280963,0.7383467992541951,0.3954727030625832,0.5150661174940386,19095.0,0.15731866980885048,,,,,
history_only,0.5,0.5,short,Random Forest,29,0.8836344592825347,0.7134279475982532,0.43508655126498,0.5405293631100083,19095.0,0.15731866980885048,,,,,
history_only,0.5,0.5,short,Naive (always 'not congested'),ALL_MEAN,0.8300268502928212,0.0,0.0,0.0,,0.16997314970717872,0.014569786402176538,0.0,0.0,0.0,5.0
history_only,0.5,0.5,short,Naive (persistence),ALL_MEAN,0.8720097743648099,0.6253816846216076,0.6056717224117701,0.6153612837895632,,0.16997314970717872,0.003672572500691047,0.0236168717193198,0.026583420123718435,0.025126222383191024,5.0
history_only,0.5,0.5,short,Logistic Regression,ALL_MEAN,0.8779540829612728,0.7557885885936895,0.41040784529966545,0.5315477385211751,,0.16997314970717872,0.004988614808274913,0.024845020734955595,0.036351793901471814,0.03658689793839642,5.0
history_only,0.5,0.5,short,Random Forest,ALL_MEAN,0.8800298247879729,0.7331459097423487,0.4563716700175727,0.5622792206186336,,0.16997314970717872,0.004476247525059577,0.02132496505483601,0.03357652548136273,0.031560687308792024,5.0
history_only,0.5,0.5,medium,Naive (always 'not congested'),25,0.8064737202804576,0.0,0.0,0.0,18969.0,0.19352627971954242,,,,,
history_only,0.5,0.5,medium,Naive (persistence),25,0.812536243344404,0.5165658311725727,0.4884227730863525,0.5021002520302437,18969.0,0.19352627971954242,,,,,
history_only,0.5,0.5,medium,Logistic Regression,25,0.836944488375771,0.7376644736842105,0.24434758921274857,0.3670963781461019,18969.0,0.19352627971954242,,,,,
history_only,0.5,0.5,medium,Random Forest,25,0.8356265485792609,0.7718780727630286,0.21383819122854808,0.3348976109215017,18969.0,0.19352627971954242,,,,,
history_only,0.5,0.5,medium,Naive (always 'not congested'),26,0.8411341603252371,0.0,0.0,0.0,19186.0,0.15886583967476284,,,,,
history_only,0.5,0.5,medium,Naive (persistence),26,0.8289898884603356,0.4591943957968476,0.4301181102362205,0.4441809249534135,19186.0,0.15886583967476284,,,,,
history_only,0.5,0.5,medium,Logistic Regression,26,0.8578651099760242,0.6890459363957597,0.1919291338582677,0.3002309468822171,19186.0,0.15886583967476284,,,,,
history_only,0.5,0.5,medium,Random Forest,26,0.8573960179297404,0.7356495468277946,0.1597769028871391,0.262533692722372,19186.0,0.15886583967476284,,,,,
history_only,0.5,0.5,medium,Naive (always 'not congested'),27,0.8088126649076517,0.0,0.0,0.0,18950.0,0.19118733509234828,,,,,
history_only,0.5,0.5,medium,Naive (persistence),27,0.813509234828496,0.5128427128427129,0.49047750483025115,0.501410835214447,18950.0,0.19118733509234828,,,,,
history_only,0.5,0.5,medium,Logistic Regression,27,0.8370448548812665,0.708171206225681,0.25117306099917197,0.37082314588427057,18950.0,0.19118733509234828,,,,,
history_only,0.5,0.5,medium,Random Forest,27,0.8339313984168866,0.7292870905587668,0.20894286502898152,0.3248229993563613,18950.0,0.19118733509234828,,,,,
history_only,0.5,0.5,medium,Naive (always 'not congested'),28,0.8310418735950651,0.0,0.0,0.0,19129.0,0.1689581264049349,,,,,
history_only,0.5,0.5,medium,Naive (persistence),28,0.8167703486852423,0.45469631596415533,0.4238861386138614,0.4387510008006405,19129.0,0.1689581264049349,,,,,
history_only,0.5,0.5,medium,Logistic Regression,28,0.8452088452088452,0.6717363751584284,0.1639851485148515,0.2636160159164387,19129.0,0.1689581264049349,,,,,
history_only,0.5,0.5,medium,Random Forest,28,0.8453133985048878,0.7248764415156508,0.13613861386138615,0.22922636103151864,19129.0,0.1689581264049349,,,,,
history_only,0.5,0.5,medium,Naive (always 'not congested'),29,0.8361351139041634,0.0,0.0,0.0,19095.0,0.1638648860958366,,,,,
history_only,0.5,0.5,medium,Naive (persistence),29,0.8245614035087719,0.46172497402147555,0.4260147011824864,0.4431515957446808,19095.0,0.1638648860958366,,,,,
history_only,0.5,0.5,medium,Logistic Regression,29,0.852369730295889,0.6814988290398126,0.1860019175455417,0.292242028621642,19095.0,0.1638648860958366,,,,,
history_only,0.5,0.5,medium,Random Forest,29,0.8509033778476041,0.7043478260869566,0.15532118887823587,0.2545168892380204,19095.0,0.1638648860958366,,,,,
history_only,0.5,0.5,medium,Naive (always 'not congested'),ALL_MEAN,0.8247195066025149,0.0,0.0,0.0,,0.17528049339748503,0.014322469078384697,0.0,0.0,0.0,5.0
history_only,0.5,0.5,medium,Naive (persistence),ALL_MEAN,0.81927342376545,0.4810048459595528,0.4517838455898344,0.4659189217486851,,0.17528049339748503,0.006438218308142813,0.027632522091758743,0.030826434175640374,0.029318090487231267,5.0
history_only,0.5,0.5,medium,Logistic Regression,ALL_MEAN,0.8458866057475591,0.6976233641007785,0.2074873700261163,0.31880170309013406,,0.17528049339748503,0.008295936936606659,0.023316331287888212,0.03424395424493096,0.0427419127133643,5.0
history_only,0.5,0.5,medium,Random Forest,ALL_MEAN,0.844634148255676,0.7332077955504395,0.17480355237685813,0.2811995106539548,,0.17528049339748503,0.008925420373264515,0.02199560735290951,0.03095007544877991,0.04134749826838312,5.0
history_only,0.5,0.5,long,Naive (always 'not congested'),25,0.7989878222362803,0.0,0.0,0.0,18969.0,0.20101217776371974,,,,,
history_only,0.5,0.5,long,Naive (persistence),25,0.7552849385840055,0.38058196485162776,0.34644636768948334,0.3627127951674904,18969.0,0.20101217776371974,,,,,
history_only,0.5,0.5,long,Logistic Regression,25,0.811745479466498,0.736328125,0.0988722790453711,0.17433526011560693,18969.0,0.20101217776371974,,,,,
history_only,0.5,0.5,long,Random Forest,25,0.811481891507196,0.7841726618705036,0.08575924468922108,0.15460992907801419,18969.0,0.20101217776371974,,,,,
history_only,0.5,0.5,long,Naive (always 'not congested'),26,0.8364432398623997,0.0,0.0,0.0,19186.0,0.16355676013760034,,,,,
history_only,0.5,0.5,long,Naive (persistence),26,0.7857291775252788,0.32959719789842384,0.2998725302740599,0.3140330385449691,19186.0,0.16355676013760034,,,,,
history_only,0.5,0.5,long,Logistic Regression,26,0.8412905243406651,0.694560669456067,0.05289993626513703,0.0983121113414273,19186.0,0.16355676013760034,,,,,
history_only,0.5,0.5,long,Random Forest,26,0.8407693109559053,0.7219251336898396,0.043021032504780114,0.081203007518797,19186.0,0.16355676013760034,,,,,
history_only,0.5,0.5,long,Naive (always 'not congested'),27,0.7987862796833773,0.0,0.0,0.0,18950.0,0.20121372031662269,,,,,
history_only,0.5,0.5,long,Naive (persistence),27,0.7502902374670185,0.3673881673881674,0.33385785470757934,0.3498213794998626,18950.0,0.20121372031662269,,,,,
history_only,0.5,0.5,long,Logistic Regression,27,0.8049076517150395,0.6277533039647577,0.07474429583005507,0.1335833138036091,18950.0,0.20121372031662269,,,,,
history_only,0.5,0.5,long,Random Forest,27,0.8048548812664907,0.6470588235294118,0.06635195384211906,0.1203615604186489,18950.0,0.20121372031662269,,,,,
history_only,0.5,0.5,long,Naive (always 'not congested'),28,0.8245595692404203,0.0,0.0,0.0,19129.0,0.17544043075957969,,,,,
history_only,0.5,0.5,long,Naive (persistence),28,0.7675257462491505,0.3189512114171922,0.2863528009535161,0.3017742188726645,19129.0,0.17544043075957969,,,,,
history_only,0.5,0.5,long,Logistic Regression,28,0.828323487897956,0.68,0.04052443384982122,0.0764904386951631,19129.0,0.17544043075957969,,,,,
history_only,0.5,0.5,long,Random Forest,28,0.827539338177636,0.6862745098039216,0.03128724672228844,0.05984611000284981,19129.0,0.17544043075957969,,,,,
history_only,0.5,0.5,long,Naive (always 'not congested'),29,0.8285415030112595,0.0,0.0,0.0,19095.0,0.1714584969887405,,,,,
history_only,0.5,0.5,long,Naive (persistence),29,0.7705682115737104,0.3082784897817804,0.27183872938301773,0.28891413731537086,19095.0,0.1714584969887405,,,,,
history_only,0.5,0.5,long,Logistic Regression,29,0.828750981932443,0.5080645161290323,0.038485033598045205,0.07155025553662692,19095.0,0.1714584969887405,,,,,
history_only,0.5,0.5,long,Random Forest,29,0.829746006808065,0.5657142857142857,0.030238240684178377,0.057407944331690344,19095.0,0.1714584969887405,,,,,
history_only,0.5,0.5,long,Naive (always 'not congested'),ALL_MEAN,0.8174636828067474,0.0,0.0,0.0,,0.18253631719325258,0.01564286484020145,0.0,0.0,0.0,5.0
history_only,0.5,0.5,long,Naive (persistence),ALL_MEAN,0.7658796622798327,0.3409594062674383,0.30767365660153134,0.3234511138800714,,0.18253631719325258,0.012441653254930983,0.028106687051532537,0.02824363228008537,0.0282427378162376,5.0
history_only,0.5,0.5,long,Logistic Regression,ALL_MEAN,0.8230036250705204,0.6493413229099714,0.06110519571768593,0.11085427589848666,,0.18253631719325258,0.013038050701244266,0.07871038840841031,0.02286894580438622,0.03854719117389782,5.0
history_only,0.5,0.5,long,Random Forest,ALL_MEAN,0.8228782857430585,0.6810290829215925,0.05133154368851741,0.09468571027000004,,0.18253631719325258,0.012990001509595756,0.07319847037765405,0.02157148667113386,0.03751099607904366,5.0
history_only,0.5,0.5,extra_long,Naive (always 'not congested'),25,0.8012019610944172,0.0,0.0,0.0,18969.0,0.19879803890558279,,,,,
history_only,0.5,0.5,extra_long,Naive (persistence),25,0.7790078549211872,0.4393546528377989,0.40440201538053566,0.4211543772438553,18969.0,0.19879803890558279,,,,,
history_only,0.5,0.5,extra_long,Logistic Regression,25,0.8211819284095102,0.7401774397972116,0.1548660832670379,0.256140350877193,18969.0,0.19879803890558279,,,,,
history_only,0.5,0.5,extra_long,Random Forest,25,0.8209183404502083,0.7561643835616438,0.14638027048528243,0.24527882692734948,18969.0,0.19879803890558279,,,,,
history_only,0.5,0.5,extra_long,Naive (always 'not congested'),26,0.8380068800166788,0.0,0.0,0.0,19186.0,0.16199311998332117,,,,,
history_only,0.5,0.5,extra_long,Naive (persistence),26,0.8032419472532054,0.3831873905429072,0.351994851994852,0.36692939795405,19186.0,0.16199311998332117,,,,,
history_only,0.5,0.5,extra_long,Logistic Regression,26,0.8477014489732096,0.7066666666666667,0.10231660231660232,0.178752107925801,19186.0,0.16199311998332117,,,,,
history_only,0.5,0.5,extra_long,Random Forest,26,0.8478056916501616,0.7361809045226131,0.09427284427284427,0.16714204221334855,19186.0,0.16199311998332117,,,,,
history_only,0.5,0.5,extra_long,Naive (always 'not congested'),27,0.8037467018469657,0.0,0.0,0.0,18950.0,0.1962532981530343,,,,,
history_only,0.5,0.5,extra_long,Naive (persistence),27,0.7741424802110818,0.41904761904761906,0.39042753428340954,0.4042316258351893,18950.0,0.1962532981530343,,,,,
history_only,0.5,0.5,extra_long,Logistic Regression,27,0.8146701846965699,0.6400541271989174,0.1271847270771713,0.21220278151637506,18950.0,0.1962532981530343,,,,,
history_only,0.5,0.5,extra_long,Random Forest,27,0.8152506596306068,0.6671779141104295,0.1169669265931702,0.19903912148249828,18950.0,0.1962532981530343,,,,,
history_only,0.5,0.5,extra_long,Naive (always 'not congested'),28,0.8268597417533587,0.0,0.0,0.0,19129.0,0.17314025824664123,,,,,
history_only,0.5,0.5,extra_long,Naive (persistence),28,0.789063725233938,0.3800199137072685,0.3457125603864734,0.36205533596837947,19129.0,0.17314025824664123,,,,,
history_only,0.5,0.5,extra_long,Logistic Regression,28,0.8334465994040462,0.655940594059406,0.08001207729468598,0.1426264800861141,19129.0,0.17314025824664123,,,,,
history_only,0.5,0.5,extra_long,Random Forest,28,0.8328192796277902,0.6601123595505618,0.07095410628019323,0.12813522355507087,19129.0,0.17314025824664123,,,,,
history_only,0.5,0.5,extra_long,Naive (always 'not congested'),29,0.8318931657501963,0.0,0.0,0.0,19095.0,0.1681068342498036,,,,,
history_only,0.5,0.5,extra_long,Naive (persistence),29,0.7920398009950249,0.36820228611014894,0.3311526479750779,0.34869608003936364,19095.0,0.1681068342498036,,,,,
history_only,0.5,0.5,extra_long,Logistic Regression,29,0.8396962555642838,0.6581740976645435,0.09657320872274143,0.16843249117087747,19095.0,0.1681068342498036,,,,,
history_only,0.5,0.5,extra_long,Random Forest,29,0.8391201885310291,0.6666666666666666,0.08598130841121496,0.152317880794702,19095.0,0.1681068342498036,,,,,
history_only,0.5,0.5,extra_long,Naive (always 'not congested'),ALL_MEAN,0.8203416900923234,0.0,0.0,0.0,,0.17965830990767664,0.015031323184408973,0.0,0.0,0.0,5.0
history_only,0.5,0.5,extra_long,Naive (persistence),ALL_MEAN,0.7874991617228875,0.39796237244914856,0.36473792200406974,0.38061336340816754,,0.17965830990767664,0.010211795066899737,0.026772385604684163,0.02787657558590159,0.027392555169414294,5.0
history_only,0.5,0.5,extra_long,Logistic Regression,ALL_MEAN,0.8313392834095239,0.680202585077349,0.11219053973564778,0.1916308423152721,,0.17965830990767664,0.012025231296970326,0.03737145421013682,0.02616439100349396,0.039217685271250094,5.0
history_only,0.5,0.5,extra_long,Random Forest,ALL_MEAN,0.8311828319779593,0.697260445682383,0.102911091208541,0.17838261899459384,,0.17965830990767664,0.011842237589847135,0.04051023163971082,0.02634244406561638,0.04057663274120968,5.0
history_only,0.5,0.7,short,Naive (always 'not congested'),25,0.8400210360241914,0.0,0.0,0.0,19015.0,0.15997896397580857,,,,,
history_only,0.5,0.7,short,Naive (persistence),25,0.9321588219826453,0.7859007832898173,0.7915844838921762,0.7887323943661971,19015.0,0.15997896397580857,,,,,
history_only,0.5,0.7,short,Logistic Regression,25,0.9339994740993952,0.8432577794852094,0.7215647600262984,0.7776793622674933,19015.0,0.15997896397580857,,,,,
history_only,0.5,0.7,short,Random Forest,25,0.9328950828293453,0.8206245461147422,0.7429322813938198,0.779848171152519,19015.0,0.15997896397580857,,,,,
history_only,0.5,0.7,short,Naive (always 'not congested'),26,0.8493403693931398,0.0,0.0,0.0,18950.0,0.15065963060686016,,,,,
history_only,0.5,0.7,short,Naive (persistence),26,0.9430079155672824,0.8044596912521441,0.8213660245183888,0.8128249566724437,18950.0,0.15065963060686016,,,,,
history_only,0.5,0.7,short,Logistic Regression,26,0.9441688654353562,0.8457098884186226,0.769877408056042,0.806013934726806,18950.0,0.15065963060686016,,,,,
history_only,0.5,0.7,short,Random Forest,26,0.9433245382585752,0.828719084533038,0.7863397548161121,0.8069734004313444,18950.0,0.15065963060686016,,,,,
history_only,0.5,0.7,short,Naive (always 'not congested'),27,0.8743668737924912,0.0,0.0,0.0,19151.0,0.12563312620750874,,,,,
history_only,0.5,0.7,short,Naive (persistence),27,0.9407863819121717,0.7610837438423645,0.770573566084788,0.7657992565055762,19151.0,0.12563312620750874,,,,,
history_only,0.5,0.7,short,Logistic Regression,27,0.9436060780115921,0.8234146341463414,0.7015793848711555,0.7576301615798923,19151.0,0.12563312620750874,,,,,
history_only,0.5,0.7,short,Random Forest,27,0.943083912067255,0.7985480943738656,0.7315045719035744,0.7635574837310195,19151.0,0.12563312620750874,,,,,
history_only,0.5,0.7,short,Naive (always 'not congested'),28,0.8499417557979456,0.0,0.0,0.0,18886.0,0.15005824420205444,,,,,
history_only,0.5,0.7,short,Naive (persistence),28,0.935084189346606,0.7817098808689559,0.7872265349329569,0.7844585091420534,18886.0,0.15005824420205444,,,,,
history_only,0.5,0.7,short,Logistic Regression,28,0.9379434501747326,0.8375304630381804,0.7275935074100212,0.7787009063444109,18886.0,0.15005824420205444,,,,,
history_only,0.5,0.7,short,Random Forest,28,0.937572805252568,0.8191284226764366,0.7494707127734651,0.7827529021558872,18886.0,0.15005824420205444,,,,,
history_only,0.5,0.7,short,Naive (always 'not congested'),29,0.815136279439005,0.0,0.0,0.0,18895.0,0.18486372056099498,,,,,
history_only,0.5,0.7,short,Naive (persistence),29,0.938078856840434,0.826355717898286,0.8419696535929001,0.8340896199659671,18895.0,0.18486372056099498,,,,,
history_only,0.5,0.7,short,Logistic Regression,29,0.9374966922466261,0.8676844783715013,0.7809905525336387,0.8220581588066898,18895.0,0.18486372056099498,,,,,
history_only,0.5,0.7,short,Random Forest,29,0.9389256417041545,0.8555792034052904,0.8056112224448898,0.8298437039221469,18895.0,0.18486372056099498,,,,,
history_only,0.5,0.7,short,Naive (always 'not congested'),ALL_MEAN,0.8457612628893546,0.0,0.0,0.0,,0.1542387371106454,0.01907567726327741,0.0,0.0,0.0,5.0
history_only,0.5,0.7,short,Naive (persistence),ALL_MEAN,0.9378232331298278,0.7919019634303135,0.802544052604242,0.7971809473304475,,0.1542387371106454,0.0038810936771923217,0.022065416803558325,0.025633942897295467,0.023769872291131387,5.0
history_only,0.5,0.7,short,Logistic Regression,ALL_MEAN,0.9394429119935406,0.843519448691971,0.7403211225794312,0.7884165047450584,,0.1542387371106454,0.0038815914361207135,0.014344941083586998,0.030140644016865656,0.022798721176042112,5.0
history_only,0.5,0.7,short,Random Forest,ALL_MEAN,0.9391603960223798,0.8245198702206744,0.7631717086663723,0.7925951322785834,,0.1542387371106454,0.0038617033072671004,0.018444999191453215,0.028064318796954944,0.023223824962601343,5.0
history_only,0.5,0.7,medium,Naive (always 'not congested'),25,0.8375493031816986,0.0,0.0,0.0,19015.0,0.16245069681830135,,,,,
history_only,0.5,0.7,medium,Naive (persistence),25,0.8977123323691822,0.6866840731070496,0.6811265781806409,0.6838940354298716,19015.0,0.16245069681830135,,,,,
history_only,0.5,0.7,medium,Logistic Regression,25,0.9042860899290034,0.7851685393258427,0.5655551958562641,0.6575084681972149,19015.0,0.16245069681830135,,,,,
history_only,0.5,0.7,medium,Random Forest,25,0.9042334998685249,0.7892335766423357,0.5600517966979605,0.6551789433819353,19015.0,0.16245069681830135,,,,,
history_only,0.5,0.7,medium,Naive (always 'not congested'),26,0.8462796833773087,0.0,0.0,0.0,18950.0,0.15372031662269128,,,,,
history_only,0.5,0.7,medium,Naive (persistence),26,0.909551451187335,0.7056603773584905,0.7061448678338482,0.7059025394646534,18950.0,0.15372031662269128,,,,,
history_only,0.5,0.7,medium,Logistic Regression,26,0.9158311345646438,0.7867711053089643,0.6206659800892551,0.6939167146421032,18950.0,0.15372031662269128,,,,,
history_only,0.5,0.7,medium,Random Forest,26,0.9147757255936676,0.7859030837004405,0.6124270511500172,0.68840439899672,18950.0,0.15372031662269128,,,,,
history_only,0.5,0.7,medium,Naive (always 'not congested'),27,0.8711294449376011,0.0,0.0,0.0,19151.0,0.12887055506239883,,,,,
history_only,0.5,0.7,medium,Naive (persistence),27,0.9118583885958957,0.6600985221674877,0.6515397082658023,0.6557911908646004,19151.0,0.12887055506239883,,,,,
history_only,0.5,0.7,medium,Logistic Regression,27,0.9208396428384941,0.7726231386025201,0.5465964343598055,0.6402467963929758,19151.0,0.12887055506239883,,,,,
history_only,0.5,0.7,medium,Random Forest,27,0.9208918594329278,0.7798003523194363,0.5380875202593193,0.6367777511388156,19151.0,0.12887055506239883,,,,,
history_only,0.5,0.7,medium,Naive (always 'not congested'),28,0.8465530022238695,0.0,0.0,0.0,18886.0,0.15344699777613047,,,,,
history_only,0.5,0.7,medium,Naive (persistence),28,0.8954781319495922,0.6618780658724597,0.6518288474810214,0.6568150208623088,18886.0,0.15344699777613047,,,,,
history_only,0.5,0.7,medium,Logistic Regression,28,0.9072858201842635,0.7706465313827277,0.5634920634920635,0.6509866454056209,18886.0,0.15344699777613047,,,,,
history_only,0.5,0.7,medium,Random Forest,28,0.9064386317907445,0.773056494447127,0.5524499654934437,0.6443952505534313,18886.0,0.15344699777613047,,,,,
history_only,0.5,0.7,medium,Naive (always 'not congested'),29,0.8146070388991796,0.0,0.0,0.0,18895.0,0.18539296110082032,,,,,
history_only,0.5,0.7,medium,Naive (persistence),29,0.9061127282349828,0.742905310480472,0.7547816157579218,0.7487963749645993,18895.0,0.18539296110082032,,,,,
history_only,0.5,0.7,medium,Logistic Regression,29,0.9088647790420746,0.8227618702428416,0.6480159862974593,0.7250079846694347,18895.0,0.18539296110082032,,,,,
history_only,0.5,0.7,medium,Random Forest,29,0.9084943106641968,0.8246705710102489,0.6431630031401656,0.7226944667201283,18895.0,0.18539296110082032,,,,,
history_only,0.5,0.7,medium,Naive (always 'not congested'),ALL_MEAN,0.8432236945239315,0.0,0.0,0.0,,0.15677630547606847,0.018167366127390654,0.0,0.0,0.0,5.0
history_only,0.5,0.7,medium,Naive (persistence),ALL_MEAN,0.9041426064673976,0.6914452697971918,0.689084323503847,0.6902398323172066,,0.15677630547606847,0.00646671196955357,0.030756177262180773,0.03864735623569201,0.03469404888122341,5.0
history_only,0.5,0.7,medium,Logistic Regression,ALL_MEAN,0.9114214933116959,0.7875942369725794,0.5888651320189695,0.67353332186147,,0.15677630547606847,0.006044849675484408,0.01873329920653044,0.03868825669902122,0.03142694685894093,5.0
history_only,0.5,0.7,medium,Random Forest,ALL_MEAN,0.9109668054700123,0.7905328156239178,0.5812358673481812,0.669490162158206,,0.15677630547606847,0.006082262086306251,0.0179394333962246,0.03986736245543167,0.031915869986940536,5.0
history_only,0.5,0.7,long,Naive (always 'not congested'),25,0.8333946884038916,0.0,0.0,0.0,19015.0,0.16660531159610834,,,,,
history_only,0.5,0.7,long,Naive (persistence),25,0.8535892716276624,0.5626631853785901,0.5441919191919192,0.5532734274711169,19015.0,0.16660531159610834,,,,,
history_only,0.5,0.7,long,Logistic Regression,25,0.8750460163029188,0.7544987146529563,0.37058080808080807,0.4970364098221846,19015.0,0.16660531159610834,,,,,
history_only,0.5,0.7,long,Random Forest,25,0.8749934262424401,0.7652582159624414,0.36016414141414144,0.4898046791156901,19015.0,0.16660531159610834,,,,,
history_only,0.5,0.7,long,Naive (always 'not congested'),26,0.8406860158311346,0.0,0.0,0.0,18950.0,0.15931398416886544,,,,,
history_only,0.5,0.7,long,Naive (persistence),26,0.8655408970976254,0.5807890222984563,0.5607817157999337,0.5706100438153017,18950.0,0.15931398416886544,,,,,
history_only,0.5,0.7,long,Logistic Regression,26,0.88,0.7269957343083485,0.39516396157668104,0.5120171673819742,18950.0,0.15931398416886544,,,,,
history_only,0.5,0.7,long,Random Forest,26,0.8789973614775726,0.7300380228136882,0.3815833057303743,0.5011964324559496,18950.0,0.15931398416886544,,,,,
history_only,0.5,0.7,long,Naive (always 'not congested'),27,0.8652289697665918,0.0,0.0,0.0,19151.0,0.13477103023340817,,,,,
history_only,0.5,0.7,long,Naive (persistence),27,0.8781786851861522,0.5509031198686372,0.519953506392871,0.5349810643811043,19151.0,0.13477103023340817,,,,,
history_only,0.5,0.7,long,Logistic Regression,27,0.8980732076653961,0.7513988808952837,0.3641999225106548,0.4906054279749478,19151.0,0.13477103023340817,,,,,
history_only,0.5,0.7,long,Random Forest,27,0.8985953736097332,0.7621000820344545,0.35993800852382796,0.48894736842105263,19151.0,0.13477103023340817,,,,,
history_only,0.5,0.7,long,Naive (always 'not congested'),28,0.8391930530551731,0.0,0.0,0.0,18886.0,0.16080694694482686,,,,,
history_only,0.5,0.7,long,Naive (persistence),28,0.8431112993751986,0.5129642606867554,0.48205465920316104,0.49702936683075877,18886.0,0.16080694694482686,,,,,
history_only,0.5,0.7,long,Logistic Regression,28,0.8711744149105157,0.7043301759133965,0.3427724728350346,0.4611295681063123,18886.0,0.16080694694482686,,,,,
history_only,0.5,0.7,long,Random Forest,28,0.8720745525786296,0.7209964412811388,0.33355284820546593,0.45610085547050877,18886.0,0.16080694694482686,,,,,
history_only,0.5,0.7,long,Naive (always 'not congested'),29,0.8102143424186292,0.0,0.0,0.0,18895.0,0.18978565758137073,,,,,
history_only,0.5,0.7,long,Naive (persistence),29,0.8583223074887536,0.6277044113515032,0.6229782487451199,0.625332400279916,18895.0,0.18978565758137073,,,,,
history_only,0.5,0.7,long,Logistic Regression,29,0.8681661815295052,0.7598481252966303,0.44645844952593416,0.5624451080274021,18895.0,0.18978565758137073,,,,,
history_only,0.5,0.7,long,Random Forest,29,0.8690129663932257,0.7674530572941742,0.4445064138315672,0.5629524986756136,18895.0,0.18978565758137073,,,,,
history_only,0.5,0.7,long,Naive (always 'not congested'),ALL_MEAN,0.8377434138950841,0.0,0.0,0.0,,0.16225658610491595,0.017566885501805903,0.0,0.0,0.0,5.0
history_only,0.5,0.7,long,Naive (persistence),ALL_MEAN,0.8597484921550785,0.5670047999167884,0.545992009866601,0.5562452605556395,,0.16225658610491595,0.011747256309315555,0.03761101225023518,0.046722254178716685,0.04230106328178176,5.0
history_only,0.5,0.7,long,Logistic Regression,ALL_MEAN,0.8784919640816671,0.739414326213323,0.3838351229058225,0.5046467362625642,,0.16225658610491595,0.010561648923316099,0.020851031138386156,0.035489104833665484,0.03329803106746377,5.0
history_only,0.5,0.7,long,Random Forest,ALL_MEAN,0.8787347360603203,0.7491691638771794,0.3759489435410754,0.49980036682776297,,0.16225658610491595,0.010463098437863695,0.019596274425212046,0.037509496632002225,0.03497853454987113,5.0
history_only,0.5,0.7,extra_long,Naive (always 'not congested'),25,0.8349723902182488,0.0,0.0,0.0,19015.0,0.16502760978175124,,,,,
history_only,0.5,0.7,extra_long,Naive (persistence),25,0.8715750723113331,0.6135770234986945,0.5991077119184194,0.6062560464366333,19015.0,0.16502760978175124,,,,,
history_only,0.5,0.7,extra_long,Logistic Regression,25,0.8864054693662897,0.7614973262032085,0.4537922243467177,0.5686900958466453,19015.0,0.16502760978175124,,,,,
history_only,0.5,0.7,extra_long,Random Forest,25,0.8874572705758612,0.7775305895439377,0.44550669216061184,0.56645056726094,19015.0,0.16502760978175124,,,,,
history_only,0.5,0.7,extra_long,Naive (always 'not congested'),26,0.8434828496042216,0.0,0.0,0.0,18950.0,0.15651715039577838,,,,,
history_only,0.5,0.7,extra_long,Naive (persistence),26,0.8864907651715039,0.6397941680960549,0.6287929871881321,0.6342458765516069,18950.0,0.15651715039577838,,,,,
history_only,0.5,0.7,extra_long,Logistic Regression,26,0.8954617414248021,0.7493670886075949,0.4989885367498314,0.5990690143695608,18950.0,0.15651715039577838,,,,,
history_only,0.5,0.7,extra_long,Random Forest,26,0.8944591029023746,0.7523510971786834,0.4855023600809171,0.5901639344262295,18950.0,0.15651715039577838,,,,,
history_only,0.5,0.7,extra_long,Naive (always 'not congested'),27,0.8673176335439403,0.0,0.0,0.0,19151.0,0.13268236645605974,,,,,
history_only,0.5,0.7,extra_long,Naive (persistence),27,0.8927993316275913,0.6001642036124795,0.5753640299094844,0.5875025115531445,19151.0,0.13268236645605974,,,,,
history_only,0.5,0.7,extra_long,Logistic Regression,27,0.9067933789358258,0.7571428571428571,0.4380165289256198,0.5549738219895288,19151.0,0.13268236645605974,,,,,
history_only,0.5,0.7,extra_long,Random Forest,27,0.9063756461803562,0.7615384615384615,0.42857142857142855,0.5484764542936288,19151.0,0.13268236645605974,,,,,
history_only,0.5,0.7,extra_long,Naive (always 'not congested'),28,0.8434289950227681,0.0,0.0,0.0,18886.0,0.1565710049772318,,,,,
history_only,0.5,0.7,extra_long,Naive (persistence),28,0.8659853860002118,0.5746320953048353,0.5546161650321272,0.5644467389433833,18886.0,0.1565710049772318,,,,,
history_only,0.5,0.7,extra_long,Logistic Regression,28,0.8834056973419464,0.7117218171620864,0.4291511667230301,0.5354430379746835,18886.0,0.1565710049772318,,,,,
history_only,0.5,0.7,extra_long,Random Forest,28,0.8836704437149211,0.7204176334106729,0.42002029083530606,0.5306558427686392,18886.0,0.1565710049772318,,,,,
history_only,0.5,0.7,extra_long,Naive (always 'not congested'),29,0.8119608362000529,0.0,0.0,0.0,18895.0,0.18803916379994706,,,,,
history_only,0.5,0.7,extra_long,Naive (persistence),29,0.8786980682720297,0.6771565046361337,0.6783000281452294,0.6777277840269966,18895.0,0.18803916379994706,,,,,
history_only,0.5,0.7,extra_long,Logistic Regression,29,0.8866366763694099,0.7926171712982165,0.5378553335209681,0.6408450704225352,18895.0,0.18803916379994706,,,,,
history_only,0.5,0.7,extra_long,Random Forest,29,0.886054511775602,0.7983802216538789,0.5271601463551928,0.6350228852347856,18895.0,0.18803916379994706,,,,,
history_only,0.5,0.7,extra_long,Naive (always 'not congested'),ALL_MEAN,0.8402325409178463,0.0,0.0,0.0,,0.15976745908215367,0.01778393961414776,0.0,0.0,0.0,5.0
history_only,0.5,0.7,extra_long,Naive (persistence),ALL_MEAN,0.8791097246765339,0.6210647990296396,0.6072361844386786,0.6140357915023529,,0.15976745908215367,0.009706428902675023,0.03505985268041124,0.04327941397320258,0.03921410705678317,5.0
history_only,0.5,0.7,extra_long,Logistic Regression,ALL_MEAN,0.8917405926876547,0.7544692520827926,0.47156075805323344,0.5798042081205906,,0.15976745908215367,0.008537181090018294,0.025942941216267005,0.04095549612766768,0.03689201706099826,5.0
history_only,0.5,0.7,extra_long,Random Forest,ALL_MEAN,0.891603395029823,0.762043600665127,0.4613521836006913,0.5741539367968447,,0.15976745908215367,0.00821324103419715,0.026027361712834082,0.03986954187035357,0.036254953046528364,5.0
history_only,0.5,0.8,short,Naive (always 'not congested'),25,0.7371842694234253,0.0,0.0,0.0,18766.0,0.26281573057657465,,,,,
history_only,0.5,0.8,short,Naive (persistence),25,0.9462858360865395,0.8930288461538461,0.9038929440389294,0.898428053204353,18766.0,0.26281573057657465,,,,,
history_only,0.5,0.8,short,Logistic Regression,25,0.9414899285942663,0.9108444063437634,0.8617193836171938,0.8856011669097729,18766.0,0.26281573057657465,,,,,
history_only,0.5,0.8,short,Random Forest,25,0.9449003516998827,0.9003697617091208,0.8886861313868614,0.8944897959183673,18766.0,0.26281573057657465,,,,,
history_only,0.5,0.8,short,Naive (always 'not congested'),26,0.8747165831795413,0.0,0.0,0.0,18965.0,0.12528341682045874,,,,,
history_only,0.5,0.8,short,Naive (persistence),26,0.9615607698391775,0.8381930184804928,0.859006734006734,0.8484722510912492,18965.0,0.12528341682045874,,,,,
history_only,0.5,0.8,short,Logistic Regression,26,0.9609280253097812,0.8680774425934263,0.8114478114478114,0.8388079182075266,18965.0,0.12528341682045874,,,,,
history_only,0.5,0.8,short,Random Forest,26,0.9613498549960453,0.8518201284796574,0.8371212121212122,0.8444067077053704,18965.0,0.12528341682045874,,,,,
history_only,0.5,0.8,short,Naive (always 'not congested'),27,0.7415766392127501,0.0,0.0,0.0,18698.0,0.25842336078725,,,,,
history_only,0.5,0.8,short,Naive (persistence),27,0.9537918493956573,0.9070578580221584,0.9149420529801324,0.9109828971770039,18698.0,0.25842336078725,,,,,
history_only,0.5,0.8,short,Logistic Regression,27,0.953577922772489,0.929004329004329,0.8882450331125827,0.9081675835801947,18698.0,0.25842336078725,,,,,
history_only,0.5,0.8,short,Random Forest,27,0.9536314044282811,0.9158800083910216,0.9035596026490066,0.9096780914678613,18698.0,0.25842336078725,,,,,
history_only,0.5,0.8,short,Naive (always 'not congested'),28,0.7707657106369393,0.0,0.0,0.0,18793.0,0.2292342893630607,,,,,
history_only,0.5,0.8,short,Naive (persistence),28,0.9472143883360826,0.8795787545787546,0.8918291550603529,0.8856615952051636,18793.0,0.2292342893630607,,,,,
history_only,0.5,0.8,short,Logistic Regression,28,0.9470547544298409,0.9021607186210245,0.8625812441968431,0.8819271389581108,18793.0,0.2292342893630607,,,,,
history_only,0.5,0.8,short,Random Forest,28,0.9479061352631298,0.8910030537937514,0.8804549675023212,0.885697606538237,18793.0,0.2292342893630607,,,,,
history_only,0.5,0.8,short,Naive (always 'not congested'),29,0.8314058355437666,0.0,0.0,0.0,18850.0,0.16859416445623343,,,,,
history_only,0.5,0.8,short,Naive (persistence),29,0.9468965517241379,0.8366841942468296,0.8511642542479547,0.8438621119950086,18850.0,0.16859416445623343,,,,,
history_only,0.5,0.8,short,Logistic Regression,29,0.9475331564986738,0.8708912233141308,0.8086847073631215,0.8386359928210149,18850.0,0.16859416445623343,,,,,
history_only,0.5,0.8,short,Random Forest,29,0.9473740053050398,0.8487555839183153,0.8370044052863436,0.8428390367553865,18850.0,0.16859416445623343,,,,,
history_only,0.5,0.8,short,Naive (always 'not congested'),ALL_MEAN,0.7911298075992846,0.0,0.0,0.0,,0.20887019240071547,0.053645580452089475,0.0,0.0,0.0,5.0
history_only,0.5,0.8,short,Naive (persistence),ALL_MEAN,0.951149879076319,0.8709085342964162,0.8841670280668208,0.8774813817345557,,0.20887019240071547,0.005875448047292362,0.028680533290629067,0.02496856257916312,0.026832127882558177,5.0
history_only,0.5,0.8,short,Logistic Regression,ALL_MEAN,0.9501167575210102,0.8961956239753348,0.8465356359475106,0.870627960095324,,0.20887019240071547,0.006623235019275925,0.02348414410506722,0.0312778828314309,0.027557549718685095,5.0
history_only,0.5,0.8,short,Random Forest,ALL_MEAN,0.9510323503384758,0.8815657072583732,0.8693652637891491,0.8754222476770446,,0.20887019240071547,0.00589854390346288,0.026763523258749658,0.027395015218978143,0.02707857670994569,5.0
history_only,0.5,0.8,medium,Naive (always 'not congested'),25,0.7388894809762336,0.0,0.0,0.0,18766.0,0.26111051902376636,,,,,
history_only,0.5,0.8,medium,Naive (persistence),25,0.9163380581903442,0.8335336538461539,0.8491836734693877,0.841285887585928,18766.0,0.26111051902376636,,,,,
history_only,0.5,0.8,medium,Logistic Regression,25,0.9139401044442076,0.8723645431874858,0.7853061224489796,0.82654924283106,18766.0,0.26111051902376636,,,,,
history_only,0.5,0.8,medium,Random Forest,25,0.9134072258339551,0.8607622824410663,0.7973469387755102,0.8278419324080941,18766.0,0.26111051902376636,,,,,
history_only,0.5,0.8,medium,Naive (always 'not congested'),26,0.8757711573952017,0.0,0.0,0.0,18965.0,0.12422884260479831,,,,,
history_only,0.5,0.8,medium,Naive (persistence),26,0.9398365409965727,0.7494866529774127,0.7746179966044142,0.7618451262784387,18965.0,0.12422884260479831,,,,,
history_only,0.5,0.8,medium,Logistic Regression,26,0.938412865805431,0.7920353982300885,0.683786078098472,0.7339407744874715,18965.0,0.12422884260479831,,,,,
history_only,0.5,0.8,medium,Random Forest,26,0.9383074083838651,0.7823809523809524,0.6973684210526315,0.7374326750448833,18965.0,0.12422884260479831,,,,,
history_only,0.5,0.8,medium,Naive (always 'not congested'),27,0.7420044924590865,0.0,0.0,0.0,18698.0,0.2579955075409135,,,,,
history_only,0.5,0.8,medium,Naive (persistence),27,0.9312225906514066,0.8629462453836685,0.8718905472636815,0.8673953392452052,18698.0,0.2579955075409135,,,,,
history_only,0.5,0.8,medium,Logistic Regression,27,0.9306877740934859,0.9014565316340464,0.8211028192371476,0.8594055109568236,18698.0,0.2579955075409135,,,,,
history_only,0.5,0.8,medium,Random Forest,27,0.9311691089956146,0.8932621747831888,0.8327114427860697,0.8619246861924686,18698.0,0.2579955075409135,,,,,
history_only,0.5,0.8,medium,Naive (always 'not congested'),28,0.7709785558452615,0.0,0.0,0.0,18793.0,0.22902144415473846,,,,,
history_only,0.5,0.8,medium,Naive (persistence),28,0.9201830468791571,0.8209706959706959,0.83317843866171,0.8270295202952029,18793.0,0.22902144415473846,,,,,
history_only,0.5,0.8,medium,Logistic Regression,28,0.9203958920874794,0.8605546995377504,0.7785780669144982,0.8175164674310808,18793.0,0.22902144415473846,,,,,
history_only,0.5,0.8,medium,Random Forest,28,0.9208215825041238,0.8530591775325977,0.7904275092936803,0.8205499276410999,18793.0,0.22902144415473846,,,,,
history_only,0.5,0.8,medium,Naive (always 'not congested'),29,0.8324137931034483,0.0,0.0,0.0,18850.0,0.16758620689655174,,,,,
history_only,0.5,0.8,medium,Naive (persistence),29,0.9259416445623342,0.7726569749458707,0.7907565685343463,0.781602002503129,18850.0,0.16758620689655174,,,,,
history_only,0.5,0.8,medium,Logistic Regression,29,0.9289655172413793,0.8304284676833696,0.7239632795188351,0.7735498055132758,18850.0,0.16758620689655174,,,,,
history_only,0.5,0.8,medium,Random Forest,29,0.9284880636604774,0.8180540920266948,0.737258626147515,0.7755577755577756,18850.0,0.16758620689655174,,,,,
history_only,0.5,0.8,medium,Naive (always 'not congested'),ALL_MEAN,0.7920114959558464,0.0,0.0,0.0,,0.20798850404415367,0.053689961711949764,0.0,0.0,0.0,5.0
history_only,0.5,0.8,medium,Naive (persistence),ALL_MEAN,0.9267043762559629,0.8079188446247603,0.8239254449067079,0.8158315751815808,,0.20798850404415367,0.00828779896972094,0.04126064610073292,0.03620951771442977,0.03877715324795236,5.0
history_only,0.5,0.8,medium,Logistic Regression,ALL_MEAN,0.9264804307343967,0.8513679280545482,0.7585472732435864,0.8021923602439424,,0.20798850404415367,0.008491664075116818,0.037397681537432115,0.048612249406740415,0.04377237828748291,5.0
history_only,0.5,0.8,medium,Random Forest,ALL_MEAN,0.9264386778756071,0.8415037358329001,0.7710225876110813,0.8046613993688643,,0.20798850404415367,0.008588529877461367,0.03802300664242267,0.04783299833309576,0.043440968574952464,5.0
history_only,0.5,0.8,long,Naive (always 'not congested'),25,0.7386230416711074,0.0,0.0,0.0,18766.0,0.2613769583288927,,,,,
history_only,0.5,0.8,long,Naive (persistence),25,0.8724821485665566,0.7516025641025641,0.76493374108053,0.7582095584520562,18766.0,0.2613769583288927,,,,,
history_only,0.5,0.8,long,Logistic Regression,25,0.8718959820952787,0.8197391971362823,0.6536187563710499,0.7273139745916516,18766.0,0.2613769583288927,,,,,
history_only,0.5,0.8,long,Random Forest,25,0.870510497708622,0.8190255220417634,0.6477064220183486,0.7233606557377049,18766.0,0.2613769583288927,,,,,
history_only,0.5,0.8,long,Naive (always 'not congested'),26,0.8758238861059847,0.0,0.0,0.0,18965.0,0.1241761138940153,,,,,
history_only,0.5,0.8,long,Naive (persistence),26,0.9114157658845241,0.6386036960985626,0.6602972399150743,0.6492693110647182,18965.0,0.1241761138940153,,,,,
history_only,0.5,0.8,long,Logistic Regression,26,0.9115739520168732,0.703971119133574,0.4968152866242038,0.5825242718446602,18965.0,0.1241761138940153,,,,,
history_only,0.5,0.8,long,Random Forest,26,0.9121539678354864,0.7101891397193411,0.4942675159235669,0.5828743114672008,18965.0,0.1241761138940153,,,,,
history_only,0.5,0.8,long,Naive (always 'not congested'),27,0.7403465611295326,0.0,0.0,0.0,18698.0,0.25965343887046743,,,,,
history_only,0.5,0.8,long,Naive (persistence),27,0.8951224729917638,0.7968814115716044,0.8,0.7984376606023229,18698.0,0.25965343887046743,,,,,
history_only,0.5,0.8,long,Logistic Regression,27,0.8966199593539416,0.8725140234574197,0.7048403707518023,0.779765295659109,18698.0,0.25965343887046743,,,,,
history_only,0.5,0.8,long,Random Forest,27,0.895336399614932,0.8723021582733813,0.6992790937178167,0.776266148393735,18698.0,0.25965343887046743,,,,,
history_only,0.5,0.8,long,Naive (always 'not congested'),28,0.7686372585537168,0.0,0.0,0.0,18793.0,0.2313627414462832,,,,,
history_only,0.5,0.8,long,Naive (persistence),28,0.8844250518810195,0.7490842490842491,0.7525298988040479,0.7508031206975677,18793.0,0.2313627414462832,,,,,
history_only,0.5,0.8,long,Logistic Regression,28,0.8875113074016922,0.8260361938120256,0.6508739650413984,0.7280679187033702,18793.0,0.2313627414462832,,,,,
history_only,0.5,0.8,long,Random Forest,28,0.8865002926621615,0.8220412910729863,0.6501839926402944,0.7260819314241684,18793.0,0.2313627414462832,,,,,
history_only,0.5,0.8,long,Naive (always 'not congested'),29,0.8293899204244032,0.0,0.0,0.0,18850.0,0.17061007957559682,,,,,
history_only,0.5,0.8,long,Naive (persistence),29,0.8939522546419099,0.6882152799257656,0.6918532338308457,0.6900294619320825,18850.0,0.17061007957559682,,,,,
history_only,0.5,0.8,long,Logistic Regression,29,0.9001061007957559,0.7806315789473685,0.5764925373134329,0.6632087283133608,18850.0,0.17061007957559682,,,,,
history_only,0.5,0.8,long,Random Forest,29,0.9003713527851459,0.786142001710864,0.5715174129353234,0.6618653222902413,18850.0,0.17061007957559682,,,,,
history_only,0.5,0.8,long,Naive (always 'not congested'),ALL_MEAN,0.7905641335769489,0.0,0.0,0.0,,0.20943586642305106,0.05380917502583255,0.0,0.0,0.0,5.0
history_only,0.5,0.8,long,Naive (persistence),ALL_MEAN,0.8914795387931548,0.7248774401565492,0.7339228227260997,0.7293498225497494,,0.20943586642305106,0.012864719700777509,0.055266710874635465,0.05072409772075002,0.052962697822819205,5.0
history_only,0.5,0.8,long,Logistic Regression,ALL_MEAN,0.8935414603327082,0.8005784224973341,0.6165281832203775,0.6961760378224303,,0.20943586642305106,0.01328632296364025,0.05642838243541762,0.07250988397006372,0.06778996179994123,5.0
history_only,0.5,0.8,long,Random Forest,ALL_MEAN,0.8929745021212696,0.8019400225636671,0.6125908874470699,0.6940896738626101,,0.20943586642305106,0.01396202526117849,0.05350627513724135,0.07190081778379308,0.06639357432339921,5.0
history_only,0.5,0.8,extra_long,Naive (always 'not congested'),25,0.7388894809762336,0.0,0.0,0.0,18766.0,0.26111051902376636,,,,,
history_only,0.5,0.8,extra_long,Naive (persistence),25,0.8935308536715336,0.7906650641025641,0.8055102040816327,0.7980186008896077,18766.0,0.26111051902376636,,,,,
history_only,0.5,0.8,extra_long,Logistic Regression,25,0.8918789299797506,0.8449891852919971,0.7175510204081633,0.7760732810948019,18766.0,0.26111051902376636,,,,,
history_only,0.5,0.8,extra_long,Random Forest,25,0.8914526270915486,0.8417283361184054,0.7195918367346938,0.7758829354164375,18766.0,0.26111051902376636,,,,,
history_only,0.5,0.8,extra_long,Naive (always 'not congested'),26,0.8756656999736356,0.0,0.0,0.0,18965.0,0.12433430002636435,,,,,
history_only,0.5,0.8,extra_long,Naive (persistence),26,0.9248615871341945,0.6915811088295688,0.714164546225615,0.7026914249947841,18965.0,0.12433430002636435,,,,,
history_only,0.5,0.8,extra_long,Logistic Regression,26,0.9241761138940153,0.749728555917481,0.585665818490246,0.6576190476190477,18965.0,0.12433430002636435,,,,,
history_only,0.5,0.8,extra_long,Random Forest,26,0.9229106248352228,0.7437431991294886,0.5797285835453775,0.6515729265967588,18965.0,0.12433430002636435,,,,,
history_only,0.5,0.8,extra_long,Naive (always 'not congested'),27,0.7412557492779976,0.0,0.0,0.0,18698.0,0.25874425072200236,,,,,
history_only,0.5,0.8,extra_long,Naive (persistence),27,0.9126109744357686,0.8286828067295856,0.8348491112029764,0.8317545304777595,18698.0,0.25874425072200236,,,,,
history_only,0.5,0.8,extra_long,Logistic Regression,27,0.9112739330409669,0.8823670916526342,0.7581645307978504,0.8155642023346303,18698.0,0.25874425072200236,,,,,
history_only,0.5,0.8,extra_long,Random Forest,27,0.9119691945662638,0.8814531548757171,0.7622984704423316,0.8175570826867656,18698.0,0.25874425072200236,,,,,
history_only,0.5,0.8,extra_long,Naive (always 'not congested'),28,0.7699143298036503,0.0,0.0,0.0,18793.0,0.2300856701963497,,,,,
history_only,0.5,0.8,extra_long,Naive (persistence),28,0.9008141329218325,0.7815934065934066,0.7895467160037003,0.7855499309710078,18793.0,0.2300856701963497,,,,,
history_only,0.5,0.8,extra_long,Logistic Regression,28,0.901984781567605,0.8398138006571741,0.7092969472710453,0.7690571715145437,18793.0,0.2300856701963497,,,,,
history_only,0.5,0.8,extra_long,Random Forest,28,0.901612302453041,0.8356387306753458,0.7125346901017576,0.7691923605043066,18793.0,0.2300856701963497,,,,,
history_only,0.5,0.8,extra_long,Naive (always 'not congested'),29,0.8320424403183024,0.0,0.0,0.0,18850.0,0.16795755968169762,,,,,
history_only,0.5,0.8,extra_long,Naive (persistence),29,0.9087002652519894,0.7234766470770182,0.7387871130764372,0.7310517268323176,18850.0,0.16795755968169762,,,,,
history_only,0.5,0.8,extra_long,Logistic Regression,29,0.9137931034482759,0.8018018018018018,0.6465571699305117,0.715859415981815,18850.0,0.16795755968169762,,,,,
history_only,0.5,0.8,extra_long,Random Forest,29,0.9138992042440318,0.7996116504854369,0.6503474415666456,0.7172966382163386,18850.0,0.16795755968169762,,,,,
history_only,0.5,0.8,extra_long,Naive (always 'not congested'),ALL_MEAN,0.7915535400699639,0.0,0.0,0.0,,0.2084464599300361,0.05382533378755919,0.0,0.0,0.0,5.0
history_only,0.5,0.8,extra_long,Naive (persistence),ALL_MEAN,0.9081035626830637,0.7631998066664286,0.7765715381180722,0.7698132428330954,,0.2084464599300361,0.010648979597572113,0.04916880203786042,0.04410073143695632,0.046664123787601534,5.0
history_only,0.5,0.8,extra_long,Logistic Regression,ALL_MEAN,0.9086213723861227,0.8237400870642176,0.6834470973795634,0.7468346237089676,,0.2084464599300361,0.010955241476182499,0.044957778446253156,0.06055746429697289,0.054756512316901665,5.0
history_only,0.5,0.8,extra_long,Random Forest,ALL_MEAN,0.9083687906380217,0.8204350142568788,0.6849002044781612,0.7463003886841214,,0.2084464599300361,0.010833467096398446,0.04630986724166598,0.06358086031662714,0.05708098720218918,5.0
history_only,0.5,0.9,short,Naive (always 'not congested'),25,0.8100413529848373,0.0,0.0,0.0,18862.0,0.18995864701516277,,,,,
history_only,0.5,0.9,short,Naive (persistence),25,0.9649559961828014,0.9031456953642384,0.9134803237510466,0.9082836131538782,18862.0,0.18995864701516277,,,,,
history_only,0.5,0.9,short,Logistic Regression,25,0.9661753790690277,0.918918918918919,0.9014792073681273,0.9101155255001409,18862.0,0.18995864701516277,,,,,
history_only,0.5,0.9,short,Random Forest,25,0.9653801293606192,0.9071706503613118,0.9109684621825286,0.9090655897507312,18862.0,0.18995864701516277,,,,,
history_only,0.5,0.9,short,Naive (always 'not congested'),26,0.8365577756633894,0.0,0.0,0.0,18918.0,0.16344222433661063,,,,,
history_only,0.5,0.9,short,Naive (persistence),26,0.9820276984882123,0.9407431133888533,0.9498706338939198,0.9452848406823302,18918.0,0.16344222433661063,,,,,
history_only,0.5,0.9,short,Logistic Regression,26,0.9819748387778835,0.9493629532832407,0.9398447606727037,0.9445798797334634,18918.0,0.16344222433661063,,,,,
history_only,0.5,0.9,short,Random Forest,26,0.9817105402262396,0.9411953727506427,0.9472833117723156,0.9442295293359123,18918.0,0.16344222433661063,,,,,
history_only,0.5,0.9,short,Naive (always 'not congested'),27,0.6913468211178135,0.0,0.0,0.0,18733.0,0.3086531788821865,,,,,
history_only,0.5,0.9,short,Naive (persistence),27,0.9758180750547163,0.9578965457982471,0.9640262884814943,0.960951642099819,18733.0,0.3086531788821865,,,,,
history_only,0.5,0.9,short,Logistic Regression,27,0.9751241125286927,0.9622608695652174,0.9569353164994812,0.9595907041276448,18733.0,0.3086531788821865,,,,,
history_only,0.5,0.9,short,Random Forest,27,0.9759248385202584,0.9591731266149871,0.9629885852646143,0.9610770691291965,18733.0,0.3086531788821865,,,,,
history_only,0.5,0.9,short,Naive (always 'not congested'),28,0.7911663807890223,0.0,0.0,0.0,18656.0,0.2088336192109777,,,,,
history_only,0.5,0.9,short,Naive (persistence),28,0.9692324185248714,0.9228615071283096,0.930441478439425,0.9266359918200409,18656.0,0.2088336192109777,,,,,
history_only,0.5,0.9,short,Logistic Regression,28,0.9691788164665524,0.9323092944545691,0.9191478439425051,0.9256817888070311,18656.0,0.2088336192109777,,,,,
history_only,0.5,0.9,short,Random Forest,28,0.9689644082332761,0.9236270753512132,0.9281314168377823,0.9258737677634106,18656.0,0.2088336192109777,,,,,
history_only,0.5,0.9,short,Naive (always 'not congested'),29,0.8365237567895375,0.0,0.0,0.0,18963.0,0.16347624321046247,,,,,
history_only,0.5,0.9,short,Naive (persistence),29,0.9733691926382956,0.9165329052969502,0.9209677419354839,0.918744971842317,18963.0,0.16347624321046247,,,,,
history_only,0.5,0.9,short,Logistic Regression,29,0.973843801086326,0.9268852459016393,0.9119354838709678,0.9193495934959349,18963.0,0.16347624321046247,,,,,
history_only,0.5,0.9,short,Random Forest,29,0.9733164583662922,0.9175788795878944,0.9193548387096774,0.9184660006445375,18963.0,0.16347624321046247,,,,,
history_only,0.5,0.9,short,Naive (always 'not congested'),ALL_MEAN,0.79312721746892,0.0,0.0,0.0,,0.20687278253108002,0.05370038166012131,0.0,0.0,0.0,5.0
history_only,0.5,0.9,short,Naive (persistence),ALL_MEAN,0.9730806761777794,0.9282359533953197,0.9357572933002739,0.931980211919677,,0.20687278253108002,0.005804228020448345,0.019139210267575892,0.018663196729241743,0.018876535564773696,5.0
history_only,0.5,0.9,short,Logistic Regression,ALL_MEAN,0.9732593895856965,0.9379474564247172,0.925868522470757,0.931863498332843,,0.20687278253108002,0.0054150173602446165,0.015733418183825766,0.019973065369038426,0.017878981885856862,5.0
history_only,0.5,0.9,short,Random Forest,ALL_MEAN,0.9730592749413371,0.92974902093321,0.9337453229533835,0.9317423913247576,,0.20687278253108002,0.005636651473620056,0.018396577621159208,0.018951690674359527,0.018662221514204935,5.0
history_only,0.5,0.9,medium,Naive (always 'not congested'),25,0.8116848690488814,0.0,0.0,0.0,18862.0,0.18831513095111865,,,,,
history_only,0.5,0.9,medium,Naive (persistence),25,0.9505884847842222,0.8614790286975718,0.8789414414414415,0.8701226309921962,18862.0,0.18831513095111865,,,,,
history_only,0.5,0.9,medium,Logistic Regression,25,0.9512777011981762,0.8837073739434567,0.8536036036036037,0.8683946727767435,18862.0,0.18831513095111865,,,,,
history_only,0.5,0.9,medium,Random Forest,25,0.9500053016647227,0.8719703450242372,0.8609234234234234,0.8664116730415073,18862.0,0.18831513095111865,,,,,
history_only,0.5,0.9,medium,Naive (always 'not congested'),26,0.8368220742150333,0.0,0.0,0.0,18918.0,0.1631779257849667,,,,,
history_only,0.5,0.9,medium,Naive (persistence),26,0.971402896712126,0.9077514413837284,0.9180434078393263,0.9128684168143019,18918.0,0.1631779257849667,,,,,
history_only,0.5,0.9,medium,Logistic Regression,26,0.9718786341050851,0.9237147595356551,0.9021703919663103,0.9128154703375942,18918.0,0.1631779257849667,,,,,
history_only,0.5,0.9,medium,Random Forest,26,0.9725129506290305,0.9193074158771644,0.9115646258503401,0.9154196486662329,18918.0,0.1631779257849667,,,,,
history_only,0.5,0.9,medium,Naive (always 'not congested'),27,0.6916137297816687,0.0,0.0,0.0,18733.0,0.30838627021833126,,,,,
history_only,0.5,0.9,medium,Naive (persistence),27,0.9642342390433993,0.9388211032823509,0.9456465293404881,0.9422214556743704,18733.0,0.30838627021833126,,,,,
history_only,0.5,0.9,medium,Logistic Regression,27,0.9632199861207494,0.9478873239436619,0.931971611563095,0.9398620930435542,18733.0,0.30838627021833126,,,,,
history_only,0.5,0.9,medium,Random Forest,27,0.9631666043879784,0.9424247695251348,0.937857019214125,0.9401353461738677,18733.0,0.30838627021833126,,,,,
history_only,0.5,0.9,medium,Naive (always 'not congested'),28,0.7917024013722127,0.0,0.0,0.0,18656.0,0.2082975986277873,,,,,
history_only,0.5,0.9,medium,Naive (persistence),28,0.9544382504288165,0.8864562118126272,0.8960370560988162,0.8912208855899667,18656.0,0.2082975986277873,,,,,
history_only,0.5,0.9,medium,Logistic Regression,28,0.9554566895368782,0.9074419845292078,0.8754503345342254,0.8911591355599214,18656.0,0.2082975986277873,,,,,
history_only,0.5,0.9,medium,Random Forest,28,0.9543846483704974,0.8952852305287835,0.8844570252187339,0.8898381877022654,18656.0,0.2082975986277873,,,,,
history_only,0.5,0.9,medium,Naive (always 'not congested'),29,0.8372093023255814,0.0,0.0,0.0,18963.0,0.16279069767441862,,,,,
history_only,0.5,0.9,medium,Naive (persistence),29,0.9615039814375362,0.878330658105939,0.8862973760932945,0.8822960335375686,18963.0,0.16279069767441862,,,,,
history_only,0.5,0.9,medium,Logistic Regression,29,0.9608711701734958,0.8927973199329984,0.8632977000323939,0.8777997364953887,18963.0,0.16279069767441862,,,,,
history_only,0.5,0.9,medium,Random Forest,29,0.9601856246374518,0.8850726552179656,0.8681567865241334,0.8765331152902698,18963.0,0.16279069767441862,,,,,
history_only,0.5,0.9,medium,Naive (always 'not congested'),ALL_MEAN,0.7938064753486755,0.0,0.0,0.0,,0.2061935246513245,0.053854560569258414,0.0,0.0,0.0,5.0
history_only,0.5,0.9,medium,Naive (persistence),ALL_MEAN,0.96043357048122,0.8945676886564435,0.9049931621626731,0.8997458845216808,,0.2061935246513245,0.007331937724871438,0.02667010565253274,0.024213391254557147,0.025420798785025036,5.0
history_only,0.5,0.9,medium,Logistic Regression,ALL_MEAN,0.9605408362268768,0.911109752376996,0.8852987283399256,0.8980062216426404,,0.2061935246513245,0.007035436639222825,0.022852413538299313,0.028455678171772525,0.025703137060314213,5.0
history_only,0.5,0.9,medium,Random Forest,ALL_MEAN,0.9600510259379362,0.902812083234657,0.8925917760461513,0.8976675941748287,,0.2061935246513245,0.007720737319777029,0.02515477906080724,0.028548340444063736,0.026846019473451017,5.0
history_only,0.5,0.9,long,Naive (always 'not congested'),25,0.8152369844131058,0.0,0.0,0.0,18862.0,0.18476301558689429,,,,,
history_only,0.5,0.9,long,Naive (persistence),25,0.9269960767681051,0.7908388520971302,0.8223816355810617,0.8063018708679139,18862.0,0.18476301558689429,,,,,
history_only,0.5,0.9,long,Logistic Regression,25,0.9289046760682854,0.828632740649908,0.775609756097561,0.8012449977767897,18862.0,0.18476301558689429,,,,,
history_only,0.5,0.9,long,Random Forest,25,0.9296999257766939,0.827220369809033,0.7830703012912482,0.8045400943396226,18862.0,0.18476301558689429,,,,,
history_only,0.5,0.9,long,Naive (always 'not congested'),26,0.8369277936356909,0.0,0.0,0.0,18918.0,0.16307220636430914,,,,,
history_only,0.5,0.9,long,Naive (persistence),26,0.9552278253515171,0.8584240871236387,0.8687196110210696,0.8635411632028355,18918.0,0.16307220636430914,,,,,
history_only,0.5,0.9,long,Logistic Regression,26,0.9540649117242838,0.8791923340177961,0.8327390599675851,0.8553354419843516,18918.0,0.16307220636430914,,,,,
history_only,0.5,0.9,long,Random Forest,26,0.9545406491172428,0.8775025449609772,0.8382495948136143,0.8574270557029178,18918.0,0.16307220636430914,,,,,
history_only,0.5,0.9,long,Naive (always 'not congested'),27,0.6916671115144397,0.0,0.0,0.0,18733.0,0.30833288848556023,,,,,
history_only,0.5,0.9,long,Naive (persistence),27,0.9445363796508834,0.9070286990891906,0.913781163434903,0.9103924105217767,18733.0,0.30833288848556023,,,,,
history_only,0.5,0.9,long,Logistic Regression,27,0.9424544920728127,0.9249276410998553,0.8852146814404432,0.9046355272469923,18733.0,0.30833288848556023,,,,,
history_only,0.5,0.9,long,Random Forest,27,0.9417605295467891,0.9204810626458445,0.8878116343490304,0.9038512382127435,18733.0,0.30833288848556023,,,,,
history_only,0.5,0.9,long,Naive (always 'not congested'),28,0.7939536878216124,0.0,0.0,0.0,18656.0,0.20604631217838765,,,,,
history_only,0.5,0.9,long,Naive (persistence),28,0.9316037735849056,0.8268839103869654,0.8449531737773153,0.835820895522388,18656.0,0.20604631217838765,,,,,
history_only,0.5,0.9,long,Logistic Regression,28,0.9334262435677531,0.8632049134561698,0.8043704474505723,0.8327497980070024,18656.0,0.20604631217838765,,,,,
history_only,0.5,0.9,long,Random Forest,28,0.9328902229845626,0.8558484349258649,0.8108740894901144,0.8327544750200374,18656.0,0.20604631217838765,,,,,
history_only,0.5,0.9,long,Naive (always 'not congested'),29,0.8378948478616253,0.0,0.0,0.0,18963.0,0.16210515213837473,,,,,
history_only,0.5,0.9,long,Naive (persistence),29,0.9428887834203449,0.8195826645264848,0.8305139882888745,0.8250121182743577,18963.0,0.16210515213837473,,,,,
history_only,0.5,0.9,long,Logistic Regression,29,0.9412540209882403,0.8414634146341463,0.7856213402732596,0.8125841184387618,18963.0,0.16210515213837473,,,,,
history_only,0.5,0.9,long,Random Forest,29,0.941781363708274,0.8413028413028413,0.789850357839948,0.8147651006711409,18963.0,0.16210515213837473,,,,,
history_only,0.5,0.9,long,Naive (always 'not congested'),ALL_MEAN,0.7951360850492948,0.0,0.0,0.0,,0.20486391495070516,0.0541961832726365,0.0,0.0,0.0,5.0
history_only,0.5,0.9,long,Naive (persistence),ALL_MEAN,0.9402505677551511,0.840551642644682,0.856069914420645,0.8482136916778543,,0.20486391495070516,0.010000951868275841,0.03958911415425858,0.03287001825684184,0.03619287109079351,5.0
history_only,0.5,0.9,long,Logistic Regression,ALL_MEAN,0.9400208688842749,0.8674842087715751,0.8167110570458842,0.8413099766907794,,0.20486391495070516,0.008622495590197473,0.03359064984659485,0.03938990100693179,0.03663466434059498,5.0
history_only,0.5,0.9,long,Random Forest,ALL_MEAN,0.9401345382267123,0.8644710507289123,0.8219711955567911,0.8426675927892925,,0.20486391495070516,0.00865162589620782,0.03257505161054127,0.03812642972024773,0.03547338529416517,5.0
history_only,0.5,0.9,extra_long,Naive (always 'not congested'),25,0.8133283851129255,0.0,0.0,0.0,18862.0,0.18667161488707454,,,,,
history_only,0.5,0.9,extra_long,Naive (persistence),25,0.9363270066800975,0.8200883002207505,0.8440783868219256,0.8319104268719384,18862.0,0.18667161488707454,,,,,
history_only,0.5,0.9,extra_long,Logistic Regression,25,0.9379175060969144,0.8517964071856288,0.8080090883271798,0.8293251712578341,18862.0,0.18667161488707454,,,,,
history_only,0.5,0.9,extra_long,Random Forest,25,0.9385537058636412,0.8508615567439097,0.8134052825901732,0.8317119210105997,18862.0,0.18667161488707454,,,,,
history_only,0.5,0.9,extra_long,Naive (always 'not congested'),26,0.8371920921873348,0.0,0.0,0.0,18918.0,0.1628079078126652,,,,,
history_only,0.5,0.9,extra_long,Naive (persistence),26,0.9628924833491912,0.8808456117873158,0.8928571428571429,0.8868107062237988,18918.0,0.1628079078126652,,,,,
history_only,0.5,0.9,extra_long,Logistic Regression,26,0.9634210804524791,0.902020202020202,0.8698051948051948,0.8856198347107438,18918.0,0.1628079078126652,,,,,
history_only,0.5,0.9,extra_long,Random Forest,26,0.9633682207421503,0.9003690036900369,0.8714285714285714,0.8856624319419237,18918.0,0.1628079078126652,,,,,
history_only,0.5,0.9,extra_long,Naive (always 'not congested'),27,0.6917204932472109,0.0,0.0,0.0,18733.0,0.3082795067527892,,,,,
history_only,0.5,0.9,extra_long,Naive (persistence),27,0.9539849463513586,0.9221515724351264,0.9291774891774892,0.9256511988959807,18733.0,0.3082795067527892,,,,,
history_only,0.5,0.9,extra_long,Logistic Regression,27,0.952276730902685,0.9354148082069581,0.9078787878787878,0.9214411247803164,18733.0,0.3082795067527892,,,,,
history_only,0.5,0.9,extra_long,Random Forest,27,0.9515827683766616,0.9324804548685146,0.9087445887445887,0.9204595281943349,18733.0,0.3082795067527892,,,,,
history_only,0.5,0.9,extra_long,Naive (always 'not congested'),28,0.7923456260720412,0.0,0.0,0.0,18656.0,0.20765437392795882,,,,,
history_only,0.5,0.9,extra_long,Naive (persistence),28,0.9420025728987993,0.8553971486761711,0.8673205988642231,0.8613176108690079,18656.0,0.20765437392795882,,,,,
history_only,0.5,0.9,extra_long,Logistic Regression,28,0.9431818181818182,0.8844262295081967,0.8355704697986577,0.8593044863286435,18656.0,0.20765437392795882,,,,,
history_only,0.5,0.9,extra_long,Random Forest,28,0.9419489708404802,0.8778770647170322,0.8368611254517295,0.8568785516056562,18656.0,0.20765437392795882,,,,,
history_only,0.5,0.9,extra_long,Naive (always 'not congested'),29,0.8378948478616253,0.0,0.0,0.0,18963.0,0.16210515213837473,,,,,
history_only,0.5,0.9,extra_long,Naive (persistence),29,0.9514317354848917,0.845585874799358,0.8568640208197787,0.8511875908870576,18963.0,0.16210515213837473,,,,,
history_only,0.5,0.9,extra_long,Logistic Regression,29,0.9500079101408005,0.8635430916552668,0.8214053350683149,0.8419473157719239,18963.0,0.16210515213837473,,,,,
history_only,0.5,0.9,extra_long,Random Forest,29,0.9498497073247903,0.8614232209737828,0.8230318802862719,0.8417900515721178,18963.0,0.16210515213837473,,,,,
history_only,0.5,0.9,extra_long,Naive (always 'not congested'),ALL_MEAN,0.7944962888962276,0.0,0.0,0.0,,0.20550371110377247,0.05408974747349589,0.0,0.0,0.0,5.0
history_only,0.5,0.9,extra_long,Naive (persistence),ALL_MEAN,0.9493277489528676,0.8648137015837444,0.8780595277081119,0.8713755067495568,,0.20550371110377247,0.009303717214579788,0.034650817875304246,0.03017054006735015,0.032404635121985645,5.0
history_only,0.5,0.9,extra_long,Logistic Regression,ALL_MEAN,0.9493610091549394,0.8874401477152505,0.8485337751756269,0.8675275865698924,,0.20550371110377247,0.008668814018180513,0.02954581277631658,0.03611247324377763,0.03291016017131183,5.0
history_only,0.5,0.9,extra_long,Random Forest,ALL_MEAN,0.9490606746295447,0.8846022601986553,0.850694289700267,0.8673004968649265,,0.20550371110377247,0.008633216418679835,0.02919535205625468,0.03506218201109282,0.03221487161239873,5.0
history_only,0.5,0.95,short,Naive (always 'not congested'),25,0.47707565575547367,0.0,0.0,0.0,18452.0,0.5229243442445264,,,,,
history_only,0.5,0.95,short,Naive (persistence),25,0.9943095599393019,0.9938936038087353,0.9952326665975749,0.994562684480348,18452.0,0.5229243442445264,,,,,
history_only,0.5,0.95,short,Logistic Regression,25,0.9938218079340992,0.9938879104941469,0.9942999274536222,0.9940938762822505,18452.0,0.5229243442445264,,,,,
history_only,0.5,0.95,short,Random Forest,25,0.9938218079340992,0.9929686692172475,0.9952326665975749,0.9940993788819876,18452.0,0.5229243442445264,,,,,
history_only,0.5,0.95,short,Naive (always 'not congested'),26,0.8089713430282293,0.0,0.0,0.0,18704.0,0.19102865697177074,,,,,
history_only,0.5,0.95,short,Naive (persistence),26,0.9888259195893926,0.9700950251537171,0.9714525608732157,0.9707733184170046,18704.0,0.19102865697177074,,,,,
history_only,0.5,0.95,short,Logistic Regression,26,0.9883982035928144,0.9716132658797078,0.9675342849146376,0.9695694853456738,18704.0,0.19102865697177074,,,,,
history_only,0.5,0.95,short,Random Forest,26,0.9886655260906758,0.9687587168758717,0.9720123145815841,0.9703827884884045,18704.0,0.19102865697177074,,,,,
history_only,0.5,0.95,short,Naive (always 'not congested'),27,0.8746292372881356,0.0,0.0,0.0,18880.0,0.1253707627118644,,,,,
history_only,0.5,0.95,short,Naive (persistence),27,0.9858580508474576,0.9419191919191919,0.9455006337135615,0.9437065148640101,18880.0,0.1253707627118644,,,,,
history_only,0.5,0.95,short,Logistic Regression,27,0.9859110169491525,0.95377969762419,0.9328263624841572,0.9431866723622384,18880.0,0.1253707627118644,,,,,
history_only,0.5,0.95,short,Random Forest,27,0.9858050847457627,0.945269410267289,0.9412758766370933,0.9432684165961049,18880.0,0.1253707627118644,,,,,
history_only,0.5,0.95,short,Naive (always 'not congested'),28,0.7060623959619825,0.0,0.0,0.0,18623.0,0.2939376040380175,,,,,
history_only,0.5,0.95,short,Naive (persistence),28,0.9751382698813296,0.956125978518114,0.9594446474241871,0.9577824382237622,18623.0,0.2939376040380175,,,,,
history_only,0.5,0.95,short,Logistic Regression,28,0.9746012994683992,0.9614319985237129,0.9517720131530873,0.9565776186541816,18623.0,0.2939376040380175,,,,,
history_only,0.5,0.95,short,Random Forest,28,0.9754067550877946,0.9576642335766423,0.958713920350749,0.9581887894832938,18623.0,0.2939376040380175,,,,,
history_only,0.5,0.95,short,Naive (always 'not congested'),29,0.9653652058432934,0.0,0.0,0.0,18825.0,0.034634794156706505,,,,,
history_only,0.5,0.95,short,Naive (persistence),29,0.9961752988047808,0.9461538461538461,0.9432515337423313,0.9447004608294931,18825.0,0.034634794156706505,,,,,
history_only,0.5,0.95,short,Logistic Regression,29,0.9962815405046481,0.9518633540372671,0.9401840490797546,0.9459876543209876,18825.0,0.034634794156706505,,,,,
history_only,0.5,0.95,short,Random Forest,29,0.9964940239043825,0.9507692307692308,0.9478527607361963,0.9493087557603687,18825.0,0.034634794156706505,,,,,
history_only,0.5,0.95,short,Naive (always 'not congested'),ALL_MEAN,0.7664207675754229,0.0,0.0,0.0,,0.23357923242457707,0.1676080192977506,0.0,0.0,0.0,5.0
history_only,0.5,0.95,short,Naive (persistence),ALL_MEAN,0.9880614198124524,0.9616375291107209,0.9629764084701741,0.9623050833629236,,0.23357923242457707,0.007447434272204354,0.01881976643682856,0.019074894864192574,0.018913210402203815,5.0
history_only,0.5,0.95,short,Logistic Regression,ALL_MEAN,0.9878027736898227,0.9665152453118049,0.9573233274170517,0.9618830613930663,,0.23357923242457707,0.007567436314738492,0.01534903321794828,0.021891577586762023,0.018584855987815705,5.0
history_only,0.5,0.95,short,Random Forest,ALL_MEAN,0.9880386395525429,0.9630860521412563,0.9630175077806395,0.9630496258420319,,0.23357923242457707,0.00734690165993936,0.01687413915685687,0.019182867092577008,0.018008875135216634,5.0
history_only,0.5,0.95,medium,Naive (always 'not congested'),25,0.4777801864296553,0.0,0.0,0.0,18452.0,0.5222198135703446,,,,,
history_only,0.5,0.95,medium,Naive (persistence),25,0.992412746585736,0.9914096460360173,0.9940846824408468,0.9927453622137009,18452.0,0.5222198135703446,,,,,
history_only,0.5,0.95,medium,Logistic Regression,25,0.9925211359202254,0.9931464174454828,0.9925280199252802,0.9928371223917782,18452.0,0.5222198135703446,,,,,
history_only,0.5,0.95,medium,Random Forest,25,0.9921417732495122,0.9919145848450296,0.9930469074304691,0.9924804231706684,18452.0,0.5222198135703446,,,,,
history_only,0.5,0.95,medium,Naive (always 'not congested'),26,0.8093990590248076,0.0,0.0,0.0,18704.0,0.19060094097519248,,,,,
history_only,0.5,0.95,medium,Naive (persistence),26,0.9831586826347305,0.9541643376187814,0.9576437587657785,0.9559008819823603,18704.0,0.19060094097519248,,,,,
history_only,0.5,0.95,medium,Logistic Regression,26,0.9828378956372968,0.9569014084507043,0.952875175315568,0.9548840477863668,18704.0,0.19060094097519248,,,,,
history_only,0.5,0.95,medium,Random Forest,26,0.9829982891360137,0.9566807313642757,0.9539971949509116,0.9553370786516854,18704.0,0.19060094097519248,,,,,
history_only,0.5,0.95,medium,Naive (always 'not congested'),27,0.8750529661016949,0.0,0.0,0.0,18880.0,0.12494703389830508,,,,,
history_only,0.5,0.95,medium,Naive (persistence),27,0.9782309322033899,0.9099326599326599,0.9164900381517592,0.9131995776135163,18880.0,0.12494703389830508,,,,,
history_only,0.5,0.95,medium,Logistic Regression,27,0.9789724576271186,0.927637314734089,0.9020771513353115,0.9146787019127445,18880.0,0.12494703389830508,,,,,
history_only,0.5,0.95,medium,Random Forest,27,0.9789194915254237,0.9242752055387278,0.9054684188215345,0.9147751605995718,18880.0,0.12494703389830508,,,,,
history_only,0.5,0.95,medium,Naive (always 'not congested'),28,0.7061160930032755,0.0,0.0,0.0,18623.0,0.29388390699672445,,,,,
history_only,0.5,0.95,medium,Naive (persistence),28,0.9649895290769479,0.9388312397596942,0.9422620135209209,0.9405434980849899,18623.0,0.29388390699672445,,,,,
history_only,0.5,0.95,medium,Logistic Regression,28,0.9633786178381571,0.9460063302923105,0.9283756623424082,0.9371080781999263,18623.0,0.29388390699672445,,,,,
history_only,0.5,0.95,medium,Random Forest,28,0.9641303764162594,0.9438389063365971,0.9334916864608076,0.9386367811868455,18623.0,0.29388390699672445,,,,,
history_only,0.5,0.95,medium,Naive (always 'not congested'),29,0.9652589641434263,0.0,0.0,0.0,18825.0,0.034741035856573704,,,,,
history_only,0.5,0.95,medium,Naive (persistence),29,0.9935192563081009,0.9092307692307692,0.9036697247706422,0.906441717791411,18825.0,0.034741035856573704,,,,,
history_only,0.5,0.95,medium,Logistic Regression,29,0.9934130146082337,0.9166666666666666,0.8914373088685015,0.9038759689922481,18825.0,0.034741035856573704,,,,,
history_only,0.5,0.95,medium,Random Forest,29,0.9936786188579018,0.9147286821705426,0.9021406727828746,0.9083910700538876,18825.0,0.034741035856573704,,,,,
history_only,0.5,0.95,medium,Naive (always 'not congested'),ALL_MEAN,0.766721453740572,0.0,0.0,0.0,,0.23327854625942807,0.1674122476436805,0.0,0.0,0.0,5.0
history_only,0.5,0.95,medium,Naive (persistence),ALL_MEAN,0.9824622293617811,0.9407137305155844,0.9428300435299894,0.9417662075371958,,0.23327854625942807,0.010439873715361564,0.030637198340702144,0.03185634403292224,0.031189838642105373,5.0
history_only,0.5,0.95,medium,Logistic Regression,ALL_MEAN,0.9822246243262065,0.9480716275178507,0.9334586635574139,0.9406767838566127,,0.23327854625942807,0.010929985165552493,0.026524704997346108,0.03644892385560269,0.031513435750416555,5.0
history_only,0.5,0.95,medium,Random Forest,ALL_MEAN,0.9823737098370222,0.9462876220510346,0.9376289760893195,0.9419241027325318,,0.23327854625942807,0.010661678747240718,0.027115847140532053,0.03361518699530987,0.030358475856873676,5.0
history_only,0.5,0.95,long,Naive (always 'not congested'),25,0.478484717103837,0.0,0.0,0.0,18452.0,0.521515282896163,,,,,
history_only,0.5,0.95,long,Naive (persistence),25,0.9896488185562541,0.9880977023390602,0.9921022550140289,0.9900959294788696,18452.0,0.521515282896163,,,,,
history_only,0.5,0.95,long,Logistic Regression,25,0.9906785172339042,0.9912672835014035,0.9908552426478229,0.9910612202473755,18452.0,0.521515282896163,,,,,
history_only,0.5,0.95,long,Random Forest,25,0.990732711901149,0.9915747867692948,0.9906474072534552,0.9911108800748557,18452.0,0.521515282896163,,,,,
history_only,0.5,0.95,long,Naive (always 'not congested'),26,0.8088109495295124,0.0,0.0,0.0,18704.0,0.1911890504704876,,,,,
history_only,0.5,0.95,long,Naive (persistence),26,0.9742301112061591,0.9323644494130799,0.9328859060402684,0.9326251048364551,18704.0,0.1911890504704876,,,,,
history_only,0.5,0.95,long,Logistic Regression,26,0.9750320786997434,0.94376248929489,0.924496644295302,0.9340302302585111,18704.0,0.1911890504704876,,,,,
history_only,0.5,0.95,long,Random Forest,26,0.9740697177074422,0.9455174401844912,0.9172259507829977,0.9311568488289567,18704.0,0.1911890504704876,,,,,
history_only,0.5,0.95,long,Naive (always 'not congested'),27,0.8766419491525423,0.0,0.0,0.0,18880.0,0.12335805084745763,,,,,
history_only,0.5,0.95,long,Naive (persistence),27,0.9640360169491525,0.8472222222222222,0.8643194504079004,0.8556854410201913,18880.0,0.12335805084745763,,,,,
history_only,0.5,0.95,long,Logistic Regression,27,0.9657309322033898,0.8741103202846975,0.8437097466723916,0.8586410312431724,18880.0,0.12335805084745763,,,,,
history_only,0.5,0.95,long,Random Forest,27,0.9654661016949152,0.8768539325842697,0.8376985830828682,0.8568291611769873,18880.0,0.12335805084745763,,,,,
history_only,0.5,0.95,long,Naive (always 'not congested'),28,0.7056865166729314,0.0,0.0,0.0,18623.0,0.2943134833270687,,,,,
history_only,0.5,0.95,long,Naive (persistence),28,0.9524244214143801,0.918259603131258,0.9202700237182996,0.9192637142336432,18623.0,0.2943134833270687,,,,,
history_only,0.5,0.95,long,Logistic Regression,28,0.952263330290501,0.9340264650283554,0.9014778325123153,0.9174635595580726,18623.0,0.2943134833270687,,,,,
history_only,0.5,0.95,long,Random Forest,28,0.9528003007034312,0.939961759082218,0.896916621054552,0.9179348333488937,18623.0,0.2943134833270687,,,,,
history_only,0.5,0.95,long,Naive (always 'not congested'),29,0.9655776892430279,0.0,0.0,0.0,18825.0,0.034422310756972115,,,,,
history_only,0.5,0.95,long,Naive (persistence),29,0.9913944223107569,0.8738461538461538,0.8765432098765432,0.8751926040061633,18825.0,0.034422310756972115,,,,,
history_only,0.5,0.95,long,Logistic Regression,29,0.9916069057104914,0.8926282051282052,0.8595679012345679,0.8757861635220126,18825.0,0.034422310756972115,,,,,
history_only,0.5,0.95,long,Random Forest,29,0.991660026560425,0.8978930307941653,0.8549382716049383,0.8758893280632412,18825.0,0.034422310756972115,,,,,
history_only,0.5,0.95,long,Naive (always 'not congested'),ALL_MEAN,0.76704036434037,0.0,0.0,0.0,,0.23295963565962982,0.16745328586539024,0.0,0.0,0.0,5.0
history_only,0.5,0.95,long,Naive (persistence),ALL_MEAN,0.9743467580873405,0.9119580261903548,0.9172241690114081,0.9145725587150645,,0.23295963565962982,0.014911000936120116,0.04877831771124955,0.04542057834885292,0.047053489469701525,5.0
history_only,0.5,0.95,long,Logistic Regression,ALL_MEAN,0.975062352827606,0.9271589526475104,0.9040214734724799,0.9153964409658288,,0.23295963565962982,0.014996390078251575,0.04108344717810579,0.05211416443362487,0.04661931041610626,5.0
history_only,0.5,0.95,long,Random Forest,ALL_MEAN,0.9749457717134724,0.9303601898828878,0.8994853667557623,0.9145842102985868,,0.23295963565962982,0.01489729704420867,0.039965473171623106,0.053728753432078585,0.0468511468802532,5.0
history_only,0.5,0.95,extra_long,Naive (always 'not congested'),25,0.4782137437676133,0.0,0.0,0.0,18452.0,0.5217862562323867,,,,,
history_only,0.5,0.95,extra_long,Naive (persistence),25,0.9908952959028832,0.989546677706479,0.9930411300373909,0.9912908242612752,18452.0,0.5217862562323867,,,,,
history_only,0.5,0.95,extra_long,Logistic Regression,25,0.9914914372425754,0.9918977874727329,0.9917947652679684,0.9918462736951441,18452.0,0.5217862562323867,,,,,
history_only,0.5,0.95,extra_long,Random Forest,25,0.9918707999132885,0.9918015774180158,0.9926256751142501,0.9922134551495017,18452.0,0.5217862562323867,,,,,
history_only,0.5,0.95,extra_long,Naive (always 'not congested'),26,0.8091852010265184,0.0,0.0,0.0,18704.0,0.1908147989734816,,,,,
history_only,0.5,0.95,extra_long,Naive (persistence),26,0.9787745936698032,0.9432643935159307,0.9456430372653404,0.944452217713726,18704.0,0.1908147989734816,,,,,
history_only,0.5,0.95,extra_long,Logistic Regression,26,0.979095380667237,0.9516770892552586,0.9380778929672177,0.9448285593339918,18704.0,0.1908147989734816,,,,,
history_only,0.5,0.95,extra_long,Random Forest,26,0.9782399486740804,0.9481292517006803,0.9372373213785374,0.9426518247146681,18704.0,0.1908147989734816,,,,,
history_only,0.5,0.95,extra_long,Naive (always 'not congested'),27,0.8760063559322034,0.0,0.0,0.0,18880.0,0.12399364406779662,,,,,
history_only,0.5,0.95,extra_long,Naive (persistence),27,0.9711334745762712,0.8779461279461279,0.8910721913712089,0.8844604621581513,18880.0,0.12399364406779662,,,,,
history_only,0.5,0.95,extra_long,Logistic Regression,27,0.972457627118644,0.9012780960775673,0.8735583084152072,0.8872017353579176,18880.0,0.12399364406779662,,,,,
history_only,0.5,0.95,extra_long,Random Forest,27,0.9713453389830509,0.890625,0.8765484835540367,0.8835306781485468,18880.0,0.12399364406779662,,,,,
history_only,0.5,0.95,extra_long,Naive (always 'not congested'),28,0.7060623959619825,0.0,0.0,0.0,18623.0,0.2939376040380175,,,,,
history_only,0.5,0.95,extra_long,Naive (persistence),28,0.9579552166675617,0.9269979974513016,0.9302155644866642,0.9286039937995806,18623.0,0.2939376040380175,,,,,
history_only,0.5,0.95,extra_long,Logistic Regression,28,0.9583310959566128,0.9417074088003009,0.9148702959444648,0.9280948851000741,18623.0,0.2939376040380175,,,,,
history_only,0.5,0.95,extra_long,Random Forest,28,0.9577404285023895,0.9369755733731121,0.9179758860065765,0.9273784257635878,18623.0,0.2939376040380175,,,,,
history_only,0.5,0.95,extra_long,Naive (always 'not congested'),29,0.9655245683930943,0.0,0.0,0.0,18825.0,0.03447543160690571,,,,,
history_only,0.5,0.95,extra_long,Naive (persistence),29,0.9915537848605578,0.8769230769230769,0.8782742681047766,0.8775981524249422,18825.0,0.03447543160690571,,,,,
history_only,0.5,0.95,extra_long,Logistic Regression,29,0.9920318725099602,0.8954041204437401,0.8705701078582434,0.8828125,18825.0,0.03447543160690571,,,,,
history_only,0.5,0.95,extra_long,Random Forest,29,0.9917662682602921,0.889589905362776,0.8690292758089369,0.8791893998441154,18825.0,0.03447543160690571,,,,,
history_only,0.5,0.95,extra_long,Naive (always 'not congested'),ALL_MEAN,0.7669984530162823,0.0,0.0,0.0,,0.23300154698371767,0.16744245246506423,0.0,0.0,0.0,5.0
history_only,0.5,0.95,extra_long,Naive (persistence),ALL_MEAN,0.9780624731354154,0.9229356547085832,0.9276492382530762,0.9252811300715351,,0.23300154698371767,0.012645289491335249,0.042445267033345,0.04094442667838026,0.04165535989018214,5.0
history_only,0.5,0.95,extra_long,Logistic Regression,ALL_MEAN,0.9786814826990058,0.93639290040992,0.9177742740906203,0.9269567906974254,,0.23300154698371767,0.01261248408435883,0.03537166233685478,0.04490654311567195,0.04015102290852788,5.0
history_only,0.5,0.95,extra_long,Random Forest,ALL_MEAN,0.9781925568666203,0.9314242615709167,0.9186833283724676,0.9249927567240841,,0.23300154698371767,0.012934575116314302,0.038392674121354796,0.04483991939490408,0.04160098041426634,5.0
rich_features,2.0,0.3,short,Naive (always 'not congested'),25,0.935099685204617,0.0,0.0,0.0,19060.0,0.064900314795383,,,,,
rich_features,2.0,0.3,short,Naive (persistence),25,0.8826337880377755,0.1,0.10105092966855295,0.10052271813429835,19060.0,0.064900314795383,,,,,
rich_features,2.0,0.3,short,Logistic Regression,25,0.935099685204617,0.0,0.0,0.0,19060.0,0.064900314795383,,,,,
rich_features,2.0,0.3,short,Random Forest,25,0.9350472193074502,0.3333333333333333,0.0008084074373484236,0.0016129032258064516,19060.0,0.064900314795383,,,,,
rich_features,2.0,0.3,short,Naive (always 'not congested'),26,0.9354206399660945,0.0,0.0,0.0,18876.0,0.06457936003390549,,,,,
rich_features,2.0,0.3,short,Naive (persistence),26,0.8844564526382708,0.11209677419354838,0.1140278917145201,0.11305408702724686,18876.0,0.06457936003390549,,,,,
rich_features,2.0,0.3,short,Logistic Regression,26,0.9354206399660945,0.0,0.0,0.0,18876.0,0.06457936003390549,,,,,
rich_features,2.0,0.3,short,Random Forest,26,0.9354206399660945,0.5,0.0008203445447087777,0.001638001638001638,18876.0,0.06457936003390549,,,,,
rich_features,2.0,0.3,short,Naive (always 'not congested'),27,0.9299490251721058,0.0,0.0,0.0,19029.0,0.07005097482789427,,,,,
rich_features,2.0,0.3,short,Naive (persistence),27,0.8733512007987808,0.10433504775900074,0.10652663165791448,0.10541945063103192,19029.0,0.07005097482789427,,,,,
rich_features,2.0,0.3,short,Logistic Regression,27,0.9299490251721058,0.0,0.0,0.0,19029.0,0.07005097482789427,,,,,
rich_features,2.0,0.3,short,Random Forest,27,0.9299490251721058,0.0,0.0,0.0,19029.0,0.07005097482789427,,,,,
rich_features,2.0,0.3,short,Naive (always 'not congested'),28,0.9352134949920928,0.0,0.0,0.0,18970.0,0.06478650500790722,,,,,
rich_features,2.0,0.3,short,Naive (persistence),28,0.881813389562467,0.09577015163607343,0.09764035801464606,0.09669621273166801,18970.0,0.06478650500790722,,,,,
rich_features,2.0,0.3,short,Logistic Regression,28,0.9352134949920928,0.0,0.0,0.0,18970.0,0.06478650500790722,,,,,
rich_features,2.0,0.3,short,Random Forest,28,0.9352134949920928,0.0,0.0,0.0,18970.0,0.06478650500790722,,,,,
rich_features,2.0,0.3,short,Naive (always 'not congested'),29,0.9349960619585193,0.0,0.0,0.0,19045.0,0.0650039380414807,,,,,
rich_features,2.0,0.3,short,Naive (persistence),29,0.8817012339196639,0.08906882591093117,0.0888529886914378,0.08896077638495754,19045.0,0.0650039380414807,,,,,
rich_features,2.0,0.3,short,Logistic Regression,29,0.9349960619585193,0.0,0.0,0.0,19045.0,0.0650039380414807,,,,,
rich_features,2.0,0.3,short,Random Forest,29,0.9349960619585193,0.0,0.0,0.0,19045.0,0.0650039380414807,,,,,
rich_features,2.0,0.3,short,Naive (always 'not congested'),ALL_MEAN,0.9341357814586859,0.0,0.0,0.0,,0.06586421854131413,0.0020981157745548944,0.0,0.0,0.0,5.0
rich_features,2.0,0.3,short,Naive (persistence),ALL_MEAN,0.8807912129913916,0.10025415989991075,0.10161975994941427,0.10093064898184054,,0.06586421854131413,0.003848527742635041,0.0077741080882149345,0.008452085894786729,0.008105575836488741,5.0
rich_features,2.0,0.3,short,Logistic Regression,ALL_MEAN,0.9341357814586859,0.0,0.0,0.0,,0.06586421854131413,0.0020981157745548944,0.0,0.0,0.0,5.0
rich_features,2.0,0.3,short,Random Forest,ALL_MEAN,0.9341252882792525,0.16666666666666666,0.00032575039641144027,0.000650180972761618,,0.06586421854131413,0.0020933947073520287,0.21081851067789198,0.00039897898515652296,0.0007963453641739479,5.0
rich_features,2.0,0.3,medium,Naive (always 'not congested'),25,0.9354669464847849,0.0,0.0,0.0,19060.0,0.06453305351521511,,,,,
rich_features,2.0,0.3,medium,Naive (persistence),25,0.878488982161595,0.0656,0.06666666666666667,0.06612903225806452,19060.0,0.06453305351521511,,,,,
rich_features,2.0,0.3,medium,Logistic Regression,25,0.9354669464847849,0.0,0.0,0.0,19060.0,0.06453305351521511,,,,,
rich_features,2.0,0.3,medium,Random Forest,25,0.9354669464847849,0.0,0.0,0.0,19060.0,0.06453305351521511,,,,,
rich_features,2.0,0.3,medium,Naive (always 'not congested'),26,0.9352087306632761,0.0,0.0,0.0,18876.0,0.06479126933672388,,,,,
rich_features,2.0,0.3,medium,Naive (persistence),26,0.881277813095995,0.08951612903225807,0.09076042518397383,0.09013398294762484,18876.0,0.06479126933672388,,,,,
rich_features,2.0,0.3,medium,Logistic Regression,26,0.9352087306632761,0.0,0.0,0.0,18876.0,0.06479126933672388,,,,,
rich_features,2.0,0.3,medium,Random Forest,26,0.9352087306632761,0.0,0.0,0.0,18876.0,0.06479126933672388,,,,,
rich_features,2.0,0.3,medium,Naive (always 'not congested'),27,0.9288979977928425,0.0,0.0,0.0,19029.0,0.0711020022071575,,,,,
rich_features,2.0,0.3,medium,Naive (persistence),27,0.8693572967575806,0.08376193975018369,0.08425720620842572,0.08400884303610906,19029.0,0.0711020022071575,,,,,
rich_features,2.0,0.3,medium,Logistic Regression,27,0.9288979977928425,0.0,0.0,0.0,19029.0,0.0711020022071575,,,,,
rich_features,2.0,0.3,medium,Random Forest,27,0.9288979977928425,0.0,0.0,0.0,19029.0,0.0711020022071575,,,,,
rich_features,2.0,0.3,medium,Naive (always 'not congested'),28,0.9348972061149183,0.0,0.0,0.0,18970.0,0.06510279388508171,,,,,
rich_features,2.0,0.3,medium,Naive (persistence),28,0.8774907749077491,0.06544293695131684,0.06639676113360324,0.06591639871382636,18970.0,0.06510279388508171,,,,,
rich_features,2.0,0.3,medium,Logistic Regression,28,0.9348972061149183,0.0,0.0,0.0,18970.0,0.06510279388508171,,,,,
rich_features,2.0,0.3,medium,Random Forest,28,0.9348972061149183,0.0,0.0,0.0,18970.0,0.06510279388508171,,,,,
rich_features,2.0,0.3,medium,Naive (always 'not congested'),29,0.9348910475190338,0.0,0.0,0.0,19045.0,0.06510895248096614,,,,,
rich_features,2.0,0.3,medium,Naive (persistence),29,0.8800210028878971,0.07692307692307693,0.07661290322580645,0.07676767676767676,19045.0,0.06510895248096614,,,,,
rich_features,2.0,0.3,medium,Logistic Regression,29,0.9348910475190338,0.0,0.0,0.0,19045.0,0.06510895248096614,,,,,
rich_features,2.0,0.3,medium,Random Forest,29,0.9348910475190338,0.0,0.0,0.0,19045.0,0.06510895248096614,,,,,
rich_features,2.0,0.3,medium,Naive (always 'not congested'),ALL_MEAN,0.9338723857149711,0.0,0.0,0.0,,0.06612761428502888,0.002496433687984218,0.0,0.0,0.0,5.0
rich_features,2.0,0.3,medium,Naive (persistence),ALL_MEAN,0.8773271739621633,0.07624881653136711,0.07693879248369519,0.07659118674466031,,0.06612761428502888,0.00418950522292724,0.009623799203957985,0.009605768137357145,0.009611117298066404,5.0
rich_features,2.0,0.3,medium,Logistic Regression,ALL_MEAN,0.9338723857149711,0.0,0.0,0.0,,0.06612761428502888,0.002496433687984218,0.0,0.0,0.0,5.0
rich_features,2.0,0.3,medium,Random Forest,ALL_MEAN,0.9338723857149711,0.0,0.0,0.0,,0.06612761428502888,0.002496433687984218,0.0,0.0,0.0,5.0
rich_features,2.0,0.3,long,Naive (always 'not congested'),25,0.9349422875131165,0.0,0.0,0.0,19060.0,0.06505771248688352,,,,,
rich_features,2.0,0.3,long,Naive (persistence),25,0.8766002098635887,0.0552,0.055645161290322584,0.05542168674698795,19060.0,0.06505771248688352,,,,,
rich_features,2.0,0.3,long,Logistic Regression,25,0.9349422875131165,0.0,0.0,0.0,19060.0,0.06505771248688352,,,,,
rich_features,2.0,0.3,long,Random Forest,25,0.9349422875131165,0.0,0.0,0.0,19060.0,0.06505771248688352,,,,,
rich_features,2.0,0.3,long,Naive (always 'not congested'),26,0.9357914812460267,0.0,0.0,0.0,18876.0,0.06420851875397329,,,,,
rich_features,2.0,0.3,long,Naive (persistence),26,0.8779402415766052,0.05967741935483871,0.06105610561056106,0.06035889070146819,18876.0,0.06420851875397329,,,,,
rich_features,2.0,0.3,long,Logistic Regression,26,0.9357914812460267,0.0,0.0,0.0,18876.0,0.06420851875397329,,,,,
rich_features,2.0,0.3,long,Random Forest,26,0.9357914812460267,0.0,0.0,0.0,18876.0,0.06420851875397329,,,,,
rich_features,2.0,0.3,long,Naive (always 'not congested'),27,0.9298439224341795,0.0,0.0,0.0,19029.0,0.0701560775658206,,,,,
rich_features,2.0,0.3,long,Naive (persistence),27,0.8698828104472122,0.08082292432035268,0.08239700374531835,0.08160237388724036,19029.0,0.0701560775658206,,,,,
rich_features,2.0,0.3,long,Logistic Regression,27,0.9298439224341795,0.0,0.0,0.0,19029.0,0.0701560775658206,,,,,
rich_features,2.0,0.3,long,Random Forest,27,0.9298439224341795,0.0,0.0,0.0,19029.0,0.0701560775658206,,,,,
rich_features,2.0,0.3,long,Naive (always 'not congested'),28,0.9335266209804955,0.0,0.0,0.0,18970.0,0.06647337901950448,,,,,
rich_features,2.0,0.3,long,Naive (persistence),28,0.8755930416447022,0.061452513966480445,0.06106264869151467,0.061256961018297536,18970.0,0.06647337901950448,,,,,
rich_features,2.0,0.3,long,Logistic Regression,28,0.9335266209804955,0.0,0.0,0.0,18970.0,0.06647337901950448,,,,,
rich_features,2.0,0.3,long,Random Forest,28,0.9335266209804955,0.0,0.0,0.0,18970.0,0.06647337901950448,,,,,
rich_features,2.0,0.3,long,Naive (always 'not congested'),29,0.9367813074297716,0.0,0.0,0.0,19045.0,0.06321869257022841,,,,,
rich_features,2.0,0.3,long,Naive (persistence),29,0.8794959306904699,0.058299595141700404,0.059800664451827246,0.05904059040590406,19045.0,0.06321869257022841,,,,,
rich_features,2.0,0.3,long,Logistic Regression,29,0.9367813074297716,0.0,0.0,0.0,19045.0,0.06321869257022841,,,,,
rich_features,2.0,0.3,long,Random Forest,29,0.9367813074297716,0.0,0.0,0.0,19045.0,0.06321869257022841,,,,,
rich_features,2.0,0.3,long,Naive (always 'not congested'),ALL_MEAN,0.9341771239207179,0.0,0.0,0.0,,0.06582287607928206,0.0024154993621988306,0.0,0.0,0.0,5.0
rich_features,2.0,0.3,long,Naive (persistence),ALL_MEAN,0.8759024468445157,0.06309049055667446,0.06399231675790878,0.06353610055197961,,0.06582287607928206,0.0032828146668816022,0.009099271944768414,0.009414687965521897,0.00924913719808113,5.0
rich_features,2.0,0.3,long,Logistic Regression,ALL_MEAN,0.9341771239207179,0.0,0.0,0.0,,0.06582287607928206,0.0024154993621988306,0.0,0.0,0.0,5.0
rich_features,2.0,0.3,long,Random Forest,ALL_MEAN,0.9341771239207179,0.0,0.0,0.0,,0.06582287607928206,0.0024154993621988306,0.0,0.0,0.0,5.0
rich_features,2.0,0.3,extra_long,Naive (always 'not congested'),25,0.9347848898216159,0.0,0.0,0.0,19060.0,0.06521511017838405,,,,,
rich_features,2.0,0.3,extra_long,Naive (persistence),25,0.8785414480587618,0.0712,0.07160096540627514,0.07139991977537104,19060.0,0.06521511017838405,,,,,
rich_features,2.0,0.3,extra_long,Logistic Regression,25,0.9347848898216159,0.0,0.0,0.0,19060.0,0.06521511017838405,,,,,
rich_features,2.0,0.3,extra_long,Random Forest,25,0.9347848898216159,0.0,0.0,0.0,19060.0,0.06521511017838405,,,,,
rich_features,2.0,0.3,extra_long,Naive (always 'not congested'),26,0.9361623225259589,0.0,0.0,0.0,18876.0,0.06383767747404111,,,,,
rich_features,2.0,0.3,extra_long,Naive (persistence),26,0.8810659037931765,0.08064516129032258,0.08298755186721991,0.081799591002045,18876.0,0.06383767747404111,,,,,
rich_features,2.0,0.3,extra_long,Logistic Regression,26,0.9361623225259589,0.0,0.0,0.0,18876.0,0.06383767747404111,,,,,
rich_features,2.0,0.3,extra_long,Random Forest,26,0.9361623225259589,0.0,0.0,0.0,18876.0,0.06383767747404111,,,,,
rich_features,2.0,0.3,extra_long,Naive (always 'not congested'),27,0.9294235114824742,0.0,0.0,0.0,19029.0,0.07057648851752588,,,,,
rich_features,2.0,0.3,extra_long,Naive (persistence),27,0.8679909611645383,0.07053637031594416,0.07148175725986597,0.07100591715976332,19029.0,0.07057648851752588,,,,,
rich_features,2.0,0.3,extra_long,Logistic Regression,27,0.9294235114824742,0.0,0.0,0.0,19029.0,0.07057648851752588,,,,,
rich_features,2.0,0.3,extra_long,Random Forest,27,0.9294235114824742,0.0,0.0,0.0,19029.0,0.07057648851752588,,,,,
rich_features,2.0,0.3,extra_long,Naive (always 'not congested'),28,0.9340010542962572,0.0,0.0,0.0,18970.0,0.06599894570374275,,,,,
rich_features,2.0,0.3,extra_long,Naive (persistence),28,0.8767000527148129,0.06624102154828412,0.06629392971246006,0.06626746506986028,18970.0,0.06599894570374275,,,,,
rich_features,2.0,0.3,extra_long,Logistic Regression,28,0.9340010542962572,0.0,0.0,0.0,18970.0,0.06599894570374275,,,,,
rich_features,2.0,0.3,extra_long,Random Forest,28,0.9340010542962572,0.0,0.0,0.0,18970.0,0.06599894570374275,,,,,
rich_features,2.0,0.3,extra_long,Naive (always 'not congested'),29,0.9359936991336308,0.0,0.0,0.0,19045.0,0.06400630086636913,,,,,
rich_features,2.0,0.3,extra_long,Naive (persistence),29,0.879863481228669,0.06720647773279352,0.06808859721082855,0.06764466177669112,19045.0,0.06400630086636913,,,,,
rich_features,2.0,0.3,extra_long,Logistic Regression,29,0.9359936991336308,0.0,0.0,0.0,19045.0,0.06400630086636913,,,,,
rich_features,2.0,0.3,extra_long,Random Forest,29,0.9359936991336308,0.0,0.0,0.0,19045.0,0.06400630086636913,,,,,
rich_features,2.0,0.3,extra_long,Naive (always 'not congested'),ALL_MEAN,0.9340730954519874,0.0,0.0,0.0,,0.06592690454801257,0.0024569924912732685,0.0,0.0,0.0,5.0
rich_features,2.0,0.3,extra_long,Naive (persistence),ALL_MEAN,0.8768323693919917,0.07116580617746888,0.07209056029132993,0.07162351095674616,,0.06592690454801257,0.004652298561554463,0.005102652593573818,0.005813284858893362,0.005449816300442453,5.0
rich_features,2.0,0.3,extra_long,Logistic Regression,ALL_MEAN,0.9340730954519874,0.0,0.0,0.0,,0.06592690454801257,0.0024569924912732685,0.0,0.0,0.0,5.0
rich_features,2.0,0.3,extra_long,Random Forest,ALL_MEAN,0.9340730954519874,0.0,0.0,0.0,,0.06592690454801257,0.0024569924912732685,0.0,0.0,0.0,5.0
rich_features,2.0,0.5,short,Naive (always 'not congested'),25,0.9267556003020387,0.0,0.0,0.0,19865.0,0.07324439969796123,,,,,
rich_features,2.0,0.5,short,Naive (persistence),25,0.8890007550969041,0.24209078404401652,0.24192439862542955,0.2420075627363355,19865.0,0.07324439969796123,,,,,
rich_features,2.0,0.5,short,Logistic Regression,25,0.9274603574125346,0.6842105263157895,0.017869415807560136,0.034829202947086406,19865.0,0.07324439969796123,,,,,
rich_features,2.0,0.5,short,Random Forest,25,0.9275106972061414,0.6666666666666666,0.020618556701030927,0.04,19865.0,0.07324439969796123,,,,,
rich_features,2.0,0.5,short,Naive (always 'not congested'),26,0.9221925268518986,0.0,0.0,0.0,19831.0,0.07780747314810146,,,,,
rich_features,2.0,0.5,short,Naive (persistence),26,0.8818012203116333,0.24010382868267358,0.23979261179520414,0.23994811932555124,19831.0,0.07780747314810146,,,,,
rich_features,2.0,0.5,short,Logistic Regression,26,0.9240582925722354,0.7605633802816901,0.03499675955930007,0.06691449814126393,19831.0,0.07780747314810146,,,,,
rich_features,2.0,0.5,short,Random Forest,26,0.9238565881700368,0.726027397260274,0.034348671419313026,0.0655940594059406,19831.0,0.07780747314810146,,,,,
rich_features,2.0,0.5,short,Naive (always 'not congested'),27,0.9344138521165752,0.0,0.0,0.0,19867.0,0.06558614788342478,,,,,
rich_features,2.0,0.5,short,Naive (persistence),27,0.8938440630190768,0.19095092024539878,0.1910974673829624,0.19102416570771003,19867.0,0.06558614788342478,,,,,
rich_features,2.0,0.5,short,Logistic Regression,27,0.9344641868425027,0.5172413793103449,0.011511895625479662,0.02252252252252252,19867.0,0.06558614788342478,,,,,
rich_features,2.0,0.5,short,Random Forest,27,0.9344138521165752,0.5,0.010744435917114352,0.021036814425244178,19867.0,0.06558614788342478,,,,,
rich_features,2.0,0.5,short,Naive (always 'not congested'),28,0.9238484023787925,0.0,0.0,0.0,19842.0,0.07615159762120755,,,,,
rich_features,2.0,0.5,short,Naive (persistence),28,0.8858482007862111,0.25066137566137564,0.25082726671078753,0.2507442937479325,19842.0,0.07615159762120755,,,,,
rich_features,2.0,0.5,short,Logistic Regression,28,0.9254107448845883,0.7246376811594203,0.03309066843150232,0.06329113924050633,19842.0,0.07615159762120755,,,,,
rich_features,2.0,0.5,short,Random Forest,28,0.9256123374659813,0.7464788732394366,0.03507610853739246,0.06700379266750948,19842.0,0.07615159762120755,,,,,
rich_features,2.0,0.5,short,Naive (always 'not congested'),29,0.9206077681626081,0.0,0.0,0.0,19876.0,0.07939223183739183,,,,,
rich_features,2.0,0.5,short,Naive (persistence),29,0.8810122761118937,0.2511068943706515,0.25158428390367554,0.25134536245647354,19876.0,0.07939223183739183,,,,,
rich_features,2.0,0.5,short,Logistic Regression,29,0.9215133829744415,0.6875,0.02091254752851711,0.04059040590405904,19876.0,0.07939223183739183,,,,,
rich_features,2.0,0.5,short,Random Forest,29,0.9212618233044878,0.6382978723404256,0.019011406844106463,0.036923076923076927,19876.0,0.07939223183739183,,,,,
rich_features,2.0,0.5,short,Naive (always 'not congested'),ALL_MEAN,0.9255636299623827,0.0,0.0,0.0,,0.07443637003761736,0.004870608452599518,0.0,0.0,0.0,5.0
rich_features,2.0,0.5,short,Naive (persistence),ALL_MEAN,0.8863013030651438,0.23498276060082315,0.2350452056836118,0.23501390079480053,,0.07443637003761736,0.004745737488952651,0.022455996796837203,0.022467217988422113,0.02246115097389588,5.0
rich_features,2.0,0.5,short,Logistic Regression,ALL_MEAN,0.9265813929372605,0.674830593413449,0.02367625739047186,0.04562955375108765,,0.07443637003761736,0.004389355205488941,0.08356280768388756,0.009012370422076792,0.01697619474678898,5.0
rich_features,2.0,0.5,short,Random Forest,ALL_MEAN,0.9265310596526446,0.6554941619013606,0.023959835883791445,0.046111548684354235,,0.07443637003761736,0.004446567364291461,0.08700819112045685,0.009399971428791782,0.017700708581649634,5.0
rich_features,2.0,0.5,medium,Naive (always 'not congested'),25,0.9271079788572867,0.0,0.0,0.0,19865.0,0.07289202114271331,,,,,
rich_features,2.0,0.5,medium,Naive (persistence),25,0.8722376038258243,0.12517193947730398,0.12569060773480664,0.12543073742246727,19865.0,0.07289202114271331,,,,,
rich_features,2.0,0.5,medium,Logistic Regression,25,0.9271079788572867,0.0,0.0,0.0,19865.0,0.07289202114271331,,,,,
rich_features,2.0,0.5,medium,Random Forest,25,0.9271079788572867,0.0,0.0,0.0,19865.0,0.07289202114271331,,,,,
rich_features,2.0,0.5,medium,Naive (always 'not congested'),26,0.9222429529524482,0.0,0.0,0.0,19831.0,0.07775704704755182,,,,,
rich_features,2.0,0.5,medium,Naive (persistence),26,0.864404215622006,0.12783906554185595,0.12775616083009078,0.1277975997405125,19831.0,0.07775704704755182,,,,,
rich_features,2.0,0.5,medium,Logistic Regression,26,0.9224950834551964,0.8571428571428571,0.0038910505836575876,0.007746933505487412,19831.0,0.07775704704755182,,,,,
rich_features,2.0,0.5,medium,Random Forest,26,0.9224446573546468,0.6,0.007782101167315175,0.015364916773367477,19831.0,0.07775704704755182,,,,,
rich_features,2.0,0.5,medium,Naive (always 'not congested'),27,0.9344641868425027,0.0,0.0,0.0,19867.0,0.06553581315749736,,,,,
rich_features,2.0,0.5,medium,Naive (persistence),27,0.8809080384557306,0.09202453987730061,0.09216589861751152,0.0920951650038373,19867.0,0.06553581315749736,,,,,
rich_features,2.0,0.5,medium,Logistic Regression,27,0.9344641868425027,0.0,0.0,0.0,19867.0,0.06553581315749736,,,,,
rich_features,2.0,0.5,medium,Random Forest,27,0.9344138521165752,0.0,0.0,0.0,19867.0,0.06553581315749736,,,,,
rich_features,2.0,0.5,medium,Naive (always 'not congested'),28,0.9237980042334442,0.0,0.0,0.0,19842.0,0.07620199576655579,,,,,
rich_features,2.0,0.5,medium,Naive (persistence),28,0.8657393407922589,0.11904761904761904,0.11904761904761904,0.11904761904761904,19842.0,0.07620199576655579,,,,,
rich_features,2.0,0.5,medium,Logistic Regression,28,0.9237980042334442,0.0,0.0,0.0,19842.0,0.07620199576655579,,,,,
rich_features,2.0,0.5,medium,Random Forest,28,0.9238484023787925,0.6,0.001984126984126984,0.003955174686882004,19842.0,0.07620199576655579,,,,,
rich_features,2.0,0.5,medium,Naive (always 'not congested'),29,0.9203058965586637,0.0,0.0,0.0,19876.0,0.07969410344133629,,,,,
rich_features,2.0,0.5,medium,Naive (persistence),29,0.8575669148722077,0.105629348513599,0.10542929292929293,0.10552922590837283,19876.0,0.07969410344133629,,,,,
rich_features,2.0,0.5,medium,Logistic Regression,29,0.9203058965586637,0.0,0.0,0.0,19876.0,0.07969410344133629,,,,,
rich_features,2.0,0.5,medium,Random Forest,29,0.9202555846246729,0.0,0.0,0.0,19876.0,0.07969410344133629,,,,,
rich_features,2.0,0.5,medium,Naive (always 'not congested'),ALL_MEAN,0.9255838038888691,0.0,0.0,0.0,,0.0744161961111309,0.004967715408766339,0.0,0.0,0.0,5.0
rich_features,2.0,0.5,medium,Naive (persistence),ALL_MEAN,0.8681712227136055,0.11394250249153573,0.11401791583186419,0.1139800694245618,,0.0744161961111309,0.007890724523151474,0.013377462755694408,0.013428061111194184,0.013402147577548762,5.0
rich_features,2.0,0.5,medium,Logistic Regression,ALL_MEAN,0.9256342299894188,0.17142857142857143,0.0007782101167315176,0.0015493867010974824,,0.0744161961111309,0.004934717355480297,0.34285714285714286,0.0015564202334630351,0.003098773402194965,5.0
rich_features,2.0,0.5,medium,Random Forest,ALL_MEAN,0.9256140950663948,0.24,0.001953245630288432,0.0038640182920498963,,0.0744161961111309,0.0049303965997196395,0.29393876913398137,0.003014034372938198,0.005950981220769906,5.0
rich_features,2.0,0.5,long,Naive (always 'not congested'),25,0.9269066196828593,0.0,0.0,0.0,19865.0,0.0730933803171407,,,,,
rich_features,2.0,0.5,long,Naive (persistence),25,0.8652907123080795,0.07909215955983494,0.07920110192837465,0.0791465932553338,19865.0,0.0730933803171407,,,,,
rich_features,2.0,0.5,long,Logistic Regression,25,0.9269066196828593,0.0,0.0,0.0,19865.0,0.0730933803171407,,,,,
rich_features,2.0,0.5,long,Random Forest,25,0.9269066196828593,0.0,0.0,0.0,19865.0,0.0730933803171407,,,,,
rich_features,2.0,0.5,long,Naive (always 'not congested'),26,0.9220412485502496,0.0,0.0,0.0,19831.0,0.0779587514497504,,,,,
rich_features,2.0,0.5,long,Naive (persistence),26,0.8547224043164742,0.06683971447112265,0.0666235446313066,0.06673145448655653,19831.0,0.0779587514497504,,,,,
rich_features,2.0,0.5,long,Logistic Regression,26,0.9220412485502496,0.0,0.0,0.0,19831.0,0.0779587514497504,,,,,
rich_features,2.0,0.5,long,Random Forest,26,0.9220412485502496,0.0,0.0,0.0,19831.0,0.0779587514497504,,,,,
rich_features,2.0,0.5,long,Naive (always 'not congested'),27,0.9348165299239946,0.0,0.0,0.0,19867.0,0.06518347007600543,,,,,
rich_features,2.0,0.5,long,Naive (persistence),27,0.876730256203755,0.057515337423312884,0.05791505791505792,0.057714505579068875,19867.0,0.06518347007600543,,,,,
rich_features,2.0,0.5,long,Logistic Regression,27,0.9348165299239946,0.0,0.0,0.0,19867.0,0.06518347007600543,,,,,
rich_features,2.0,0.5,long,Random Forest,27,0.9348165299239946,0.0,0.0,0.0,19867.0,0.06518347007600543,,,,,
rich_features,2.0,0.5,long,Naive (always 'not congested'),28,0.9239995968148372,0.0,0.0,0.0,19842.0,0.07600040318516278,,,,,
rich_features,2.0,0.5,long,Naive (persistence),28,0.8575748412458422,0.06415343915343916,0.0643236074270557,0.06423841059602649,19842.0,0.07600040318516278,,,,,
rich_features,2.0,0.5,long,Logistic Regression,28,0.9239995968148372,0.0,0.0,0.0,19842.0,0.07600040318516278,,,,,
rich_features,2.0,0.5,long,Random Forest,28,0.9239995968148372,0.0,0.0,0.0,19842.0,0.07600040318516278,,,,,
rich_features,2.0,0.5,long,Naive (always 'not congested'),29,0.9205574562286174,0.0,0.0,0.0,19876.0,0.07944254377138257,,,,,
rich_features,2.0,0.5,long,Naive (persistence),29,0.8538941436908835,0.08096141682479444,0.08106396453451552,0.0810126582278481,19876.0,0.07944254377138257,,,,,
rich_features,2.0,0.5,long,Logistic Regression,29,0.9205574562286174,0.0,0.0,0.0,19876.0,0.07944254377138257,,,,,
rich_features,2.0,0.5,long,Random Forest,29,0.9205574562286174,0.0,0.0,0.0,19876.0,0.07944254377138257,,,,,
rich_features,2.0,0.5,long,Naive (always 'not congested'),ALL_MEAN,0.9256642902401117,0.0,0.0,0.0,,0.07433570975988837,0.005045478422967309,0.0,0.0,0.0,5.0
rich_features,2.0,0.5,long,Naive (persistence),ALL_MEAN,0.8616424715530069,0.06971241348650081,0.06982545528726208,0.06976872442896676,,0.07433570975988837,0.008548923181397527,0.00897154359366272,0.008906031297149062,0.00893850147254321,5.0
rich_features,2.0,0.5,long,Logistic Regression,ALL_MEAN,0.9256642902401117,0.0,0.0,0.0,,0.07433570975988837,0.005045478422967309,0.0,0.0,0.0,5.0
rich_features,2.0,0.5,long,Random Forest,ALL_MEAN,0.9256642902401117,0.0,0.0,0.0,,0.07433570975988837,0.005045478422967309,0.0,0.0,0.0,5.0
rich_features,2.0,0.5,extra_long,Naive (always 'not congested'),25,0.9270576390636799,0.0,0.0,0.0,19865.0,0.07294236093632016,,,,,
rich_features,2.0,0.5,extra_long,Naive (persistence),25,0.8656430908633275,0.08046767537826685,0.08074534161490683,0.08060626937650706,19865.0,0.07294236093632016,,,,,
rich_features,2.0,0.5,extra_long,Logistic Regression,25,0.9270576390636799,0.0,0.0,0.0,19865.0,0.07294236093632016,,,,,
rich_features,2.0,0.5,extra_long,Random Forest,25,0.9270576390636799,0.0,0.0,0.0,19865.0,0.07294236093632016,,,,,
rich_features,2.0,0.5,extra_long,Naive (always 'not congested'),26,0.9224446573546468,0.0,0.0,0.0,19831.0,0.07755534264535323,,,,,
rich_features,2.0,0.5,extra_long,Naive (persistence),26,0.8585547879582471,0.08890330953926022,0.08907672301690507,0.08898993179603767,19831.0,0.07755534264535323,,,,,
rich_features,2.0,0.5,extra_long,Logistic Regression,26,0.9224446573546468,0.0,0.0,0.0,19831.0,0.07755534264535323,,,,,
rich_features,2.0,0.5,extra_long,Random Forest,26,0.9222429529524482,0.16666666666666666,0.0006501950585175553,0.0012953367875647669,19831.0,0.07755534264535323,,,,,
rich_features,2.0,0.5,extra_long,Naive (always 'not congested'),27,0.9343131826647204,0.0,0.0,0.0,19867.0,0.0656868173352796,,,,,
rich_features,2.0,0.5,extra_long,Naive (persistence),27,0.8774349423667388,0.06671779141104295,0.06666666666666667,0.06669221924108854,19867.0,0.0656868173352796,,,,,
rich_features,2.0,0.5,extra_long,Logistic Regression,27,0.9343131826647204,0.0,0.0,0.0,19867.0,0.0656868173352796,,,,,
rich_features,2.0,0.5,extra_long,Random Forest,27,0.9343131826647204,0.0,0.0,0.0,19867.0,0.0656868173352796,,,,,
rich_features,2.0,0.5,extra_long,Naive (always 'not congested'),28,0.9243019856869267,0.0,0.0,0.0,19842.0,0.07569801431307328,,,,,
rich_features,2.0,0.5,extra_long,Naive (persistence),28,0.8598931559318617,0.07738095238095238,0.07789613848202397,0.0776376907763769,19842.0,0.07569801431307328,,,,,
rich_features,2.0,0.5,extra_long,Logistic Regression,28,0.9243019856869267,0.0,0.0,0.0,19842.0,0.07569801431307328,,,,,
rich_features,2.0,0.5,extra_long,Random Forest,28,0.924352383832275,1.0,0.0006657789613848203,0.0013306719893546241,19842.0,0.07569801431307328,,,,,
rich_features,2.0,0.5,extra_long,Naive (always 'not congested'),29,0.9205574562286174,0.0,0.0,0.0,19876.0,0.07944254377138257,,,,,
rich_features,2.0,0.5,extra_long,Naive (persistence),29,0.8522841618031797,0.07084123972169513,0.07093096896770108,0.07088607594936709,19876.0,0.07944254377138257,,,,,
rich_features,2.0,0.5,extra_long,Logistic Regression,29,0.9205574562286174,0.0,0.0,0.0,19876.0,0.07944254377138257,,,,,
rich_features,2.0,0.5,extra_long,Random Forest,29,0.9205574562286174,0.0,0.0,0.0,19876.0,0.07944254377138257,,,,,
rich_features,2.0,0.5,extra_long,Naive (always 'not congested'),ALL_MEAN,0.9257349841997181,0.0,0.0,0.0,,0.07426501580028178,0.004796278477543176,0.0,0.0,0.0,5.0
rich_features,2.0,0.5,extra_long,Naive (persistence),ALL_MEAN,0.8627620277846709,0.0768621936862435,0.07706316774964073,0.07696243742787545,,0.07426501580028178,0.008477168336028693,0.00771255941908945,0.007800882660881056,0.007756205896601944,5.0
rich_features,2.0,0.5,extra_long,Logistic Regression,ALL_MEAN,0.9257349841997181,0.0,0.0,0.0,,0.07426501580028178,0.004796278477543176,0.0,0.0,0.0,5.0
rich_features,2.0,0.5,extra_long,Random Forest,ALL_MEAN,0.9257047229483482,0.23333333333333334,0.0002631948039804751,0.0005252017553838782,,0.07426501580028178,0.004821679955719806,0.38873012632302,0.00032238415449016523,0.0006433352030131831,5.0
rich_features,2.0,0.7,short,Naive (always 'not congested'),25,0.8592318093044219,0.0,0.0,0.0,19969.0,0.14076819069557814,,,,,
rich_features,2.0,0.7,short,Naive (persistence),25,0.8579798687966348,0.4955595026642984,0.49626467449306294,0.49591183789548526,19969.0,0.14076819069557814,,,,,
rich_features,2.0,0.7,short,Logistic Regression,25,0.8865741899944914,0.7614942528735632,0.28281750266808964,0.41245136186770426,19969.0,0.14076819069557814,,,,,
rich_features,2.0,0.7,short,Random Forest,25,0.8854724823476389,0.755859375,0.2753468516542156,0.40365058670143417,19969.0,0.14076819069557814,,,,,
rich_features,2.0,0.7,short,Naive (always 'not congested'),26,0.8428600080224629,0.0,0.0,0.0,19944.0,0.1571399919775371,,,,,
rich_features,2.0,0.7,short,Naive (persistence),26,0.8542920176494184,0.5363288718929254,0.5370134014039566,0.5366709183673469,19944.0,0.1571399919775371,,,,,
rich_features,2.0,0.7,short,Logistic Regression,26,0.8826714801444043,0.794074074074074,0.34205488194001277,0.47814451382694023,19944.0,0.1571399919775371,,,,,
rich_features,2.0,0.7,short,Random Forest,26,0.8823204973926996,0.7956423741547709,0.33790682833439695,0.4743561030235162,19944.0,0.1571399919775371,,,,,
rich_features,2.0,0.7,short,Naive (always 'not congested'),27,0.8573146895203729,0.0,0.0,0.0,19953.0,0.14268531047962713,,,,,
rich_features,2.0,0.7,short,Naive (persistence),27,0.855560567333233,0.49385317878468565,0.49385317878468565,0.49385317878468565,19953.0,0.14268531047962713,,,,,
rich_features,2.0,0.7,short,Logistic Regression,27,0.8825740490151857,0.7368421052631579,0.2753775904460836,0.4009204806954743,19953.0,0.14268531047962713,,,,,
rich_features,2.0,0.7,short,Random Forest,27,0.8818222823635543,0.7313150425733207,0.2715138742536003,0.39600409836065575,19953.0,0.14268531047962713,,,,,
rich_features,2.0,0.7,short,Naive (always 'not congested'),28,0.8442462802464806,0.0,0.0,0.0,19961.0,0.15575371975351937,,,,,
rich_features,2.0,0.7,short,Naive (persistence),28,0.8619808626822304,0.5569131832797428,0.5570923126407205,0.5570027335584499,19961.0,0.15575371975351937,,,,,
rich_features,2.0,0.7,short,Logistic Regression,28,0.8856770702870598,0.8033749082905356,0.35220328079768415,0.48971377459749554,19961.0,0.15575371975351937,,,,,
rich_features,2.0,0.7,short,Random Forest,28,0.8849256049296127,0.8075757575757576,0.34287552267610166,0.4813727703770603,19961.0,0.15575371975351937,,,,,
rich_features,2.0,0.7,short,Naive (always 'not congested'),29,0.8391783567134269,0.0,0.0,0.0,19960.0,0.16082164328657314,,,,,
rich_features,2.0,0.7,short,Naive (persistence),29,0.8512024048096193,0.5373831775700935,0.5373831775700935,0.5373831775700935,19960.0,0.16082164328657314,,,,,
rich_features,2.0,0.7,short,Logistic Regression,29,0.8698396793587174,0.742472266244057,0.29190031152647977,0.41905187835420393,19960.0,0.16082164328657314,,,,,
rich_features,2.0,0.7,short,Random Forest,29,0.8696392785571142,0.747557003257329,0.28598130841121494,0.41369986480396576,19960.0,0.16082164328657314,,,,,
rich_features,2.0,0.7,short,Naive (always 'not congested'),ALL_MEAN,0.8485662287614331,0.0,0.0,0.0,,0.15143377123856697,0.00811967026243211,0.0,0.0,0.0,5.0
rich_features,2.0,0.7,short,Naive (persistence),ALL_MEAN,0.8562031442542273,0.5240075828383491,0.5243213489785038,0.5241643692352123,,0.15143377123856697,0.003622471126861909,0.02502830632793099,0.02498448317823802,0.02500592981692486,5.0
rich_features,2.0,0.7,short,Logistic Regression,ALL_MEAN,0.8814672937599717,0.7676515213490775,0.30887071347566997,0.4400564018683637,,0.15143377123856697,0.006027918318388633,0.026815811117148577,0.03183537043404106,0.036473024295976604,5.0
rich_features,2.0,0.7,short,Random Forest,ALL_MEAN,0.880836029118124,0.7675899105122357,0.30272487706590584,0.4338166846533264,,0.15143377123856697,0.00577520378021778,0.02912249152210835,0.03115725951126405,0.036467786661084495,5.0
rich_features,2.0,0.7,medium,Naive (always 'not congested'),25,0.8594821974059793,0.0,0.0,0.0,19969.0,0.14051780259402072,,,,,
rich_features,2.0,0.7,medium,Naive (persistence),25,0.8173669187240222,0.3506216696269982,0.3517462580185317,0.35118306351183065,19969.0,0.14051780259402072,,,,,
rich_features,2.0,0.7,medium,Logistic Regression,25,0.871801292002604,0.7489878542510121,0.13186029935851745,0.22424242424242424,19969.0,0.14051780259402072,,,,,
rich_features,2.0,0.7,medium,Random Forest,25,0.8703991186338825,0.7280334728033473,0.1240199572344975,0.21193666260657734,19969.0,0.14051780259402072,,,,,
rich_features,2.0,0.7,medium,Naive (always 'not congested'),26,0.8427597272362616,0.0,0.0,0.0,19944.0,0.15724027276373848,,,,,
rich_features,2.0,0.7,medium,Naive (persistence),26,0.811171279582832,0.39961759082217974,0.39987244897959184,0.3997449792795665,19944.0,0.15724027276373848,,,,,
rich_features,2.0,0.7,medium,Logistic Regression,26,0.8632671480144405,0.7723035952063915,0.18494897959183673,0.2984306663236429,19944.0,0.15724027276373848,,,,,
rich_features,2.0,0.7,medium,Random Forest,26,0.8628158844765343,0.773972602739726,0.18016581632653061,0.2922917744438696,19944.0,0.15724027276373848,,,,,
rich_features,2.0,0.7,medium,Naive (always 'not congested'),27,0.8575151606274746,0.0,0.0,0.0,19953.0,0.14248483937252543,,,,,
rich_features,2.0,0.7,medium,Naive (persistence),27,0.8139628126096327,0.347383210396909,0.3478719662328526,0.3476274165202109,19953.0,0.14248483937252543,,,,,
rich_features,2.0,0.7,medium,Logistic Regression,27,0.8653335338044404,0.6618257261410788,0.11220541681322546,0.1918796992481203,19953.0,0.14248483937252543,,,,,
rich_features,2.0,0.7,medium,Random Forest,27,0.8655340049115421,0.6762114537444934,0.10798452339078438,0.1862299059751289,19953.0,0.14248483937252543,,,,,
rich_features,2.0,0.7,medium,Naive (always 'not congested'),28,0.8441961825559842,0.0,0.0,0.0,19961.0,0.15580381744401584,,,,,
rich_features,2.0,0.7,medium,Naive (persistence),28,0.8185461650217924,0.4176848874598071,0.4176848874598071,0.4176848874598071,19961.0,0.15580381744401584,,,,,
rich_features,2.0,0.7,medium,Logistic Regression,28,0.8610290065627975,0.7372881355932204,0.16784565916398714,0.2734415924567837,19961.0,0.15580381744401584,,,,,
rich_features,2.0,0.7,medium,Random Forest,28,0.8611792996342869,0.7481698389458272,0.16430868167202572,0.26944371210123913,19961.0,0.15580381744401584,,,,,
rich_features,2.0,0.7,medium,Naive (always 'not congested'),29,0.8392284569138276,0.0,0.0,0.0,19960.0,0.16077154308617234,,,,,
rich_features,2.0,0.7,medium,Naive (persistence),29,0.7985470941883768,0.3735202492211838,0.37363664693050797,0.37357843900919147,19960.0,0.16077154308617234,,,,,
rich_features,2.0,0.7,medium,Logistic Regression,29,0.8462925851703407,0.6169154228855721,0.11592396385166719,0.19517313746065057,19960.0,0.16077154308617234,,,,,
rich_features,2.0,0.7,medium,Random Forest,29,0.8458917835671342,0.614065180102916,0.11156123402929262,0.18881856540084388,19960.0,0.16077154308617234,,,,,
rich_features,2.0,0.7,medium,Naive (always 'not congested'),ALL_MEAN,0.8486363449479055,0.0,0.0,0.0,,0.15136365505209456,0.008236794503582718,0.0,0.0,0.0,5.0
rich_features,2.0,0.7,medium,Naive (persistence),ALL_MEAN,0.8119188540253311,0.37776552150541554,0.37816244152425826,0.3779637571561213,,0.15136365505209456,0.007171377209205283,0.027382346763869997,0.02708932859090943,0.02723571170463652,5.0
rich_features,2.0,0.7,medium,Logistic Regression,ALL_MEAN,0.8615447131109246,0.7074641468154549,0.1425568637558468,0.23663350394632438,,0.15136365505209456,0.008431046373558028,0.058480389021333304,0.028919034689870927,0.04254204634946998,5.0
rich_features,2.0,0.7,medium,Random Forest,ALL_MEAN,0.8611640182446759,0.708090509667262,0.13760804253062617,0.22974412410553174,,0.15136365505209456,0.008250501927544063,0.056923740930979946,0.029205182493424662,0.04329840659817349,5.0
rich_features,2.0,0.7,long,Naive (always 'not congested'),25,0.8596825078872252,0.0,0.0,0.0,19969.0,0.1403174921127748,,,,,
rich_features,2.0,0.7,long,Naive (persistence),25,0.7873203465371326,0.2433392539964476,0.2444682369735903,0.24390243902439024,19969.0,0.1403174921127748,,,,,
rich_features,2.0,0.7,long,Logistic Regression,25,0.860083128849717,0.5952380952380952,0.008922198429693077,0.017580872011251757,19969.0,0.1403174921127748,,,,,
rich_features,2.0,0.7,long,Random Forest,25,0.8608843707747008,0.5967741935483871,0.026409707351891507,0.050580997949419004,19969.0,0.1403174921127748,,,,,
rich_features,2.0,0.7,long,Naive (always 'not congested'),26,0.8427095868431609,0.0,0.0,0.0,19944.0,0.15729041315683914,,,,,
rich_features,2.0,0.7,long,Naive (persistence),26,0.7705074207781789,0.27055449330783937,0.27064073956008927,0.270597609561753,19944.0,0.15729041315683914,,,,,
rich_features,2.0,0.7,long,Logistic Regression,26,0.8447653429602888,0.6666666666666666,0.02613962384443736,0.05030674846625767,19944.0,0.15729041315683914,,,,,
rich_features,2.0,0.7,long,Random Forest,26,0.8459687123947052,0.6444444444444445,0.04622250557857826,0.08625817965496728,19944.0,0.15729041315683914,,,,,
rich_features,2.0,0.7,long,Naive (always 'not congested'),27,0.857214453966822,0.0,0.0,0.0,19953.0,0.14278554603317797,,,,,
rich_features,2.0,0.7,long,Naive (persistence),27,0.7855961509547437,0.24903407095187918,0.24885924885924887,0.24894662921348315,19953.0,0.14278554603317797,,,,,
rich_features,2.0,0.7,long,Logistic Regression,27,0.8588182228236355,0.8809523809523809,0.012987012987012988,0.025596679349705984,19953.0,0.14278554603317797,,,,,
rich_features,2.0,0.7,long,Random Forest,27,0.8592191650378389,0.7040816326530612,0.024219024219024218,0.04682728198167628,19953.0,0.14278554603317797,,,,,
rich_features,2.0,0.7,long,Naive (always 'not congested'),28,0.8442462802464806,0.0,0.0,0.0,19961.0,0.15575371975351937,,,,,
rich_features,2.0,0.7,long,Naive (persistence),28,0.7753118581233405,0.2787781350482315,0.27886780315213894,0.27882296189097927,19961.0,0.15575371975351937,,,,,
rich_features,2.0,0.7,long,Logistic Regression,28,0.8464004809378287,0.8208955223880597,0.017690575747828882,0.034634760705289674,19961.0,0.15575371975351937,,,,,
rich_features,2.0,0.7,long,Random Forest,28,0.8476529232002404,0.7428571428571429,0.033451270504985524,0.06401969836872884,19961.0,0.15575371975351937,,,,,
rich_features,2.0,0.7,long,Naive (always 'not congested'),29,0.8392284569138276,0.0,0.0,0.0,19960.0,0.16077154308617234,,,,,
rich_features,2.0,0.7,long,Naive (persistence),29,0.7612725450901804,0.2576323987538941,0.25771268307884077,0.25767253466272005,19960.0,0.16077154308617234,,,,,
rich_features,2.0,0.7,long,Logistic Regression,29,0.83812625250501,0.3625,0.009037083203490184,0.017634539373669808,19960.0,0.16077154308617234,,,,,
rich_features,2.0,0.7,long,Random Forest,29,0.83687374749499,0.3443708609271523,0.016204425054534122,0.030952380952380953,19960.0,0.16077154308617234,,,,,
rich_features,2.0,0.7,long,Naive (always 'not congested'),ALL_MEAN,0.8486162571715032,0.0,0.0,0.0,,0.15138374282849673,0.008228087741452594,0.0,0.0,0.0,5.0
rich_features,2.0,0.7,long,Naive (persistence),ALL_MEAN,0.7760016642967152,0.2598676704116583,0.2601097423247817,0.25998843487066514,,0.15138374282849673,0.009672396175599327,0.013170920409895148,0.012959497942982104,0.01306398196581327,5.0
rich_features,2.0,0.7,long,Logistic Regression,ALL_MEAN,0.849638685615296,0.6652505330490405,0.014955298842492498,0.029150719981234984,,0.15138374282849673,0.008486717293764708,0.18292855547420248,0.006447768476729424,0.0123025789700154,5.0
rich_features,2.0,0.7,long,Random Forest,ALL_MEAN,0.850119783780495,0.6065056548860376,0.029301386541802726,0.055727707781434474,,0.15138374282849673,0.008915709107766793,0.14025797874339674,0.010092258636013747,0.018549338757587783,5.0
rich_features,2.0,0.7,extra_long,Naive (always 'not congested'),25,0.8596825078872252,0.0,0.0,0.0,19969.0,0.1403174921127748,,,,,
rich_features,2.0,0.7,extra_long,Naive (persistence),25,0.7993389754118885,0.28596802841918295,0.2872947894361171,0.28662987359800607,19969.0,0.1403174921127748,,,,,
rich_features,2.0,0.7,extra_long,Logistic Regression,25,0.8616355350793731,0.6042780748663101,0.04032833690221271,0.07561057209769154,19969.0,0.1403174921127748,,,,,
rich_features,2.0,0.7,extra_long,Random Forest,25,0.8624868546246682,0.6206896551724138,0.05139186295503212,0.09492419248516809,19969.0,0.1403174921127748,,,,,
rich_features,2.0,0.7,extra_long,Naive (always 'not congested'),26,0.8426093060569595,0.0,0.0,0.0,19944.0,0.1573906939430405,,,,,
rich_features,2.0,0.7,extra_long,Naive (persistence),26,0.7853489771359807,0.31803696622052263,0.31793564829563553,0.31798629918751,19944.0,0.1573906939430405,,,,,
rich_features,2.0,0.7,extra_long,Logistic Regression,26,0.8501805054151624,0.7323076923076923,0.07582032494424976,0.1374133949191686,19944.0,0.1573906939430405,,,,,
rich_features,2.0,0.7,extra_long,Random Forest,26,0.8501805054151624,0.6892230576441103,0.08760751831793565,0.1554550593555681,19944.0,0.1573906939430405,,,,,
rich_features,2.0,0.7,extra_long,Naive (always 'not congested'),27,0.8573648072971483,0.0,0.0,0.0,19953.0,0.14263519270285172,,,,,
rich_features,2.0,0.7,extra_long,Naive (persistence),27,0.7939658196762391,0.27783631893220934,0.27793394237526353,0.2778851220797471,19953.0,0.14263519270285172,,,,,
rich_features,2.0,0.7,extra_long,Logistic Regression,27,0.8601714027965719,0.6944444444444444,0.035137034434293744,0.06688963210702341,19953.0,0.14263519270285172,,,,,
rich_features,2.0,0.7,extra_long,Random Forest,27,0.8605723450107753,0.6739130434782609,0.04356992269852424,0.08184818481848184,19953.0,0.14263519270285172,,,,,
rich_features,2.0,0.7,extra_long,Naive (always 'not congested'),28,0.8441961825559842,0.0,0.0,0.0,19961.0,0.15580381744401584,,,,,
rich_features,2.0,0.7,extra_long,Naive (persistence),28,0.7931967336305796,0.33633440514469454,0.33633440514469454,0.33633440514469454,19961.0,0.15580381744401584,,,,,
rich_features,2.0,0.7,extra_long,Logistic Regression,28,0.8504583938680427,0.7705627705627706,0.057234726688102894,0.10655492367554624,19961.0,0.15580381744401584,,,,,
rich_features,2.0,0.7,extra_long,Random Forest,28,0.8511597615349933,0.7249190938511327,0.0720257234726688,0.1310324656332261,19961.0,0.15580381744401584,,,,,
rich_features,2.0,0.7,extra_long,Naive (always 'not congested'),29,0.8392785571142285,0.0,0.0,0.0,19960.0,0.16072144288577153,,,,,
rich_features,2.0,0.7,extra_long,Naive (persistence),29,0.7729458917835671,0.2937694704049844,0.29395261845386533,0.2938610158928015,19960.0,0.16072144288577153,,,,,
rich_features,2.0,0.7,extra_long,Logistic Regression,29,0.8397294589178357,0.5207373271889401,0.03522443890274314,0.06598540145985402,19960.0,0.16072144288577153,,,,,
rich_features,2.0,0.7,extra_long,Random Forest,29,0.8392284569138276,0.49823321554770317,0.04395261845386534,0.08077914637639645,19960.0,0.16072144288577153,,,,,
rich_features,2.0,0.7,extra_long,Naive (always 'not congested'),ALL_MEAN,0.8486262721823092,0.0,0.0,0.0,,0.15137372781769087,0.008268152107464361,0.0,0.0,0.0,5.0
rich_features,2.0,0.7,extra_long,Naive (persistence),ALL_MEAN,0.788959279527651,0.3023890378243188,0.3026902807411152,0.3025393431805518,,0.15137372781769087,0.009167577854425723,0.021651457793797235,0.021403703057222525,0.021526587597851046,5.0
rich_features,2.0,0.7,extra_long,Logistic Regression,ALL_MEAN,0.8524350592153972,0.6644660618740315,0.04874897237432045,0.09049078485185676,,0.15137372781769087,0.007936274513706869,0.09059607584243112,0.015773212216288527,0.027708254543940446,5.0
rich_features,2.0,0.7,extra_long,Random Forest,ALL_MEAN,0.8527255846998854,0.6413956131387242,0.05970952917960524,0.10880780973376811,,0.15137372781769087,0.008342130748716875,0.07905090553995024,0.017366272739038655,0.02958068085831443,5.0
rich_features,2.0,0.8,short,Naive (always 'not congested'),25,0.876264903316301,0.0,0.0,0.0,19962.0,0.12373509668369903,,,,,
rich_features,2.0,0.8,short,Naive (persistence),25,0.9104298166516381,0.6380566801619433,0.6380566801619433,0.6380566801619433,19962.0,0.12373509668369903,,,,,
rich_features,2.0,0.8,short,Logistic Regression,25,0.9206993287245767,0.7676523838261919,0.5149797570850202,0.616428398352314,19962.0,0.12373509668369903,,,,,
rich_features,2.0,0.8,short,Random Forest,25,0.9203987576395151,0.7768698931489629,0.5004048582995951,0.6087170647623737,19962.0,0.12373509668369903,,,,,
rich_features,2.0,0.8,short,Naive (always 'not congested'),26,0.8460768113764959,0.0,0.0,0.0,19971.0,0.15392318862350407,,,,,
rich_features,2.0,0.8,short,Naive (persistence),26,0.905312703419959,0.692733789507983,0.6916070266753416,0.6921699495360573,19971.0,0.15392318862350407,,,,,
rich_features,2.0,0.8,short,Logistic Regression,26,0.9150768614491012,0.8095238095238095,0.5862068965517241,0.68,19971.0,0.15392318862350407,,,,,
rich_features,2.0,0.8,short,Random Forest,26,0.9147764258174352,0.8196644920782852,0.5722186076772934,0.6739463601532567,19971.0,0.15392318862350407,,,,,
rich_features,2.0,0.8,short,Naive (always 'not congested'),27,0.8653778734912606,0.0,0.0,0.0,19967.0,0.13462212650873942,,,,,
rich_features,2.0,0.8,short,Naive (persistence),27,0.9041418340261431,0.6437592867756315,0.6447172619047619,0.6442379182156134,19967.0,0.13462212650873942,,,,,
rich_features,2.0,0.8,short,Logistic Regression,27,0.9160114188410878,0.7728008634646519,0.5327380952380952,0.63069808412244,19967.0,0.13462212650873942,,,,,
rich_features,2.0,0.8,short,Random Forest,27,0.9161616667501378,0.7864406779661017,0.5178571428571429,0.6244952893674294,19967.0,0.13462212650873942,,,,,
rich_features,2.0,0.8,short,Naive (always 'not congested'),28,0.8089730108657553,0.0,0.0,0.0,19971.0,0.19102698913424465,,,,,
rich_features,2.0,0.8,short,Naive (persistence),28,0.8977517400230334,0.7323722149410222,0.7323722149410222,0.7323722149410222,19971.0,0.19102698913424465,,,,,
rich_features,2.0,0.8,short,Logistic Regression,28,0.9064143007360673,0.8355172413793104,0.6351245085190039,0.7216679076693969,19971.0,0.19102698913424465,,,,,
rich_features,2.0,0.8,short,Random Forest,28,0.9054629212357919,0.8405797101449275,0.6233289646133683,0.715833835039133,19971.0,0.19102698913424465,,,,,
rich_features,2.0,0.8,short,Naive (always 'not congested'),29,0.8440693247846123,0.0,0.0,0.0,19964.0,0.1559306752153877,,,,,
rich_features,2.0,0.8,short,Naive (persistence),29,0.8923061510719295,0.6544754571703562,0.6553164150337295,0.6548956661316212,19964.0,0.1559306752153877,,,,,
rich_features,2.0,0.8,short,Logistic Regression,29,0.9044279703466239,0.7765029830197339,0.5435271442338581,0.6394557823129252,19964.0,0.1559306752153877,,,,,
rich_features,2.0,0.8,short,Random Forest,29,0.9047285113203767,0.785209609043806,0.5354963058143271,0.6367456073338427,19964.0,0.1559306752153877,,,,,
rich_features,2.0,0.8,short,Naive (always 'not congested'),ALL_MEAN,0.848152384766885,0.0,0.0,0.0,,0.151847615233115,0.022991450080354213,0.0,0.0,0.0,5.0
rich_features,2.0,0.8,short,Naive (persistence),ALL_MEAN,0.9019884490385406,0.6722794857113872,0.6724139197433596,0.6723464857972514,,0.151847615233115,0.0063030313099807075,0.03558398586265918,0.0352227822611774,0.03540189634142825,5.0
rich_features,2.0,0.8,short,Logistic Regression,ALL_MEAN,0.9125259760194913,0.7923994562427396,0.5625152803255403,0.6576500344914151,,0.151847615233115,0.006138229276055914,0.02608297208287153,0.04322094106327969,0.03835223793073288,5.0
rich_features,2.0,0.8,short,Random Forest,ALL_MEAN,0.9123056565526513,0.8017528764764166,0.5498611758523453,0.6519476313312071,,0.151847615233115,0.006175887905276349,0.024313185583266603,0.043758212276753534,0.03852013912947784,5.0
rich_features,2.0,0.8,medium,Naive (always 'not congested'),25,0.876264903316301,0.0,0.0,0.0,19962.0,0.12373509668369903,,,,,
rich_features,2.0,0.8,medium,Naive (persistence),25,0.872858431018936,0.4862348178137652,0.4862348178137652,0.4862348178137652,19962.0,0.12373509668369903,,,,,
rich_features,2.0,0.8,medium,Logistic Regression,25,0.8973048792706142,0.6926605504587156,0.305668016194332,0.4241573033707865,19962.0,0.12373509668369903,,,,,
rich_features,2.0,0.8,medium,Random Forest,25,0.8966536419196474,0.6921624173748819,0.29676113360323886,0.41541513176537265,19962.0,0.12373509668369903,,,,,
rich_features,2.0,0.8,medium,Naive (always 'not congested'),26,0.8458264483501077,0.0,0.0,0.0,19971.0,0.15417355164989235,,,,,
rich_features,2.0,0.8,medium,Naive (persistence),26,0.8702118071203244,0.5793418051482567,0.5774602143553101,0.5783994795055303,19971.0,0.15417355164989235,,,,,
rich_features,2.0,0.8,medium,Logistic Regression,26,0.8866856942566722,0.7618741976893453,0.3855147775251705,0.5119689454388613,19971.0,0.15417355164989235,,,,,
rich_features,2.0,0.8,medium,Random Forest,26,0.8870362024936157,0.7709019091507571,0.3803182851575187,0.5093518921270117,19971.0,0.15417355164989235,,,,,
rich_features,2.0,0.8,medium,Naive (always 'not congested'),27,0.8656282866730105,0.0,0.0,0.0,19967.0,0.13437171332698952,,,,,
rich_features,2.0,0.8,medium,Naive (persistence),27,0.8701357239445084,0.5167161961367014,0.5184494968319046,0.5175813953488372,19967.0,0.13437171332698952,,,,,
rich_features,2.0,0.8,medium,Logistic Regression,27,0.8961286122101467,0.7369649805447471,0.3529631010063362,0.47731854838709675,19967.0,0.13437171332698952,,,,,
rich_features,2.0,0.8,medium,Random Forest,27,0.8967296038463465,0.7466243050039714,0.3503540812523295,0.47691527143581935,19967.0,0.13437171332698952,,,,,
rich_features,2.0,0.8,medium,Naive (always 'not congested'),28,0.8089730108657553,0.0,0.0,0.0,19971.0,0.19102698913424465,,,,,
rich_features,2.0,0.8,medium,Naive (persistence),28,0.8591958339592409,0.6314547837483617,0.6314547837483617,0.6314547837483617,19971.0,0.19102698913424465,,,,,
rich_features,2.0,0.8,medium,Logistic Regression,28,0.8748184868058685,0.7989995452478399,0.46055045871559636,0.5843032923179249,19971.0,0.19102698913424465,,,,,
rich_features,2.0,0.8,medium,Random Forest,28,0.8748685594111462,0.8066169617893756,0.45373525557011796,0.5807750377453448,19971.0,0.19102698913424465,,,,,
rich_features,2.0,0.8,medium,Naive (always 'not congested'),29,0.844319775596073,0.0,0.0,0.0,19964.0,0.15568022440392706,,,,,
rich_features,2.0,0.8,medium,Naive (persistence),29,0.855890603085554,0.5370548604427334,0.5386100386100386,0.5378313253012048,19964.0,0.15568022440392706,,,,,
rich_features,2.0,0.8,medium,Logistic Regression,29,0.8856942496493688,0.7590966122961104,0.3893178893178893,0.5146746065504041,19964.0,0.15568022440392706,,,,,
rich_features,2.0,0.8,medium,Random Forest,29,0.8855940693247846,0.7658064516129032,0.3819176319176319,0.5096607986260198,19964.0,0.15568022440392706,,,,,
rich_features,2.0,0.8,medium,Naive (always 'not congested'),ALL_MEAN,0.8482024849602496,0.0,0.0,0.0,,0.15179751503975053,0.02302533608455046,0.0,0.0,0.0,5.0
rich_features,2.0,0.8,medium,Naive (persistence),ALL_MEAN,0.8656584798257129,0.5501604926579636,0.550441870271876,0.5503003603435398,,0.15179751503975053,0.006779306884074556,0.050669677781481286,0.05015801601162997,0.05041032073037179,5.0
rich_features,2.0,0.8,medium,Logistic Regression,ALL_MEAN,0.8881263844385341,0.7499191772473516,0.37880284855186486,0.5024845392130147,,0.15179751503975053,0.00816543230852571,0.03487805013138236,0.0507044063125018,0.05234757498055366,5.0
rich_features,2.0,0.8,medium,Random Forest,ALL_MEAN,0.888176415399108,0.7564224089863779,0.3726172775001674,0.49842362633991366,,0.15179751503975053,0.008125121904418003,0.03753014435271787,0.05094258130771798,0.05362923735571809,5.0
rich_features,2.0,0.8,long,Naive (always 'not congested'),25,0.876264903316301,0.0,0.0,0.0,19962.0,0.12373509668369903,,,,,
rich_features,2.0,0.8,long,Naive (persistence),25,0.8395952309387837,0.35182186234817814,0.35182186234817814,0.35182186234817814,19962.0,0.12373509668369903,,,,,
rich_features,2.0,0.8,long,Logistic Regression,25,0.8828774671876566,0.6380753138075314,0.12348178137651822,0.20691994572591588,19962.0,0.12373509668369903,,,,,
rich_features,2.0,0.8,long,Random Forest,25,0.8822763250175333,0.6244813278008299,0.12186234817813765,0.20392953929539295,19962.0,0.12373509668369903,,,,,
rich_features,2.0,0.8,long,Naive (always 'not congested'),26,0.8453257222973312,0.0,0.0,0.0,19971.0,0.15467427770266887,,,,,
rich_features,2.0,0.8,long,Naive (persistence),26,0.8181362976315658,0.4115347018572825,0.4088701845257365,0.4101981162715167,19971.0,0.15467427770266887,,,,,
rich_features,2.0,0.8,long,Logistic Regression,26,0.8589454709328527,0.6842818428184282,0.16348332793784395,0.26391429318003656,19971.0,0.15467427770266887,,,,,
rich_features,2.0,0.8,long,Random Forest,26,0.8590456161434079,0.6836461126005362,0.16510197474910973,0.26597131681877445,19971.0,0.15467427770266887,,,,,
rich_features,2.0,0.8,long,Naive (always 'not congested'),27,0.8661291130365102,0.0,0.0,0.0,19967.0,0.13387088696348975,,,,,
rich_features,2.0,0.8,long,Naive (persistence),27,0.8293684579556267,0.3636701337295691,0.3662551440329218,0.36495806150978566,19967.0,0.13387088696348975,,,,,
rich_features,2.0,0.8,long,Logistic Regression,27,0.8807532428507037,0.7588652482269503,0.16011971567527122,0.26444238492431266,19967.0,0.13387088696348975,,,,,
rich_features,2.0,0.8,long,Random Forest,27,0.8806530775780037,0.7491408934707904,0.163112607557052,0.2678955453149002,19967.0,0.13387088696348975,,,,,
rich_features,2.0,0.8,long,Naive (always 'not congested'),28,0.8089730108657553,0.0,0.0,0.0,19971.0,0.19102698913424465,,,,,
rich_features,2.0,0.8,long,Naive (persistence),28,0.8098242451554755,0.5022280471821756,0.5022280471821756,0.5022280471821756,19971.0,0.19102698913424465,,,,,
rich_features,2.0,0.8,long,Logistic Regression,28,0.8455260127184417,0.7887658227848101,0.2613368283093054,0.39259696790706833,19971.0,0.19102698913424465,,,,,
rich_features,2.0,0.8,long,Random Forest,28,0.8456762305342747,0.7911040508339953,0.26107470511140235,0.3925896728419393,19971.0,0.19102698913424465,,,,,
rich_features,2.0,0.8,long,Naive (always 'not congested'),29,0.84472049689441,0.0,0.0,0.0,19964.0,0.15527950310559005,,,,,
rich_features,2.0,0.8,long,Naive (persistence),29,0.815718292927269,0.40712223291626565,0.4093548387096774,0.4082354833520991,19964.0,0.15527950310559005,,,,,
rich_features,2.0,0.8,long,Logistic Regression,29,0.8648066519735524,0.7345029239766082,0.20258064516129032,0.31757269279393174,19964.0,0.15527950310559005,,,,,
rich_features,2.0,0.8,long,Random Forest,29,0.8643057503506312,0.7319098457888493,0.19903225806451613,0.31295967537408065,19964.0,0.15527950310559005,,,,,
rich_features,2.0,0.8,long,Naive (always 'not congested'),ALL_MEAN,0.8482826492820615,0.0,0.0,0.0,,0.1517173507179385,0.02310057500852382,0.0,0.0,0.0,5.0
rich_features,2.0,0.8,long,Naive (persistence),ALL_MEAN,0.822528504921744,0.40727539560669423,0.4077060153597379,0.40748831413275105,,0.1517173507179385,0.010631338419454415,0.052935213995953245,0.052497050773733914,0.05270881245144357,5.0
rich_features,2.0,0.8,long,Logistic Regression,ALL_MEAN,0.8665817691326414,0.7208982303228656,0.18220045969204582,0.28908925690625303,,0.1517173507179385,0.013936925139647222,0.053727065020347076,0.04682668098050188,0.06247910875413854,5.0
rich_features,2.0,0.8,long,Random Forest,ALL_MEAN,0.8663913999247702,0.7160564460990002,0.18203677873204355,0.28866914992901754,,0.1517173507179385,0.013734300208405156,0.057296572192214894,0.04647948807200238,0.06247726081670799,5.0
rich_features,2.0,0.8,extra_long,Naive (always 'not congested'),25,0.876264903316301,0.0,0.0,0.0,19962.0,0.12373509668369903,,,,,
rich_features,2.0,0.8,extra_long,Naive (persistence),25,0.8507163610860635,0.3967611336032389,0.3967611336032389,0.3967611336032389,19962.0,0.12373509668369903,,,,,
rich_features,2.0,0.8,extra_long,Logistic Regression,25,0.8871856527402064,0.6530898876404494,0.1882591093117409,0.29226901319924575,19962.0,0.12373509668369903,,,,,
rich_features,2.0,0.8,extra_long,Random Forest,25,0.8872858431018936,0.6612903225806451,0.1825910931174089,0.28616751269035534,19962.0,0.12373509668369903,,,,,
rich_features,2.0,0.8,extra_long,Naive (always 'not congested'),26,0.8455760853237194,0.0,0.0,0.0,19971.0,0.1544239146762806,,,,,
rich_features,2.0,0.8,extra_long,Naive (persistence),26,0.8426218016123379,0.49038774845226457,0.4880025940337224,0.4891922639362912,19971.0,0.1544239146762806,,,,,
rich_features,2.0,0.8,extra_long,Logistic Regression,26,0.8711131140153222,0.7335164835164835,0.259727626459144,0.38362068965517243,19971.0,0.1544239146762806,,,,,
rich_features,2.0,0.8,extra_long,Random Forest,26,0.870862750988934,0.7353215284249767,0.25583657587548636,0.37960067356266536,19971.0,0.1544239146762806,,,,,
rich_features,2.0,0.8,extra_long,Naive (always 'not congested'),27,0.8658786998547604,0.0,0.0,0.0,19967.0,0.13412130014523965,,,,,
rich_features,2.0,0.8,extra_long,Naive (persistence),27,0.8474482896779687,0.43164933135215455,0.4339058999253174,0.4327746741154562,19967.0,0.13412130014523965,,,,,
rich_features,2.0,0.8,extra_long,Logistic Regression,27,0.8854610106676015,0.7214043035107588,0.23786407766990292,0.35776467284470653,19967.0,0.13412130014523965,,,,,
rich_features,2.0,0.8,extra_long,Random Forest,27,0.8851104322131517,0.7206896551724138,0.23412994772218074,0.35343855693348364,19967.0,0.13412130014523965,,,,,
rich_features,2.0,0.8,extra_long,Naive (always 'not congested'),28,0.8089730108657553,0.0,0.0,0.0,19971.0,0.19102698913424465,,,,,
rich_features,2.0,0.8,extra_long,Naive (persistence),28,0.8322567723198638,0.5609436435124509,0.5609436435124509,0.5609436435124509,19971.0,0.19102698913424465,,,,,
rich_features,2.0,0.8,extra_long,Logistic Regression,28,0.857593510590356,0.7944208611279563,0.34338138925294887,0.479502196193265,19971.0,0.19102698913424465,,,,,
rich_features,2.0,0.8,extra_long,Random Forest,28,0.8573932201692454,0.7982726711906231,0.33918741808650066,0.4760853568800589,19971.0,0.19102698913424465,,,,,
rich_features,2.0,0.8,extra_long,Naive (always 'not congested'),29,0.8445702264075335,0.0,0.0,0.0,19964.0,0.15542977359246643,,,,,
rich_features,2.0,0.8,extra_long,Naive (persistence),29,0.8329993989180525,0.4629451395572666,0.46503383822107636,0.4639871382636656,19964.0,0.15542977359246643,,,,,
rich_features,2.0,0.8,extra_long,Logistic Regression,29,0.8727208976157083,0.7397610921501706,0.279407025459233,0.4056140350877193,19964.0,0.15542977359246643,,,,,
rich_features,2.0,0.8,extra_long,Random Forest,29,0.8727709877780004,0.7433016421780466,0.27715114405414115,0.40375586854460094,19964.0,0.15542977359246643,,,,,
rich_features,2.0,0.8,extra_long,Naive (always 'not congested'),ALL_MEAN,0.8482525851536138,0.0,0.0,0.0,,0.1517474148463861,0.023060694967044,0.0,0.0,0.0,5.0
rich_features,2.0,0.8,extra_long,Naive (persistence),ALL_MEAN,0.8412085247228573,0.46853739929547505,0.4689294218591612,0.46873177068622063,,0.1517474148463861,0.007467992878069633,0.05578563788441265,0.055281981465180534,0.05552811577374429,5.0
rich_features,2.0,0.8,extra_long,Logistic Regression,ALL_MEAN,0.874814837125839,0.7284385255891637,0.2617278456305939,0.38375412139602183,,0.1517474148463861,0.010779976941967471,0.04524279455199164,0.05089398805321877,0.06114007509938746,5.0
rich_features,2.0,0.8,extra_long,Random Forest,ALL_MEAN,0.874684646850245,0.731775163909341,0.2577792357711436,0.3798095937222329,,0.1517474148463861,0.010814338288493099,0.04395078210514299,0.051417667249354385,0.062139779881196136,5.0
rich_features,2.0,0.9,short,Naive (always 'not congested'),25,0.8051076614922383,0.0,0.0,0.0,19970.0,0.19489233850776164,,,,,
rich_features,2.0,0.9,short,Naive (persistence),25,0.9390085127691538,0.8435251798561151,0.8435251798561151,0.8435251798561151,19970.0,0.19489233850776164,,,,,
rich_features,2.0,0.9,short,Logistic Regression,25,0.9403605408112168,0.8822530427398811,0.8008735868448099,0.8395959595959596,19970.0,0.19489233850776164,,,,,
rich_features,2.0,0.9,short,Random Forest,25,0.9397095643465198,0.8826879271070615,0.7965056526207606,0.8373851971907077,19970.0,0.19489233850776164,,,,,
rich_features,2.0,0.9,short,Naive (always 'not congested'),26,0.8198888388162836,0.0,0.0,0.0,19971.0,0.1801111611837164,,,,,
rich_features,2.0,0.9,short,Naive (persistence),26,0.9326022732962796,0.812899638587712,0.812899638587712,0.812899638587712,19971.0,0.1801111611837164,,,,,
rich_features,2.0,0.9,short,Logistic Regression,26,0.9339041610334986,0.8583569405099151,0.7581317764804003,0.8051372896368467,19971.0,0.1801111611837164,,,,,
rich_features,2.0,0.9,short,Random Forest,26,0.9326523459015572,0.8599744245524297,0.7478454267445093,0.8,19971.0,0.1801111611837164,,,,,
rich_features,2.0,0.9,short,Naive (always 'not congested'),27,0.7238495818937459,0.0,0.0,0.0,19971.0,0.27615041810625407,,,,,
rich_features,2.0,0.9,short,Naive (persistence),27,0.9186320164238145,0.852994555353902,0.8522212148685403,0.8526077097505669,19971.0,0.27615041810625407,,,,,
rich_features,2.0,0.9,short,Logistic Regression,27,0.9209353562665865,0.8937575030012005,0.8099728014505893,0.8498050033292115,19971.0,0.27615041810625407,,,,,
rich_features,2.0,0.9,short,Random Forest,27,0.9210855740824195,0.8976377952755905,0.8061650045330916,0.8494459304547192,19971.0,0.27615041810625407,,,,,
rich_features,2.0,0.9,short,Naive (always 'not congested'),28,0.762906214010315,0.0,0.0,0.0,19971.0,0.23709378598968503,,,,,
rich_features,2.0,0.9,short,Naive (persistence),28,0.9376596064293226,0.86892177589852,0.8680042238648363,0.8684627575277337,19971.0,0.23709378598968503,,,,,
rich_features,2.0,0.9,short,Logistic Regression,28,0.9389614941665415,0.9021043000914913,0.8329461457233368,0.8661469199516855,19971.0,0.23709378598968503,,,,,
rich_features,2.0,0.9,short,Random Forest,28,0.9395623654298734,0.9073903002309469,0.8297782470960929,0.8668505239933811,19971.0,0.23709378598968503,,,,,
rich_features,2.0,0.9,short,Naive (always 'not congested'),29,0.7342881466272723,0.0,0.0,0.0,19969.0,0.26571185337272774,,,,,
rich_features,2.0,0.9,short,Naive (persistence),29,0.9348990935950724,0.8776395173453997,0.8773087071240105,0.8774740810556079,19969.0,0.26571185337272774,,,,,
rich_features,2.0,0.9,short,Logistic Regression,29,0.9371025088887776,0.9120879120879121,0.8447041085563513,0.8771037181996086,19969.0,0.26571185337272774,,,,,
rich_features,2.0,0.9,short,Random Forest,29,0.9363012669637939,0.9131503482179435,0.8401809272521673,0.8751472320376914,19969.0,0.26571185337272774,,,,,
rich_features,2.0,0.9,short,Naive (always 'not congested'),ALL_MEAN,0.7692080885679711,0.0,0.0,0.0,,0.23079191143202898,0.03787829953330679,0.0,0.0,0.0,5.0
rich_features,2.0,0.9,short,Naive (persistence),ALL_MEAN,0.9325603005027286,0.8511961334083298,0.8507917928602428,0.8509938733555471,,0.23079191143202898,0.00730823062844895,0.022548393828268492,0.02231625770779116,0.022431762690902902,5.0
rich_features,2.0,0.9,short,Logistic Regression,ALL_MEAN,0.9342528122333242,0.88971193968608,0.8093256838110975,0.8475577781426624,,0.23079191143202898,0.007001042722947088,0.01848995639190706,0.03000743911284004,0.024845350421060085,5.0
rich_features,2.0,0.9,short,Random Forest,ALL_MEAN,0.9338622233448328,0.8921681590767945,0.8040950516493244,0.8457657767352998,,0.23079191143202898,0.00688968098183548,0.0191216845672357,0.03221093271195029,0.026405001222157522,5.0
rich_features,2.0,0.9,medium,Naive (always 'not congested'),25,0.8051076614922383,0.0,0.0,0.0,19970.0,0.19489233850776164,,,,,
rich_features,2.0,0.9,medium,Naive (persistence),25,0.9128693039559339,0.776464542651593,0.776464542651593,0.776464542651593,19970.0,0.19489233850776164,,,,,
rich_features,2.0,0.9,medium,Logistic Regression,25,0.9169754631947922,0.834230999401556,0.7163412127440905,0.7708045341443185,19970.0,0.19489233850776164,,,,,
rich_features,2.0,0.9,medium,Random Forest,25,0.915773660490736,0.8364799025578563,0.7058067831449126,0.7656075808249722,19970.0,0.19489233850776164,,,,,
rich_features,2.0,0.9,medium,Naive (always 'not congested'),26,0.8198888388162836,0.0,0.0,0.0,19971.0,0.1801111611837164,,,,,
rich_features,2.0,0.9,medium,Naive (persistence),26,0.900555805918582,0.7239366138448707,0.7239366138448707,0.7239366138448707,19971.0,0.1801111611837164,,,,,
rich_features,2.0,0.9,medium,Logistic Regression,26,0.9053627760252366,0.7892239918671636,0.6474840144564915,0.711362248014661,19971.0,0.1801111611837164,,,,,
rich_features,2.0,0.9,medium,Random Forest,26,0.9048119773671824,0.7944444444444444,0.636085626911315,0.7064999228037672,19971.0,0.1801111611837164,,,,,
rich_features,2.0,0.9,medium,Naive (always 'not congested'),27,0.7235992188673577,0.0,0.0,0.0,19971.0,0.2764007811326423,,,,,
rich_features,2.0,0.9,medium,Naive (persistence),27,0.8882379450202794,0.798366606170599,0.7969202898550725,0.7976427923844062,19971.0,0.2764007811326423,,,,,
rich_features,2.0,0.9,medium,Logistic Regression,27,0.8926443342847128,0.857778719796524,0.7331521739130434,0.7905840984567298,19971.0,0.2764007811326423,,,,,
rich_features,2.0,0.9,medium,Random Forest,27,0.8920935356266586,0.8631556227066696,0.7244565217391304,0.7877474638038018,19971.0,0.2764007811326423,,,,,
rich_features,2.0,0.9,medium,Naive (always 'not congested'),28,0.7626558509839267,0.0,0.0,0.0,19971.0,0.2373441490160733,,,,,
rich_features,2.0,0.9,medium,Naive (persistence),28,0.9075659706574533,0.8059196617336152,0.8042194092827004,0.8050686378035903,19971.0,0.2373441490160733,,,,,
rich_features,2.0,0.9,medium,Logistic Regression,28,0.9136247558960493,0.8617710583153347,0.7575949367088608,0.8063320983496126,19971.0,0.2373441490160733,,,,,
rich_features,2.0,0.9,medium,Random Forest,28,0.9131741024485504,0.8656934306569343,0.7506329113924051,0.8040677966101695,19971.0,0.2373441490160733,,,,,
rich_features,2.0,0.9,medium,Naive (always 'not congested'),29,0.7341379137663379,0.0,0.0,0.0,19969.0,0.2658620862336622,,,,,
rich_features,2.0,0.9,medium,Naive (persistence),29,0.9105112925033803,0.8320135746606335,0.8312299868148427,0.8316215961556581,19969.0,0.2658620862336622,,,,,
rich_features,2.0,0.9,medium,Logistic Regression,29,0.9134658721017577,0.8810385188337945,0.7798078734224901,0.8273381294964028,19969.0,0.2658620862336622,,,,,
rich_features,2.0,0.9,medium,Random Forest,29,0.9130151735189543,0.8854121709106604,0.7728385760030138,0.825304234134567,19969.0,0.2658620862336622,,,,,
rich_features,2.0,0.9,medium,Naive (always 'not congested'),ALL_MEAN,0.7690778967852289,0.0,0.0,0.0,,0.2309221032147712,0.03797433608561853,0.0,0.0,0.0,5.0
rich_features,2.0,0.9,medium,Naive (persistence),ALL_MEAN,0.9039480636111257,0.7873401998122623,0.7865541684898159,0.7869468365680238,,0.2309221032147712,0.008877713585928544,0.03633395958331567,0.035883713984783266,0.03610762786014086,5.0
rich_features,2.0,0.9,medium,Logistic Regression,ALL_MEAN,0.9084146403005097,0.8448086576428746,0.7268760422489953,0.781284221692345,,0.2309221032147712,0.008763154263650309,0.03152805199825564,0.04516391428249613,0.039582199309745526,5.0
rich_features,2.0,0.9,medium,Random Forest,ALL_MEAN,0.9077736898904163,0.849037114255313,0.7179640838381555,0.7778453996354555,,0.2309221032147712,0.00866344175068758,0.03142595445276068,0.046845481325064435,0.04068893516298206,5.0
rich_features,2.0,0.9,long,Naive (always 'not congested'),25,0.8051577366049074,0.0,0.0,0.0,19970.0,0.19484226339509264,,,,,
rich_features,2.0,0.9,long,Naive (persistence),25,0.8753630445668503,0.6801130524152107,0.6802878437419686,0.6802004368495439,19970.0,0.19484226339509264,,,,,
rich_features,2.0,0.9,long,Logistic Regression,25,0.8918878317476214,0.8021632937892533,0.5908506810588537,0.6804795027379015,19970.0,0.19484226339509264,,,,,
rich_features,2.0,0.9,long,Random Forest,25,0.8928392588883325,0.8157230436350523,0.5813415574402467,0.6788715486194478,19970.0,0.19484226339509264,,,,,
rich_features,2.0,0.9,long,Naive (always 'not congested'),26,0.8198888388162836,0.0,0.0,0.0,19971.0,0.1801111611837164,,,,,
rich_features,2.0,0.9,long,Naive (persistence),26,0.8610985929597917,0.6144008896302474,0.6144008896302474,0.6144008896302474,19971.0,0.1801111611837164,,,,,
rich_features,2.0,0.9,long,Logistic Regression,26,0.8719142756997647,0.7174550020929259,0.47650820127884347,0.5726695623120615,19971.0,0.1801111611837164,,,,,
rich_features,2.0,0.9,long,Random Forest,26,0.8710630414100445,0.7241228070175438,0.4589936057825966,0.5618512846690489,19971.0,0.1801111611837164,,,,,
rich_features,2.0,0.9,long,Naive (always 'not congested'),27,0.7232487106304141,0.0,0.0,0.0,19971.0,0.2767512893695859,,,,,
rich_features,2.0,0.9,long,Naive (persistence),27,0.837414250663462,0.7068965517241379,0.7047222724805501,0.7058077376098577,19971.0,0.2767512893695859,,,,,
rich_features,2.0,0.9,long,Logistic Regression,27,0.8500325471934305,0.8107511045655376,0.5976117242627104,0.6880533277783564,19971.0,0.2767512893695859,,,,,
rich_features,2.0,0.9,long,Random Forest,27,0.8506334184567623,0.8254861821903787,0.5836801157951873,0.683836777954425,19971.0,0.2767512893695859,,,,,
rich_features,2.0,0.9,long,Naive (always 'not congested'),28,0.7626057783786491,0.0,0.0,0.0,19971.0,0.23739422162135096,,,,,
rich_features,2.0,0.9,long,Naive (persistence),28,0.8723649291472635,0.7317124735729387,0.730014764817549,0.7308626333016577,19971.0,0.23739422162135096,,,,,
rich_features,2.0,0.9,long,Logistic Regression,28,0.8803765459916879,0.8220153340635268,0.6331997468888421,0.7153580364589539,19971.0,0.23739422162135096,,,,,
rich_features,2.0,0.9,long,Random Forest,28,0.8794752390966902,0.831722569641842,0.617169373549884,0.7085603583969003,19971.0,0.23739422162135096,,,,,
rich_features,2.0,0.9,long,Naive (always 'not congested'),29,0.7340878361460264,0.0,0.0,0.0,19969.0,0.26591216385397365,,,,,
rich_features,2.0,0.9,long,Naive (persistence),29,0.8731033101307026,0.7616892911010558,0.7608286252354048,0.7612587149048426,19969.0,0.26591216385397365,,,,,
rich_features,2.0,0.9,long,Logistic Regression,29,0.8830186789523762,0.855062082139446,0.6743879472693032,0.7540534849441988,19969.0,0.26591216385397365,,,,,
rich_features,2.0,0.9,long,Random Forest,29,0.8833191446742451,0.86376953125,0.6662900188323917,0.7522857750372103,19969.0,0.26591216385397365,,,,,
rich_features,2.0,0.9,long,Naive (always 'not congested'),ALL_MEAN,0.7689977801152561,0.0,0.0,0.0,,0.2310022198847439,0.03807881705596789,0.0,0.0,0.0,5.0
rich_features,2.0,0.9,long,Naive (persistence),ALL_MEAN,0.863868825493614,0.6989624516887181,0.698050879181144,0.69850608245923,,0.2310022198847439,0.014121581169580778,0.050152024665392855,0.04963887398614983,0.04989375422074233,5.0
rich_features,2.0,0.9,long,Logistic Regression,ALL_MEAN,0.8754459759169763,0.8014893633301379,0.5945116601517106,0.6821227828462944,,0.2310022198847439,0.014214824948557846,0.04569323708535126,0.06606787232905716,0.06049212709934498,5.0
rich_features,2.0,0.9,long,Random Forest,ALL_MEAN,0.8754660205052149,0.8121648267469634,0.5814949342800613,0.6770811489354065,,0.2310022198847439,0.014252151797215649,0.04687657728609438,0.06851896964754493,0.06320354750921364,5.0
rich_features,2.0,0.9,extra_long,Naive (always 'not congested'),25,0.8051577366049074,0.0,0.0,0.0,19970.0,0.19484226339509264,,,,,
rich_features,2.0,0.9,extra_long,Naive (persistence),25,0.8907861792689034,0.7196813977389517,0.7198663582626574,0.7197738661184633,19970.0,0.19484226339509264,,,,,
rich_features,2.0,0.9,extra_long,Logistic Regression,25,0.9007511266900351,0.823669040352662,0.6242611153945001,0.710233918128655,19970.0,0.19484226339509264,,,,,
rich_features,2.0,0.9,extra_long,Random Forest,25,0.899749624436655,0.8109976950938426,0.6329992289899768,0.711027713625866,19970.0,0.19484226339509264,,,,,
rich_features,2.0,0.9,extra_long,Naive (always 'not congested'),26,0.8198888388162836,0.0,0.0,0.0,19971.0,0.1801111611837164,,,,,
rich_features,2.0,0.9,extra_long,Naive (persistence),26,0.8785238595964148,0.6627745343341673,0.6627745343341673,0.6627745343341673,19971.0,0.1801111611837164,,,,,
rich_features,2.0,0.9,extra_long,Logistic Regression,26,0.886435331230284,0.7646356033452808,0.5337781484570475,0.6286836935166994,19971.0,0.1801111611837164,,,,,
rich_features,2.0,0.9,extra_long,Random Forest,26,0.8853337339141756,0.751636503658067,0.5426744509313317,0.6302873748789151,19971.0,0.1801111611837164,,,,,
rich_features,2.0,0.9,extra_long,Naive (always 'not congested'),27,0.7233989284462471,0.0,0.0,0.0,19971.0,0.27660107155375296,,,,,
rich_features,2.0,0.9,extra_long,Naive (persistence),27,0.861198738170347,0.7497277676950999,0.747827661115134,0.7487765089722676,19971.0,0.27660107155375296,,,,,
rich_features,2.0,0.9,extra_long,Logistic Regression,27,0.8675579590406088,0.8421678155455193,0.6413830557566981,0.7281882643099373,19971.0,0.27660107155375296,,,,,
rich_features,2.0,0.9,extra_long,Random Forest,27,0.8685093385408843,0.8357275254865616,0.6529688631426502,0.733130081300813,19971.0,0.27660107155375296,,,,,
rich_features,2.0,0.9,extra_long,Naive (always 'not congested'),28,0.7626057783786491,0.0,0.0,0.0,19971.0,0.23739422162135096,,,,,
rich_features,2.0,0.9,extra_long,Naive (persistence),28,0.8874868559411146,0.7636363636363637,0.7618645855304788,0.7627494456762749,19971.0,0.23739422162135096,,,,,
rich_features,2.0,0.9,extra_long,Logistic Regression,28,0.8947974563116519,0.8512506652474721,0.6747521619911411,0.7527944464054594,19971.0,0.23739422162135096,,,,,
rich_features,2.0,0.9,extra_long,Random Forest,28,0.8937459316008212,0.84110445428497,0.6810799409407298,0.7526806526806527,19971.0,0.23739422162135096,,,,,
rich_features,2.0,0.9,extra_long,Naive (always 'not congested'),29,0.7340878361460264,0.0,0.0,0.0,19969.0,0.26591216385397365,,,,,
rich_features,2.0,0.9,extra_long,Naive (persistence),29,0.8896289248334919,0.7927978883861236,0.7919020715630886,0.7923497267759563,19969.0,0.26591216385397365,,,,,
rich_features,2.0,0.9,extra_long,Logistic Regression,29,0.8956382392708698,0.8768691588785047,0.7067796610169491,0.7826903023983316,19969.0,0.26591216385397365,,,,,
rich_features,2.0,0.9,extra_long,Random Forest,29,0.8964394811958536,0.8709382151029749,0.7167608286252354,0.7863636363636364,19969.0,0.26591216385397365,,,,,
rich_features,2.0,0.9,extra_long,Naive (always 'not congested'),ALL_MEAN,0.7690278236784226,0.0,0.0,0.0,,0.2309721763215773,0.03804275211820064,0.0,0.0,0.0,5.0
rich_features,2.0,0.9,extra_long,Naive (persistence),ALL_MEAN,0.8815249115620543,0.7377235903581412,0.7368470421611052,0.737284816375426,,0.2309721763215773,0.011037667589403029,0.04425298206714086,0.04370946756192779,0.043979691245751414,5.0
rich_features,2.0,0.9,extra_long,Logistic Regression,ALL_MEAN,0.88903602250869,0.8317184566738878,0.6361908285232672,0.7205181249518166,,0.2309721763215773,0.011679878912771221,0.03766745145607798,0.058527590124599835,0.05197172177210533,5.0
rich_features,2.0,0.9,extra_long,Random Forest,ALL_MEAN,0.888755621937678,0.8220808787252833,0.6452966625259848,0.7226978917699766,,0.2309721763215773,0.011193161158579785,0.04005100161255397,0.058530296252148034,0.05241568516176741,5.0
rich_features,2.0,0.95,short,Naive (always 'not congested'),25,0.8205397826848931,0.0,0.0,0.0,19971.0,0.17946021731510692,,,,,
rich_features,2.0,0.95,short,Naive (persistence),25,0.9749636973611737,0.9302455357142857,0.9302455357142857,0.9302455357142857,19971.0,0.17946021731510692,,,,,
rich_features,2.0,0.95,short,Logistic Regression,25,0.9748635521506184,0.9348194130925508,0.9243861607142857,0.9295735129068462,19971.0,0.17946021731510692,,,,,
rich_features,2.0,0.95,short,Random Forest,25,0.9753142055981173,0.9374469289555618,0.9241071428571429,0.9307292398482506,19971.0,0.17946021731510692,,,,,
rich_features,2.0,0.95,short,Naive (always 'not congested'),26,0.8166341194732362,0.0,0.0,0.0,19971.0,0.1833658805267638,,,,,
rich_features,2.0,0.95,short,Naive (persistence),26,0.9579890841720494,0.8859721082854799,0.8847624249044238,0.8853668533952725,19971.0,0.1833658805267638,,,,,
rich_features,2.0,0.95,short,Logistic Regression,26,0.9575384307245506,0.8908333333333334,0.8757509557618788,0.8832277609473974,19971.0,0.1833658805267638,,,,,
rich_features,2.0,0.95,short,Random Forest,26,0.9570877772770517,0.8923076923076924,0.8711086837793556,0.8815807655105706,19971.0,0.1833658805267638,,,,,
rich_features,2.0,0.95,short,Naive (always 'not congested'),27,0.8638525862500626,0.0,0.0,0.0,19971.0,0.1361474137499374,,,,,
rich_features,2.0,0.95,short,Naive (persistence),27,0.9705072354914627,0.8909691629955947,0.8926075763148216,0.8917876171229102,19971.0,0.1361474137499374,,,,,
rich_features,2.0,0.95,short,Logistic Regression,27,0.9706073807020179,0.8980582524271845,0.8845163663111438,0.8912358717806189,19971.0,0.1361474137499374,,,,,
rich_features,2.0,0.95,short,Random Forest,27,0.9713083971759051,0.9030803906836965,0.8841485840382494,0.8935142166883479,19971.0,0.1361474137499374,,,,,
rich_features,2.0,0.95,short,Naive (always 'not congested'),28,0.8607480847228481,0.0,0.0,0.0,19971.0,0.13925191527715186,,,,,
rich_features,2.0,0.95,short,Naive (persistence),28,0.9768664563617245,0.9169363538295577,0.9169363538295577,0.9169363538295577,19971.0,0.13925191527715186,,,,,
rich_features,2.0,0.95,short,Logistic Regression,28,0.977216964598668,0.9222948438634713,0.9133405249910105,0.9177958446251129,19971.0,0.13925191527715186,,,,,
rich_features,2.0,0.95,short,Random Forest,28,0.9769165289670022,0.9239766081871345,0.9090255303847536,0.9164400942541236,19971.0,0.13925191527715186,,,,,
rich_features,2.0,0.95,short,Naive (always 'not congested'),29,0.8185277916875313,0.0,0.0,0.0,19970.0,0.1814722083124687,,,,,
rich_features,2.0,0.95,short,Naive (persistence),29,0.9763144717075614,0.9346206896551724,0.934878587196468,0.9347496206373292,19970.0,0.1814722083124687,,,,,
rich_features,2.0,0.95,short,Logistic Regression,29,0.9772158237356035,0.941734039587399,0.9321192052980133,0.9369019553459992,19970.0,0.1814722083124687,,,,,
rich_features,2.0,0.95,short,Random Forest,29,0.9766649974962444,0.941307993292342,0.9293598233995585,0.9352957511802277,19970.0,0.1814722083124687,,,,,
rich_features,2.0,0.95,short,Naive (always 'not congested'),ALL_MEAN,0.8360604729637142,0.0,0.0,0.0,,0.16393952703628573,0.02148278233698448,0.0,0.0,0.0,5.0
rich_features,2.0,0.95,short,Naive (persistence),ALL_MEAN,0.9713281890187944,0.9117487700960181,0.9118860955919115,0.9118171961398712,,0.16393952703628573,0.007033605390240014,0.01994188773909262,0.019992916931453324,0.019962516049620842,5.0
rich_features,2.0,0.95,short,Logistic Regression,ALL_MEAN,0.9714884303822917,0.9175479764607879,0.9060226426152663,0.9117469891211949,,0.16393952703628573,0.007380912204231593,0.0199966118298143,0.022139086380027508,0.021076993329916464,5.0
rich_features,2.0,0.95,short,Random Forest,ALL_MEAN,0.9714583813028643,0.9196239226852855,0.903549952891812,0.9115120134963041,,0.16393952703628573,0.007460621480943861,0.01911370835191052,0.022572454358342875,0.02087608317074436,5.0
rich_features,2.0,0.95,medium,Naive (always 'not congested'),25,0.8205397826848931,0.0,0.0,0.0,19971.0,0.17946021731510692,,,,,
rich_features,2.0,0.95,medium,Naive (persistence),25,0.964248159831756,0.900390625,0.900390625,0.900390625,19971.0,0.17946021731510692,,,,,
rich_features,2.0,0.95,medium,Logistic Regression,25,0.9640979420159231,0.9180519101778944,0.8783482142857143,0.8977613004420362,19971.0,0.17946021731510692,,,,,
rich_features,2.0,0.95,medium,Random Forest,25,0.9645986680686996,0.9161122360428117,0.8836495535714286,0.8995881266865502,19971.0,0.17946021731510692,,,,,
rich_features,2.0,0.95,medium,Naive (always 'not congested'),26,0.8163837564468479,0.0,0.0,0.0,19971.0,0.18361624355315206,,,,,
rich_features,2.0,0.95,medium,Naive (persistence),26,0.9424165039306995,0.8441345365053322,0.8418325606763022,0.842981977061715,19971.0,0.18361624355315206,,,,,
rich_features,2.0,0.95,medium,Logistic Regression,26,0.9423163587201442,0.868444184002344,0.8082901554404145,0.8372881355932204,19971.0,0.18361624355315206,,,,,
rich_features,2.0,0.95,medium,Random Forest,26,0.9420659956937559,0.8610471806674338,0.8161985274065994,0.8380232395352093,19971.0,0.18361624355315206,,,,,
rich_features,2.0,0.95,medium,Naive (always 'not congested'),27,0.8641029492764508,0.0,0.0,0.0,19971.0,0.13589705072354916,,,,,
rich_features,2.0,0.95,medium,Naive (persistence),27,0.959641480146212,0.8502202643171806,0.8533529845246868,0.8517837440235381,19971.0,0.13589705072354916,,,,,
rich_features,2.0,0.95,medium,Logistic Regression,27,0.9608432226728757,0.8767550702028081,0.8282977155490051,0.8518378173550587,19971.0,0.13589705072354916,,,,,
rich_features,2.0,0.95,medium,Random Forest,27,0.9603925692253767,0.8705202312138728,0.8323507737656596,0.8510077227349784,19971.0,0.13589705072354916,,,,,
rich_features,2.0,0.95,medium,Naive (always 'not congested'),28,0.8607480847228481,0.0,0.0,0.0,19971.0,0.13925191527715186,,,,,
rich_features,2.0,0.95,medium,Naive (persistence),28,0.9661509188323069,0.8784609852571018,0.8784609852571018,0.8784609852571018,19971.0,0.13925191527715186,,,,,
rich_features,2.0,0.95,medium,Logistic Regression,28,0.9666516448850834,0.8980052691004893,0.8579647608773823,0.8775285031261493,19971.0,0.13925191527715186,,,,,
rich_features,2.0,0.95,medium,Random Forest,28,0.9662009914375845,0.8940868263473054,0.8590435095289464,0.8762149275628095,19971.0,0.13925191527715186,,,,,
rich_features,2.0,0.95,medium,Naive (always 'not congested'),29,0.8186279419128693,0.0,0.0,0.0,19970.0,0.1813720580871307,,,,,
rich_features,2.0,0.95,medium,Naive (persistence),29,0.9674011016524787,0.9097931034482759,0.9105466593042518,0.9101697254036153,19970.0,0.1813720580871307,,,,,
rich_features,2.0,0.95,medium,Logistic Regression,29,0.9685528292438658,0.9291857798165137,0.894809497515185,0.9116736990154711,19970.0,0.1813720580871307,,,,,
rich_features,2.0,0.95,medium,Random Forest,29,0.9681021532298447,0.9243673585442138,0.8975704030922143,0.9107718167810618,19970.0,0.1813720580871307,,,,,
rich_features,2.0,0.95,medium,Naive (always 'not congested'),ALL_MEAN,0.8360805030087818,0.0,0.0,0.0,,0.16391949699121816,0.021576907955318705,0.0,0.0,0.0,5.0
rich_features,2.0,0.95,medium,Naive (persistence),ALL_MEAN,0.9599716328786906,0.8765999029055781,0.8769167629524685,0.876757411349194,,0.16391949699121816,0.00916472385994149,0.02615773688650304,0.0263458902059995,0.026238436321534008,5.0
rich_features,2.0,0.95,medium,Logistic Regression,ALL_MEAN,0.9604923995075785,0.8980884426600099,0.8535420687335403,0.875217891106387,,0.16391949699121816,0.009448791494505572,0.023235688856430337,0.03169516923948219,0.027668987565831502,5.0
rich_features,2.0,0.95,medium,Random Forest,ALL_MEAN,0.9602720755310523,0.8932267665631276,0.8577625534729696,0.8751211666601219,,0.16391949699121816,0.009451533477220133,0.02467927624974321,0.03042949005344031,0.027671326946097564,5.0
rich_features,2.0,0.95,long,Naive (always 'not congested'),25,0.8205397826848931,0.0,0.0,0.0,19971.0,0.17946021731510692,,,,,
rich_features,2.0,0.95,long,Naive (persistence),25,0.9502278303540134,0.861328125,0.861328125,0.861328125,19971.0,0.17946021731510692,,,,,
rich_features,2.0,0.95,long,Logistic Regression,25,0.9505783385909569,0.8893553223388306,0.8275669642857143,0.8573493279375632,19971.0,0.17946021731510692,,,,,
rich_features,2.0,0.95,long,Random Forest,25,0.950428120775124,0.8894894894894895,0.8264508928571429,0.8568122649696268,19971.0,0.17946021731510692,,,,,
rich_features,2.0,0.95,long,Naive (always 'not congested'),26,0.8158830303940714,0.0,0.0,0.0,19971.0,0.1841169696059286,,,,,
rich_features,2.0,0.95,long,Naive (persistence),26,0.9187822342396474,0.7809680065627563,0.7767201522980691,0.7788382874284155,19971.0,0.1841169696059286,,,,,
rich_features,2.0,0.95,long,Logistic Regression,26,0.9221871713985279,0.8283328178162698,0.7283111231982594,0.7751085383502171,19971.0,0.1841169696059286,,,,,
rich_features,2.0,0.95,long,Random Forest,26,0.9207350658454759,0.8235475896168108,0.7247756323089475,0.7710111384348329,19971.0,0.1841169696059286,,,,,
rich_features,2.0,0.95,long,Naive (always 'not congested'),27,0.8646036753292273,0.0,0.0,0.0,19971.0,0.13539632467077262,,,,,
rich_features,2.0,0.95,long,Naive (persistence),27,0.9435181012468079,0.78928046989721,0.7951183431952663,0.7921886514369934,19971.0,0.13539632467077262,,,,,
rich_features,2.0,0.95,long,Logistic Regression,27,0.9464223123529117,0.8281124497991967,0.7625739644970414,0.7939930689256834,19971.0,0.13539632467077262,,,,,
rich_features,2.0,0.95,long,Random Forest,27,0.9456211506684693,0.8264729620661824,0.757396449704142,0.7904284060208414,19971.0,0.13539632467077262,,,,,
rich_features,2.0,0.95,long,Naive (always 'not congested'),28,0.8607480847228481,0.0,0.0,0.0,19971.0,0.13925191527715186,,,,,
rich_features,2.0,0.95,long,Naive (persistence),28,0.9503279755645686,0.8216468896080547,0.8216468896080547,0.8216468896080547,19971.0,0.13925191527715186,,,,,
rich_features,2.0,0.95,long,Logistic Regression,28,0.9511792098542887,0.8543956043956044,0.782811938151744,0.8170388440607994,19971.0,0.13925191527715186,,,,,
rich_features,2.0,0.95,long,Random Forest,28,0.9509288468279005,0.8543880362062181,0.7806544408486156,0.815858699736941,19971.0,0.13925191527715186,,,,,
rich_features,2.0,0.95,long,Naive (always 'not congested'),29,0.8186279419128693,0.0,0.0,0.0,19970.0,0.1813720580871307,,,,,
rich_features,2.0,0.95,long,Naive (persistence),29,0.9552829243865799,0.8764137931034482,0.8771397018221977,0.8767765972126397,19970.0,0.1813720580871307,,,,,
rich_features,2.0,0.95,long,Logistic Regression,29,0.9569854782173259,0.905488699735838,0.8517393705135284,0.8777920045525679,19970.0,0.1813720580871307,,,,,
rich_features,2.0,0.95,long,Random Forest,29,0.9566349524286429,0.9033957845433255,0.8520154610712314,0.8769536800227338,19970.0,0.1813720580871307,,,,,
rich_features,2.0,0.95,long,Naive (always 'not congested'),ALL_MEAN,0.8360805030087818,0.0,0.0,0.0,,0.16391949699121816,0.021799562949086082,0.0,0.0,0.0,5.0
rich_features,2.0,0.95,long,Naive (persistence),ALL_MEAN,0.9436278131583234,0.8259274568342938,0.8263906423847175,0.8261557101372207,,0.16391949699121816,0.012973888002477741,0.03790713529805326,0.038114858514050776,0.0379805266069191,5.0
rich_features,2.0,0.95,long,Logistic Regression,ALL_MEAN,0.9454705020828023,0.8611369788171478,0.7906006721292576,0.8242563567653661,,0.16391949699121816,0.012118526677253091,0.0315452965891194,0.04434094229855918,0.03832669424950636,5.0
rich_features,2.0,0.95,long,Random Forest,ALL_MEAN,0.9448696273091226,0.8594587723844052,0.7882585753580159,0.8222128378369952,,0.16391949699121816,0.012562449684345146,0.03235952441802823,0.045965141817438056,0.03966338200317743,5.0
rich_features,2.0,0.95,extra_long,Naive (always 'not congested'),25,0.8205397826848931,0.0,0.0,0.0,19971.0,0.17946021731510692,,,,,
rich_features,2.0,0.95,extra_long,Naive (persistence),25,0.9569375594612187,0.8800223214285714,0.8800223214285714,0.8800223214285714,19971.0,0.17946021731510692,,,,,
rich_features,2.0,0.95,extra_long,Logistic Regression,25,0.9557358169345551,0.9032258064516129,0.84375,0.8724754760530872,19971.0,0.17946021731510692,,,,,
rich_features,2.0,0.95,extra_long,Random Forest,25,0.9566871964348305,0.8990314059289698,0.8546316964285714,0.8762694893434416,19971.0,0.17946021731510692,,,,,
rich_features,2.0,0.95,extra_long,Naive (always 'not congested'),26,0.8161333934204597,0.0,0.0,0.0,19971.0,0.18386660657954032,,,,,
rich_features,2.0,0.95,extra_long,Naive (persistence),26,0.928646537479345,0.8072190319934373,0.803921568627451,0.8055669259107655,19971.0,0.18386660657954032,,,,,
rich_features,2.0,0.95,extra_long,Logistic Regression,26,0.93110009513795,0.8508557457212714,0.7581699346405228,0.8018433179723502,19971.0,0.18386660657954032,,,,,
rich_features,2.0,0.95,extra_long,Random Forest,26,0.9293976265585099,0.8336283185840708,0.7696078431372549,0.800339847068819,19971.0,0.18386660657954032,,,,,
rich_features,2.0,0.95,extra_long,Naive (always 'not congested'),27,0.8643533123028391,0.0,0.0,0.0,19971.0,0.13564668769716087,,,,,
rich_features,2.0,0.95,extra_long,Naive (persistence),27,0.9507786290120674,0.816813509544787,0.8213362864525655,0.8190686545186822,19971.0,0.13564668769716087,,,,,
rich_features,2.0,0.95,extra_long,Logistic Regression,27,0.9522808071703971,0.8500797448165869,0.7870062753783684,0.8173279662641365,19971.0,0.13564668769716087,,,,,
rich_features,2.0,0.95,extra_long,Random Forest,27,0.9523308797756748,0.8460023631350926,0.7929125138427464,0.8185975609756098,19971.0,0.13564668769716087,,,,,
rich_features,2.0,0.95,extra_long,Naive (always 'not congested'),28,0.8607480847228481,0.0,0.0,0.0,19971.0,0.13925191527715186,,,,,
rich_features,2.0,0.95,extra_long,Naive (persistence),28,0.9585398828301036,0.8511326860841424,0.8511326860841424,0.8511326860841424,19971.0,0.13925191527715186,,,,,
rich_features,2.0,0.95,extra_long,Logistic Regression,28,0.9581893745931601,0.8777173913043478,0.8130169003955412,0.8441291767780474,19971.0,0.13925191527715186,,,,,
rich_features,2.0,0.95,extra_long,Random Forest,28,0.9581893745931601,0.8702435312024354,0.8223660553757641,0.8456276576076909,19971.0,0.13925191527715186,,,,,
rich_features,2.0,0.95,extra_long,Naive (always 'not congested'),29,0.8186279419128693,0.0,0.0,0.0,19970.0,0.1813720580871307,,,,,
rich_features,2.0,0.95,extra_long,Naive (persistence),29,0.9608913370055082,0.8918620689655172,0.8926007730535616,0.8922312681109424,19970.0,0.1813720580871307,,,,,
rich_features,2.0,0.95,extra_long,Logistic Regression,29,0.9627941912869304,0.9202919708029197,0.8702374378796245,0.8945650631474387,19970.0,0.1813720580871307,,,,,
rich_features,2.0,0.95,extra_long,Random Forest,29,0.9620430645968954,0.9122049510650547,0.8749309773605742,0.8931792559188275,19970.0,0.1813720580871307,,,,,
rich_features,2.0,0.95,extra_long,Naive (always 'not congested'),ALL_MEAN,0.8360805030087818,0.0,0.0,0.0,,0.16391949699121816,0.021687943152446206,0.0,0.0,0.0,5.0
rich_features,2.0,0.95,extra_long,Naive (persistence),ALL_MEAN,0.9511587891576486,0.849409923603291,0.8498027271292583,0.8496043712106207,,0.16391949699121816,0.011743451068552442,0.03342115797318252,0.03365140221638069,0.033515269247294095,5.0
rich_features,2.0,0.95,extra_long,Logistic Regression,ALL_MEAN,0.9520200570245987,0.8804341318193478,0.8144361096588113,0.846068200043012,,0.16391949699121816,0.01100601759084837,0.02797054942073709,0.03973256803408594,0.03416106263069761,5.0
rich_features,2.0,0.95,extra_long,Random Forest,ALL_MEAN,0.9517296283918142,0.8722221139831247,0.8228898172289822,0.8468027621828778,,0.16391949699121816,0.011590966977370956,0.029994121302064063,0.038610130926647016,0.03456814692053083,5.0
rich_features,0.5,0.3,short,Naive (always 'not congested'),25,0.8712474260322965,0.0,0.0,0.0,18454.0,0.12875257396770348,,,,,
rich_features,0.5,0.3,short,Naive (persistence),25,0.8527148585672483,0.4245366284201236,0.4048821548821549,0.4144765187419216,18454.0,0.12875257396770348,,,,,
rich_features,0.5,0.3,short,Logistic Regression,25,0.877912647664463,0.6189555125725339,0.13468013468013468,0.22122364327687521,18454.0,0.12875257396770348,,,,,
rich_features,0.5,0.3,short,Random Forest,25,0.8765037390267693,0.6056644880174292,0.117003367003367,0.1961199294532628,18454.0,0.12875257396770348,,,,,
rich_features,0.5,0.3,short,Naive (always 'not congested'),26,0.8714536093767116,0.0,0.0,0.0,18258.0,0.12854639062328843,,,,,
rich_features,0.5,0.3,short,Naive (persistence),26,0.846752108664695,0.3973600364132909,0.37196420962931404,0.3842429577464789,18258.0,0.12854639062328843,,,,,
rich_features,0.5,0.3,short,Logistic Regression,26,0.8765472669514733,0.591715976331361,0.1278227524499361,0.2102312543798178,18258.0,0.12854639062328843,,,,,
rich_features,0.5,0.3,short,Random Forest,26,0.8766020374630299,0.6039823008849557,0.11631870472944184,0.19506966773847803,18258.0,0.12854639062328843,,,,,
rich_features,0.5,0.3,short,Naive (always 'not congested'),27,0.8536851286524204,0.0,0.0,0.0,18344.0,0.1463148713475796,,,,,
rich_features,0.5,0.3,short,Naive (persistence),27,0.8394570431748801,0.448642266824085,0.4247391952309985,0.43636363636363634,18344.0,0.1463148713475796,,,,,
rich_features,0.5,0.3,short,Logistic Regression,27,0.8636066288704753,0.6501650165016502,0.146795827123696,0.23951367781155014,18344.0,0.1463148713475796,,,,,
rich_features,0.5,0.3,short,Random Forest,27,0.8650784997819451,0.6889692585895117,0.14195230998509686,0.23540315106580167,18344.0,0.1463148713475796,,,,,
rich_features,0.5,0.3,short,Naive (always 'not congested'),28,0.8595018949648078,0.0,0.0,0.0,18470.0,0.1404981050351922,,,,,
rich_features,0.5,0.3,short,Naive (persistence),28,0.8353004872766648,0.4087382605144957,0.3857418111753372,0.39690721649484534,18470.0,0.1404981050351922,,,,,
rich_features,0.5,0.3,short,Logistic Regression,28,0.8680021656740661,0.6445672191528545,0.1348747591522158,0.22307202039515614,18470.0,0.1404981050351922,,,,,
rich_features,0.5,0.3,short,Random Forest,28,0.8668110449377369,0.635814889336016,0.12177263969171484,0.20439844760672704,18470.0,0.1404981050351922,,,,,
rich_features,0.5,0.3,short,Naive (always 'not congested'),29,0.8672854583943983,0.0,0.0,0.0,18423.0,0.1327145416056017,,,,,
rich_features,0.5,0.3,short,Naive (persistence),29,0.8425880692612495,0.4020662935858803,0.3820040899795501,0.39177852348993286,18423.0,0.1327145416056017,,,,,
rich_features,0.5,0.3,short,Logistic Regression,29,0.8740704554089996,0.616822429906542,0.13496932515337423,0.2214765100671141,18423.0,0.1327145416056017,,,,,
rich_features,0.5,0.3,short,Random Forest,29,0.8740704554089996,0.629399585921325,0.12433537832310838,0.20765027322404372,18423.0,0.1327145416056017,,,,,
rich_features,0.5,0.3,short,Naive (always 'not congested'),ALL_MEAN,0.864634703484127,0.0,0.0,0.0,,0.1353652965158731,0.006978409431331187,0.0,0.0,0.0,5.0
rich_features,0.5,0.3,short,Naive (persistence),ALL_MEAN,0.8433625133889475,0.41626869715157505,0.39386629217947094,0.404753770567363,,0.1353652965158731,0.005996739827647621,0.01861375778667893,0.018766489424320302,0.018677978144493804,5.0
rich_features,0.5,0.3,short,Logistic Regression,ALL_MEAN,0.8720278329138955,0.6244452308929882,0.13582855971187136,0.22310342118610266,,0.1353652965158731,0.005410199803940163,0.021099052061940727,0.006121124144883196,0.009393301779338774,5.0
rich_features,0.5,0.3,short,Random Forest,ALL_MEAN,0.8718131553236962,0.6327661045498475,0.12427647994654578,0.20772829381766264,,0.1353652965158731,0.0049072816278350325,0.030797493509842882,0.009326650104752582,0.01464231282370149,5.0
rich_features,0.5,0.3,medium,Naive (always 'not congested'),25,0.8675083992630324,0.0,0.0,0.0,18454.0,0.13249160073696759,,,,,
rich_features,0.5,0.3,medium,Naive (persistence),25,0.8112604313427983,0.2709620476610768,0.25112474437627813,0.26066652515389516,18454.0,0.13249160073696759,,,,,
rich_features,0.5,0.3,medium,Logistic Regression,25,0.867941909613092,0.5370370370370371,0.023721881390593048,0.045436741088915,18454.0,0.13249160073696759,,,,,
rich_features,0.5,0.3,medium,Random Forest,25,0.8684837975506665,0.68,0.013905930470347648,0.027254509018036072,18454.0,0.13249160073696759,,,,,
rich_features,0.5,0.3,medium,Naive (always 'not congested'),26,0.8653740825939314,0.0,0.0,0.0,18258.0,0.13462591740606858,,,,,
rich_features,0.5,0.3,medium,Naive (persistence),26,0.8100010954102311,0.2699135184342285,0.24125305126118796,0.2547798066595059,18258.0,0.13462591740606858,,,,,
rich_features,0.5,0.3,medium,Logistic Regression,26,0.8656479351517143,0.5242718446601942,0.021969080553295363,0.04217102694260055,18258.0,0.13462591740606858,,,,,
rich_features,0.5,0.3,medium,Random Forest,26,0.8652097710592617,0.47761194029850745,0.013018714401952807,0.025346534653465348,18258.0,0.13462591740606858,,,,,
rich_features,0.5,0.3,medium,Naive (always 'not congested'),27,0.8477976450065416,0.0,0.0,0.0,18344.0,0.15220235499345836,,,,,
rich_features,0.5,0.3,medium,Naive (persistence),27,0.7983536851286525,0.32152695789059427,0.292621776504298,0.30639414963435213,18344.0,0.15220235499345836,,,,,
rich_features,0.5,0.3,medium,Logistic Regression,27,0.8507959005669429,0.7777777777777778,0.027578796561604585,0.053268765133171914,18344.0,0.15220235499345836,,,,,
rich_features,0.5,0.3,medium,Random Forest,27,0.8495965983427823,0.7619047619047619,0.017191977077363897,0.03362521891418564,18344.0,0.15220235499345836,,,,,
rich_features,0.5,0.3,medium,Naive (always 'not congested'),28,0.8537087168381159,0.0,0.0,0.0,18470.0,0.14629128316188414,,,,,
rich_features,0.5,0.3,medium,Naive (persistence),28,0.7943151055766107,0.2760310330747244,0.25018504811250925,0.2624733061541448,18470.0,0.14629128316188414,,,,,
rich_features,0.5,0.3,medium,Logistic Regression,28,0.8538170005414185,0.5128205128205128,0.014803849000740192,0.02877697841726619,18470.0,0.14629128316188414,,,,,
rich_features,0.5,0.3,medium,Random Forest,28,0.8533838657282079,0.44,0.008142116950407105,0.015988372093023256,18470.0,0.14629128316188414,,,,,
rich_features,0.5,0.3,medium,Naive (always 'not congested'),29,0.8618574607827173,0.0,0.0,0.0,18423.0,0.13814253921728276,,,,,
rich_features,0.5,0.3,medium,Naive (persistence),29,0.804917765836183,0.27421437795953507,0.2502946954813359,0.26170912078882497,18423.0,0.13814253921728276,,,,,
rich_features,0.5,0.3,medium,Logistic Regression,29,0.8628345003528198,0.5865384615384616,0.023968565815324167,0.046055115137787844,18423.0,0.13814253921728276,,,,,
rich_features,0.5,0.3,medium,Random Forest,29,0.8627259404005863,0.6379310344827587,0.014538310412573674,0.028428736073761045,18423.0,0.13814253921728276,,,,,
rich_features,0.5,0.3,medium,Naive (always 'not congested'),ALL_MEAN,0.8592492608968678,0.0,0.0,0.0,,0.14075073910313227,0.007407653460892456,0.0,0.0,0.0,5.0
rich_features,0.5,0.3,medium,Naive (persistence),ALL_MEAN,0.8037696166588951,0.28252958700403175,0.25709586314712185,0.2692045816781446,,0.14075073910313227,0.006557163605333567,0.01962214052186304,0.018125974256579736,0.01879110700540188,5.0
rich_features,0.5,0.3,medium,Logistic Regression,ALL_MEAN,0.8602074492451977,0.5876891267667966,0.022408434664311472,0.04314172534394829,,0.14075073910313227,0.006719185140511999,0.09831349296170896,0.004216978748098715,0.008044875162574171,5.0
rich_features,0.5,0.3,medium,Random Forest,ALL_MEAN,0.8598799946163009,0.5994895473372056,0.013359409862529027,0.026128674150494274,,0.14075073910313227,0.0071899830141852385,0.12217155941728924,0.0029567983179658365,0.00576530034609519,5.0
rich_features,0.5,0.3,long,Naive (always 'not congested'),25,0.8633358621437087,0.0,0.0,0.0,18454.0,0.1366641378562913,,,,,
rich_features,0.5,0.3,long,Naive (persistence),25,0.7773924352443915,0.1500441306266549,0.13481363996827914,0.14202172096908938,18454.0,0.1366641378562913,,,,,
rich_features,0.5,0.3,long,Logistic Regression,25,0.8633358621437087,0.0,0.0,0.0,18454.0,0.1366641378562913,,,,,
rich_features,0.5,0.3,long,Random Forest,25,0.8632816733499512,0.0,0.0,0.0,18454.0,0.1366641378562913,,,,,
rich_features,0.5,0.3,long,Naive (always 'not congested'),26,0.8614306057618578,0.0,0.0,0.0,18258.0,0.13856939423814219,,,,,
rich_features,0.5,0.3,long,Naive (persistence),26,0.7811918063314711,0.1665908056440601,0.14466403162055336,0.15485508779352655,18258.0,0.13856939423814219,,,,,
rich_features,0.5,0.3,long,Logistic Regression,26,0.8613210647387447,0.0,0.0,0.0,18258.0,0.13856939423814219,,,,,
rich_features,0.5,0.3,long,Random Forest,26,0.8609924416694051,0.0,0.0,0.0,18258.0,0.13856939423814219,,,,,
rich_features,0.5,0.3,long,Naive (always 'not congested'),27,0.8405473179241169,0.0,0.0,0.0,18344.0,0.15945268207588312,,,,,
rich_features,0.5,0.3,long,Naive (persistence),27,0.7631923244657653,0.22077922077922077,0.19179487179487179,0.2052689352360044,18344.0,0.15945268207588312,,,,,
rich_features,0.5,0.3,long,Logistic Regression,27,0.8405473179241169,0.0,0.0,0.0,18344.0,0.15945268207588312,,,,,
rich_features,0.5,0.3,long,Random Forest,27,0.8405473179241169,0.0,0.0,0.0,18344.0,0.15945268207588312,,,,,
rich_features,0.5,0.3,long,Naive (always 'not congested'),28,0.8486193827828912,0.0,0.0,0.0,18470.0,0.15138061721710883,,,,,
rich_features,0.5,0.3,long,Naive (persistence),28,0.7690850027070926,0.2000816659861168,0.17525035765379113,0.18684461391801716,18470.0,0.15138061721710883,,,,,
rich_features,0.5,0.3,long,Logistic Regression,28,0.8485110990795885,0.0,0.0,0.0,18470.0,0.15138061721710883,,,,,
rich_features,0.5,0.3,long,Random Forest,28,0.8482403898213319,0.0,0.0,0.0,18470.0,0.15138061721710883,,,,,
rich_features,0.5,0.3,long,Naive (always 'not congested'),29,0.8549639038158823,0.0,0.0,0.0,18423.0,0.14503609618411767,,,,,
rich_features,0.5,0.3,long,Naive (persistence),29,0.7816316560820713,0.20921222557038313,0.18188622754491018,0.1945945945945946,18423.0,0.14503609618411767,,,,,
rich_features,0.5,0.3,long,Logistic Regression,29,0.8549639038158823,0.0,0.0,0.0,18423.0,0.14503609618411767,,,,,
rich_features,0.5,0.3,long,Random Forest,29,0.8549639038158823,0.0,0.0,0.0,18423.0,0.14503609618411767,,,,,
rich_features,0.5,0.3,long,Naive (always 'not congested'),ALL_MEAN,0.8537794144856914,0.0,0.0,0.0,,0.1462205855143086,0.008402187112258118,0.0,0.0,0.0,5.0
rich_features,0.5,0.3,long,Naive (persistence),ALL_MEAN,0.7744986449661584,0.18934160972128714,0.1656818257164811,0.1767169905022464,,0.1462205855143086,0.007227623185847472,0.026684844092395937,0.02204823429478645,0.024162349017584902,5.0
rich_features,0.5,0.3,long,Logistic Regression,ALL_MEAN,0.8537358495404082,0.0,0.0,0.0,,0.1462205855143086,0.00839570404985628,0.0,0.0,0.0,5.0
rich_features,0.5,0.3,long,Random Forest,ALL_MEAN,0.8536051453161374,0.0,0.0,0.0,,0.1462205855143086,0.008358720291763141,0.0,0.0,0.0,5.0
rich_features,0.5,0.3,extra_long,Naive (always 'not congested'),25,0.8663162458003685,0.0,0.0,0.0,18454.0,0.13368375419963152,,,,,
rich_features,0.5,0.3,extra_long,Naive (persistence),25,0.7921859759401756,0.19814651368049427,0.18200243210376976,0.18973167124445384,18454.0,0.13368375419963152,,,,,
rich_features,0.5,0.3,extra_long,Logistic Regression,25,0.8662620570066111,0.4444444444444444,0.0016214025131738954,0.0032310177705977385,18454.0,0.13368375419963152,,,,,
rich_features,0.5,0.3,extra_long,Random Forest,25,0.8663162458003685,0.5,0.002837454398054317,0.005642885933091495,18454.0,0.13368375419963152,,,,,
rich_features,0.5,0.3,extra_long,Naive (always 'not congested'),26,0.8621973929236499,0.0,0.0,0.0,18258.0,0.1378026070763501,,,,,
rich_features,0.5,0.3,extra_long,Naive (persistence),26,0.7891883010187315,0.19663177059626763,0.17170111287758347,0.1833227243793762,18258.0,0.1378026070763501,,,,,
rich_features,0.5,0.3,extra_long,Logistic Regression,26,0.8613758352503013,0.10526315789473684,0.000794912559618442,0.0015779092702169625,18258.0,0.1378026070763501,,,,,
rich_features,0.5,0.3,extra_long,Random Forest,26,0.8612115237156315,0.125,0.0011923688394276629,0.002362204724409449,18258.0,0.1378026070763501,,,,,
rich_features,0.5,0.3,extra_long,Naive (always 'not congested'),27,0.8435455734845181,0.0,0.0,0.0,18344.0,0.15645442651548191,,,,,
rich_features,0.5,0.3,extra_long,Naive (persistence),27,0.77665721761884,0.2585596221959858,0.2289198606271777,0.2428386619848457,18344.0,0.15645442651548191,,,,,
rich_features,0.5,0.3,extra_long,Logistic Regression,27,0.8438726559092892,0.8,0.0027874564459930314,0.005555555555555556,18344.0,0.15645442651548191,,,,,
rich_features,0.5,0.3,extra_long,Random Forest,27,0.8440907108591365,0.7777777777777778,0.004878048780487805,0.009695290858725761,18344.0,0.15645442651548191,,,,,
rich_features,0.5,0.3,extra_long,Naive (always 'not congested'),28,0.8504060638873849,0.0,0.0,0.0,18470.0,0.14959393611261504,,,,,
rich_features,0.5,0.3,extra_long,Naive (persistence),28,0.781266919328641,0.23928133932217233,0.21208830980817953,0.22486569455103608,18470.0,0.14959393611261504,,,,,
rich_features,0.5,0.3,extra_long,Logistic Regression,28,0.8498646453708717,0.14285714285714285,0.0007238508867173362,0.0014404033129276198,18470.0,0.14959393611261504,,,,,
rich_features,0.5,0.3,extra_long,Random Forest,28,0.8495397942609637,0.1,0.0007238508867173362,0.001437297879985627,18470.0,0.14959393611261504,,,,,
rich_features,0.5,0.3,extra_long,Naive (always 'not congested'),29,0.8568637029799707,0.0,0.0,0.0,18423.0,0.1431362970200293,,,,,
rich_features,0.5,0.3,extra_long,Naive (persistence),29,0.7912392118547468,0.23977615152819629,0.211224876753887,0.2245967741935484,18423.0,0.1431362970200293,,,,,
rich_features,0.5,0.3,extra_long,Logistic Regression,29,0.8568637029799707,0.5,0.0003792188092529389,0.0007578628268283441,18423.0,0.1431362970200293,,,,,
rich_features,0.5,0.3,extra_long,Random Forest,29,0.8568094230038539,0.45454545454545453,0.0018960940462646946,0.0037764350453172208,18423.0,0.1431362970200293,,,,,
rich_features,0.5,0.3,extra_long,Naive (always 'not congested'),ALL_MEAN,0.8558657958151784,0.0,0.0,0.0,,0.14413420418482156,0.008147311170524627,0.0,0.0,0.0,5.0
rich_features,0.5,0.3,extra_long,Naive (persistence),ALL_MEAN,0.786107525152227,0.22647907946462326,0.20118731843411947,0.21307110527065207,,0.14413420418482156,0.00609118591981715,0.02475264565842554,0.02110058894002987,0.022749752347933763,5.0
rich_features,0.5,0.3,extra_long,Logistic Regression,ALL_MEAN,0.8556477793034087,0.3985129490392648,0.0012613682429511287,0.0025125497472252437,,0.14413420418482156,0.0079881181201464,0.2549339157950353,0.0008652471687718452,0.0017249960948704855,5.0
rich_features,0.5,0.3,extra_long,Random Forest,ALL_MEAN,0.8555935395279908,0.39146464646464646,0.0023055633901903636,0.00458282288830591,,0.14413420418482156,0.007962153576843586,0.2533582422951418,0.0014703245099396197,0.0029235867139048265,5.0
rich_features,0.5,0.5,short,Naive (always 'not congested'),25,0.8116400442827771,0.0,0.0,0.0,18969.0,0.18835995571722283,,,,,
rich_features,0.5,0.5,short,Naive (persistence),25,0.8682060203489904,0.6545664073753962,0.6358802127064092,0.6450880181714934,18969.0,0.18835995571722283,,,,,
rich_features,0.5,0.5,short,Logistic Regression,25,0.8748484369234013,0.7779323133982383,0.46963336132101874,0.5856893542757418,18969.0,0.18835995571722283,,,,,
rich_features,0.5,0.5,short,Random Forest,25,0.8749011545152617,0.7657218777679362,0.48390708088441087,0.5930372148859544,18969.0,0.18835995571722283,,,,,
rich_features,0.5,0.5,short,Naive (always 'not congested'),26,0.8453559887417909,0.0,0.0,0.0,19186.0,0.15464401125820912,,,,,
rich_features,0.5,0.5,short,Naive (persistence),26,0.876785155842802,0.6056042031523643,0.5827435119649478,0.5939539677086911,19186.0,0.15464401125820912,,,,,
rich_features,0.5,0.5,short,Logistic Regression,26,0.8873657875534243,0.7373380447585395,0.42197505898213683,0.5367631296891747,19186.0,0.15464401125820912,,,,,
rich_features,0.5,0.5,short,Random Forest,26,0.8868966955071407,0.7299480669359493,0.4263565891472868,0.5382978723404256,19186.0,0.15464401125820912,,,,,
rich_features,0.5,0.5,short,Naive (always 'not congested'),27,0.8133509234828497,0.0,0.0,0.0,18950.0,0.1866490765171504,,,,,
rich_features,0.5,0.5,short,Naive (persistence),27,0.8695514511873351,0.6536796536796536,0.640373197625106,0.6469580119965724,18950.0,0.1866490765171504,,,,,
rich_features,0.5,0.5,short,Logistic Regression,27,0.8756728232189973,0.7735062528948587,0.47215154085383093,0.586376404494382,18950.0,0.1866490765171504,,,,,
rich_features,0.5,0.5,short,Random Forest,27,0.8766754617414249,0.7636203866432337,0.4913768730562624,0.597970067091003,18950.0,0.1866490765171504,,,,,
rich_features,0.5,0.5,short,Naive (always 'not congested'),28,0.8371059647655392,0.0,0.0,0.0,19129.0,0.16289403523446078,,,,,
rich_features,0.5,0.5,short,Naive (persistence),28,0.8693606565946992,0.6023896448722204,0.5824775353016688,0.5922662750856583,19129.0,0.16289403523446078,,,,,
rich_features,0.5,0.5,short,Logistic Regression,28,0.8773589837419624,0.732487922705314,0.3892811296534018,0.508382229673093,19129.0,0.16289403523446078,,,,,
rich_features,0.5,0.5,short,Random Forest,28,0.8781431334622823,0.7223796033994334,0.40917843388960207,0.5224339274738783,19129.0,0.16289403523446078,,,,,
rich_features,0.5,0.5,short,Naive (always 'not congested'),29,0.8426813301911495,0.0,0.0,0.0,19095.0,0.15731866980885048,,,,,
rich_features,0.5,0.5,short,Naive (persistence),29,0.8761455878502226,0.6106685140284032,0.5868841544607191,0.5985401459854015,19095.0,0.15731866980885048,,,,,
rich_features,0.5,0.5,short,Logistic Regression,29,0.8849437025399319,0.7363796133567663,0.41844207723035953,0.5336446614306941,19095.0,0.15731866980885048,,,,,
rich_features,0.5,0.5,short,Random Forest,29,0.8845247446975648,0.7250704225352113,0.4284287616511318,0.5386064030131826,19095.0,0.15731866980885048,,,,,
rich_features,0.5,0.5,short,Naive (always 'not congested'),ALL_MEAN,0.8300268502928212,0.0,0.0,0.0,,0.16997314970717872,0.014569786402176538,0.0,0.0,0.0,5.0
rich_features,0.5,0.5,short,Naive (persistence),ALL_MEAN,0.8720097743648099,0.6253816846216076,0.6056717224117701,0.6153612837895632,,0.16997314970717872,0.003672572500691047,0.0236168717193198,0.026583420123718435,0.025126222383191024,5.0
rich_features,0.5,0.5,short,Logistic Regression,ALL_MEAN,0.8800379467955434,0.7515288294227432,0.4342966336081496,0.5501711559126171,,0.16997314970717872,0.005117144695833657,0.01986748274914673,0.03197268235082391,0.03089199567250907,5.0
rich_features,0.5,0.5,short,Random Forest,ALL_MEAN,0.8802282379847348,0.7413480714563527,0.4478495477257388,0.5580690969608888,,0.16997314970717872,0.004653514668652872,0.01920866052482516,0.03325460266927308,0.03115901080460807,5.0
rich_features,0.5,0.5,medium,Naive (always 'not congested'),25,0.8064737202804576,0.0,0.0,0.0,18969.0,0.19352627971954242,,,,,
rich_features,0.5,0.5,medium,Naive (persistence),25,0.812536243344404,0.5165658311725727,0.4884227730863525,0.5021002520302437,18969.0,0.19352627971954242,,,,,
rich_features,0.5,0.5,medium,Logistic Regression,25,0.8371553587432126,0.7433110367892977,0.2421683464995914,0.3653174440106842,18969.0,0.19352627971954242,,,,,
rich_features,0.5,0.5,medium,Random Forest,25,0.836944488375771,0.7661141804788214,0.2266412421683465,0.34980029430313225,18969.0,0.19352627971954242,,,,,
rich_features,0.5,0.5,medium,Naive (always 'not congested'),26,0.8411341603252371,0.0,0.0,0.0,19186.0,0.15886583967476284,,,,,
rich_features,0.5,0.5,medium,Naive (persistence),26,0.8289898884603356,0.4591943957968476,0.4301181102362205,0.4441809249534135,19186.0,0.15886583967476284,,,,,
rich_features,0.5,0.5,medium,Logistic Regression,26,0.8579172313145002,0.6930455635491607,0.18963254593175852,0.29778464708912933,19186.0,0.15886583967476284,,,,,
rich_features,0.5,0.5,medium,Random Forest,26,0.8584905660377359,0.7283950617283951,0.17421259842519685,0.2811755361397935,19186.0,0.15886583967476284,,,,,
rich_features,0.5,0.5,medium,Naive (always 'not congested'),27,0.8088126649076517,0.0,0.0,0.0,18950.0,0.19118733509234828,,,,,
rich_features,0.5,0.5,medium,Naive (persistence),27,0.813509234828496,0.5128427128427129,0.49047750483025115,0.501410835214447,18950.0,0.19118733509234828,,,,,
rich_features,0.5,0.5,medium,Logistic Regression,27,0.8362005277044855,0.7071029529130087,0.24454871653325974,0.3634126333059885,18950.0,0.19118733509234828,,,,,
rich_features,0.5,0.5,medium,Random Forest,27,0.8358311345646438,0.7269503546099291,0.2263317692520011,0.34519048621342874,18950.0,0.19118733509234828,,,,,
rich_features,0.5,0.5,medium,Naive (always 'not congested'),28,0.8310418735950651,0.0,0.0,0.0,19129.0,0.1689581264049349,,,,,
rich_features,0.5,0.5,medium,Naive (persistence),28,0.8167703486852423,0.45469631596415533,0.4238861386138614,0.4387510008006405,19129.0,0.1689581264049349,,,,,
rich_features,0.5,0.5,medium,Logistic Regression,28,0.8458884416331225,0.6848958333333334,0.16274752475247525,0.263,19129.0,0.1689581264049349,,,,,
rich_features,0.5,0.5,medium,Random Forest,28,0.8458884416331225,0.7100591715976331,0.1485148514851485,0.24564994882292732,19129.0,0.1689581264049349,,,,,
rich_features,0.5,0.5,medium,Naive (always 'not congested'),29,0.8361351139041634,0.0,0.0,0.0,19095.0,0.1638648860958366,,,,,
rich_features,0.5,0.5,medium,Naive (persistence),29,0.8245614035087719,0.46172497402147555,0.4260147011824864,0.4431515957446808,19095.0,0.1638648860958366,,,,,
rich_features,0.5,0.5,medium,Logistic Regression,29,0.852841057868552,0.6914765906362546,0.1840843720038351,0.2907622412922766,19095.0,0.1638648860958366,,,,,
rich_features,0.5,0.5,medium,Random Forest,29,0.8514794448808589,0.6998635743519782,0.16395014381591563,0.2656654583117556,19095.0,0.1638648860958366,,,,,
rich_features,0.5,0.5,medium,Naive (always 'not congested'),ALL_MEAN,0.8247195066025149,0.0,0.0,0.0,,0.17528049339748503,0.014322469078384697,0.0,0.0,0.0,5.0
rich_features,0.5,0.5,medium,Naive (persistence),ALL_MEAN,0.81927342376545,0.4810048459595528,0.4517838455898344,0.4659189217486851,,0.17528049339748503,0.006438218308142813,0.027632522091758743,0.030826434175640374,0.029318090487231267,5.0
rich_features,0.5,0.5,medium,Logistic Regression,ALL_MEAN,0.8460005234527745,0.703966395444211,0.204636301144184,0.3160553931396157,,0.17528049339748503,0.008521622557884263,0.020960844105017407,0.03287497339986565,0.04112881297828166,5.0
rich_features,0.5,0.5,medium,Random Forest,ALL_MEAN,0.8457268150984264,0.7262764685533514,0.18793012102932172,0.2974963447582075,,0.17528049339748503,0.008614940121455562,0.022594811579467577,0.03252694480841582,0.04237465554916603,5.0
rich_features,0.5,0.5,long,Naive (always 'not congested'),25,0.7989878222362803,0.0,0.0,0.0,18969.0,0.20101217776371974,,,,,
rich_features,0.5,0.5,long,Naive (persistence),25,0.7552849385840055,0.38058196485162776,0.34644636768948334,0.3627127951674904,18969.0,0.20101217776371974,,,,,
rich_features,0.5,0.5,long,Logistic Regression,25,0.8109019979967315,0.7325102880658436,0.0933648046157881,0.16561991160735054,18969.0,0.20101217776371974,,,,,
rich_features,0.5,0.5,long,Random Forest,25,0.8109019979967315,0.7579908675799086,0.08707054812483608,0.15619854151964244,18969.0,0.20101217776371974,,,,,
rich_features,0.5,0.5,long,Naive (always 'not congested'),26,0.8364432398623997,0.0,0.0,0.0,19186.0,0.16355676013760034,,,,,
rich_features,0.5,0.5,long,Naive (persistence),26,0.7857291775252788,0.32959719789842384,0.2998725302740599,0.3140330385449691,19186.0,0.16355676013760034,,,,,
rich_features,0.5,0.5,long,Logistic Regression,26,0.8413947670176171,0.7149321266968326,0.05035054174633524,0.094075617743376,19186.0,0.16355676013760034,,,,,
rich_features,0.5,0.5,long,Random Forest,26,0.8414468883560929,0.7181818181818181,0.05035054174633524,0.09410363311494938,19186.0,0.16355676013760034,,,,,
rich_features,0.5,0.5,long,Naive (always 'not congested'),27,0.7987862796833773,0.0,0.0,0.0,18950.0,0.20121372031662269,,,,,
rich_features,0.5,0.5,long,Naive (persistence),27,0.7502902374670185,0.3673881673881674,0.33385785470757934,0.3498213794998626,18950.0,0.20121372031662269,,,,,
rich_features,0.5,0.5,long,Logistic Regression,27,0.8048548812664907,0.6309794988610479,0.07264621033307107,0.13029162746942616,18950.0,0.20121372031662269,,,,,
rich_features,0.5,0.5,long,Random Forest,27,0.8049076517150395,0.6400966183574879,0.06949908208759507,0.12538443340430566,18950.0,0.20121372031662269,,,,,
rich_features,0.5,0.5,long,Naive (always 'not congested'),28,0.8245595692404203,0.0,0.0,0.0,19129.0,0.17544043075957969,,,,,
rich_features,0.5,0.5,long,Naive (persistence),28,0.7675257462491505,0.3189512114171922,0.2863528009535161,0.3017742188726645,19129.0,0.17544043075957969,,,,,
rich_features,0.5,0.5,long,Logistic Regression,28,0.8281143813058707,0.6847826086956522,0.037544696066746125,0.0711864406779661,19129.0,0.17544043075957969,,,,,
rich_features,0.5,0.5,long,Random Forest,28,0.8275916148256574,0.6705882352941176,0.03396901072705602,0.06466250709018719,19129.0,0.17544043075957969,,,,,
rich_features,0.5,0.5,long,Naive (always 'not congested'),29,0.8285415030112595,0.0,0.0,0.0,19095.0,0.1714584969887405,,,,,
rich_features,0.5,0.5,long,Naive (persistence),29,0.7705682115737104,0.3082784897817804,0.27183872938301773,0.28891413731537086,19095.0,0.1714584969887405,,,,,
rich_features,0.5,0.5,long,Logistic Regression,29,0.8291175700445143,0.5248868778280543,0.0354306658521686,0.06638054363376251,19095.0,0.1714584969887405,,,,,
rich_features,0.5,0.5,long,Random Forest,29,0.8299554857292485,0.5699481865284974,0.033598045204642636,0.06345543697721373,19095.0,0.1714584969887405,,,,,
rich_features,0.5,0.5,long,Naive (always 'not congested'),ALL_MEAN,0.8174636828067474,0.0,0.0,0.0,,0.18253631719325258,0.01564286484020145,0.0,0.0,0.0,5.0
rich_features,0.5,0.5,long,Naive (persistence),ALL_MEAN,0.7658796622798327,0.3409594062674383,0.30767365660153134,0.3234511138800714,,0.18253631719325258,0.012441653254930983,0.028106687051532537,0.02824363228008537,0.0282427378162376,5.0
rich_features,0.5,0.5,long,Logistic Regression,ALL_MEAN,0.8228767195262447,0.6576182800294862,0.05786738372282183,0.10551082822637628,,0.18253631719325258,0.01324749039608621,0.07477812572123967,0.022142273874656063,0.037596001669561036,5.0
rich_features,0.5,0.5,long,Random Forest,ALL_MEAN,0.822960727724554,0.671361145188366,0.05489744557809301,0.10076091042125968,,0.18253631719325258,0.013292376806549242,0.0647449464174727,0.020787758379761684,0.03582948852263254,5.0
rich_features,0.5,0.5,extra_long,Naive (always 'not congested'),25,0.8012019610944172,0.0,0.0,0.0,18969.0,0.19879803890558279,,,,,
rich_features,0.5,0.5,extra_long,Naive (persistence),25,0.7790078549211872,0.4393546528377989,0.40440201538053566,0.4211543772438553,18969.0,0.19879803890558279,,,,,
rich_features,0.5,0.5,extra_long,Logistic Regression,25,0.8214455163688122,0.7493506493506493,0.1530098117210289,0.25412904646553625,18969.0,0.19879803890558279,,,,,
rich_features,0.5,0.5,extra_long,Random Forest,25,0.8209183404502083,0.7663817663817664,0.1426677273932644,0.24055443773753632,18969.0,0.19879803890558279,,,,,
rich_features,0.5,0.5,extra_long,Naive (always 'not congested'),26,0.8380068800166788,0.0,0.0,0.0,19186.0,0.16199311998332117,,,,,
rich_features,0.5,0.5,extra_long,Naive (persistence),26,0.8032419472532054,0.3831873905429072,0.351994851994852,0.36692939795405,19186.0,0.16199311998332117,,,,,
rich_features,0.5,0.5,extra_long,Logistic Regression,26,0.8474929636193057,0.7156398104265402,0.09716859716859717,0.17110481586402265,19186.0,0.16199311998332117,,,,,
rich_features,0.5,0.5,extra_long,Random Forest,26,0.8475450849577817,0.7340153452685422,0.09234234234234234,0.16404687053443842,19186.0,0.16199311998332117,,,,,
rich_features,0.5,0.5,extra_long,Naive (always 'not congested'),27,0.8037467018469657,0.0,0.0,0.0,18950.0,0.1962532981530343,,,,,
rich_features,0.5,0.5,extra_long,Naive (persistence),27,0.7741424802110818,0.41904761904761906,0.39042753428340954,0.4042316258351893,18950.0,0.1962532981530343,,,,,
rich_features,0.5,0.5,extra_long,Logistic Regression,27,0.8148284960422164,0.6504297994269341,0.12207582683517075,0.2055693909893593,18950.0,0.1962532981530343,,,,,
rich_features,0.5,0.5,extra_long,Random Forest,27,0.814934036939314,0.6698717948717948,0.11239580532401183,0.19249366797144832,18950.0,0.1962532981530343,,,,,
rich_features,0.5,0.5,extra_long,Naive (always 'not congested'),28,0.8268597417533587,0.0,0.0,0.0,19129.0,0.17314025824664123,,,,,
rich_features,0.5,0.5,extra_long,Naive (persistence),28,0.789063725233938,0.3800199137072685,0.3457125603864734,0.36205533596837947,19129.0,0.17314025824664123,,,,,
rich_features,0.5,0.5,extra_long,Logistic Regression,28,0.8334988760520675,0.6640826873385013,0.07759661835748792,0.13895647472289807,19129.0,0.17314025824664123,,,,,
rich_features,0.5,0.5,extra_long,Random Forest,28,0.832610173035705,0.6656626506024096,0.06672705314009662,0.12129527991218442,19129.0,0.17314025824664123,,,,,
rich_features,0.5,0.5,extra_long,Naive (always 'not congested'),29,0.8318931657501963,0.0,0.0,0.0,19095.0,0.1681068342498036,,,,,
rich_features,0.5,0.5,extra_long,Naive (persistence),29,0.7920398009950249,0.36820228611014894,0.3311526479750779,0.34869608003936364,19095.0,0.1681068342498036,,,,,
rich_features,0.5,0.5,extra_long,Logistic Regression,29,0.8397486252945797,0.6704545454545454,0.09190031152647975,0.16164383561643836,19095.0,0.1681068342498036,,,,,
rich_features,0.5,0.5,extra_long,Random Forest,29,0.8391201885310291,0.6787564766839378,0.08161993769470405,0.1457174638487208,19095.0,0.1681068342498036,,,,,
rich_features,0.5,0.5,extra_long,Naive (always 'not congested'),ALL_MEAN,0.8203416900923234,0.0,0.0,0.0,,0.17965830990767664,0.015031323184408973,0.0,0.0,0.0,5.0
rich_features,0.5,0.5,extra_long,Naive (persistence),ALL_MEAN,0.7874991617228875,0.39796237244914856,0.36473792200406974,0.38061336340816754,,0.17965830990767664,0.010211795066899737,0.026772385604684163,0.02787657558590159,0.027392555169414294,5.0
rich_features,0.5,0.5,extra_long,Logistic Regression,ALL_MEAN,0.8314028954753964,0.689991498399434,0.10835023312175289,0.18628071273165092,,0.17965830990767664,0.01188944699227907,0.036876636934627234,0.026549137867731533,0.04013057827201132,5.0
rich_features,0.5,0.5,extra_long,Random Forest,ALL_MEAN,0.8310255647828078,0.7029376067616901,0.09915057317888384,0.17282154400086566,,0.17965830990767664,0.011849233863834538,0.04014594511292365,0.02635958544744194,0.04108848817303925,5.0
rich_features,0.5,0.7,short,Naive (always 'not congested'),25,0.8400210360241914,0.0,0.0,0.0,19015.0,0.15997896397580857,,,,,
rich_features,0.5,0.7,short,Naive (persistence),25,0.9321588219826453,0.7859007832898173,0.7915844838921762,0.7887323943661971,19015.0,0.15997896397580857,,,,,
rich_features,0.5,0.7,short,Logistic Regression,25,0.9351038653694451,0.8447749809305873,0.7281393819855358,0.782132768361582,19015.0,0.15997896397580857,,,,,
rich_features,0.5,0.7,short,Random Forest,25,0.9344201945832238,0.8288750458043239,0.7435897435897436,0.7839195979899497,19015.0,0.15997896397580857,,,,,
rich_features,0.5,0.7,short,Naive (always 'not congested'),26,0.8493403693931398,0.0,0.0,0.0,18950.0,0.15065963060686016,,,,,
rich_features,0.5,0.7,short,Naive (persistence),26,0.9430079155672824,0.8044596912521441,0.8213660245183888,0.8128249566724437,18950.0,0.15065963060686016,,,,,
rich_features,0.5,0.7,short,Logistic Regression,26,0.9435356200527705,0.8434013081954598,0.7677758318739054,0.8038137147048038,18950.0,0.15065963060686016,,,,,
rich_features,0.5,0.7,short,Random Forest,26,0.9438522427440633,0.831543872639763,0.7866900175131348,0.80849532037437,18950.0,0.15065963060686016,,,,,
rich_features,0.5,0.7,short,Naive (always 'not congested'),27,0.8743668737924912,0.0,0.0,0.0,19151.0,0.12563312620750874,,,,,
rich_features,0.5,0.7,short,Naive (persistence),27,0.9407863819121717,0.7610837438423645,0.770573566084788,0.7657992565055762,19151.0,0.12563312620750874,,,,,
rich_features,0.5,0.7,short,Logistic Regression,27,0.9435016448227247,0.817658349328215,0.7082294264339152,0.7590200445434299,19151.0,0.12563312620750874,,,,,
rich_features,0.5,0.7,short,Random Forest,27,0.9434494282282909,0.8019169329073482,0.730257689110557,0.7644115727648466,19151.0,0.12563312620750874,,,,,
rich_features,0.5,0.7,short,Naive (always 'not congested'),28,0.8499417557979456,0.0,0.0,0.0,18886.0,0.15005824420205444,,,,,
rich_features,0.5,0.7,short,Naive (persistence),28,0.935084189346606,0.7817098808689559,0.7872265349329569,0.7844585091420534,18886.0,0.15005824420205444,,,,,
rich_features,0.5,0.7,short,Logistic Regression,28,0.938472942920682,0.8357429718875502,0.7342978122794637,0.7817430503380917,18886.0,0.15005824420205444,,,,,
rich_features,0.5,0.7,short,Random Forest,28,0.9374669067033782,0.8204730515703761,0.7466478475652788,0.781821540735267,18886.0,0.15005824420205444,,,,,
rich_features,0.5,0.7,short,Naive (always 'not congested'),29,0.815136279439005,0.0,0.0,0.0,18895.0,0.18486372056099498,,,,,
rich_features,0.5,0.7,short,Naive (persistence),29,0.938078856840434,0.826355717898286,0.8419696535929001,0.8340896199659671,18895.0,0.18486372056099498,,,,,
rich_features,0.5,0.7,short,Logistic Regression,29,0.9370732998147658,0.8654822335025381,0.7809905525336387,0.8210684725357411,18895.0,0.18486372056099498,,,,,
rich_features,0.5,0.7,short,Random Forest,29,0.9386610214342419,0.8579754601226994,0.8007443458345262,0.8283725751517844,18895.0,0.18486372056099498,,,,,
rich_features,0.5,0.7,short,Naive (always 'not congested'),ALL_MEAN,0.8457612628893546,0.0,0.0,0.0,,0.1542387371106454,0.01907567726327741,0.0,0.0,0.0,5.0
rich_features,0.5,0.7,short,Naive (persistence),ALL_MEAN,0.9378232331298278,0.7919019634303135,0.802544052604242,0.7971809473304475,,0.1542387371106454,0.0038810936771923217,0.022065416803558325,0.025633942897295467,0.023769872291131387,5.0
rich_features,0.5,0.7,short,Logistic Regression,ALL_MEAN,0.9395374745960776,0.84141196876887,0.7438866010212918,0.7895556100967297,,0.1542387371106454,0.003422340967640815,0.01543383898240994,0.026678652308578847,0.021189192901958552,5.0
rich_features,0.5,0.7,short,Random Forest,ALL_MEAN,0.9395699587386396,0.8281568726089021,0.7615859287226481,0.7934041214032436,,0.1542387371106454,0.003609911510466477,0.01815880637354197,0.027173753696914937,0.022428630273858836,5.0
rich_features,0.5,0.7,medium,Naive (always 'not congested'),25,0.8375493031816986,0.0,0.0,0.0,19015.0,0.16245069681830135,,,,,
rich_features,0.5,0.7,medium,Naive (persistence),25,0.8977123323691822,0.6866840731070496,0.6811265781806409,0.6838940354298716,19015.0,0.16245069681830135,,,,,
rich_features,0.5,0.7,medium,Logistic Regression,25,0.9039179595056535,0.7824529991047449,0.5658789252185173,0.6567724967123802,19015.0,0.16245069681830135,,,,,
rich_features,0.5,0.7,medium,Random Forest,25,0.9043912700499606,0.7840858292355833,0.5678213013920362,0.6586556515208412,19015.0,0.16245069681830135,,,,,
rich_features,0.5,0.7,medium,Naive (always 'not congested'),26,0.8462796833773087,0.0,0.0,0.0,18950.0,0.15372031662269128,,,,,
rich_features,0.5,0.7,medium,Naive (persistence),26,0.909551451187335,0.7056603773584905,0.7061448678338482,0.7059025394646534,18950.0,0.15372031662269128,,,,,
rich_features,0.5,0.7,medium,Logistic Regression,26,0.9162005277044855,0.7912087912087912,0.6179196704428425,0.6939090208172706,18950.0,0.15372031662269128,,,,,
rich_features,0.5,0.7,medium,Random Forest,26,0.9151451187335092,0.7855579868708972,0.6162032269138346,0.6906502500961909,18950.0,0.15372031662269128,,,,,
rich_features,0.5,0.7,medium,Naive (always 'not congested'),27,0.8711294449376011,0.0,0.0,0.0,19151.0,0.12887055506239883,,,,,
rich_features,0.5,0.7,medium,Naive (persistence),27,0.9118583885958957,0.6600985221674877,0.6515397082658023,0.6557911908646004,19151.0,0.12887055506239883,,,,,
rich_features,0.5,0.7,medium,Logistic Regression,27,0.9211007258106626,0.7732724157624215,0.5486223662884927,0.6418582602512444,19151.0,0.12887055506239883,,,,,
rich_features,0.5,0.7,medium,Random Forest,27,0.9211007258106626,0.7742120343839541,0.5474068071312804,0.6413482079278424,19151.0,0.12887055506239883,,,,,
rich_features,0.5,0.7,medium,Naive (always 'not congested'),28,0.8465530022238695,0.0,0.0,0.0,18886.0,0.15344699777613047,,,,,
rich_features,0.5,0.7,medium,Naive (persistence),28,0.8954781319495922,0.6618780658724597,0.6518288474810214,0.6568150208623088,18886.0,0.15344699777613047,,,,,
rich_features,0.5,0.7,medium,Logistic Regression,28,0.906862225987504,0.7708036138849262,0.5593512767425811,0.6482703459308138,18886.0,0.15344699777613047,,,,,
rich_features,0.5,0.7,medium,Random Forest,28,0.9062797839669596,0.7683158896289248,0.5572808833678399,0.646,18886.0,0.15344699777613047,,,,,
rich_features,0.5,0.7,medium,Naive (always 'not congested'),29,0.8146070388991796,0.0,0.0,0.0,18895.0,0.18539296110082032,,,,,
rich_features,0.5,0.7,medium,Naive (persistence),29,0.9061127282349828,0.742905310480472,0.7547816157579218,0.7487963749645993,18895.0,0.18539296110082032,,,,,
rich_features,0.5,0.7,medium,Logistic Regression,29,0.9089706271500397,0.8240639767357325,0.6471595775049958,0.7249760153501759,18895.0,0.18539296110082032,,,,,
rich_features,0.5,0.7,medium,Random Forest,29,0.9099232601217253,0.8245045045045045,0.6531544390522409,0.7288945524052246,18895.0,0.18539296110082032,,,,,
rich_features,0.5,0.7,medium,Naive (always 'not congested'),ALL_MEAN,0.8432236945239315,0.0,0.0,0.0,,0.15677630547606847,0.018167366127390654,0.0,0.0,0.0,5.0
rich_features,0.5,0.7,medium,Naive (persistence),ALL_MEAN,0.9041426064673976,0.6914452697971918,0.689084323503847,0.6902398323172066,,0.15677630547606847,0.00646671196955357,0.030756177262180773,0.03864735623569201,0.03469404888122341,5.0
rich_features,0.5,0.7,medium,Logistic Regression,ALL_MEAN,0.911410413231669,0.7883603593393232,0.5877863632394859,0.673157227812377,,0.15677630547606847,0.006318588144670749,0.01925431960145836,0.03809331546908576,0.031569812568985584,5.0
rich_features,0.5,0.7,medium,Random Forest,ALL_MEAN,0.9113680317365634,0.7873352489247728,0.5883733315714463,0.6731097323900197,,0.15677630547606847,0.006093349721426991,0.01964294141408037,0.04009607802691576,0.032778860217286473,5.0
rich_features,0.5,0.7,long,Naive (always 'not congested'),25,0.8333946884038916,0.0,0.0,0.0,19015.0,0.16660531159610834,,,,,
rich_features,0.5,0.7,long,Naive (persistence),25,0.8535892716276624,0.5626631853785901,0.5441919191919192,0.5532734274711169,19015.0,0.16660531159610834,,,,,
rich_features,0.5,0.7,long,Logistic Regression,25,0.875256376544833,0.7561132561132561,0.37089646464646464,0.49767047861075814,19015.0,0.16660531159610834,,,,,
rich_features,0.5,0.7,long,Random Forest,25,0.8757822771496188,0.7616883116883116,0.3702651515151515,0.49830076465590484,19015.0,0.16660531159610834,,,,,
rich_features,0.5,0.7,long,Naive (always 'not congested'),26,0.8406860158311346,0.0,0.0,0.0,18950.0,0.15931398416886544,,,,,
rich_features,0.5,0.7,long,Naive (persistence),26,0.8655408970976254,0.5807890222984563,0.5607817157999337,0.5706100438153017,18950.0,0.15931398416886544,,,,,
rich_features,0.5,0.7,long,Logistic Regression,26,0.879736147757256,0.7237001209189843,0.39648890361046707,0.5123047292959555,18950.0,0.15931398416886544,,,,,
rich_features,0.5,0.7,long,Random Forest,26,0.88,0.730364873222016,0.39118913547532297,0.5094909404659189,18950.0,0.15931398416886544,,,,,
rich_features,0.5,0.7,long,Naive (always 'not congested'),27,0.8652289697665918,0.0,0.0,0.0,19151.0,0.13477103023340817,,,,,
rich_features,0.5,0.7,long,Naive (persistence),27,0.8781786851861522,0.5509031198686372,0.519953506392871,0.5349810643811043,19151.0,0.13477103023340817,,,,,
rich_features,0.5,0.7,long,Logistic Regression,27,0.8975510417210589,0.7497982243744956,0.35993800852382796,0.4863874345549738,19151.0,0.13477103023340817,,,,,
rich_features,0.5,0.7,long,Random Forest,27,0.8983865072319983,0.758761206193969,0.36071290197597833,0.4889705882352941,19151.0,0.13477103023340817,,,,,
rich_features,0.5,0.7,long,Naive (always 'not congested'),28,0.8391930530551731,0.0,0.0,0.0,18886.0,0.16080694694482686,,,,,
rich_features,0.5,0.7,long,Naive (persistence),28,0.8431112993751986,0.5129642606867554,0.48205465920316104,0.49702936683075877,18886.0,0.16080694694482686,,,,,
rich_features,0.5,0.7,long,Logistic Regression,28,0.8707508207137562,0.7013513513513514,0.34178465591043794,0.4595970777064423,18886.0,0.16080694694482686,,,,,
rich_features,0.5,0.7,long,Random Forest,28,0.8719157047548448,0.7145833333333333,0.338821205136648,0.459682823319187,18886.0,0.16080694694482686,,,,,
rich_features,0.5,0.7,long,Naive (always 'not congested'),29,0.8102143424186292,0.0,0.0,0.0,18895.0,0.18978565758137073,,,,,
rich_features,0.5,0.7,long,Naive (persistence),29,0.8583223074887536,0.6277044113515032,0.6229782487451199,0.625332400279916,18895.0,0.18978565758137073,,,,,
rich_features,0.5,0.7,long,Logistic Regression,29,0.8684308017994178,0.7624045801526718,0.4456218627997769,0.5624780007039775,18895.0,0.18978565758137073,,,,,
rich_features,0.5,0.7,long,Random Forest,29,0.8701772955808414,0.769890424011434,0.4506413831567206,0.5685136323658752,18895.0,0.18978565758137073,,,,,
rich_features,0.5,0.7,long,Naive (always 'not congested'),ALL_MEAN,0.8377434138950841,0.0,0.0,0.0,,0.16225658610491595,0.017566885501805903,0.0,0.0,0.0,5.0
rich_features,0.5,0.7,long,Naive (persistence),ALL_MEAN,0.8597484921550785,0.5670047999167884,0.545992009866601,0.5562452605556395,,0.16225658610491595,0.011747256309315555,0.03761101225023518,0.046722254178716685,0.04230106328178176,5.0
rich_features,0.5,0.7,long,Logistic Regression,ALL_MEAN,0.8783450377072644,0.7386735065821519,0.38294597909819494,0.5036875441744214,,0.16225658610491595,0.010356735108192301,0.022839499170368364,0.03600135896646043,0.03408824361148202,5.0
rich_features,0.5,0.7,long,Random Forest,ALL_MEAN,0.8792523569434605,0.7470576296898128,0.3823259554519643,0.504991749808436,,0.16225658610491595,0.010147899637383025,0.02100283360694418,0.038080976864482696,0.035803960675561464,5.0
rich_features,0.5,0.7,extra_long,Naive (always 'not congested'),25,0.8349723902182488,0.0,0.0,0.0,19015.0,0.16502760978175124,,,,,
rich_features,0.5,0.7,extra_long,Naive (persistence),25,0.8715750723113331,0.6135770234986945,0.5991077119184194,0.6062560464366333,19015.0,0.16502760978175124,,,,,
rich_features,0.5,0.7,extra_long,Logistic Regression,25,0.8863528793058112,0.7608115323011212,0.4541108986615679,0.5687487527439633,19015.0,0.16502760978175124,,,,,
rich_features,0.5,0.7,extra_long,Random Forest,25,0.8876676308177754,0.7814606741573034,0.4432759719566603,0.5656771045140301,19015.0,0.16502760978175124,,,,,
rich_features,0.5,0.7,extra_long,Naive (always 'not congested'),26,0.8434828496042216,0.0,0.0,0.0,18950.0,0.15651715039577838,,,,,
rich_features,0.5,0.7,extra_long,Naive (persistence),26,0.8864907651715039,0.6397941680960549,0.6287929871881321,0.6342458765516069,18950.0,0.15651715039577838,,,,,
rich_features,0.5,0.7,extra_long,Logistic Regression,26,0.895514511873351,0.7536008230452675,0.4939312204989885,0.5967413441955194,18950.0,0.15651715039577838,,,,,
rich_features,0.5,0.7,extra_long,Random Forest,26,0.894934036939314,0.7559055118110236,0.4855023600809171,0.5912543625538904,18950.0,0.15651715039577838,,,,,
rich_features,0.5,0.7,extra_long,Naive (always 'not congested'),27,0.8673176335439403,0.0,0.0,0.0,19151.0,0.13268236645605974,,,,,
rich_features,0.5,0.7,extra_long,Naive (persistence),27,0.8927993316275913,0.6001642036124795,0.5753640299094844,0.5875025115531445,19151.0,0.13268236645605974,,,,,
rich_features,0.5,0.7,extra_long,Logistic Regression,27,0.9065322959636573,0.7559645535105658,0.4364423455332546,0.5533932135728543,19151.0,0.13268236645605974,,,,,
rich_features,0.5,0.7,extra_long,Random Forest,27,0.9062712129914887,0.7626760563380282,0.42621015348288077,0.5468316081797526,19151.0,0.13268236645605974,,,,,
rich_features,0.5,0.7,extra_long,Naive (always 'not congested'),28,0.8434289950227681,0.0,0.0,0.0,18886.0,0.1565710049772318,,,,,
rich_features,0.5,0.7,extra_long,Naive (persistence),28,0.8659853860002118,0.5746320953048353,0.5546161650321272,0.5644467389433833,18886.0,0.1565710049772318,,,,,
rich_features,0.5,0.7,extra_long,Logistic Regression,28,0.8836174944403261,0.7142857142857143,0.4277984443692932,0.5351099830795262,18886.0,0.1565710049772318,,,,,
rich_features,0.5,0.7,extra_long,Random Forest,28,0.8844117335592503,0.727112676056338,0.4190057490700034,0.5316455696202531,18886.0,0.1565710049772318,,,,,
rich_features,0.5,0.7,extra_long,Naive (always 'not congested'),29,0.8119608362000529,0.0,0.0,0.0,18895.0,0.18803916379994706,,,,,
rich_features,0.5,0.7,extra_long,Naive (persistence),29,0.8786980682720297,0.6771565046361337,0.6783000281452294,0.6777277840269966,18895.0,0.18803916379994706,,,,,
rich_features,0.5,0.7,extra_long,Logistic Regression,29,0.8864779042074623,0.794560669456067,0.5344779059949338,0.6390711761736497,18895.0,0.18803916379994706,,,,,
rich_features,0.5,0.7,extra_long,Random Forest,29,0.8862132839375496,0.798383666524883,0.5282859555305376,0.635840108401084,18895.0,0.18803916379994706,,,,,
rich_features,0.5,0.7,extra_long,Naive (always 'not congested'),ALL_MEAN,0.8402325409178463,0.0,0.0,0.0,,0.15976745908215367,0.01778393961414776,0.0,0.0,0.0,5.0
rich_features,0.5,0.7,extra_long,Naive (persistence),ALL_MEAN,0.8791097246765339,0.6210647990296396,0.6072361844386786,0.6140357915023529,,0.15976745908215367,0.009706428902675023,0.03505985268041124,0.04327941397320258,0.03921410705678317,5.0
rich_features,0.5,0.7,extra_long,Logistic Regression,ALL_MEAN,0.8916990171581215,0.7558446585197472,0.46935216301160765,0.5786128939531026,,0.15976745908215367,0.008434884467049791,0.02551781478212484,0.03971789577646119,0.03635844169378319,5.0
rich_features,0.5,0.7,extra_long,Random Forest,ALL_MEAN,0.8918995796490755,0.7651077169775152,0.4604560380241998,0.574249750653802,,0.15976745908215367,0.008025745633517361,0.024120218551235056,0.04102262227106928,0.036668487924688756,5.0
rich_features,0.5,0.8,short,Naive (always 'not congested'),25,0.7371842694234253,0.0,0.0,0.0,18766.0,0.26281573057657465,,,,,
rich_features,0.5,0.8,short,Naive (persistence),25,0.9462858360865395,0.8930288461538461,0.9038929440389294,0.898428053204353,18766.0,0.26281573057657465,,,,,
rich_features,0.5,0.8,short,Logistic Regression,25,0.943088564425024,0.9119402985074627,0.8671938361719383,0.8890043649968822,18766.0,0.26281573057657465,,,,,
rich_features,0.5,0.8,short,Random Forest,25,0.944740488116807,0.900472959078758,0.887875101378751,0.8941296579887698,18766.0,0.26281573057657465,,,,,
rich_features,0.5,0.8,short,Naive (always 'not congested'),26,0.8747165831795413,0.0,0.0,0.0,18965.0,0.12528341682045874,,,,,
rich_features,0.5,0.8,short,Naive (persistence),26,0.9615607698391775,0.8381930184804928,0.859006734006734,0.8484722510912492,18965.0,0.12528341682045874,,,,,
rich_features,0.5,0.8,short,Logistic Regression,26,0.9616662272607435,0.8692342140618002,0.8169191919191919,0.8422651334345845,18965.0,0.12528341682045874,,,,,
rich_features,0.5,0.8,short,Random Forest,26,0.9612443975744793,0.8507909362975631,0.8375420875420876,0.8441145281018028,18965.0,0.12528341682045874,,,,,
rich_features,0.5,0.8,short,Naive (always 'not congested'),27,0.7415766392127501,0.0,0.0,0.0,18698.0,0.25842336078725,,,,,
rich_features,0.5,0.8,short,Naive (persistence),27,0.9537918493956573,0.9070578580221584,0.9149420529801324,0.9109828971770039,18698.0,0.25842336078725,,,,,
rich_features,0.5,0.8,short,Logistic Regression,27,0.9537918493956573,0.9288802421098141,0.8892798013245033,0.9086487629519983,18698.0,0.25842336078725,,,,,
rich_features,0.5,0.8,short,Random Forest,27,0.9544871109209541,0.9172081324669881,0.9056291390728477,0.911381859835468,18698.0,0.25842336078725,,,,,
rich_features,0.5,0.8,short,Naive (always 'not congested'),28,0.7707657106369393,0.0,0.0,0.0,18793.0,0.2292342893630607,,,,,
rich_features,0.5,0.8,short,Naive (persistence),28,0.9472143883360826,0.8795787545787546,0.8918291550603529,0.8856615952051636,18793.0,0.2292342893630607,,,,,
rich_features,0.5,0.8,short,Logistic Regression,28,0.9476932900548076,0.9026398643739404,0.8651346332404828,0.8834893919639683,18793.0,0.2292342893630607,,,,,
rich_features,0.5,0.8,short,Random Forest,28,0.9473208109402437,0.8892538714218676,0.8797585886722377,0.8844807467911319,18793.0,0.2292342893630607,,,,,
rich_features,0.5,0.8,short,Naive (always 'not congested'),29,0.8314058355437666,0.0,0.0,0.0,18850.0,0.16859416445623343,,,,,
rich_features,0.5,0.8,short,Naive (persistence),29,0.9468965517241379,0.8366841942468296,0.8511642542479547,0.8438621119950086,18850.0,0.16859416445623343,,,,,
rich_features,0.5,0.8,short,Logistic Regression,29,0.9468965517241379,0.8668688911358274,0.8093140339836375,0.8371033360455655,18850.0,0.16859416445623343,,,,,
rich_features,0.5,0.8,short,Random Forest,29,0.9476392572944297,0.8494417862838916,0.8379483952171177,0.8436559480437194,18850.0,0.16859416445623343,,,,,
rich_features,0.5,0.8,short,Naive (always 'not congested'),ALL_MEAN,0.7911298075992846,0.0,0.0,0.0,,0.20887019240071547,0.053645580452089475,0.0,0.0,0.0,5.0
rich_features,0.5,0.8,short,Naive (persistence),ALL_MEAN,0.951149879076319,0.8709085342964162,0.8841670280668208,0.8774813817345557,,0.20887019240071547,0.005875448047292362,0.028680533290629067,0.02496856257916312,0.026832127882558177,5.0
rich_features,0.5,0.8,short,Logistic Regression,ALL_MEAN,0.9506272965720741,0.895912702037769,0.8495682993279509,0.8721021978785999,,0.20887019240071547,0.006499718748857161,0.024266363273000312,0.031036571280785685,0.027807098393541486,5.0
rich_features,0.5,0.8,short,Random Forest,ALL_MEAN,0.9510864129693827,0.8814335371098136,0.8697506623766083,0.8755525481521784,,0.20887019240071547,0.006018019623081277,0.02707737061119562,0.027439735630207043,0.027255471082637615,5.0
rich_features,0.5,0.8,medium,Naive (always 'not congested'),25,0.7388894809762336,0.0,0.0,0.0,18766.0,0.26111051902376636,,,,,
rich_features,0.5,0.8,medium,Naive (persistence),25,0.9163380581903442,0.8335336538461539,0.8491836734693877,0.841285887585928,18766.0,0.26111051902376636,,,,,
rich_features,0.5,0.8,medium,Logistic Regression,25,0.9139401044442076,0.8720271800679502,0.7857142857142857,0.8266237251744498,18766.0,0.26111051902376636,,,,,
rich_features,0.5,0.8,medium,Random Forest,25,0.9143131194713844,0.8620765508139023,0.799795918367347,0.8297692144823205,18766.0,0.26111051902376636,,,,,
rich_features,0.5,0.8,medium,Naive (always 'not congested'),26,0.8757711573952017,0.0,0.0,0.0,18965.0,0.12422884260479831,,,,,
rich_features,0.5,0.8,medium,Naive (persistence),26,0.9398365409965727,0.7494866529774127,0.7746179966044142,0.7618451262784387,18965.0,0.12422884260479831,,,,,
rich_features,0.5,0.8,medium,Logistic Regression,26,0.9388346954916952,0.7934249263984299,0.6863327674023769,0.7360036413290851,18965.0,0.12422884260479831,,,,,
rich_features,0.5,0.8,medium,Random Forest,26,0.9394674400210915,0.7870722433460076,0.7028862478777589,0.7426008968609865,18965.0,0.12422884260479831,,,,,
rich_features,0.5,0.8,medium,Naive (always 'not congested'),27,0.7420044924590865,0.0,0.0,0.0,18698.0,0.2579955075409135,,,,,
rich_features,0.5,0.8,medium,Naive (persistence),27,0.9312225906514066,0.8629462453836685,0.8718905472636815,0.8673953392452052,18698.0,0.2579955075409135,,,,,
rich_features,0.5,0.8,medium,Logistic Regression,27,0.9309551823724462,0.9028506271379704,0.8206882255389718,0.8598110544033011,18698.0,0.2579955075409135,,,,,
rich_features,0.5,0.8,medium,Random Forest,27,0.9318108888651193,0.8952996212965025,0.8331260364842454,0.8630945989477075,18698.0,0.2579955075409135,,,,,
rich_features,0.5,0.8,medium,Naive (always 'not congested'),28,0.7709785558452615,0.0,0.0,0.0,18793.0,0.22902144415473846,,,,,
rich_features,0.5,0.8,medium,Naive (persistence),28,0.9201830468791571,0.8209706959706959,0.83317843866171,0.8270295202952029,18793.0,0.22902144415473846,,,,,
rich_features,0.5,0.8,medium,Logistic Regression,28,0.9211408503166072,0.8621663244353183,0.7804368029739777,0.8192682926829268,18793.0,0.22902144415473846,,,,,
rich_features,0.5,0.8,medium,Random Forest,28,0.9215665407332517,0.855349070818684,0.7913568773234201,0.8221095824281921,18793.0,0.22902144415473846,,,,,
rich_features,0.5,0.8,medium,Naive (always 'not congested'),29,0.8324137931034483,0.0,0.0,0.0,18850.0,0.16758620689655174,,,,,
rich_features,0.5,0.8,medium,Naive (persistence),29,0.9259416445623342,0.7726569749458707,0.7907565685343463,0.781602002503129,18850.0,0.16758620689655174,,,,,
rich_features,0.5,0.8,medium,Logistic Regression,29,0.9293368700265252,0.8318198329095532,0.7249129471351694,0.7746955345060893,18850.0,0.16758620689655174,,,,,
rich_features,0.5,0.8,medium,Random Forest,29,0.9294960212201592,0.8212780898876404,0.7404241848686293,0.7787581155318795,18850.0,0.16758620689655174,,,,,
rich_features,0.5,0.8,medium,Naive (always 'not congested'),ALL_MEAN,0.7920114959558464,0.0,0.0,0.0,,0.20798850404415367,0.053689961711949764,0.0,0.0,0.0,5.0
rich_features,0.5,0.8,medium,Naive (persistence),ALL_MEAN,0.9267043762559629,0.8079188446247603,0.8239254449067079,0.8158315751815808,,0.20798850404415367,0.00828779896972094,0.04126064610073292,0.03620951771442977,0.03877715324795236,5.0
rich_features,0.5,0.8,medium,Logistic Regression,ALL_MEAN,0.9268415405302963,0.8524577781898444,0.7596170057529562,0.8032804496191706,,0.20798850404415367,0.008554874708892539,0.037222194887446824,0.04778949076738019,0.043219197638233696,5.0
rich_features,0.5,0.8,medium,Random Forest,ALL_MEAN,0.9273308020622013,0.8442151152325474,0.7735178529842801,0.8072664816502172,,0.20798850404415367,0.008657298671208288,0.03699739868405247,0.046143076531776905,0.04204244070334367,5.0
rich_features,0.5,0.8,long,Naive (always 'not congested'),25,0.7386230416711074,0.0,0.0,0.0,18766.0,0.2613769583288927,,,,,
rich_features,0.5,0.8,long,Naive (persistence),25,0.8724821485665566,0.7516025641025641,0.76493374108053,0.7582095584520562,18766.0,0.2613769583288927,,,,,
rich_features,0.5,0.8,long,Logistic Regression,25,0.8713631034850261,0.8187867929357563,0.6521916411824669,0.7260553790285974,18766.0,0.2613769583288927,,,,,
rich_features,0.5,0.8,long,Random Forest,25,0.8696578919322179,0.8200989325696433,0.6422018348623854,0.7203292933912646,18766.0,0.2613769583288927,,,,,
rich_features,0.5,0.8,long,Naive (always 'not congested'),26,0.8758238861059847,0.0,0.0,0.0,18965.0,0.1241761138940153,,,,,
rich_features,0.5,0.8,long,Naive (persistence),26,0.9114157658845241,0.6386036960985626,0.6602972399150743,0.6492693110647182,18965.0,0.1241761138940153,,,,,
rich_features,0.5,0.8,long,Logistic Regression,26,0.9114684945953071,0.7053462940461726,0.4929936305732484,0.580354911272182,18965.0,0.1241761138940153,,,,,
rich_features,0.5,0.8,long,Random Forest,26,0.9123648826786185,0.7172413793103448,0.48577494692144374,0.579240506329114,18965.0,0.1241761138940153,,,,,
rich_features,0.5,0.8,long,Naive (always 'not congested'),27,0.7403465611295326,0.0,0.0,0.0,18698.0,0.25965343887046743,,,,,
rich_features,0.5,0.8,long,Naive (persistence),27,0.8951224729917638,0.7968814115716044,0.8,0.7984376606023229,18698.0,0.25965343887046743,,,,,
rich_features,0.5,0.8,long,Logistic Regression,27,0.8972082575676543,0.8757366128619011,0.7040164778578785,0.7805435030828957,18698.0,0.25965343887046743,,,,,
rich_features,0.5,0.8,long,Random Forest,27,0.8959781794844368,0.8783151326053042,0.6957775489186406,0.7764624755775198,18698.0,0.25965343887046743,,,,,
rich_features,0.5,0.8,long,Naive (always 'not congested'),28,0.7686372585537168,0.0,0.0,0.0,18793.0,0.2313627414462832,,,,,
rich_features,0.5,0.8,long,Naive (persistence),28,0.8844250518810195,0.7490842490842491,0.7525298988040479,0.7508031206975677,18793.0,0.2313627414462832,,,,,
rich_features,0.5,0.8,long,Logistic Regression,28,0.8883626882349811,0.8285630841121495,0.6524839006439742,0.7300566134843026,18793.0,0.2313627414462832,,,,,
rich_features,0.5,0.8,long,Random Forest,28,0.8871388282871282,0.8256800233986545,0.6492640294388224,0.7269215913480108,18793.0,0.2313627414462832,,,,,
rich_features,0.5,0.8,long,Naive (always 'not congested'),29,0.8293899204244032,0.0,0.0,0.0,18850.0,0.17061007957559682,,,,,
rich_features,0.5,0.8,long,Naive (persistence),29,0.8939522546419099,0.6882152799257656,0.6918532338308457,0.6900294619320825,18850.0,0.17061007957559682,,,,,
rich_features,0.5,0.8,long,Logistic Regression,29,0.8999469496021221,0.782258064516129,0.5730721393034826,0.6615218951902369,18850.0,0.17061007957559682,,,,,
rich_features,0.5,0.8,long,Random Forest,29,0.8995225464190981,0.7863951473136915,0.5643656716417911,0.6571325126719768,18850.0,0.17061007957559682,,,,,
rich_features,0.5,0.8,long,Naive (always 'not congested'),ALL_MEAN,0.7905641335769489,0.0,0.0,0.0,,0.20943586642305106,0.05380917502583255,0.0,0.0,0.0,5.0
rich_features,0.5,0.8,long,Naive (persistence),ALL_MEAN,0.8914795387931548,0.7248774401565492,0.7339228227260997,0.7293498225497494,,0.20943586642305106,0.012864719700777509,0.055266710874635465,0.05072409772075002,0.052962697822819205,5.0
rich_features,0.5,0.8,long,Logistic Regression,ALL_MEAN,0.8936698986970182,0.8021381696944218,0.61495155791221,0.6957064604116429,,0.20943586642305106,0.013375133367793914,0.05684376723599333,0.07396713089157789,0.06895343077003156,5.0
rich_features,0.5,0.8,long,Random Forest,ALL_MEAN,0.8929324657602997,0.8055461230395278,0.6074768063566166,0.6920172758635772,,0.20943586642305106,0.014181652826914054,0.053060295133750206,0.07405259385198028,0.06795059937957292,5.0
rich_features,0.5,0.8,extra_long,Naive (always 'not congested'),25,0.7388894809762336,0.0,0.0,0.0,18766.0,0.26111051902376636,,,,,
rich_features,0.5,0.8,extra_long,Naive (persistence),25,0.8935308536715336,0.7906650641025641,0.8055102040816327,0.7980186008896077,18766.0,0.26111051902376636,,,,,
rich_features,0.5,0.8,extra_long,Logistic Regression,25,0.8924118085900032,0.8461908195145398,0.7185714285714285,0.7771769120406136,18766.0,0.26111051902376636,,,,,
rich_features,0.5,0.8,extra_long,Random Forest,25,0.891132899925397,0.8415013148458045,0.7183673469387755,0.7750743146537488,18766.0,0.26111051902376636,,,,,
rich_features,0.5,0.8,extra_long,Naive (always 'not congested'),26,0.8756656999736356,0.0,0.0,0.0,18965.0,0.12433430002636435,,,,,
rich_features,0.5,0.8,extra_long,Naive (persistence),26,0.9248615871341945,0.6915811088295688,0.714164546225615,0.7026914249947841,18965.0,0.12433430002636435,,,,,
rich_features,0.5,0.8,extra_long,Logistic Regression,26,0.9245452148694965,0.7525885558583106,0.585665818490246,0.6587169091342714,18965.0,0.12433430002636435,,,,,
rich_features,0.5,0.8,extra_long,Random Forest,26,0.9237542842077511,0.7513781697905182,0.5780322307039865,0.6534036433365292,18965.0,0.12433430002636435,,,,,
rich_features,0.5,0.8,extra_long,Naive (always 'not congested'),27,0.7412557492779976,0.0,0.0,0.0,18698.0,0.25874425072200236,,,,,
rich_features,0.5,0.8,extra_long,Naive (persistence),27,0.9126109744357686,0.8286828067295856,0.8348491112029764,0.8317545304777595,18698.0,0.25874425072200236,,,,,
rich_features,0.5,0.8,extra_long,Logistic Regression,27,0.911380896352551,0.884457336233986,0.7563042579578338,0.8153760445682451,18698.0,0.25874425072200236,,,,,
rich_features,0.5,0.8,extra_long,Random Forest,27,0.9120761578778479,0.8842637151106834,0.7596114096734188,0.8172114743162108,18698.0,0.25874425072200236,,,,,
rich_features,0.5,0.8,extra_long,Naive (always 'not congested'),28,0.7699143298036503,0.0,0.0,0.0,18793.0,0.2300856701963497,,,,,
rich_features,0.5,0.8,extra_long,Naive (persistence),28,0.9008141329218325,0.7815934065934066,0.7895467160037003,0.7855499309710078,18793.0,0.2300856701963497,,,,,
rich_features,0.5,0.8,extra_long,Logistic Regression,28,0.901984781567605,0.8390710382513661,0.7102220166512488,0.7692885771543087,18793.0,0.2300856701963497,,,,,
rich_features,0.5,0.8,extra_long,Random Forest,28,0.9022508380780078,0.8383673469387755,0.7125346901017576,0.7703462932866608,18793.0,0.2300856701963497,,,,,
rich_features,0.5,0.8,extra_long,Naive (always 'not congested'),29,0.8320424403183024,0.0,0.0,0.0,18850.0,0.16795755968169762,,,,,
rich_features,0.5,0.8,extra_long,Naive (persistence),29,0.9087002652519894,0.7234766470770182,0.7387871130764372,0.7310517268323176,18850.0,0.16795755968169762,,,,,
rich_features,0.5,0.8,extra_long,Logistic Regression,29,0.9141644562334218,0.8042452830188679,0.6462413139608338,0.7166374781085815,18850.0,0.16795755968169762,,,,,
rich_features,0.5,0.8,extra_long,Random Forest,29,0.9146419098143236,0.8054138877991369,0.6484523057485786,0.7184601924759405,18850.0,0.16795755968169762,,,,,
rich_features,0.5,0.8,extra_long,Naive (always 'not congested'),ALL_MEAN,0.7915535400699639,0.0,0.0,0.0,,0.2084464599300361,0.05382533378755919,0.0,0.0,0.0,5.0
rich_features,0.5,0.8,extra_long,Naive (persistence),ALL_MEAN,0.9081035626830637,0.7631998066664286,0.7765715381180722,0.7698132428330954,,0.2084464599300361,0.010648979597572113,0.04916880203786042,0.04410073143695632,0.046664123787601534,5.0
rich_features,0.5,0.8,extra_long,Logistic Regression,ALL_MEAN,0.9088974315226155,0.8253106065754141,0.6834009671263181,0.7474391842012041,,0.2084464599300361,0.010939129429835583,0.04439800202405265,0.06033940498917692,0.05440134670625271,5.0
rich_features,0.5,0.8,extra_long,Random Forest,ALL_MEAN,0.9087712179806655,0.8241848868969835,0.6833995966333034,0.746899183613818,,0.2084464599300361,0.011166965046858464,0.04418967054013238,0.06356639461660077,0.05628075240013726,5.0
rich_features,0.5,0.9,short,Naive (always 'not congested'),25,0.8100413529848373,0.0,0.0,0.0,18862.0,0.18995864701516277,,,,,
rich_features,0.5,0.9,short,Naive (persistence),25,0.9649559961828014,0.9031456953642384,0.9134803237510466,0.9082836131538782,18862.0,0.18995864701516277,,,,,
rich_features,0.5,0.9,short,Logistic Regression,25,0.9655921959495282,0.9174729652817302,0.8998046329891153,0.9085529096801466,18862.0,0.18995864701516277,,,,,
rich_features,0.5,0.9,short,Random Forest,25,0.9657512458912099,0.9100809829656521,0.9095729835333519,0.9098269123394751,18862.0,0.18995864701516277,,,,,
rich_features,0.5,0.9,short,Naive (always 'not congested'),26,0.8365577756633894,0.0,0.0,0.0,18918.0,0.16344222433661063,,,,,
rich_features,0.5,0.9,short,Naive (persistence),26,0.9820276984882123,0.9407431133888533,0.9498706338939198,0.9452848406823302,18918.0,0.16344222433661063,,,,,
rich_features,0.5,0.9,short,Logistic Regression,26,0.9821862776191986,0.9488432714239166,0.9417852522639069,0.9453010874857978,18918.0,0.16344222433661063,,,,,
rich_features,0.5,0.9,short,Random Forest,26,0.9817105402262396,0.9429032258064516,0.9453428201811126,0.9441214470284238,18918.0,0.16344222433661063,,,,,
rich_features,0.5,0.9,short,Naive (always 'not congested'),27,0.6913468211178135,0.0,0.0,0.0,18733.0,0.3086531788821865,,,,,
rich_features,0.5,0.9,short,Naive (persistence),27,0.9758180750547163,0.9578965457982471,0.9640262884814943,0.960951642099819,18733.0,0.3086531788821865,,,,,
rich_features,0.5,0.9,short,Logistic Regression,27,0.9752842577270058,0.9622805492786373,0.9574541681079212,0.9598612917208496,18733.0,0.3086531788821865,,,,,
rich_features,0.5,0.9,short,Random Forest,27,0.9756579298564031,0.9592963090720938,0.9619508820477344,0.960621761658031,18733.0,0.3086531788821865,,,,,
rich_features,0.5,0.9,short,Naive (always 'not congested'),28,0.7911663807890223,0.0,0.0,0.0,18656.0,0.2088336192109777,,,,,
rich_features,0.5,0.9,short,Naive (persistence),28,0.9692324185248714,0.9228615071283096,0.930441478439425,0.9266359918200409,18656.0,0.2088336192109777,,,,,
rich_features,0.5,0.9,short,Logistic Regression,28,0.9690180102915952,0.9322563835330901,0.9183778234086243,0.9252650633566072,18656.0,0.2088336192109777,,,,,
rich_features,0.5,0.9,short,Random Forest,28,0.9693396226415094,0.9254992319508448,0.9278747433264887,0.9266854652653166,18656.0,0.2088336192109777,,,,,
rich_features,0.5,0.9,short,Naive (always 'not congested'),29,0.8365237567895375,0.0,0.0,0.0,18963.0,0.16347624321046247,,,,,
rich_features,0.5,0.9,short,Naive (persistence),29,0.9733691926382956,0.9165329052969502,0.9209677419354839,0.918744971842317,18963.0,0.16347624321046247,,,,,
rich_features,0.5,0.9,short,Logistic Regression,29,0.9733691926382956,0.9261083743842364,0.9096774193548387,0.9178193653376729,18963.0,0.16347624321046247,,,,,
rich_features,0.5,0.9,short,Random Forest,29,0.9729473184622687,0.9179321486268175,0.9164516129032259,0.9171912832929782,18963.0,0.16347624321046247,,,,,
rich_features,0.5,0.9,short,Naive (always 'not congested'),ALL_MEAN,0.79312721746892,0.0,0.0,0.0,,0.20687278253108002,0.05370038166012131,0.0,0.0,0.0,5.0
rich_features,0.5,0.9,short,Naive (persistence),ALL_MEAN,0.9730806761777794,0.9282359533953197,0.9357572933002739,0.931980211919677,,0.20687278253108002,0.005804228020448345,0.019139210267575892,0.018663196729241743,0.018876535564773696,5.0
rich_features,0.5,0.9,short,Logistic Regression,ALL_MEAN,0.9730899868451248,0.9373923087803222,0.9254198592248812,0.9313599435162148,,0.20687278253108002,0.005664506117766991,0.016130928117019102,0.021201780734384657,0.018694052308855992,5.0
rich_features,0.5,0.9,short,Random Forest,ALL_MEAN,0.9730813314155261,0.931142379684372,0.9322386083983826,0.9316893739168449,,0.20687278253108002,0.005456200180334478,0.017781445352702676,0.019165295027798013,0.01846532134575862,5.0
rich_features,0.5,0.9,medium,Naive (always 'not congested'),25,0.8116848690488814,0.0,0.0,0.0,18862.0,0.18831513095111865,,,,,
rich_features,0.5,0.9,medium,Naive (persistence),25,0.9505884847842222,0.8614790286975718,0.8789414414414415,0.8701226309921962,18862.0,0.18831513095111865,,,,,
rich_features,0.5,0.9,medium,Logistic Regression,25,0.9513307178454035,0.8844133099824869,0.8530405405405406,0.8684436801375752,18862.0,0.18831513095111865,,,,,
rich_features,0.5,0.9,medium,Random Forest,25,0.9512777011981762,0.8753920729968634,0.8643018018018018,0.8698115880436322,18862.0,0.18831513095111865,,,,,
rich_features,0.5,0.9,medium,Naive (always 'not congested'),26,0.8368220742150333,0.0,0.0,0.0,18918.0,0.1631779257849667,,,,,
rich_features,0.5,0.9,medium,Naive (persistence),26,0.971402896712126,0.9077514413837284,0.9180434078393263,0.9128684168143019,18918.0,0.1631779257849667,,,,,
rich_features,0.5,0.9,medium,Logistic Regression,26,0.9719314938154139,0.9231788079470199,0.9031422092646583,0.9130505976747995,18918.0,0.1631779257849667,,,,,
rich_features,0.5,0.9,medium,Random Forest,26,0.9717200549740987,0.9172661870503597,0.9086491739552964,0.9129373474369405,18918.0,0.1631779257849667,,,,,
rich_features,0.5,0.9,medium,Naive (always 'not congested'),27,0.6916137297816687,0.0,0.0,0.0,18733.0,0.30838627021833126,,,,,
rich_features,0.5,0.9,medium,Naive (persistence),27,0.9642342390433993,0.9388211032823509,0.9456465293404881,0.9422214556743704,18733.0,0.30838627021833126,,,,,
rich_features,0.5,0.9,medium,Logistic Regression,27,0.9628463139913521,0.947035016716523,0.9316254111130344,0.9392670157068063,18733.0,0.30838627021833126,,,,,
rich_features,0.5,0.9,medium,Random Forest,27,0.963807185181231,0.9440863960982407,0.9382032196641855,0.9411356138218441,18733.0,0.30838627021833126,,,,,
rich_features,0.5,0.9,medium,Naive (always 'not congested'),28,0.7917024013722127,0.0,0.0,0.0,18656.0,0.2082975986277873,,,,,
rich_features,0.5,0.9,medium,Naive (persistence),28,0.9544382504288165,0.8864562118126272,0.8960370560988162,0.8912208855899667,18656.0,0.2082975986277873,,,,,
rich_features,0.5,0.9,medium,Logistic Regression,28,0.9555102915951973,0.9074666666666666,0.8757076685537828,0.8913043478260869,18656.0,0.2082975986277873,,,,,
rich_features,0.5,0.9,medium,Random Forest,28,0.9549742710120068,0.8978578892371996,0.8844570252187339,0.8911070780399274,18656.0,0.2082975986277873,,,,,
rich_features,0.5,0.9,medium,Naive (always 'not congested'),29,0.8372093023255814,0.0,0.0,0.0,18963.0,0.16279069767441862,,,,,
rich_features,0.5,0.9,medium,Naive (persistence),29,0.9615039814375362,0.878330658105939,0.8862973760932945,0.8822960335375686,18963.0,0.16279069767441862,,,,,
rich_features,0.5,0.9,medium,Logistic Regression,29,0.9611348415335126,0.8948252688172043,0.8626498218334953,0.8784430150090714,18963.0,0.16279069767441862,,,,,
rich_features,0.5,0.9,medium,Random Forest,29,0.9608711701734958,0.8870914493232089,0.8704243602202786,0.8786788750817528,18963.0,0.16279069767441862,,,,,
rich_features,0.5,0.9,medium,Naive (always 'not congested'),ALL_MEAN,0.7938064753486755,0.0,0.0,0.0,,0.2061935246513245,0.053854560569258414,0.0,0.0,0.0,5.0
rich_features,0.5,0.9,medium,Naive (persistence),ALL_MEAN,0.96043357048122,0.8945676886564435,0.9049931621626731,0.8997458845216808,,0.2061935246513245,0.007331937724871438,0.02667010565253274,0.024213391254557147,0.025420798785025036,5.0
rich_features,0.5,0.9,medium,Logistic Regression,ALL_MEAN,0.9605507317561759,0.9113838140259801,0.8852331302611022,0.8981017312708678,,0.2061935246513245,0.007007814503975845,0.022032102423987017,0.028670828054280582,0.025417784298543845,5.0
rich_features,0.5,0.9,medium,Random Forest,ALL_MEAN,0.9605300765078016,0.9043387989411744,0.8932071161720593,0.8987341004848194,,0.2061935246513245,0.007106965988376548,0.024184189237666787,0.027181764980766968,0.02567689942538289,5.0
rich_features,0.5,0.9,long,Naive (always 'not congested'),25,0.8152369844131058,0.0,0.0,0.0,18862.0,0.18476301558689429,,,,,
rich_features,0.5,0.9,long,Naive (persistence),25,0.9269960767681051,0.7908388520971302,0.8223816355810617,0.8063018708679139,18862.0,0.18476301558689429,,,,,
rich_features,0.5,0.9,long,Logistic Regression,25,0.9290637260099671,0.828387886203732,0.7770444763271163,0.8018951732306782,18862.0,0.18476301558689429,,,,,
rich_features,0.5,0.9,long,Random Forest,25,0.9291697593044216,0.8229636308987075,0.7856527977044476,0.8038755137991779,18862.0,0.18476301558689429,,,,,
rich_features,0.5,0.9,long,Naive (always 'not congested'),26,0.8369277936356909,0.0,0.0,0.0,18918.0,0.16307220636430914,,,,,
rich_features,0.5,0.9,long,Naive (persistence),26,0.9552278253515171,0.8584240871236387,0.8687196110210696,0.8635411632028355,18918.0,0.16307220636430914,,,,,
rich_features,0.5,0.9,long,Logistic Regression,26,0.9543292102759277,0.8827990348155809,0.8301458670988655,0.8556632141663882,18918.0,0.16307220636430914,,,,,
rich_features,0.5,0.9,long,Random Forest,26,0.9555978433238186,0.8793511321392362,0.8434359805510535,0.8610191925876902,18918.0,0.16307220636430914,,,,,
rich_features,0.5,0.9,long,Naive (always 'not congested'),27,0.6916671115144397,0.0,0.0,0.0,18733.0,0.30833288848556023,,,,,
rich_features,0.5,0.9,long,Naive (persistence),27,0.9445363796508834,0.9070286990891906,0.913781163434903,0.9103924105217767,18733.0,0.30833288848556023,,,,,
rich_features,0.5,0.9,long,Logistic Regression,27,0.9433085997971494,0.9262206148282097,0.8867728531855956,0.9060675747390766,18733.0,0.30833288848556023,,,,,
rich_features,0.5,0.9,long,Random Forest,27,0.9420274382106443,0.9193490701001431,0.8900623268698061,0.9044686840253343,18733.0,0.30833288848556023,,,,,
rich_features,0.5,0.9,long,Naive (always 'not congested'),28,0.7939536878216124,0.0,0.0,0.0,18656.0,0.20604631217838765,,,,,
rich_features,0.5,0.9,long,Naive (persistence),28,0.9316037735849056,0.8268839103869654,0.8449531737773153,0.835820895522388,18656.0,0.20604631217838765,,,,,
rich_features,0.5,0.9,long,Logistic Regression,28,0.9335870497427101,0.8637252164199944,0.804630593132154,0.8331313131313132,18656.0,0.20604631217838765,,,,,
rich_features,0.5,0.9,long,Random Forest,28,0.9330510291595198,0.8542178542178542,0.8139958376690947,0.8336219528440123,18656.0,0.20604631217838765,,,,,
rich_features,0.5,0.9,long,Naive (always 'not congested'),29,0.8378948478616253,0.0,0.0,0.0,18963.0,0.16210515213837473,,,,,
rich_features,0.5,0.9,long,Naive (persistence),29,0.9428887834203449,0.8195826645264848,0.8305139882888745,0.8250121182743577,18963.0,0.16210515213837473,,,,,
rich_features,0.5,0.9,long,Logistic Regression,29,0.9416231608922638,0.8425635667014978,0.7869225764476252,0.8137931034482758,18963.0,0.16210515213837473,,,,,
rich_features,0.5,0.9,long,Random Forest,29,0.9414122238042504,0.8378657487091222,0.7918022121014964,0.8141829737414283,18963.0,0.16210515213837473,,,,,
rich_features,0.5,0.9,long,Naive (always 'not congested'),ALL_MEAN,0.7951360850492948,0.0,0.0,0.0,,0.20486391495070516,0.0541961832726365,0.0,0.0,0.0,5.0
rich_features,0.5,0.9,long,Naive (persistence),ALL_MEAN,0.9402505677551511,0.840551642644682,0.856069914420645,0.8482136916778543,,0.20486391495070516,0.010000951868275841,0.03958911415425858,0.03287001825684184,0.03619287109079351,5.0
rich_features,0.5,0.9,long,Logistic Regression,ALL_MEAN,0.9403823493436037,0.8687392637938028,0.8171032732382713,0.8421100757431464,,0.20486391495070516,0.008705226197134638,0.034176963998216424,0.03923036844694844,0.03680749032740324,5.0
rich_features,0.5,0.9,long,Random Forest,ALL_MEAN,0.9402516587605309,0.8627494872130127,0.8249898309791798,0.8434336633995286,,0.20486391495070516,0.009106736481670166,0.033923534495715994,0.03832591363031929,0.036197359817875294,5.0
rich_features,0.5,0.9,extra_long,Naive (always 'not congested'),25,0.8133283851129255,0.0,0.0,0.0,18862.0,0.18667161488707454,,,,,
rich_features,0.5,0.9,extra_long,Naive (persistence),25,0.9363270066800975,0.8200883002207505,0.8440783868219256,0.8319104268719384,18862.0,0.18667161488707454,,,,,
rich_features,0.5,0.9,extra_long,Logistic Regression,25,0.9380765560385961,0.8521400778210116,0.8085771087759159,0.8297872340425532,18862.0,0.18667161488707454,,,,,
rich_features,0.5,0.9,extra_long,Random Forest,25,0.9380765560385961,0.8485925925925926,0.8134052825901732,0.8306264501160093,18862.0,0.18667161488707454,,,,,
rich_features,0.5,0.9,extra_long,Naive (always 'not congested'),26,0.8371920921873348,0.0,0.0,0.0,18918.0,0.1628079078126652,,,,,
rich_features,0.5,0.9,extra_long,Naive (persistence),26,0.9628924833491912,0.8808456117873158,0.8928571428571429,0.8868107062237988,18918.0,0.1628079078126652,,,,,
rich_features,0.5,0.9,extra_long,Logistic Regression,26,0.9630510624801776,0.9017887276409045,0.8675324675324675,0.884328975674334,18918.0,0.1628079078126652,,,,,
rich_features,0.5,0.9,extra_long,Random Forest,26,0.9633153610318216,0.8992637215528781,0.8724025974025974,0.8856295319709954,18918.0,0.1628079078126652,,,,,
rich_features,0.5,0.9,extra_long,Naive (always 'not congested'),27,0.6917204932472109,0.0,0.0,0.0,18733.0,0.3082795067527892,,,,,
rich_features,0.5,0.9,extra_long,Naive (persistence),27,0.9539849463513586,0.9221515724351264,0.9291774891774892,0.9256511988959807,18733.0,0.3082795067527892,,,,,
rich_features,0.5,0.9,extra_long,Logistic Regression,27,0.9524902578337693,0.9349955476402493,0.9090909090909091,0.9218612818261633,18733.0,0.3082795067527892,,,,,
rich_features,0.5,0.9,extra_long,Random Forest,27,0.952169967437143,0.9319992916592881,0.9113419913419913,0.9215548940640869,18733.0,0.3082795067527892,,,,,
rich_features,0.5,0.9,extra_long,Naive (always 'not congested'),28,0.7923456260720412,0.0,0.0,0.0,18656.0,0.20765437392795882,,,,,
rich_features,0.5,0.9,extra_long,Naive (persistence),28,0.9420025728987993,0.8553971486761711,0.8673205988642231,0.8613176108690079,18656.0,0.20765437392795882,,,,,
rich_features,0.5,0.9,extra_long,Logistic Regression,28,0.9433426243567753,0.883892068683565,0.8371192565823439,0.8598700782182156,18656.0,0.20765437392795882,,,,,
rich_features,0.5,0.9,extra_long,Random Forest,28,0.942860205831904,0.8772165502418054,0.8427981414558596,0.859662980516061,18656.0,0.20765437392795882,,,,,
rich_features,0.5,0.9,extra_long,Naive (always 'not congested'),29,0.8378948478616253,0.0,0.0,0.0,18963.0,0.16210515213837473,,,,,
rich_features,0.5,0.9,extra_long,Naive (persistence),29,0.9514317354848917,0.845585874799358,0.8568640208197787,0.8511875908870576,18963.0,0.16210515213837473,,,,,
rich_features,0.5,0.9,extra_long,Logistic Regression,29,0.9503243157728207,0.8645690834473324,0.8223812621990891,0.8429476492164054,18963.0,0.16210515213837473,,,,,
rich_features,0.5,0.9,extra_long,Random Forest,29,0.9505879871328377,0.8618354216051473,0.8279115159401431,0.8445329351252696,18963.0,0.16210515213837473,,,,,
rich_features,0.5,0.9,extra_long,Naive (always 'not congested'),ALL_MEAN,0.7944962888962276,0.0,0.0,0.0,,0.20550371110377247,0.05408974747349589,0.0,0.0,0.0,5.0
rich_features,0.5,0.9,extra_long,Naive (persistence),ALL_MEAN,0.9493277489528676,0.8648137015837444,0.8780595277081119,0.8713755067495568,,0.20550371110377247,0.009303717214579788,0.034650817875304246,0.03017054006735015,0.032404635121985645,5.0
rich_features,0.5,0.9,extra_long,Logistic Regression,ALL_MEAN,0.9494569632964278,0.8874771010466125,0.8489402008361452,0.8677590437955344,,0.20550371110377247,0.008504722437672576,0.02915187939144382,0.035883342179060806,0.03262304160298008,5.0
rich_features,0.5,0.9,extra_long,Random Forest,ALL_MEAN,0.9494020154944603,0.8837815155303422,0.8535719057461529,0.8684013583584844,,0.20550371110377247,0.008645352234276945,0.02941986656488246,0.034870804280211956,0.032233873151434375,5.0
rich_features,0.5,0.95,short,Naive (always 'not congested'),25,0.47707565575547367,0.0,0.0,0.0,18452.0,0.5229243442445264,,,,,
rich_features,0.5,0.95,short,Naive (persistence),25,0.9943095599393019,0.9938936038087353,0.9952326665975749,0.994562684480348,18452.0,0.5229243442445264,,,,,
rich_features,0.5,0.95,short,Logistic Regression,25,0.9942011706048125,0.9944041450777202,0.994507202818945,0.9944556712783046,18452.0,0.5229243442445264,,,,,
rich_features,0.5,0.95,short,Random Forest,25,0.9940385866030783,0.9935837731553347,0.9950253912322521,0.9943040596520298,18452.0,0.5229243442445264,,,,,
rich_features,0.5,0.95,short,Naive (always 'not congested'),26,0.8089713430282293,0.0,0.0,0.0,18704.0,0.19102865697177074,,,,,
rich_features,0.5,0.95,short,Naive (persistence),26,0.9888259195893926,0.9700950251537171,0.9714525608732157,0.9707733184170046,18704.0,0.19102865697177074,,,,,
rich_features,0.5,0.95,short,Logistic Regression,26,0.9883982035928144,0.9721440630275746,0.9669745312062692,0.9695524063420794,18704.0,0.19102865697177074,,,,,
rich_features,0.5,0.95,short,Random Forest,26,0.9887724550898204,0.9698239731768651,0.9714525608732157,0.9706375838926175,18704.0,0.19102865697177074,,,,,
rich_features,0.5,0.95,short,Naive (always 'not congested'),27,0.8746292372881356,0.0,0.0,0.0,18880.0,0.1253707627118644,,,,,
rich_features,0.5,0.95,short,Naive (persistence),27,0.9858580508474576,0.9419191919191919,0.9455006337135615,0.9437065148640101,18880.0,0.1253707627118644,,,,,
rich_features,0.5,0.95,short,Logistic Regression,27,0.9860699152542373,0.9522785898538263,0.9357836924376849,0.9439590880034093,18880.0,0.1253707627118644,,,,,
rich_features,0.5,0.95,short,Random Forest,27,0.9858580508474576,0.94529262086514,0.9416983523447402,0.9434920634920635,18880.0,0.1253707627118644,,,,,
rich_features,0.5,0.95,short,Naive (always 'not congested'),28,0.7060623959619825,0.0,0.0,0.0,18623.0,0.2939376040380175,,,,,
rich_features,0.5,0.95,short,Naive (persistence),28,0.9751382698813296,0.956125978518114,0.9594446474241871,0.9577824382237622,18623.0,0.2939376040380175,,,,,
rich_features,0.5,0.95,short,Logistic Regression,28,0.9753530580465016,0.9623824451410659,0.953416149068323,0.9578783151326054,18623.0,0.2939376040380175,,,,,
rich_features,0.5,0.95,short,Random Forest,28,0.9752456639639155,0.9568069983597595,0.959079283887468,0.9579417936319679,18623.0,0.2939376040380175,,,,,
rich_features,0.5,0.95,short,Naive (always 'not congested'),29,0.9653652058432934,0.0,0.0,0.0,18825.0,0.034634794156706505,,,,,
rich_features,0.5,0.95,short,Naive (persistence),29,0.9961752988047808,0.9461538461538461,0.9432515337423313,0.9447004608294931,18825.0,0.034634794156706505,,,,,
rich_features,0.5,0.95,short,Logistic Regression,29,0.9962815405046481,0.9490740740740741,0.9432515337423313,0.9461538461538461,18825.0,0.034634794156706505,,,,,
rich_features,0.5,0.95,short,Random Forest,29,0.9963346613545817,0.9423368740515933,0.9524539877300614,0.9473684210526315,18825.0,0.034634794156706505,,,,,
rich_features,0.5,0.95,short,Naive (always 'not congested'),ALL_MEAN,0.7664207675754229,0.0,0.0,0.0,,0.23357923242457707,0.1676080192977506,0.0,0.0,0.0,5.0
rich_features,0.5,0.95,short,Naive (persistence),ALL_MEAN,0.9880614198124524,0.9616375291107209,0.9629764084701741,0.9623050833629236,,0.23357923242457707,0.007447434272204354,0.01881976643682856,0.019074894864192574,0.018913210402203815,5.0
rich_features,0.5,0.95,short,Logistic Regression,ALL_MEAN,0.9880607776006027,0.9660566634348523,0.9587866218547105,0.9623998653820489,,0.23357923242457707,0.007360012152418723,0.01632409067829256,0.020699359730895796,0.018456290860263645,5.0
rich_features,0.5,0.95,short,Random Forest,ALL_MEAN,0.9880498835717708,0.9615688479217385,0.9639419152135476,0.9627487843442621,,0.23357923242457707,0.00739968089803879,0.01871129139360191,0.018291998414652594,0.018376357586492864,5.0
rich_features,0.5,0.95,medium,Naive (always 'not congested'),25,0.4777801864296553,0.0,0.0,0.0,18452.0,0.5222198135703446,,,,,
rich_features,0.5,0.95,medium,Naive (persistence),25,0.992412746585736,0.9914096460360173,0.9940846824408468,0.9927453622137009,18452.0,0.5222198135703446,,,,,
rich_features,0.5,0.95,medium,Logistic Regression,25,0.9924669412529807,0.9925318950316357,0.9930469074304691,0.9927893344400063,18452.0,0.5222198135703446,,,,,
rich_features,0.5,0.95,medium,Random Forest,25,0.9929004985909387,0.9929467897521004,0.9934620174346201,0.9932043367743943,18452.0,0.5222198135703446,,,,,
rich_features,0.5,0.95,medium,Naive (always 'not congested'),26,0.8093990590248076,0.0,0.0,0.0,18704.0,0.19060094097519248,,,,,
rich_features,0.5,0.95,medium,Naive (persistence),26,0.9831586826347305,0.9541643376187814,0.9576437587657785,0.9559008819823603,18704.0,0.19060094097519248,,,,,
rich_features,0.5,0.95,medium,Logistic Regression,26,0.9829982891360137,0.9595244834418342,0.9509116409537167,0.9551986475063398,18704.0,0.19060094097519248,,,,,
rich_features,0.5,0.95,medium,Random Forest,26,0.983051753635586,0.9569499155880697,0.9539971949509116,0.9554712740553448,18704.0,0.19060094097519248,,,,,
rich_features,0.5,0.95,medium,Naive (always 'not congested'),27,0.8750529661016949,0.0,0.0,0.0,18880.0,0.12494703389830508,,,,,
rich_features,0.5,0.95,medium,Naive (persistence),27,0.9782309322033899,0.9099326599326599,0.9164900381517592,0.9131995776135163,18880.0,0.12494703389830508,,,,,
rich_features,0.5,0.95,medium,Logistic Regression,27,0.9795550847457627,0.9298474945533769,0.9046206019499788,0.9170605930382467,18880.0,0.12494703389830508,,,,,
rich_features,0.5,0.95,medium,Random Forest,27,0.9789724576271186,0.9261511728931364,0.9037727850784231,0.9148251448187085,18880.0,0.12494703389830508,,,,,
rich_features,0.5,0.95,medium,Naive (always 'not congested'),28,0.7061160930032755,0.0,0.0,0.0,18623.0,0.29388390699672445,,,,,
rich_features,0.5,0.95,medium,Naive (persistence),28,0.9649895290769479,0.9388312397596942,0.9422620135209209,0.9405434980849899,18623.0,0.29388390699672445,,,,,
rich_features,0.5,0.95,medium,Logistic Regression,28,0.9655801965311711,0.9487369985141159,0.9333089713137219,0.9409597494703877,18623.0,0.29388390699672445,,,,,
rich_features,0.5,0.95,medium,Random Forest,28,0.9645062557053107,0.9440753045404208,0.9345879773433218,0.9393076852446974,18623.0,0.29388390699672445,,,,,
rich_features,0.5,0.95,medium,Naive (always 'not congested'),29,0.9652589641434263,0.0,0.0,0.0,18825.0,0.034741035856573704,,,,,
rich_features,0.5,0.95,medium,Naive (persistence),29,0.9935192563081009,0.9092307692307692,0.9036697247706422,0.906441717791411,18825.0,0.034741035856573704,,,,,
rich_features,0.5,0.95,medium,Logistic Regression,29,0.9938379814077025,0.9216300940438872,0.8990825688073395,0.9102167182662538,18825.0,0.034741035856573704,,,,,
rich_features,0.5,0.95,medium,Random Forest,29,0.9938379814077025,0.9164086687306502,0.9051987767584098,0.9107692307692308,18825.0,0.034741035856573704,,,,,
rich_features,0.5,0.95,medium,Naive (always 'not congested'),ALL_MEAN,0.766721453740572,0.0,0.0,0.0,,0.23327854625942807,0.1674122476436805,0.0,0.0,0.0,5.0
rich_features,0.5,0.95,medium,Naive (persistence),ALL_MEAN,0.9824622293617811,0.9407137305155844,0.9428300435299894,0.9417662075371958,,0.23327854625942807,0.010439873715361564,0.030637198340702144,0.03185634403292224,0.031189838642105373,5.0
rich_features,0.5,0.95,medium,Logistic Regression,ALL_MEAN,0.9828876986147261,0.9504541931169699,0.9361941380910453,0.9432450085442469,,0.23327854625942807,0.010220946693961156,0.024944805613059184,0.034150617032662714,0.02959474174921676,5.0
rich_features,0.5,0.95,medium,Random Forest,ALL_MEAN,0.9826537893933314,0.9473063703008755,0.9382037503131373,0.9427155343324751,,0.23327854625942807,0.010706304296661286,0.026790655008869825,0.0334389067982409,0.03007285035338817,5.0
rich_features,0.5,0.95,long,Naive (always 'not congested'),25,0.478484717103837,0.0,0.0,0.0,18452.0,0.521515282896163,,,,,
rich_features,0.5,0.95,long,Naive (persistence),25,0.9896488185562541,0.9880977023390602,0.9921022550140289,0.9900959294788696,18452.0,0.521515282896163,,,,,
rich_features,0.5,0.95,long,Logistic Regression,25,0.9904617385649253,0.9908552426478229,0.9908552426478229,0.9908552426478229,18452.0,0.521515282896163,,,,,
rich_features,0.5,0.95,long,Random Forest,25,0.9911662692391069,0.9919908466819222,0.9910630780421906,0.9915267453345116,18452.0,0.521515282896163,,,,,
rich_features,0.5,0.95,long,Naive (always 'not congested'),26,0.8088109495295124,0.0,0.0,0.0,18704.0,0.1911890504704876,,,,,
rich_features,0.5,0.95,long,Naive (persistence),26,0.9742301112061591,0.9323644494130799,0.9328859060402684,0.9326251048364551,18704.0,0.1911890504704876,,,,,
rich_features,0.5,0.95,long,Logistic Regression,26,0.9747112917023096,0.9424009124607927,0.9242170022371364,0.9332203868417337,18704.0,0.1911890504704876,,,,,
rich_features,0.5,0.95,long,Random Forest,26,0.9741766467065869,0.9427426281133696,0.9208612975391499,0.9316735040316877,18704.0,0.1911890504704876,,,,,
rich_features,0.5,0.95,long,Naive (always 'not congested'),27,0.8766419491525423,0.0,0.0,0.0,18880.0,0.12335805084745763,,,,,
rich_features,0.5,0.95,long,Naive (persistence),27,0.9640360169491525,0.8472222222222222,0.8643194504079004,0.8556854410201913,18880.0,0.12335805084745763,,,,,
rich_features,0.5,0.95,long,Logistic Regression,27,0.966207627118644,0.8759448643841707,0.8458565908115071,0.8606378331148974,18880.0,0.12335805084745763,,,,,
rich_features,0.5,0.95,long,Random Forest,27,0.9655190677966101,0.8769092542677448,0.8381279519106913,0.8570801317233809,18880.0,0.12335805084745763,,,,,
rich_features,0.5,0.95,long,Naive (always 'not congested'),28,0.7056865166729314,0.0,0.0,0.0,18623.0,0.2943134833270687,,,,,
rich_features,0.5,0.95,long,Naive (persistence),28,0.9524244214143801,0.918259603131258,0.9202700237182996,0.9192637142336432,18623.0,0.2943134833270687,,,,,
rich_features,0.5,0.95,long,Logistic Regression,28,0.9524781184556731,0.9348978046934141,0.9012953840540048,0.917789131444496,18623.0,0.2943134833270687,,,,,
rich_features,0.5,0.95,long,Random Forest,28,0.9522096332492079,0.9371548276518759,0.8978288633461047,0.9170704435333582,18623.0,0.2943134833270687,,,,,
rich_features,0.5,0.95,long,Naive (always 'not congested'),29,0.9655776892430279,0.0,0.0,0.0,18825.0,0.034422310756972115,,,,,
rich_features,0.5,0.95,long,Naive (persistence),29,0.9913944223107569,0.8738461538461538,0.8765432098765432,0.8751926040061633,18825.0,0.034422310756972115,,,,,
rich_features,0.5,0.95,long,Logistic Regression,29,0.9920318725099602,0.8964968152866242,0.8688271604938271,0.8824451410658307,18825.0,0.034422310756972115,,,,,
rich_features,0.5,0.95,long,Random Forest,29,0.9919787516600266,0.9001610305958132,0.8626543209876543,0.8810086682427108,18825.0,0.034422310756972115,,,,,
rich_features,0.5,0.95,long,Naive (always 'not congested'),ALL_MEAN,0.76704036434037,0.0,0.0,0.0,,0.23295963565962982,0.16745328586539024,0.0,0.0,0.0,5.0
rich_features,0.5,0.95,long,Naive (persistence),ALL_MEAN,0.9743467580873405,0.9119580261903548,0.9172241690114081,0.9145725587150645,,0.23295963565962982,0.014911000936120116,0.04877831771124955,0.04542057834885292,0.047053489469701525,5.0
rich_features,0.5,0.95,long,Logistic Regression,ALL_MEAN,0.9751781296703024,0.9281191278945649,0.9062102760488596,0.9169895470229562,,0.23295963565962982,0.014923911762075486,0.03976899383036922,0.05010635363346769,0.044920044812804504,5.0
rich_features,0.5,0.95,long,Random Forest,ALL_MEAN,0.9750100737303077,0.9297917174621452,0.9021071023651581,0.9156718985731299,,0.23295963565962982,0.015228871030845298,0.03940864288893582,0.05278833663921897,0.04614433824851072,5.0
rich_features,0.5,0.95,extra_long,Naive (always 'not congested'),25,0.4782137437676133,0.0,0.0,0.0,18452.0,0.5217862562323867,,,,,
rich_features,0.5,0.95,extra_long,Naive (persistence),25,0.9908952959028832,0.989546677706479,0.9930411300373909,0.9912908242612752,18452.0,0.5217862562323867,,,,,
rich_features,0.5,0.95,extra_long,Logistic Regression,25,0.9913288532408411,0.9914867109634552,0.9918986289987536,0.9916926272066459,18452.0,0.5217862562323867,,,,,
rich_features,0.5,0.95,extra_long,Random Forest,25,0.9919791892477781,0.9922118380062306,0.9924179476526797,0.9923148821269083,18452.0,0.5217862562323867,,,,,
rich_features,0.5,0.95,extra_long,Naive (always 'not congested'),26,0.8091852010265184,0.0,0.0,0.0,18704.0,0.1908147989734816,,,,,
rich_features,0.5,0.95,extra_long,Naive (persistence),26,0.9787745936698032,0.9432643935159307,0.9456430372653404,0.944452217713726,18704.0,0.1908147989734816,,,,,
rich_features,0.5,0.95,extra_long,Logistic Regression,26,0.9788280581693756,0.9500709219858156,0.9383580834967779,0.9441781787425993,18704.0,0.1908147989734816,,,,,
rich_features,0.5,0.95,extra_long,Random Forest,26,0.9785607356715141,0.9494892167990919,0.9375175119080975,0.9434653884111095,18704.0,0.1908147989734816,,,,,
rich_features,0.5,0.95,extra_long,Naive (always 'not congested'),27,0.8760063559322034,0.0,0.0,0.0,18880.0,0.12399364406779662,,,,,
rich_features,0.5,0.95,extra_long,Naive (persistence),27,0.9711334745762712,0.8779461279461279,0.8910721913712089,0.8844604621581513,18880.0,0.12399364406779662,,,,,
rich_features,0.5,0.95,extra_long,Logistic Regression,27,0.9728813559322034,0.9026860413914575,0.8756941478000855,0.8889852558542931,18880.0,0.12399364406779662,,,,,
rich_features,0.5,0.95,extra_long,Random Forest,27,0.9715572033898305,0.8970070422535211,0.8705681332763776,0.8835898547582918,18880.0,0.12399364406779662,,,,,
rich_features,0.5,0.95,extra_long,Naive (always 'not congested'),28,0.7060623959619825,0.0,0.0,0.0,18623.0,0.2939376040380175,,,,,
rich_features,0.5,0.95,extra_long,Naive (persistence),28,0.9579552166675617,0.9269979974513016,0.9302155644866642,0.9286039937995806,18623.0,0.2939376040380175,,,,,
rich_features,0.5,0.95,extra_long,Logistic Regression,28,0.9587606722869569,0.941297824456114,0.9168797953964194,0.928928373126041,18623.0,0.2939376040380175,,,,,
rich_features,0.5,0.95,extra_long,Random Forest,28,0.9574182462546313,0.9370681605975724,0.91669711362806,0.9267707082833133,18623.0,0.2939376040380175,,,,,
rich_features,0.5,0.95,extra_long,Naive (always 'not congested'),29,0.9655245683930943,0.0,0.0,0.0,18825.0,0.03447543160690571,,,,,
rich_features,0.5,0.95,extra_long,Naive (persistence),29,0.9915537848605578,0.8769230769230769,0.8782742681047766,0.8775981524249422,18825.0,0.03447543160690571,,,,,
rich_features,0.5,0.95,extra_long,Logistic Regression,29,0.9922974767596282,0.8987341772151899,0.8751926040061633,0.8868071818891491,18825.0,0.03447543160690571,,,,,
rich_features,0.5,0.95,extra_long,Random Forest,29,0.9919787516600266,0.8952380952380953,0.8690292758089369,0.8819390148553558,18825.0,0.03447543160690571,,,,,
rich_features,0.5,0.95,extra_long,Naive (always 'not congested'),ALL_MEAN,0.7669984530162823,0.0,0.0,0.0,,0.23300154698371767,0.16744245246506423,0.0,0.0,0.0,5.0
rich_features,0.5,0.95,extra_long,Naive (persistence),ALL_MEAN,0.9780624731354154,0.9229356547085832,0.9276492382530762,0.9252811300715351,,0.23300154698371767,0.012645289491335249,0.042445267033345,0.04094442667838026,0.04165535989018214,5.0
rich_features,0.5,0.95,extra_long,Logistic Regression,ALL_MEAN,0.9788192832778011,0.9368551352024065,0.91960465193964,0.9281183233637457,,0.23300154698371767,0.012455986297648953,0.034058003429353605,0.04355708331100304,0.03882853236255522,5.0
rich_features,0.5,0.95,extra_long,Random Forest,ALL_MEAN,0.9782988252447561,0.9342028705789023,0.9172459964548303,0.9256159696869958,,0.23300154698371767,0.01308288490549151,0.03607965058536521,0.045968974142941016,0.04109148527383124,5.0
