dataset,erlang_k,rho,horizon,model,test_run_id,MAE,RMSE,n_test,MAE_std,relative_improvement_over_persistence,n_test_runs
history_only,2,0.3,short,Naive (persistence),25,0.15941040704993706,0.49244182489124955,19064.0,,,
history_only,2,0.3,short,Linear Regression,25,0.17043066605969778,0.363748285967901,19064.0,,,
history_only,2,0.3,short,Decision Tree,25,0.17055584371360857,0.3645847916274395,19064.0,,,
history_only,2,0.3,short,Random Forest,25,0.17085506973750014,0.36465678735198054,19064.0,,,
history_only,2,0.3,short,Naive (persistence),26,0.15811829669746202,0.48902144868619074,18834.0,,,
history_only,2,0.3,short,Linear Regression,26,0.17135772765935928,0.37303762226869075,18834.0,,,
history_only,2,0.3,short,Decision Tree,26,0.17085598467388818,0.37083214703319145,18834.0,,,
history_only,2,0.3,short,Random Forest,26,0.17128183313320242,0.37196586025398065,18834.0,,,
history_only,2,0.3,short,Naive (persistence),27,0.19005095340652414,0.5432398398123838,19037.0,,,
history_only,2,0.3,short,Linear Regression,27,0.18984127298337303,0.40830379742112,19037.0,,,
history_only,2,0.3,short,Decision Tree,27,0.18935421083312917,0.4092172997822002,19037.0,,,
history_only,2,0.3,short,Random Forest,27,0.18944980914047285,0.4086076143276465,19037.0,,,
history_only,2,0.3,short,Naive (persistence),28,0.1787503295544424,0.5304341624916348,18965.0,,,
history_only,2,0.3,short,Linear Regression,28,0.18118646786799517,0.39544086113746085,18965.0,,,
history_only,2,0.3,short,Decision Tree,28,0.18043686842124423,0.3944617639771758,18965.0,,,
history_only,2,0.3,short,Random Forest,28,0.18065088854133377,0.39409767234936266,18965.0,,,
history_only,2,0.3,short,Naive (persistence),29,0.1714450745641672,0.5015728255267308,19044.0,,,
history_only,2,0.3,short,Linear Regression,29,0.17698640097591478,0.36951995630862833,19044.0,,,
history_only,2,0.3,short,Decision Tree,29,0.17674148094574962,0.37052390141380676,19044.0,,,
history_only,2,0.3,short,Random Forest,29,0.17684353358028757,0.36986587184441255,19044.0,,,
history_only,2,0.3,short,Linear Regression,ALL_MEAN,0.177960507109268,,,0.007110604841040067,-0.03733784732129375,5.0
history_only,2,0.3,short,Decision Tree,ALL_MEAN,0.17758887771752396,,,0.00695769518872042,-0.035171606959906176,5.0
history_only,2,0.3,short,Random Forest,ALL_MEAN,0.17781622682655934,,,0.006862618823765368,-0.03649683264726833,5.0
history_only,2,0.3,short,Naive (persistence),ALL_MEAN,0.17155501225450656,,,0.012015999974843457,0.0,5.0
history_only,2,0.3,medium,Naive (persistence),25,0.1688522870331515,0.5089938071938056,19064.0,,,
history_only,2,0.3,medium,Linear Regression,25,0.17140043490497273,0.36190980792288907,19064.0,,,
history_only,2,0.3,medium,Decision Tree,25,0.1714993403432513,0.3620251951623487,19064.0,,,
history_only,2,0.3,medium,Random Forest,25,0.1715116502107148,0.3618546520985851,19064.0,,,
history_only,2,0.3,medium,Naive (persistence),26,0.1684188170330254,0.5190437290769092,18834.0,,,
history_only,2,0.3,medium,Linear Regression,26,0.17333723355747596,0.3752226402167345,18834.0,,,
history_only,2,0.3,medium,Decision Tree,26,0.17316774346135014,0.375173247103383,18834.0,,,
history_only,2,0.3,medium,Random Forest,26,0.17336211319538414,0.37525225266056983,18834.0,,,
history_only,2,0.3,medium,Naive (persistence),27,0.2075957346220518,0.5746295206395505,19037.0,,,
history_only,2,0.3,medium,Linear Regression,27,0.19176583493848934,0.413076756097861,19037.0,,,
history_only,2,0.3,medium,Decision Tree,27,0.19156901895816725,0.4131022320601476,19037.0,,,
history_only,2,0.3,medium,Random Forest,27,0.19173126330638635,0.41309461868316005,19037.0,,,
history_only,2,0.3,medium,Naive (persistence),28,0.18882151331399946,0.5608268536908003,18965.0,,,
history_only,2,0.3,medium,Linear Regression,28,0.18227933747477143,0.39828007168723356,18965.0,,,
history_only,2,0.3,medium,Decision Tree,28,0.18221649116391442,0.39836855206877325,18965.0,,,
history_only,2,0.3,medium,Random Forest,28,0.18237226950993815,0.39833702079026173,18965.0,,,
history_only,2,0.3,medium,Naive (persistence),29,0.1798466708674648,0.5194697019716749,19044.0,,,
history_only,2,0.3,medium,Linear Regression,29,0.17666961224600014,0.3671010739206008,19044.0,,,
history_only,2,0.3,medium,Decision Tree,29,0.17656732274975884,0.367068093635637,19044.0,,,
history_only,2,0.3,medium,Random Forest,29,0.17673683329220116,0.36714430393957537,19044.0,,,
history_only,2,0.3,medium,Linear Regression,ALL_MEAN,0.17909049062434193,,,0.007333903103871118,0.01979406294810726,5.0
history_only,2,0.3,medium,Decision Tree,ALL_MEAN,0.17900398333528839,,,0.007273499898485595,0.020267538441043453,5.0
history_only,2,0.3,medium,Random Forest,ALL_MEAN,0.1791428259029249,,,0.007298470313252013,0.019507619203353088,5.0
history_only,2,0.3,medium,Naive (persistence),ALL_MEAN,0.1827070045739386,,,0.014567931293027334,0.0,5.0
history_only,2,0.3,long,Naive (persistence),25,0.172524129248846,0.519298164158476,19064.0,,,
history_only,2,0.3,long,Linear Regression,25,0.17188327452977895,0.36351527983038734,19064.0,,,
history_only,2,0.3,long,Decision Tree,25,0.1718373254625665,0.363522542206412,19064.0,,,
history_only,2,0.3,long,Random Forest,25,0.1719073281868357,0.36358101596278153,19064.0,,,
history_only,2,0.3,long,Naive (persistence),26,0.17261335881915685,0.5337201262810022,18834.0,,,
history_only,2,0.3,long,Linear Regression,26,0.17361518545728924,0.3757664416857638,18834.0,,,
history_only,2,0.3,long,Decision Tree,26,0.17348575134809258,0.37576050630189467,18834.0,,,
history_only,2,0.3,long,Random Forest,26,0.17355218505235523,0.37579485175007005,18834.0,,,
history_only,2,0.3,long,Naive (persistence),27,0.2102221988758733,0.5845986047770335,19037.0,,,
history_only,2,0.3,long,Linear Regression,27,0.19144611224827432,0.4125928384790697,19037.0,,,
history_only,2,0.3,long,Decision Tree,27,0.19136235215740488,0.4125650125933052,19037.0,,,
history_only,2,0.3,long,Random Forest,27,0.191341710061621,0.41255610408240795,19037.0,,,
history_only,2,0.3,long,Naive (persistence),28,0.19325072501977328,0.5657879489382243,18965.0,,,
history_only,2,0.3,long,Linear Regression,28,0.18256886936628763,0.3984118252494229,18965.0,,,
history_only,2,0.3,long,Decision Tree,28,0.1824668893130413,0.39838675880920266,18965.0,,,
history_only,2,0.3,long,Random Forest,28,0.18246381166497908,0.3984045889126349,18965.0,,,
history_only,2,0.3,long,Naive (persistence),29,0.18010922075194286,0.5190146254918836,19044.0,,,
history_only,2,0.3,long,Linear Regression,29,0.1762102551851228,0.3646244885519455,19044.0,,,
history_only,2,0.3,long,Decision Tree,29,0.17619913835290157,0.364672725009074,19044.0,,,
history_only,2,0.3,long,Random Forest,29,0.17617587380580896,0.3646388613675204,19044.0,,,
history_only,2,0.3,long,Linear Regression,ALL_MEAN,0.1791447393573506,,,0.007140930982056272,0.03552841435295018,5.0
history_only,2,0.3,long,Decision Tree,ALL_MEAN,0.17907029132680138,,,0.007132713911407124,0.03592922439252866,5.0
history_only,2,0.3,long,Random Forest,ALL_MEAN,0.17908818175432,,,0.0071026373735442894,0.03583290669400907,5.0
history_only,2,0.3,long,Naive (persistence),ALL_MEAN,0.18574392654311844,,,0.01438375888545078,0.0,5.0
history_only,2,0.3,extra_long,Naive (persistence),25,0.16717373059169113,0.506617973306362,19064.0,,,
history_only,2,0.3,extra_long,Linear Regression,25,0.1704011480545373,0.35769390388829275,19064.0,,,
history_only,2,0.3,extra_long,Decision Tree,25,0.17035302002127847,0.3577214679743039,19064.0,,,
history_only,2,0.3,extra_long,Random Forest,25,0.1704853678621066,0.3577281352823966,19064.0,,,
history_only,2,0.3,extra_long,Naive (persistence),26,0.17171073590315386,0.531477071230061,18834.0,,,
history_only,2,0.3,extra_long,Linear Regression,26,0.17257895149531835,0.3717569597039832,18834.0,,,
history_only,2,0.3,extra_long,Decision Tree,26,0.1724244606674607,0.3717192479784006,18834.0,,,
history_only,2,0.3,extra_long,Random Forest,26,0.1725490126626594,0.3717433232983632,18834.0,,,
history_only,2,0.3,extra_long,Naive (persistence),27,0.2119556652833955,0.5860793419962663,19037.0,,,
history_only,2,0.3,extra_long,Linear Regression,27,0.19234485976125676,0.41395379113309005,19037.0,,,
history_only,2,0.3,extra_long,Decision Tree,27,0.19234662274829004,0.4139798234712475,19037.0,,,
history_only,2,0.3,extra_long,Random Forest,27,0.19246776037200547,0.41400072497735263,19037.0,,,
history_only,2,0.3,extra_long,Naive (persistence),28,0.19193250725019773,0.5641546758525687,18965.0,,,
history_only,2,0.3,extra_long,Linear Regression,28,0.18293937769867677,0.39837950272340295,18965.0,,,
history_only,2,0.3,extra_long,Decision Tree,28,0.1828595552719913,0.3983771963073159,18965.0,,,
history_only,2,0.3,extra_long,Random Forest,28,0.1829320310703937,0.39836067434587846,18965.0,,,
history_only,2,0.3,extra_long,Naive (persistence),29,0.17842890149128335,0.5176977130287465,19044.0,,,
history_only,2,0.3,extra_long,Linear Regression,29,0.17575544537819016,0.36450933394008905,19044.0,,,
history_only,2,0.3,extra_long,Decision Tree,29,0.17574333373202902,0.36454548232099976,19044.0,,,
history_only,2,0.3,extra_long,Random Forest,29,0.17585111443752063,0.3645330708387307,19044.0,,,
history_only,2,0.3,extra_long,Linear Regression,ALL_MEAN,0.1788039564775959,,,0.007988855572113297,0.029506852665928895,5.0
history_only,2,0.3,extra_long,Decision Tree,ALL_MEAN,0.1787453984882099,,,0.008016461207800137,0.029824687508850256,5.0
history_only,2,0.3,extra_long,Random Forest,ALL_MEAN,0.17885705728093718,,,0.008009606145465628,0.029218637758519295,5.0
history_only,2,0.3,extra_long,Naive (persistence),ALL_MEAN,0.18424030810394432,,,0.016182346218175065,0.0,5.0
history_only,2,0.5,short,Naive (persistence),25,0.5278743012539658,1.0241580114276585,19857.0,,,
history_only,2,0.5,short,Linear Regression,25,0.5460041095762254,0.8246215790403765,19857.0,,,
history_only,2,0.5,short,Decision Tree,25,0.5471732472524194,0.821026849931881,19857.0,,,
history_only,2,0.5,short,Random Forest,25,0.5469359672142953,0.8204923972361388,19857.0,,,
history_only,2,0.5,short,Naive (persistence),26,0.510538523598225,1.0004285084322948,19832.0,,,
history_only,2,0.5,short,Linear Regression,26,0.5347740286400945,0.8097572535700869,19832.0,,,
history_only,2,0.5,short,Decision Tree,26,0.5350009803024898,0.7992693674927573,19832.0,,,
history_only,2,0.5,short,Random Forest,26,0.5346622711593358,0.798217836892822,19832.0,,,
history_only,2,0.5,short,Naive (persistence),27,0.4909823677581864,0.9720009743855965,19850.0,,,
history_only,2,0.5,short,Linear Regression,27,0.5208889506459938,0.7771208803001373,19850.0,,,
history_only,2,0.5,short,Decision Tree,27,0.5241337629103525,0.7745863108278287,19850.0,,,
history_only,2,0.5,short,Random Forest,27,0.5240472589792372,0.7742729017008102,19850.0,,,
history_only,2,0.5,short,Naive (persistence),28,0.5481272654047523,1.0543047939137873,19864.0,,,
history_only,2,0.5,short,Linear Regression,28,0.568157269491275,0.8755587003953308,19864.0,,,
history_only,2,0.5,short,Decision Tree,28,0.5670016186274349,0.8652932145159751,19864.0,,,
history_only,2,0.5,short,Random Forest,28,0.5669736588588236,0.8655505352449966,19864.0,,,
history_only,2,0.5,short,Naive (persistence),29,0.5105623176742783,0.999421419988041,19882.0,,,
history_only,2,0.5,short,Linear Regression,29,0.5360756427289093,0.806556986892651,19882.0,,,
history_only,2,0.5,short,Decision Tree,29,0.5369024677339848,0.799125077295834,19882.0,,,
history_only,2,0.5,short,Random Forest,29,0.5366916648107849,0.7983951212701799,19882.0,,,
history_only,2,0.5,short,Linear Regression,ALL_MEAN,0.5411800002164995,,,0.015683511842121876,-0.04552216623650063,5.0
history_only,2,0.5,short,Decision Tree,ALL_MEAN,0.5420424153653364,,,0.014463802857360724,-0.04718829239461142,5.0
history_only,2,0.5,short,Random Forest,ALL_MEAN,0.5418621642044953,,,0.01450706043817034,-0.04684005967338423,5.0
history_only,2,0.5,short,Naive (persistence),ALL_MEAN,0.5176169551378815,,,0.019211275489237904,0.0,5.0
history_only,2,0.5,medium,Naive (persistence),25,0.6150475902704337,1.1676896068641471,19857.0,,,
history_only,2,0.5,medium,Linear Regression,25,0.5849772118849274,0.8600187974782298,19857.0,,,
history_only,2,0.5,medium,Decision Tree,25,0.5832785843827528,0.8579477443588701,19857.0,,,
history_only,2,0.5,medium,Random Forest,25,0.5828388351346967,0.8573524337420292,19857.0,,,
history_only,2,0.5,medium,Naive (persistence),26,0.5812827753126261,1.1320178002668584,19832.0,,,
history_only,2,0.5,medium,Linear Regression,26,0.5699146735750104,0.8454743341613408,19832.0,,,
history_only,2,0.5,medium,Decision Tree,26,0.5690581818219399,0.8424117080393124,19832.0,,,
history_only,2,0.5,medium,Random Forest,26,0.568791546157542,0.8423073887626471,19832.0,,,
history_only,2,0.5,medium,Naive (persistence),27,0.5561712846347607,1.087598977805666,19850.0,,,
history_only,2,0.5,medium,Linear Regression,27,0.5557742410661196,0.8049397968383447,19850.0,,,
history_only,2,0.5,medium,Decision Tree,27,0.5559089109851638,0.8045861417338478,19850.0,,,
history_only,2,0.5,medium,Random Forest,27,0.5555172959104175,0.804193026061158,19850.0,,,
history_only,2,0.5,medium,Naive (persistence),28,0.6458417237213049,1.2300563657441772,19864.0,,,
history_only,2,0.5,medium,Linear Regression,28,0.6124743303569615,0.9330218817385996,19864.0,,,
history_only,2,0.5,medium,Decision Tree,28,0.6109832198264878,0.9292469998907592,19864.0,,,
history_only,2,0.5,medium,Random Forest,28,0.610932738228601,0.9292449919653925,19864.0,,,
history_only,2,0.5,medium,Naive (persistence),29,0.5873151594407001,1.1330598240751037,19882.0,,,
history_only,2,0.5,medium,Linear Regression,29,0.5725904668546833,0.8423432784346461,19882.0,,,
history_only,2,0.5,medium,Decision Tree,29,0.571206755665205,0.838326170378884,19882.0,,,
history_only,2,0.5,medium,Random Forest,29,0.5706185438906104,0.8369007593797745,19882.0,,,
history_only,2,0.5,medium,Linear Regression,ALL_MEAN,0.5791461847475404,,,0.01907465414788168,0.03011985752447177,5.0
history_only,2,0.5,medium,Decision Tree,ALL_MEAN,0.5780871305363098,,,0.01860020848990463,0.0318934264028119,5.0
history_only,2,0.5,medium,Random Forest,ALL_MEAN,0.5777397918643735,,,0.01872108186493692,0.0324751048969415,5.0
history_only,2,0.5,medium,Naive (persistence),ALL_MEAN,0.5971317066759652,,,0.030721178507028147,0.0,5.0
history_only,2,0.5,long,Naive (persistence),25,0.6450118346175152,1.2277121123333457,19857.0,,,
history_only,2,0.5,long,Linear Regression,25,0.5899802782562417,0.8620664997918748,19857.0,,,
history_only,2,0.5,long,Decision Tree,25,0.5896288393092938,0.8621054772902317,19857.0,,,
history_only,2,0.5,long,Random Forest,25,0.5898114864372371,0.8621594976327105,19857.0,,,
history_only,2,0.5,long,Naive (persistence),26,0.618596208148447,1.2074546586612982,19832.0,,,
history_only,2,0.5,long,Linear Regression,26,0.5766731377743229,0.8516508421178869,19832.0,,,
history_only,2,0.5,long,Decision Tree,26,0.5770581373382014,0.8527800955973172,19832.0,,,
history_only,2,0.5,long,Random Forest,26,0.5768962411433632,0.8519988850690683,19832.0,,,
history_only,2,0.5,long,Naive (persistence),27,0.5849370277078085,1.1388491252026367,19850.0,,,
history_only,2,0.5,long,Linear Regression,27,0.5625499998914898,0.8075796627638326,19850.0,,,
history_only,2,0.5,long,Decision Tree,27,0.5623024908246633,0.8076678817057785,19850.0,,,
history_only,2,0.5,long,Random Forest,27,0.5623064288852233,0.8075543924181402,19850.0,,,
history_only,2,0.5,long,Naive (persistence),28,0.6930124848973016,1.3188356328596076,19864.0,,,
history_only,2,0.5,long,Linear Regression,28,0.6184223427201947,0.9428884031389497,19864.0,,,
history_only,2,0.5,long,Decision Tree,28,0.6181470986647956,0.9428102182194389,19864.0,,,
history_only,2,0.5,long,Random Forest,28,0.6179419251673158,0.9425126007699675,19864.0,,,
history_only,2,0.5,long,Naive (persistence),29,0.6176943969419576,1.1965774550252317,19882.0,,,
history_only,2,0.5,long,Linear Regression,29,0.5780350289901944,0.8457870751697081,19882.0,,,
history_only,2,0.5,long,Decision Tree,29,0.5779202273576391,0.8464205196037831,19882.0,,,
history_only,2,0.5,long,Random Forest,29,0.5777367430638006,0.8455768413611421,19882.0,,,
history_only,2,0.5,long,Linear Regression,ALL_MEAN,0.5851321575264887,,,0.018780941387063932,0.07393875772065728,5.0
history_only,2,0.5,long,Decision Tree,ALL_MEAN,0.5850113586989186,,,0.018700422156281035,0.07412994036356368,5.0
history_only,2,0.5,long,Random Forest,ALL_MEAN,0.584938564939388,,,0.018664007838621294,0.07424514763514156,5.0
history_only,2,0.5,long,Naive (persistence),ALL_MEAN,0.631850390462606,,,0.03603041635679011,0.0,5.0
history_only,2,0.5,extra_long,Naive (persistence),25,0.6426952711890014,1.2169175615935373,19857.0,,,
history_only,2,0.5,extra_long,Linear Regression,25,0.5896399322456106,0.8626646255109891,19857.0,,,
history_only,2,0.5,extra_long,Decision Tree,25,0.5885079480286096,0.8619417381177147,19857.0,,,
history_only,2,0.5,extra_long,Random Forest,25,0.5885476047059626,0.8618055653771307,19857.0,,,
history_only,2,0.5,extra_long,Naive (persistence),26,0.6032674465510286,1.1806818713451621,19832.0,,,
history_only,2,0.5,extra_long,Linear Regression,26,0.5754197090466,0.8513311815998211,19832.0,,,
history_only,2,0.5,extra_long,Decision Tree,26,0.5753032636169727,0.8522558661645532,19832.0,,,
history_only,2,0.5,extra_long,Random Forest,26,0.5755165426256137,0.8517984402546587,19832.0,,,
history_only,2,0.5,extra_long,Naive (persistence),27,0.5842317380352645,1.1339283270478835,19850.0,,,
history_only,2,0.5,extra_long,Linear Regression,27,0.561826443364883,0.8086005752800005,19850.0,,,
history_only,2,0.5,extra_long,Decision Tree,27,0.5616205800469156,0.8082934045998994,19850.0,,,
history_only,2,0.5,extra_long,Random Forest,27,0.5615235942824655,0.8080481117880383,19850.0,,,
history_only,2,0.5,extra_long,Naive (persistence),28,0.6783125251711639,1.2889911511240866,19864.0,,,
history_only,2,0.5,extra_long,Linear Regression,28,0.61750484099654,0.9406123147241578,19864.0,,,
history_only,2,0.5,extra_long,Decision Tree,28,0.6165136320431898,0.9392369746548233,19864.0,,,
history_only,2,0.5,extra_long,Random Forest,28,0.6164591527099433,0.9390020902577033,19864.0,,,
history_only,2,0.5,extra_long,Naive (persistence),29,0.6111055225832411,1.1773180790976943,19882.0,,,
history_only,2,0.5,extra_long,Linear Regression,29,0.577290053815226,0.8459150842478342,19882.0,,,
history_only,2,0.5,extra_long,Decision Tree,29,0.5765600681836992,0.8452765063459048,19882.0,,,
history_only,2,0.5,extra_long,Random Forest,29,0.5765558725468894,0.8444177634405234,19882.0,,,
history_only,2,0.5,extra_long,Linear Regression,ALL_MEAN,0.584336195893772,,,0.018783660197319717,0.0634474710679257,5.0
history_only,2,0.5,extra_long,Decision Tree,ALL_MEAN,0.5837010983838774,,,0.018486943499516437,0.06446538196098683,5.0
history_only,2,0.5,extra_long,Random Forest,ALL_MEAN,0.5837205533741748,,,0.018474088598174974,0.06443420021922341,5.0
history_only,2,0.5,extra_long,Naive (persistence),ALL_MEAN,0.6239225007059399,,,0.03309669018091479,0.0,5.0
history_only,2,0.7,short,Naive (persistence),25,1.0556501703065517,1.6465509509460405,19964.0,,,
history_only,2,0.7,short,Linear Regression,25,1.078818146820304,1.4885510453316693,19964.0,,,
history_only,2,0.7,short,Decision Tree,25,1.0768497600659857,1.4611698857726665,19964.0,,,
history_only,2,0.7,short,Random Forest,25,1.0767538002921022,1.4604951442575014,19964.0,,,
history_only,2,0.7,short,Naive (persistence),26,1.0814618006817727,1.6667251510359016,19948.0,,,
history_only,2,0.7,short,Linear Regression,26,1.0946241678877096,1.5089613810514302,19948.0,,,
history_only,2,0.7,short,Decision Tree,26,1.091119118089593,1.4816593219797387,19948.0,,,
history_only,2,0.7,short,Random Forest,26,1.0903405543751923,1.4801245726734726,19948.0,,,
history_only,2,0.7,short,Naive (persistence),27,1.0274075558673215,1.6185336782600757,19958.0,,,
history_only,2,0.7,short,Linear Regression,27,1.052934580139486,1.4477675364082725,19958.0,,,
history_only,2,0.7,short,Decision Tree,27,1.0540435948926798,1.4217810315367048,19958.0,,,
history_only,2,0.7,short,Random Forest,27,1.0538335129111647,1.420954420863624,19958.0,,,
history_only,2,0.7,short,Naive (persistence),28,1.0410238429172511,1.6279189833617338,19964.0,,,
history_only,2,0.7,short,Linear Regression,28,1.0786104266021428,1.4806267262673214,19964.0,,,
history_only,2,0.7,short,Decision Tree,28,1.0747925249340688,1.4469944714185465,19964.0,,,
history_only,2,0.7,short,Random Forest,28,1.0741974774679852,1.4457309758653272,19964.0,,,
history_only,2,0.7,short,Naive (persistence),29,1.0770463881374612,1.6629052837028564,19962.0,,,
history_only,2,0.7,short,Linear Regression,29,1.0919960182840815,1.4964324786145042,19962.0,,,
history_only,2,0.7,short,Decision Tree,29,1.0912426203708976,1.4727342392906515,19962.0,,,
history_only,2,0.7,short,Random Forest,29,1.0912297311546908,1.472399076894465,19962.0,,,
history_only,2,0.7,short,Linear Regression,ALL_MEAN,1.0793966679467448,,,0.014777112956459403,-0.02165482974559363,5.0
history_only,2,0.7,short,Decision Tree,ALL_MEAN,1.0776095236706449,,,0.013654568384155321,-0.019963287946967556,5.0
history_only,2,0.7,short,Random Forest,ALL_MEAN,1.077271015240227,,,0.013599185742873407,-0.019642887872448167,5.0
history_only,2,0.7,short,Naive (persistence),ALL_MEAN,1.0565179515820717,,,0.02064871861228229,0.0,5.0
history_only,2,0.7,medium,Naive (persistence),25,1.3442195952714886,2.0591338124813228,19964.0,,,
history_only,2,0.7,medium,Linear Regression,25,1.2816384205530775,1.743562420027917,19964.0,,,
history_only,2,0.7,medium,Decision Tree,25,1.2525432298307326,1.717633222642496,19964.0,,,
history_only,2,0.7,medium,Random Forest,25,1.2521487707823382,1.71631962220633,19964.0,,,
history_only,2,0.7,medium,Naive (persistence),26,1.375275716863846,2.1084255242472696,19948.0,,,
history_only,2,0.7,medium,Linear Regression,26,1.2965498668280628,1.7800341590217554,19948.0,,,
history_only,2,0.7,medium,Decision Tree,26,1.2718112550077034,1.7579908232146246,19948.0,,,
history_only,2,0.7,medium,Random Forest,26,1.2710804192645704,1.756570592146001,19948.0,,,
history_only,2,0.7,medium,Naive (persistence),27,1.2883054414269968,2.016044472267349,19958.0,,,
history_only,2,0.7,medium,Linear Regression,27,1.2350909557306475,1.676257367994808,19958.0,,,
history_only,2,0.7,medium,Decision Tree,27,1.22009149067563,1.6635933909081841,19958.0,,,
history_only,2,0.7,medium,Random Forest,27,1.2196876965495207,1.6630751593661905,19958.0,,,
history_only,2,0.7,medium,Naive (persistence),28,1.3126627930274495,2.0379587573388,19964.0,,,
history_only,2,0.7,medium,Linear Regression,28,1.2771783604312792,1.7439830415841213,19964.0,,,
history_only,2,0.7,medium,Decision Tree,28,1.2563450724158571,1.7117360341500907,19964.0,,,
history_only,2,0.7,medium,Random Forest,28,1.2550926895724208,1.7086322943975647,19964.0,,,
history_only,2,0.7,medium,Naive (persistence),29,1.3833784189960925,2.1195721061655695,19962.0,,,
history_only,2,0.7,medium,Linear Regression,29,1.2915705585830701,1.7619494450501827,19962.0,,,
history_only,2,0.7,medium,Decision Tree,29,1.2702006141843163,1.7475733836057163,19962.0,,,
history_only,2,0.7,medium,Random Forest,29,1.26980376290178,1.74714173834428,19962.0,,,
history_only,2,0.7,medium,Linear Regression,ALL_MEAN,1.2764056324252273,,,0.021774511960497157,0.048004383920707716,5.0
history_only,2,0.7,medium,Decision Tree,ALL_MEAN,1.2541983324228478,,,0.01863820042123874,0.06456749811431528,5.0
history_only,2,0.7,medium,Random Forest,ALL_MEAN,1.2535626678141258,,,0.018560703300796302,0.06504160282321592,5.0
history_only,2,0.7,medium,Naive (persistence),ALL_MEAN,1.3407683931171746,,,0.0362231046441883,0.0,5.0
history_only,2,0.7,long,Naive (persistence),25,1.5674213584452013,2.4205466909997746,19964.0,,,
history_only,2,0.7,long,Linear Regression,25,1.3755177405199197,1.893343317196124,19964.0,,,
history_only,2,0.7,long,Decision Tree,25,1.3614315668919856,1.8904086564837483,19964.0,,,
history_only,2,0.7,long,Random Forest,25,1.3614458283601842,1.8906556128485539,19964.0,,,
history_only,2,0.7,long,Naive (persistence),26,1.6482354120713856,2.5150738659197835,19948.0,,,
history_only,2,0.7,long,Linear Regression,26,1.3911201685969474,1.9313202054306682,19948.0,,,
history_only,2,0.7,long,Decision Tree,26,1.375909725929958,1.92852919379599,19948.0,,,
history_only,2,0.7,long,Random Forest,26,1.3746876672456356,1.9255159405178375,19948.0,,,
history_only,2,0.7,long,Naive (persistence),27,1.5027056819320572,2.345827381291282,19958.0,,,
history_only,2,0.7,long,Linear Regression,27,1.3097136075557887,1.7866283795248967,19958.0,,,
history_only,2,0.7,long,Decision Tree,27,1.2985383397791195,1.7827846674083219,19958.0,,,
history_only,2,0.7,long,Random Forest,27,1.2978207719278576,1.781417548155842,19958.0,,,
history_only,2,0.7,long,Naive (persistence),28,1.5628130635143258,2.423834762296897,19964.0,,,
history_only,2,0.7,long,Linear Regression,28,1.380603600911489,1.9115007878865082,19964.0,,,
history_only,2,0.7,long,Decision Tree,28,1.3701927884602194,1.903238760124983,19964.0,,,
history_only,2,0.7,long,Random Forest,28,1.3700832846382545,1.9017206929448933,19964.0,,,
history_only,2,0.7,long,Naive (persistence),29,1.6159703436529407,2.4856264489667845,19962.0,,,
history_only,2,0.7,long,Linear Regression,29,1.370518344603982,1.8789399100406958,19962.0,,,
history_only,2,0.7,long,Decision Tree,29,1.3596270382368614,1.8823685815528146,19962.0,,,
history_only,2,0.7,long,Random Forest,29,1.3591294047017812,1.880000123130787,19962.0,,,
history_only,2,0.7,long,Linear Regression,ALL_MEAN,1.3654946924376254,,,0.02871296622854129,0.13545050533988856,5.0
history_only,2,0.7,long,Decision Tree,ALL_MEAN,1.3531398918596287,,,0.02793360362940371,0.14327282545251063,5.0
history_only,2,0.7,long,Random Forest,ALL_MEAN,1.3526333913747426,,,0.027982745914201804,0.14359351123816655,5.0
history_only,2,0.7,long,Naive (persistence),ALL_MEAN,1.579429171923182,,,0.04975205015737751,0.0,5.0
history_only,2,0.7,extra_long,Naive (persistence),25,1.4814165497896212,2.280287147939642,19964.0,,,
history_only,2,0.7,extra_long,Linear Regression,25,1.3501121670705305,1.845378850285658,19964.0,,,
history_only,2,0.7,extra_long,Decision Tree,25,1.3246267050842564,1.8340117158909848,19964.0,,,
history_only,2,0.7,extra_long,Random Forest,25,1.3244375760824014,1.8334886619471231,19964.0,,,
history_only,2,0.7,extra_long,Naive (persistence),26,1.5361439743332665,2.3607074454645978,19948.0,,,
history_only,2,0.7,extra_long,Linear Regression,26,1.3660519659401924,1.8881361708388817,19948.0,,,
history_only,2,0.7,extra_long,Decision Tree,26,1.3392058902840134,1.8760491376711805,19948.0,,,
history_only,2,0.7,extra_long,Random Forest,26,1.3390013232534794,1.875047083811397,19948.0,,,
history_only,2,0.7,extra_long,Naive (persistence),27,1.4272472191602366,2.2314135280803353,19958.0,,,
history_only,2,0.7,extra_long,Linear Regression,27,1.2925749054262046,1.7588779269047707,19958.0,,,
history_only,2,0.7,extra_long,Decision Tree,27,1.273515224417389,1.752785495465841,19958.0,,,
history_only,2,0.7,extra_long,Random Forest,27,1.2735434761440887,1.7520951206248232,19958.0,,,
history_only,2,0.7,extra_long,Naive (persistence),28,1.4743538369064315,2.2818572195180136,19964.0,,,
history_only,2,0.7,extra_long,Linear Regression,28,1.3550847295547495,1.8598041917920582,19964.0,,,
history_only,2,0.7,extra_long,Decision Tree,28,1.3320878239055953,1.8391085787696637,19964.0,,,
history_only,2,0.7,extra_long,Random Forest,28,1.331807032151376,1.8373810209547639,19964.0,,,
history_only,2,0.7,extra_long,Naive (persistence),29,1.532161106101593,2.3550983690332052,19962.0,,,
history_only,2,0.7,extra_long,Linear Regression,29,1.3509702978311848,1.8498674633710277,19962.0,,,
history_only,2,0.7,extra_long,Decision Tree,29,1.3304507487418857,1.8498723602814897,19962.0,,,
history_only,2,0.7,extra_long,Random Forest,29,1.3295626611126954,1.8469849753471967,19962.0,,,
history_only,2,0.7,extra_long,Linear Regression,ALL_MEAN,1.3429588131645724,,,0.02582333855672153,0.09884535289598217,5.0
history_only,2,0.7,extra_long,Decision Tree,ALL_MEAN,1.319977278486628,,,0.023691509184544587,0.11426646378158756,5.0
history_only,2,0.7,extra_long,Random Forest,ALL_MEAN,1.3196704137488082,,,0.023534053352281602,0.11447237671190813,5.0
history_only,2,0.7,extra_long,Naive (persistence),ALL_MEAN,1.4902645372582297,,,0.040405110754363635,0.0,5.0
history_only,2,0.8,short,Naive (persistence),25,1.3226776230083175,1.9148106040189596,19958.0,,,
history_only,2,0.8,short,Linear Regression,25,1.3492419372147724,1.8027464326462737,19958.0,,,
history_only,2,0.8,short,Decision Tree,25,1.3366166867031772,1.7508914964381073,19958.0,,,
history_only,2,0.8,short,Random Forest,25,1.336956215047839,1.7507438064990026,19958.0,,,
history_only,2,0.8,short,Naive (persistence),26,1.3973261228781733,1.976883076135316,19971.0,,,
history_only,2,0.8,short,Linear Regression,26,1.4127229742010048,1.8694774571648554,19971.0,,,
history_only,2,0.8,short,Decision Tree,26,1.401564641852016,1.8285598763316604,19971.0,,,
history_only,2,0.8,short,Random Forest,26,1.4015589609876886,1.8283662988272869,19971.0,,,
history_only,2,0.8,short,Naive (persistence),27,1.401422204416846,2.003639834778357,19969.0,,,
history_only,2,0.8,short,Linear Regression,27,1.4285004622919857,1.914344407120134,19969.0,,,
history_only,2,0.8,short,Decision Tree,27,1.412612307939062,1.860456296873788,19969.0,,,
history_only,2,0.8,short,Random Forest,27,1.4116625143178088,1.8579207543842753,19969.0,,,
history_only,2,0.8,short,Naive (persistence),28,1.4466700050075112,2.0464070153585685,19970.0,,,
history_only,2,0.8,short,Linear Regression,28,1.4606091448420633,1.9433372624271965,19970.0,,,
history_only,2,0.8,short,Decision Tree,28,1.447135899895771,1.911459484228097,19970.0,,,
history_only,2,0.8,short,Random Forest,28,1.4463765988406971,1.9101322451372975,19970.0,,,
history_only,2,0.8,short,Naive (persistence),29,1.4015527172551967,1.9853457623656516,19965.0,,,
history_only,2,0.8,short,Linear Regression,29,1.417526653570922,1.8799561603601938,19965.0,,,
history_only,2,0.8,short,Decision Tree,29,1.3991228729692011,1.835479641983057,19965.0,,,
history_only,2,0.8,short,Random Forest,29,1.3987771859420028,1.8347390088869722,19965.0,,,
history_only,2,0.8,short,Linear Regression,ALL_MEAN,1.4137202344241497,,,0.036304157397462504,-0.014197630928543203,5.0
history_only,2,0.8,short,Decision Tree,ALL_MEAN,1.3994104818718456,,,0.035776493883143974,-0.0039318677426380955,5.0
history_only,2,0.8,short,Random Forest,ALL_MEAN,1.3990662950272073,,,0.03538612324072491,-0.003684949382181113,5.0
history_only,2,0.8,short,Naive (persistence),ALL_MEAN,1.393929734513209,,,0.0399604353099034,0.0,5.0
history_only,2,0.8,medium,Naive (persistence),25,1.7096402445134784,2.459258159783672,19958.0,,,
history_only,2,0.8,medium,Linear Regression,25,1.6725676340809994,2.218710237228893,19958.0,,,
history_only,2,0.8,medium,Decision Tree,25,1.6569336793846723,2.1606463445463095,19958.0,,,
history_only,2,0.8,medium,Random Forest,25,1.6566956355643208,2.1598942536238686,19958.0,,,
history_only,2,0.8,medium,Naive (persistence),26,1.8384157027690151,2.578855020190547,19971.0,,,
history_only,2,0.8,medium,Linear Regression,26,1.7771025858245852,2.340226129330101,19971.0,,,
history_only,2,0.8,medium,Decision Tree,26,1.7513327544452664,2.2859063524173084,19971.0,,,
history_only,2,0.8,medium,Random Forest,26,1.7517302983973382,2.2863205507602666,19971.0,,,
history_only,2,0.8,medium,Naive (persistence),27,1.8295357804597125,2.594886669410049,19969.0,,,
history_only,2,0.8,medium,Linear Regression,27,1.800787158737289,2.4067210294939816,19969.0,,,
history_only,2,0.8,medium,Decision Tree,27,1.7661134873551474,2.3167214417423954,19969.0,,,
history_only,2,0.8,medium,Random Forest,27,1.764528491546014,2.3133988498375277,19969.0,,,
history_only,2,0.8,medium,Naive (persistence),28,1.9057085628442665,2.672669965992936,19970.0,,,
history_only,2,0.8,medium,Linear Regression,28,1.8447897877036188,2.4447410072631586,19970.0,,,
history_only,2,0.8,medium,Decision Tree,28,1.8300888849211439,2.407858508495298,19970.0,,,
history_only,2,0.8,medium,Random Forest,28,1.829524214601276,2.4068787099336184,19970.0,,,
history_only,2,0.8,medium,Naive (persistence),29,1.8453794139744553,2.576794476108092,19965.0,,,
history_only,2,0.8,medium,Linear Regression,29,1.7900677317829128,2.3466933259301928,19965.0,,,
history_only,2,0.8,medium,Decision Tree,29,1.7653235807695404,2.2891193433027635,19965.0,,,
history_only,2,0.8,medium,Random Forest,29,1.7650247329834472,2.2887098434500435,19965.0,,,
history_only,2,0.8,medium,Linear Regression,ALL_MEAN,1.777062979625881,,,0.05698799802549639,0.0266593652431395,5.0
history_only,2,0.8,medium,Decision Tree,ALL_MEAN,1.7539584773751542,,,0.05566588657678177,0.0393142633217648,5.0
history_only,2,0.8,medium,Random Forest,ALL_MEAN,1.7535006746184791,,,0.05551278252284575,0.03956501303119231,5.0
history_only,2,0.8,medium,Naive (persistence),ALL_MEAN,1.8257359409121858,,,0.06392951142668511,0.0,5.0
history_only,2,0.8,long,Naive (persistence),25,2.07420583224772,3.003797242747691,19958.0,,,
history_only,2,0.8,long,Linear Regression,25,1.9464678384367855,2.5525187042688504,19958.0,,,
history_only,2,0.8,long,Decision Tree,25,1.928781636063464,2.5030543690988947,19958.0,,,
history_only,2,0.8,long,Random Forest,25,1.9274064722398607,2.498430779045012,19958.0,,,
history_only,2,0.8,long,Naive (persistence),26,2.2962796054278702,3.218348763684388,19971.0,,,
history_only,2,0.8,long,Linear Regression,26,2.0871407559519053,2.7402430491992558,19971.0,,,
history_only,2,0.8,long,Decision Tree,26,2.0582550639551465,2.703176250959976,19971.0,,,
history_only,2,0.8,long,Random Forest,26,2.057390505670823,2.701592217948688,19971.0,,,
history_only,2,0.8,long,Naive (persistence),27,2.258250287946317,3.2355643648328822,19969.0,,,
history_only,2,0.8,long,Linear Regression,27,2.1137752924039015,2.8720832021889593,19969.0,,,
history_only,2,0.8,long,Decision Tree,27,2.0671114612827663,2.7357092548643007,19969.0,,,
history_only,2,0.8,long,Random Forest,27,2.0654380350064105,2.733292954965269,19969.0,,,
history_only,2,0.8,long,Naive (persistence),28,2.442814221331998,3.409323280042795,19970.0,,,
history_only,2,0.8,long,Linear Regression,28,2.2195514843710424,2.9271950232869295,19970.0,,,
history_only,2,0.8,long,Decision Tree,28,2.20035857161825,2.9059494637977386,19970.0,,,
history_only,2,0.8,long,Random Forest,28,2.1999609801456987,2.9050058833581796,19970.0,,,
history_only,2,0.8,long,Naive (persistence),29,2.2531930879038318,3.173637653848714,19965.0,,,
history_only,2,0.8,long,Linear Regression,29,2.09237743916096,2.7486268154796187,19965.0,,,
history_only,2,0.8,long,Decision Tree,29,2.067790627902344,2.697261402053449,19965.0,,,
history_only,2,0.8,long,Random Forest,29,2.0672289712335687,2.694442649590843,19965.0,,,
history_only,2,0.8,long,Linear Regression,ALL_MEAN,2.091862562064919,,,0.08711694994764502,0.07641941383299677,5.0
history_only,2,0.8,long,Decision Tree,ALL_MEAN,2.064459472164394,,,0.08594610493496645,0.08851818279233548,5.0
history_only,2,0.8,long,Random Forest,ALL_MEAN,2.063484992859272,,,0.08625315461078316,0.08894842624338894,5.0
history_only,2,0.8,long,Naive (persistence),ALL_MEAN,2.264948606971547,,,0.11762965106787532,0.0,5.0
history_only,2,0.8,extra_long,Naive (persistence),25,1.9246417476701072,2.7805640122239152,19958.0,,,
history_only,2,0.8,extra_long,Linear Regression,25,1.8305437610584552,2.4278535506954904,19958.0,,,
history_only,2,0.8,extra_long,Decision Tree,25,1.8252101813272177,2.3728419826523552,19958.0,,,
history_only,2,0.8,extra_long,Random Forest,25,1.8251364580003187,2.3724795286816516,19958.0,,,
history_only,2,0.8,extra_long,Naive (persistence),26,2.1167192429022084,2.953082289365004,19971.0,,,
history_only,2,0.8,extra_long,Linear Regression,26,1.96875557730098,2.5897879316013763,19971.0,,,
history_only,2,0.8,extra_long,Decision Tree,26,1.941893563945377,2.5371365964539736,19971.0,,,
history_only,2,0.8,extra_long,Random Forest,26,1.9419219944545019,2.5357778809595777,19971.0,,,
history_only,2,0.8,extra_long,Naive (persistence),27,2.1034603635635234,2.9821274755843326,19969.0,,,
history_only,2,0.8,extra_long,Linear Regression,27,1.9993228607039686,2.6966789837519594,19969.0,,,
history_only,2,0.8,extra_long,Decision Tree,27,1.9627312636849006,2.580640068208985,19969.0,,,
history_only,2,0.8,extra_long,Random Forest,27,1.9621880835662442,2.578331420094285,19969.0,,,
history_only,2,0.8,extra_long,Naive (persistence),28,2.2099148723084627,3.0951041184839623,19970.0,,,
history_only,2,0.8,extra_long,Linear Regression,28,2.0638955794226788,2.7375450835744486,19970.0,,,
history_only,2,0.8,extra_long,Decision Tree,28,2.055028545553293,2.7064177965316625,19970.0,,,
history_only,2,0.8,extra_long,Random Forest,28,2.053751093311025,2.7038607359801823,19970.0,,,
history_only,2,0.8,extra_long,Naive (persistence),29,2.0818432256448784,2.9169487538448413,19965.0,,,
history_only,2,0.8,extra_long,Linear Regression,29,1.963879463982923,2.585554664193724,19965.0,,,
history_only,2,0.8,extra_long,Decision Tree,29,1.951171311703366,2.532369237624227,19965.0,,,
history_only,2,0.8,extra_long,Random Forest,29,1.949920467683367,2.530424723609911,19965.0,,,
history_only,2,0.8,extra_long,Linear Regression,ALL_MEAN,1.9652794484938014,,,0.0762257752877371,0.058465727436974424,5.0
history_only,2,0.8,extra_long,Decision Tree,ALL_MEAN,1.9472069732428305,,,0.07320336137736201,0.06712396423473732,5.0
history_only,2,0.8,extra_long,Random Forest,ALL_MEAN,1.9465836194030914,,,0.07281571956936872,0.06742260319139959,5.0
history_only,2,0.8,extra_long,Naive (persistence),ALL_MEAN,2.087315890417836,,,0.09235641644143183,0.0,5.0
history_only,2,0.9,short,Naive (persistence),25,1.7651094086425316,2.3713506258029873,19971.0,,,
history_only,2,0.9,short,Linear Regression,25,1.7921220006370022,2.334688283790245,19971.0,,,
history_only,2,0.9,short,Decision Tree,25,1.789653238966034,2.296929507570598,19971.0,,,
history_only,2,0.9,short,Random Forest,25,1.7898814543998895,2.2961901144134087,19971.0,,,
history_only,2,0.9,short,Naive (persistence),26,1.7037704671774072,2.3103982368888003,19971.0,,,
history_only,2,0.9,short,Linear Regression,26,1.729350479959799,2.2686487560469355,19971.0,,,
history_only,2,0.9,short,Decision Tree,26,1.7266790119401785,2.225536542116464,19971.0,,,
history_only,2,0.9,short,Random Forest,26,1.7250229478187358,2.2239578718134614,19971.0,,,
history_only,2,0.9,short,Naive (persistence),27,1.8344098943468028,2.433626446198239,19971.0,,,
history_only,2,0.9,short,Linear Regression,27,1.8592064293658481,2.4103988789050605,19971.0,,,
history_only,2,0.9,short,Decision Tree,27,1.8477897899421207,2.369973457044969,19971.0,,,
history_only,2,0.9,short,Random Forest,27,1.8457935259330709,2.365720259310057,19971.0,,,
history_only,2,0.9,short,Naive (persistence),28,1.7517275913870807,2.3646325784033064,19970.0,,,
history_only,2,0.9,short,Linear Regression,28,1.7850082146115314,2.331281221259722,19970.0,,,
history_only,2,0.9,short,Decision Tree,28,1.7781446874455507,2.2851532250998736,19970.0,,,
history_only,2,0.9,short,Random Forest,28,1.7768268158726939,2.2821857842234605,19970.0,,,
history_only,2,0.9,short,Naive (persistence),29,1.715122684026039,2.3107053119248757,19970.0,,,
history_only,2,0.9,short,Linear Regression,29,1.7386383882025538,2.2658273835600866,19970.0,,,
history_only,2,0.9,short,Decision Tree,29,1.736517413124897,2.2259692745104025,19970.0,,,
history_only,2,0.9,short,Random Forest,29,1.7361510506241236,2.225713269513514,19970.0,,,
history_only,2,0.9,short,Linear Regression,ALL_MEAN,1.780865102555347,,,0.046299240521967,-0.015300265047021977,5.0
history_only,2,0.9,short,Decision Tree,ALL_MEAN,1.7757568282837561,,,0.043210932472155135,-0.012387954499503806,5.0
history_only,2,0.9,short,Random Forest,ALL_MEAN,1.7747351589297025,,,0.042995614110513024,-0.011805484123464272,5.0
history_only,2,0.9,short,Naive (persistence),ALL_MEAN,1.7540280091159723,,,0.046105925112759766,0.0,5.0
history_only,2,0.9,medium,Naive (persistence),25,2.4551599819738623,3.2526051386962105,19971.0,,,
history_only,2,0.9,medium,Linear Regression,25,2.443607065151827,3.159693682487461,19971.0,,,
history_only,2,0.9,medium,Decision Tree,25,2.4222522797029087,3.0954772753153406,19971.0,,,
history_only,2,0.9,medium,Random Forest,25,2.4215609873885384,3.095149895366558,19971.0,,,
history_only,2,0.9,medium,Naive (persistence),26,2.3242201191728005,3.130040874496726,19971.0,,,
history_only,2,0.9,medium,Linear Regression,26,2.3144538500417315,3.030441824707571,19971.0,,,
history_only,2,0.9,medium,Decision Tree,26,2.2946784222227756,2.9606709528897923,19971.0,,,
history_only,2,0.9,medium,Random Forest,26,2.292960663588747,2.958652812133116,19971.0,,,
history_only,2,0.9,medium,Naive (persistence),27,2.5201041510189777,3.326513979848015,19971.0,,,
history_only,2,0.9,medium,Linear Regression,27,2.5259029601313556,3.271027701295488,19971.0,,,
history_only,2,0.9,medium,Decision Tree,27,2.47919179888608,3.1884259928417054,19971.0,,,
history_only,2,0.9,medium,Random Forest,27,2.4764909250205065,3.1844793755631517,19971.0,,,
history_only,2,0.9,medium,Naive (persistence),28,2.4077616424636954,3.2192383016583745,19970.0,,,
history_only,2,0.9,medium,Linear Regression,28,2.40853556893466,3.137007117577555,19970.0,,,
history_only,2,0.9,medium,Decision Tree,28,2.382904936766776,3.0538655512719153,19970.0,,,
history_only,2,0.9,medium,Random Forest,28,2.378499628303587,3.0491511996119196,19970.0,,,
history_only,2,0.9,medium,Naive (persistence),29,2.3367551326990488,3.1398308563854305,19970.0,,,
history_only,2,0.9,medium,Linear Regression,29,2.326288826043392,3.0326737982562544,19970.0,,,
history_only,2,0.9,medium,Decision Tree,29,2.3067134036368073,2.967644768911216,19970.0,,,
history_only,2,0.9,medium,Random Forest,29,2.3072407948453164,2.9685294639524793,19970.0,,,
history_only,2,0.9,medium,Linear Regression,ALL_MEAN,2.4037576540605934,,,0.07811129054954884,0.00209338715333951,5.0
history_only,2,0.9,medium,Decision Tree,ALL_MEAN,2.3771481682430697,,,0.06963151424896007,0.013140167105095357,5.0
history_only,2,0.9,medium,Random Forest,ALL_MEAN,2.375350599829339,,,0.06899525897794509,0.013886417628344194,5.0
history_only,2,0.9,medium,Naive (persistence),ALL_MEAN,2.4088002054656767,,,0.07332551983312399,0.0,5.0
history_only,2,0.9,long,Naive (persistence),25,3.324470482199189,4.397862518583536,19971.0,,,
history_only,2,0.9,long,Linear Regression,25,3.2148088830152743,4.161719694973689,19971.0,,,
history_only,2,0.9,long,Decision Tree,25,3.1707350439171402,4.069562113095355,19971.0,,,
history_only,2,0.9,long,Random Forest,25,3.169183819732154,4.06721658284231,19971.0,,,
history_only,2,0.9,long,Naive (persistence),26,3.087176405788393,4.175185822948653,19971.0,,,
history_only,2,0.9,long,Linear Regression,26,2.994867095712178,3.9376745005083897,19971.0,,,
history_only,2,0.9,long,Decision Tree,26,2.973163004469938,3.85085295259876,19971.0,,,
history_only,2,0.9,long,Random Forest,26,2.9716553549639335,3.8495017097415474,19971.0,,,
history_only,2,0.9,long,Naive (persistence),27,3.420910319963948,4.486762753702453,19971.0,,,
history_only,2,0.9,long,Linear Regression,27,3.37617340475661,4.351926008172195,19971.0,,,
history_only,2,0.9,long,Decision Tree,27,3.280005320047328,4.203627894459347,19971.0,,,
history_only,2,0.9,long,Random Forest,27,3.2786106140212885,4.202950134221035,19971.0,,,
history_only,2,0.9,long,Naive (persistence),28,3.1635953930896346,4.247494769593788,19970.0,,,
history_only,2,0.9,long,Linear Regression,28,3.125245432816519,4.072154995957251,19970.0,,,
history_only,2,0.9,long,Decision Tree,28,3.0602933110242216,3.914812470361564,19970.0,,,
history_only,2,0.9,long,Random Forest,28,3.057225675908032,3.911004761607863,19970.0,,,
history_only,2,0.9,long,Naive (persistence),29,3.2012018027040563,4.274272348149944,19970.0,,,
history_only,2,0.9,long,Linear Regression,29,3.0935109184956326,4.001815512298735,19970.0,,,
history_only,2,0.9,long,Decision Tree,29,3.051567143580187,3.9288186138375174,19970.0,,,
history_only,2,0.9,long,Random Forest,29,3.049509738409009,3.9245956342243002,19970.0,,,
history_only,2,0.9,long,Linear Regression,ALL_MEAN,3.160921146959242,,,0.1285521419508684,0.02424770485099681,5.0
history_only,2,0.9,long,Decision Tree,ALL_MEAN,3.1071527646077626,,,0.10692009880384946,0.04084559516419728,5.0
history_only,2,0.9,long,Random Forest,ALL_MEAN,3.1052370406068834,,,0.10714688666376401,0.04143696457957424,5.0
history_only,2,0.9,long,Naive (persistence),ALL_MEAN,3.2394708807490438,,,0.11879429398317848,0.0,5.0
history_only,2,0.9,extra_long,Naive (persistence),25,2.954834510039557,3.9044019149871017,19971.0,,,
history_only,2,0.9,extra_long,Linear Regression,25,2.8834787000743636,3.740197968538159,19971.0,,,
history_only,2,0.9,extra_long,Decision Tree,25,2.850497858378921,3.657373205752477,19971.0,,,
history_only,2,0.9,extra_long,Random Forest,25,2.850703561735928,3.657040115550288,19971.0,,,
history_only,2,0.9,extra_long,Naive (persistence),26,2.753041910770617,3.7146949389970403,19971.0,,,
history_only,2,0.9,extra_long,Linear Regression,26,2.7007760868764734,3.5486259869113046,19971.0,,,
history_only,2,0.9,extra_long,Decision Tree,26,2.683197067305311,3.4666873937940927,19971.0,,,
history_only,2,0.9,extra_long,Random Forest,26,2.6823718655968563,3.464579811946188,19971.0,,,
history_only,2,0.9,extra_long,Naive (persistence),27,3.0135696760302437,3.965564558582929,19971.0,,,
history_only,2,0.9,extra_long,Linear Regression,27,2.9998507819273668,3.873724443919787,19971.0,,,
history_only,2,0.9,extra_long,Decision Tree,27,2.9327478014042874,3.7582333900037845,19971.0,,,
history_only,2,0.9,extra_long,Random Forest,27,2.9314738092124597,3.755230559099613,19971.0,,,
history_only,2,0.9,extra_long,Naive (persistence),28,2.8366049073610418,3.7977736408243725,19970.0,,,
history_only,2,0.9,extra_long,Linear Regression,28,2.8058083598394314,3.66898221428838,19970.0,,,
history_only,2,0.9,extra_long,Decision Tree,28,2.7626043321569678,3.5477832738368216,19970.0,,,
history_only,2,0.9,extra_long,Random Forest,28,2.7600940736692294,3.5432735366174937,19970.0,,,
history_only,2,0.9,extra_long,Naive (persistence),29,2.818177265898848,3.7657697131261822,19970.0,,,
history_only,2,0.9,extra_long,Linear Regression,29,2.7518379649406493,3.580951008463023,19970.0,,,
history_only,2,0.9,extra_long,Decision Tree,29,2.7197705110266583,3.5065890490904894,19970.0,,,
history_only,2,0.9,extra_long,Random Forest,29,2.7183825212123955,3.5036719287322415,19970.0,,,
history_only,2,0.9,extra_long,Linear Regression,ALL_MEAN,2.828350378731657,,,0.10496572024482197,0.016310006493823415,5.0
history_only,2,0.9,extra_long,Decision Tree,ALL_MEAN,2.789763514054429,,,0.09069312676977274,0.029730377940442976,5.0
history_only,2,0.9,extra_long,Random Forest,ALL_MEAN,2.788605166285374,,,0.09088154521986237,0.030133247089183635,5.0
history_only,2,0.9,extra_long,Naive (persistence),ALL_MEAN,2.8752456540200617,,,0.09502797920282371,0.0,5.0
history_only,2,0.95,short,Naive (persistence),25,1.9425166491412549,2.526371846011839,19971.0,,,
history_only,2,0.95,short,Linear Regression,25,1.9572400647317019,2.5108640899681856,19971.0,,,
history_only,2,0.95,short,Decision Tree,25,1.972795930713632,2.4877521178426036,19971.0,,,
history_only,2,0.95,short,Random Forest,25,1.968192554881778,2.4838421346992265,19971.0,,,
history_only,2,0.95,short,Naive (persistence),26,1.9215322984476715,2.5187031978178864,19970.0,,,
history_only,2,0.95,short,Linear Regression,26,1.935899962665226,2.5005037181256315,19970.0,,,
history_only,2,0.95,short,Decision Tree,26,1.938470798736974,2.454832006479704,19970.0,,,
history_only,2,0.95,short,Random Forest,26,1.9377365916074267,2.453951709266677,19970.0,,,
history_only,2,0.95,short,Naive (persistence),27,1.9567873416453858,2.554762979246056,19971.0,,,
history_only,2,0.95,short,Linear Regression,27,1.9705386662090236,2.539022792582152,19971.0,,,
history_only,2,0.95,short,Decision Tree,27,1.9717851935844735,2.501460797657281,19971.0,,,
history_only,2,0.95,short,Random Forest,27,1.9695947240359102,2.4994199554691328,19971.0,,,
history_only,2,0.95,short,Naive (persistence),28,1.9485754343798507,2.553567117246443,19971.0,,,
history_only,2,0.95,short,Linear Regression,28,1.9639572106791607,2.5370986015950465,19971.0,,,
history_only,2,0.95,short,Decision Tree,28,1.9667480148063863,2.495879073358206,19971.0,,,
history_only,2,0.95,short,Random Forest,28,1.9635083775445716,2.493049017179128,19971.0,,,
history_only,2,0.95,short,Naive (persistence),29,1.9053127034199588,2.505944062760828,19971.0,,,
history_only,2,0.95,short,Linear Regression,29,1.922360657081746,2.490572133424062,19971.0,,,
history_only,2,0.95,short,Decision Tree,29,1.9255149836388237,2.447517161722174,19971.0,,,
history_only,2,0.95,short,Random Forest,29,1.9237424558363194,2.4456113822663452,19971.0,,,
history_only,2,0.95,short,Linear Regression,ALL_MEAN,1.9499993122733716,,,0.018065455456962167,-0.007780287169979028,5.0
history_only,2,0.95,short,Decision Tree,ALL_MEAN,1.9550629842960578,,,0.01938563682022552,-0.010397246475061017,5.0
history_only,2,0.95,short,Random Forest,ALL_MEAN,1.952554940781201,,,0.01846407173940849,-0.009101063036570212,5.0
history_only,2,0.95,short,Naive (persistence),ALL_MEAN,1.9349448854068243,,,0.018858314156515336,0.0,5.0
history_only,2,0.95,medium,Naive (persistence),25,2.6858444744880074,3.468933348009262,19971.0,,,
history_only,2,0.95,medium,Linear Regression,25,2.6889316743778884,3.4338454088738644,19971.0,,,
history_only,2,0.95,medium,Decision Tree,25,2.6758932779566784,3.3800459906830094,19971.0,,,
history_only,2,0.95,medium,Random Forest,25,2.675821129076878,3.3777345165698467,19971.0,,,
history_only,2,0.95,medium,Naive (persistence),26,2.652478718077116,3.4537795079208515,19970.0,,,
history_only,2,0.95,medium,Linear Regression,26,2.65169906161999,3.408863305749129,19970.0,,,
history_only,2,0.95,medium,Decision Tree,26,2.6210462137738353,3.325771066171871,19970.0,,,
history_only,2,0.95,medium,Random Forest,26,2.6215507240960023,3.3252681026703135,19970.0,,,
history_only,2,0.95,medium,Naive (persistence),27,2.7167893445495968,3.54239260822635,19971.0,,,
history_only,2,0.95,medium,Linear Regression,27,2.711654523404742,3.5006276045035722,19971.0,,,
history_only,2,0.95,medium,Decision Tree,27,2.6880330014759615,3.4281181942672667,19971.0,,,
history_only,2,0.95,medium,Random Forest,27,2.68728816076368,3.4262744118961477,19971.0,,,
history_only,2,0.95,medium,Naive (persistence),28,2.7148365129437684,3.5208059173641244,19971.0,,,
history_only,2,0.95,medium,Linear Regression,28,2.714505513824138,3.477846510120459,19971.0,,,
history_only,2,0.95,medium,Decision Tree,28,2.6811535640970994,3.3921621564152424,19971.0,,,
history_only,2,0.95,medium,Random Forest,28,2.6805516752936174,3.3901053151737974,19971.0,,,
history_only,2,0.95,medium,Naive (persistence),29,2.655951129137249,3.469763237245112,19971.0,,,
history_only,2,0.95,medium,Linear Regression,29,2.6612153035535373,3.431500987403646,19971.0,,,
history_only,2,0.95,medium,Decision Tree,29,2.6361247604493823,3.347712808438028,19971.0,,,
history_only,2,0.95,medium,Random Forest,29,2.6349409731038054,3.3453777914967158,19971.0,,,
history_only,2,0.95,medium,Linear Regression,ALL_MEAN,2.6856012153560593,,,0.025570897559107613,-0.00015685336226622937,5.0
history_only,2,0.95,medium,Decision Tree,ALL_MEAN,2.6604501635505917,,,0.0267294968856928,0.009209763203392618,5.0
history_only,2,0.95,medium,Random Forest,ALL_MEAN,2.6600305324667968,,,0.026546638905421735,0.009366039906702706,5.0
history_only,2,0.95,medium,Naive (persistence),ALL_MEAN,2.6851800358391475,,,0.027578258394935475,0.0,5.0
history_only,2,0.95,long,Naive (persistence),25,3.726002703920685,4.771940753708863,19971.0,,,
history_only,2,0.95,long,Linear Regression,25,3.6871283974167635,4.681180948919193,19971.0,,,
history_only,2,0.95,long,Decision Tree,25,3.6463998927936236,4.583522597392366,19971.0,,,
history_only,2,0.95,long,Random Forest,25,3.6441675481823532,4.581556413321468,19971.0,,,
history_only,2,0.95,long,Naive (persistence),26,3.5296945418127192,4.632352321666398,19970.0,,,
history_only,2,0.95,long,Linear Regression,26,3.481173937430355,4.52475419801129,19970.0,,,
history_only,2,0.95,long,Decision Tree,26,3.4280691157802714,4.400283186599199,19970.0,,,
history_only,2,0.95,long,Random Forest,26,3.4257825825992416,4.397483237533661,19970.0,,,
history_only,2,0.95,long,Naive (persistence),27,3.722848129788193,4.824468828196286,19971.0,,,
history_only,2,0.95,long,Linear Regression,27,3.6672115448858222,4.720367541146352,19971.0,,,
history_only,2,0.95,long,Decision Tree,27,3.597498804788666,4.5865391109808265,19971.0,,,
history_only,2,0.95,long,Random Forest,27,3.598065974053638,4.586553555280122,19971.0,,,
history_only,2,0.95,long,Naive (persistence),28,3.667517900956387,4.7423739477668425,19971.0,,,
history_only,2,0.95,long,Linear Regression,28,3.622180983100573,4.6394459663376955,19971.0,,,
history_only,2,0.95,long,Decision Tree,28,3.5480862794060113,4.51178614826804,19971.0,,,
history_only,2,0.95,long,Random Forest,28,3.5470066246681564,4.509291635430009,19971.0,,,
history_only,2,0.95,long,Naive (persistence),29,3.6555004756897502,4.781982608565144,19971.0,,,
history_only,2,0.95,long,Linear Regression,29,3.6247938816574616,4.683622004564649,19971.0,,,
history_only,2,0.95,long,Decision Tree,29,3.5597714613500435,4.538852539203338,19971.0,,,
history_only,2,0.95,long,Random Forest,29,3.559339829126001,4.5375455971081955,19971.0,,,
history_only,2,0.95,long,Linear Regression,ALL_MEAN,3.6164977488981953,,,0.07207528915456413,0.011970289022478098,5.0
history_only,2,0.95,long,Decision Tree,ALL_MEAN,3.5559651108237227,,,0.07257747220909465,0.02850784802404238,5.0
history_only,2,0.95,long,Random Forest,ALL_MEAN,3.554872511725878,,,0.0729181974948656,0.02880634686071004,5.0
history_only,2,0.95,long,Naive (persistence),ALL_MEAN,3.6603127504335466,,,0.07122082878730421,0.0,5.0
history_only,2,0.95,extra_long,Naive (persistence),25,3.258825296680186,4.184458035292172,19971.0,,,
history_only,2,0.95,extra_long,Linear Regression,25,3.2427449814979648,4.123683159150967,19971.0,,,
history_only,2,0.95,extra_long,Decision Tree,25,3.2147154193939746,4.042650456718879,19971.0,,,
history_only,2,0.95,extra_long,Random Forest,25,3.213647434782863,4.0415059659447765,19971.0,,,
history_only,2,0.95,extra_long,Naive (persistence),26,3.145568352528793,4.116864445095191,19970.0,,,
history_only,2,0.95,extra_long,Linear Regression,26,3.1236160287808743,4.041356311406174,19970.0,,,
history_only,2,0.95,extra_long,Decision Tree,26,3.081360671307848,3.931051435735978,19970.0,,,
history_only,2,0.95,extra_long,Random Forest,26,3.0805008031627756,3.9292593930749313,19970.0,,,
history_only,2,0.95,extra_long,Naive (persistence),27,3.262180161233789,4.251300584192192,19971.0,,,
history_only,2,0.95,extra_long,Linear Regression,27,3.2349366662949537,4.180259725397818,19971.0,,,
history_only,2,0.95,extra_long,Decision Tree,27,3.190129125888722,4.073911044772031,19971.0,,,
history_only,2,0.95,extra_long,Random Forest,27,3.1904938280729467,4.073512272790524,19971.0,,,
history_only,2,0.95,extra_long,Naive (persistence),28,3.2539181813629763,4.207049314270326,19971.0,,,
history_only,2,0.95,extra_long,Linear Regression,28,3.230537536930315,4.133351080028752,19971.0,,,
history_only,2,0.95,extra_long,Decision Tree,28,3.173829258018987,4.025736560776836,19971.0,,,
history_only,2,0.95,extra_long,Random Forest,28,3.1717905520704512,4.023960771817518,19971.0,,,
history_only,2,0.95,extra_long,Naive (persistence),29,3.2075008762705925,4.194050021231489,19971.0,,,
history_only,2,0.95,extra_long,Linear Regression,29,3.1947450012564844,4.127100864567949,19971.0,,,
history_only,2,0.95,extra_long,Decision Tree,29,3.1473967697862166,4.006078013670535,19971.0,,,
history_only,2,0.95,extra_long,Random Forest,29,3.14700134119096,4.004993076537317,19971.0,,,
history_only,2,0.95,extra_long,Linear Regression,ALL_MEAN,3.2053160429521186,,,0.04404785979929418,0.006287989717336795,5.0
history_only,2,0.95,extra_long,Decision Tree,ALL_MEAN,3.1614862488791493,,,0.04566120995758384,0.019876101527494416,5.0
history_only,2,0.95,extra_long,Random Forest,ALL_MEAN,3.160686791855999,,,0.045680777009110156,0.02012394917651361,5.0
history_only,2,0.95,extra_long,Naive (persistence),ALL_MEAN,3.2255985736152675,,,0.0446689843126925,0.0,5.0
rich_features,2,0.3,short,Naive (persistence),25,0.15941040704993706,0.49244182489124955,19064.0,,,
rich_features,2,0.3,short,Linear Regression,25,0.17046620669588114,0.36383152703129784,19064.0,,,
rich_features,2,0.3,short,Decision Tree,25,0.17037476504782176,0.3642167023838729,19064.0,,,
rich_features,2,0.3,short,Random Forest,25,0.17045033901165396,0.36415051569970514,19064.0,,,
rich_features,2,0.3,short,Naive (persistence),26,0.15811829669746202,0.48902144868619074,18834.0,,,
rich_features,2,0.3,short,Linear Regression,26,0.1713697047831377,0.37295246712166386,18834.0,,,
rich_features,2,0.3,short,Decision Tree,26,0.1717900574821555,0.37650597445125267,18834.0,,,
rich_features,2,0.3,short,Random Forest,26,0.17160139352228548,0.3729700107637066,18834.0,,,
rich_features,2,0.3,short,Naive (persistence),27,0.19005095340652414,0.5432398398123838,19037.0,,,
rich_features,2,0.3,short,Linear Regression,27,0.18985463430204105,0.40839965007525714,19037.0,,,
rich_features,2,0.3,short,Decision Tree,27,0.18910157804683592,0.40832821923836615,19037.0,,,
rich_features,2,0.3,short,Random Forest,27,0.1892897048647796,0.4082945415875792,19037.0,,,
rich_features,2,0.3,short,Naive (persistence),28,0.1787503295544424,0.5304341624916348,18965.0,,,
rich_features,2,0.3,short,Linear Regression,28,0.18113255719229354,0.39537802035691766,18965.0,,,
rich_features,2,0.3,short,Decision Tree,28,0.18054628550472318,0.3946705720978725,18965.0,,,
rich_features,2,0.3,short,Random Forest,28,0.180599068720047,0.3940843963415752,18965.0,,,
rich_features,2,0.3,short,Naive (persistence),29,0.1714450745641672,0.5015728255267308,19044.0,,,
rich_features,2,0.3,short,Linear Regression,29,0.17695896173008283,0.3695805738657166,19044.0,,,
rich_features,2,0.3,short,Decision Tree,29,0.177186281149368,0.37487151931321755,19044.0,,,
rich_features,2,0.3,short,Random Forest,29,0.1769326971432199,0.3702123224849803,19044.0,,,
rich_features,2,0.3,short,Linear Regression,ALL_MEAN,0.17795641294068726,,,0.007101244774415061,-0.03731398227341809,5.0
rich_features,2,0.3,short,Decision Tree,ALL_MEAN,0.17779979344618085,,,0.006736437102791346,-0.036401041914240206,5.0
rich_features,2,0.3,short,Random Forest,ALL_MEAN,0.17777464065239718,,,0.006826966255245305,-0.03625442542397783,5.0
rich_features,2,0.3,short,Naive (persistence),ALL_MEAN,0.17155501225450656,,,0.012015999974843457,0.0,5.0
rich_features,2,0.3,medium,Naive (persistence),25,0.1688522870331515,0.5089938071938056,19064.0,,,
rich_features,2,0.3,medium,Linear Regression,25,0.17140097364270646,0.36194678228729255,19064.0,,,
rich_features,2,0.3,medium,Decision Tree,25,0.1712947025072511,0.36188998409648065,19064.0,,,
rich_features,2,0.3,medium,Random Forest,25,0.17137389177359236,0.3618509646549952,19064.0,,,
rich_features,2,0.3,medium,Naive (persistence),26,0.1684188170330254,0.5190437290769092,18834.0,,,
rich_features,2,0.3,medium,Linear Regression,26,0.17332304065727958,0.3752689194193092,18834.0,,,
rich_features,2,0.3,medium,Decision Tree,26,0.17344136614412722,0.37609143564683906,18834.0,,,
rich_features,2,0.3,medium,Random Forest,26,0.17358047674069257,0.3752739784377603,18834.0,,,
rich_features,2,0.3,medium,Naive (persistence),27,0.2075957346220518,0.5746295206395505,19037.0,,,
rich_features,2,0.3,medium,Linear Regression,27,0.1917804349760947,0.4130536466580225,19037.0,,,
rich_features,2,0.3,medium,Decision Tree,27,0.19149177643405568,0.41303027151628474,19037.0,,,
rich_features,2,0.3,medium,Random Forest,27,0.1917326481416931,0.4131305106165318,19037.0,,,
rich_features,2,0.3,medium,Naive (persistence),28,0.18882151331399946,0.5608268536908003,18965.0,,,
rich_features,2,0.3,medium,Linear Regression,28,0.18224217635512172,0.39831609332399587,18965.0,,,
rich_features,2,0.3,medium,Decision Tree,28,0.18210075330263972,0.39834001317812756,18965.0,,,
rich_features,2,0.3,medium,Random Forest,28,0.1822046425362332,0.39825144692876496,18965.0,,,
rich_features,2,0.3,medium,Naive (persistence),29,0.1798466708674648,0.5194697019716749,19044.0,,,
rich_features,2,0.3,medium,Linear Regression,29,0.17671570570782955,0.36714135295572675,19044.0,,,
rich_features,2,0.3,medium,Decision Tree,29,0.17661820951988455,0.3679945757992448,19044.0,,,
rich_features,2,0.3,medium,Random Forest,29,0.17663825082864099,0.36708365959385447,19044.0,,,
rich_features,2,0.3,medium,Linear Regression,ALL_MEAN,0.1790924662678064,,,0.0073348421252740015,0.01978324976954815,5.0
rich_features,2,0.3,medium,Decision Tree,ALL_MEAN,0.17898936158159168,,,0.0072332776710024764,0.020347566865409616,5.0
rich_features,2,0.3,medium,Random Forest,ALL_MEAN,0.17910598200417044,,,0.007286158380746711,0.01970927484781182,5.0
rich_features,2,0.3,medium,Naive (persistence),ALL_MEAN,0.1827070045739386,,,0.014567931293027334,0.0,5.0
rich_features,2,0.3,long,Naive (persistence),25,0.172524129248846,0.519298164158476,19064.0,,,
rich_features,2,0.3,long,Linear Regression,25,0.17189139336875187,0.36353852298737227,19064.0,,,
rich_features,2,0.3,long,Decision Tree,25,0.1718621611413608,0.3636328342198623,19064.0,,,
rich_features,2,0.3,long,Random Forest,25,0.1719584254043633,0.3636263961890013,19064.0,,,
rich_features,2,0.3,long,Naive (persistence),26,0.17261335881915685,0.5337201262810022,18834.0,,,
rich_features,2,0.3,long,Linear Regression,26,0.17364694414623888,0.375822351028741,18834.0,,,
rich_features,2,0.3,long,Decision Tree,26,0.17372802366594675,0.3761105118241534,18834.0,,,
rich_features,2,0.3,long,Random Forest,26,0.17370965676167824,0.3758469825576585,18834.0,,,
rich_features,2,0.3,long,Naive (persistence),27,0.2102221988758733,0.5845986047770335,19037.0,,,
rich_features,2,0.3,long,Linear Regression,27,0.19141908569101182,0.41257753694181126,19037.0,,,
rich_features,2,0.3,long,Decision Tree,27,0.19144613599496335,0.4128181240221496,19037.0,,,
rich_features,2,0.3,long,Random Forest,27,0.19141613596765525,0.41270136181486883,19037.0,,,
rich_features,2,0.3,long,Naive (persistence),28,0.19325072501977328,0.5657879489382243,18965.0,,,
rich_features,2,0.3,long,Linear Regression,28,0.18257664617743907,0.3984595912897123,18965.0,,,
rich_features,2,0.3,long,Decision Tree,28,0.182596300990449,0.39845716468792053,18965.0,,,
rich_features,2,0.3,long,Random Forest,28,0.18252440885920515,0.39846058154152697,18965.0,,,
rich_features,2,0.3,long,Naive (persistence),29,0.18010922075194286,0.5190146254918836,19044.0,,,
rich_features,2,0.3,long,Linear Regression,29,0.17622039023197827,0.36469330706840136,19044.0,,,
rich_features,2,0.3,long,Decision Tree,29,0.1761860800853346,0.3647657323854273,19044.0,,,
rich_features,2,0.3,long,Random Forest,29,0.17618399985027863,0.36472908032456636,19044.0,,,
rich_features,2,0.3,long,Linear Regression,ALL_MEAN,0.17915089192308398,,,0.007124969769631547,0.03549529043957178,5.0
rich_features,2,0.3,long,Decision Tree,ALL_MEAN,0.17916374037561086,,,0.007132548643940238,0.03542611750473612,5.0
rich_features,2,0.3,long,Random Forest,ALL_MEAN,0.17915852536863613,,,0.00709869847112897,0.03545419383041615,5.0
rich_features,2,0.3,long,Naive (persistence),ALL_MEAN,0.18574392654311844,,,0.01438375888545078,0.0,5.0
rich_features,2,0.3,extra_long,Naive (persistence),25,0.16717373059169113,0.506617973306362,19064.0,,,
rich_features,2,0.3,extra_long,Linear Regression,25,0.1703883688106168,0.3577014363406558,19064.0,,,
rich_features,2,0.3,extra_long,Decision Tree,25,0.17035131664590628,0.3577222082731045,19064.0,,,
rich_features,2,0.3,extra_long,Random Forest,25,0.17041376173674896,0.35775521330971516,19064.0,,,
rich_features,2,0.3,extra_long,Naive (persistence),26,0.17171073590315386,0.531477071230061,18834.0,,,
rich_features,2,0.3,extra_long,Linear Regression,26,0.17259491801860155,0.3717835562539437,18834.0,,,
rich_features,2,0.3,extra_long,Decision Tree,26,0.1726317331086553,0.37232677313710305,18834.0,,,
rich_features,2,0.3,extra_long,Random Forest,26,0.17281961351172545,0.3719512678443316,18834.0,,,
rich_features,2,0.3,extra_long,Naive (persistence),27,0.2119556652833955,0.5860793419962663,19037.0,,,
rich_features,2,0.3,extra_long,Linear Regression,27,0.19233556852401704,0.4139463176349165,19037.0,,,
rich_features,2,0.3,extra_long,Decision Tree,27,0.1922279040811314,0.41397757932999485,19037.0,,,
rich_features,2,0.3,extra_long,Random Forest,27,0.19233926445094823,0.4140139558211457,19037.0,,,
rich_features,2,0.3,extra_long,Naive (persistence),28,0.19193250725019773,0.5641546758525687,18965.0,,,
rich_features,2,0.3,extra_long,Linear Regression,28,0.18294455768923604,0.39840845252798107,18965.0,,,
rich_features,2,0.3,extra_long,Decision Tree,28,0.18298680448279556,0.3983952202731176,18965.0,,,
rich_features,2,0.3,extra_long,Random Forest,28,0.18294651178699833,0.39835875738550486,18965.0,,,
rich_features,2,0.3,extra_long,Naive (persistence),29,0.17842890149128335,0.5176977130287465,19044.0,,,
rich_features,2,0.3,extra_long,Linear Regression,29,0.17578432610823805,0.36455715012433876,19044.0,,,
rich_features,2,0.3,extra_long,Decision Tree,29,0.1756726794362732,0.3645699363222526,19044.0,,,
rich_features,2,0.3,extra_long,Random Forest,29,0.17576073476536364,0.3645780513997954,19044.0,,,
rich_features,2,0.3,extra_long,Linear Regression,ALL_MEAN,0.17880954783014189,,,0.007984251857074635,0.02947650451571393,5.0
rich_features,2,0.3,extra_long,Decision Tree,ALL_MEAN,0.17877408755095234,,,0.007962945225016338,0.02966897205745045,5.0
rich_features,2,0.3,extra_long,Random Forest,ALL_MEAN,0.17885597725035693,,,0.007947587338724386,0.029224499833932494,5.0
rich_features,2,0.3,extra_long,Naive (persistence),ALL_MEAN,0.18424030810394432,,,0.016182346218175065,0.0,5.0
rich_features,2,0.5,short,Naive (persistence),25,0.5278743012539658,1.0241580114276585,19857.0,,,
rich_features,2,0.5,short,Linear Regression,25,0.545789609958928,0.824359214112077,19857.0,,,
rich_features,2,0.5,short,Decision Tree,25,0.547015774315132,0.8219421620641854,19857.0,,,
rich_features,2,0.5,short,Random Forest,25,0.5466288472303811,0.8205999325917334,19857.0,,,
rich_features,2,0.5,short,Naive (persistence),26,0.510538523598225,1.0004285084322948,19832.0,,,
rich_features,2,0.5,short,Linear Regression,26,0.5348551972110476,0.8091629478046763,19832.0,,,
rich_features,2,0.5,short,Decision Tree,26,0.5350781748408872,0.8011175075245982,19832.0,,,
rich_features,2,0.5,short,Random Forest,26,0.5346303353666155,0.7986482106863825,19832.0,,,
rich_features,2,0.5,short,Naive (persistence),27,0.4909823677581864,0.9720009743855965,19850.0,,,
rich_features,2,0.5,short,Linear Regression,27,0.5214989621286885,0.7770106533663591,19850.0,,,
rich_features,2,0.5,short,Decision Tree,27,0.5241956268634387,0.7750538006712161,19850.0,,,
rich_features,2,0.5,short,Random Forest,27,0.5237947138113291,0.7740855792292363,19850.0,,,
rich_features,2,0.5,short,Naive (persistence),28,0.5481272654047523,1.0543047939137873,19864.0,,,
rich_features,2,0.5,short,Linear Regression,28,0.567700168172652,0.8748994921260007,19864.0,,,
rich_features,2,0.5,short,Decision Tree,28,0.5672401843079363,0.8671942180615061,19864.0,,,
rich_features,2,0.5,short,Random Forest,28,0.566573242186183,0.8653846794764107,19864.0,,,
rich_features,2,0.5,short,Naive (persistence),29,0.5105623176742783,0.999421419988041,19882.0,,,
rich_features,2,0.5,short,Linear Regression,29,0.5368583530555857,0.805949841340492,19882.0,,,
rich_features,2,0.5,short,Decision Tree,29,0.5363198045903549,0.7989831796824702,19882.0,,,
rich_features,2,0.5,short,Random Forest,29,0.5363401652349211,0.7988848162954303,19882.0,,,
rich_features,2,0.5,short,Linear Regression,ALL_MEAN,0.5413404581053805,,,0.015300079112113011,-0.04583215973128141,5.0
rich_features,2,0.5,short,Decision Tree,ALL_MEAN,0.5419699129835498,,,0.014556045863812922,-0.04704822282952681,5.0
rich_features,2,0.5,short,Random Forest,ALL_MEAN,0.541593460765886,,,0.014437605196614868,-0.04632094329602787,5.0
rich_features,2,0.5,short,Naive (persistence),ALL_MEAN,0.5176169551378815,,,0.019211275489237904,0.0,5.0
rich_features,2,0.5,medium,Naive (persistence),25,0.6150475902704337,1.1676896068641471,19857.0,,,
rich_features,2,0.5,medium,Linear Regression,25,0.5848288599005064,0.860158161475683,19857.0,,,
rich_features,2,0.5,medium,Decision Tree,25,0.5832080714425809,0.8588380407043608,19857.0,,,
rich_features,2,0.5,medium,Random Forest,25,0.5824847519327052,0.8572453282819316,19857.0,,,
rich_features,2,0.5,medium,Naive (persistence),26,0.5812827753126261,1.1320178002668584,19832.0,,,
rich_features,2,0.5,medium,Linear Regression,26,0.5700203752455067,0.845933129148652,19832.0,,,
rich_features,2,0.5,medium,Decision Tree,26,0.5692960908570337,0.8427534942533031,19832.0,,,
rich_features,2,0.5,medium,Random Forest,26,0.5691134241200355,0.8431220292586201,19832.0,,,
rich_features,2,0.5,medium,Naive (persistence),27,0.5561712846347607,1.087598977805666,19850.0,,,
rich_features,2,0.5,medium,Linear Regression,27,0.5560580027412643,0.8051870162870568,19850.0,,,
rich_features,2,0.5,medium,Decision Tree,27,0.5557355856768679,0.8049120148897609,19850.0,,,
rich_features,2,0.5,medium,Random Forest,27,0.55531194650693,0.8039728334626249,19850.0,,,
rich_features,2,0.5,medium,Naive (persistence),28,0.6458417237213049,1.2300563657441772,19864.0,,,
rich_features,2,0.5,medium,Linear Regression,28,0.6119351036929733,0.9326445375035212,19864.0,,,
rich_features,2,0.5,medium,Decision Tree,28,0.611494680827544,0.9303202749923695,19864.0,,,
rich_features,2,0.5,medium,Random Forest,28,0.6107229342423766,0.9287875553189501,19864.0,,,
rich_features,2,0.5,medium,Naive (persistence),29,0.5873151594407001,1.1330598240751037,19882.0,,,
rich_features,2,0.5,medium,Linear Regression,29,0.5727406153295326,0.8421114641970422,19882.0,,,
rich_features,2,0.5,medium,Decision Tree,29,0.5708620026054831,0.8376517619715131,19882.0,,,
rich_features,2,0.5,medium,Random Forest,29,0.5703699086143843,0.8366001697257661,19882.0,,,
rich_features,2,0.5,medium,Linear Regression,ALL_MEAN,0.5791165913819567,,,0.01878710989300447,0.030169416717616082,5.0
rich_features,2,0.5,medium,Decision Tree,ALL_MEAN,0.5781192862819019,,,0.01882211301703426,0.03183957606253918,5.0
rich_features,2,0.5,medium,Random Forest,ALL_MEAN,0.5776005930832863,,,0.01866570701918803,0.032708217256461114,5.0
rich_features,2,0.5,medium,Naive (persistence),ALL_MEAN,0.5971317066759652,,,0.030721178507028147,0.0,5.0
rich_features,2,0.5,long,Naive (persistence),25,0.6450118346175152,1.2277121123333457,19857.0,,,
rich_features,2,0.5,long,Linear Regression,25,0.5900007836692547,0.8622709972269799,19857.0,,,
rich_features,2,0.5,long,Decision Tree,25,0.5897722993022111,0.8625133165175738,19857.0,,,
rich_features,2,0.5,long,Random Forest,25,0.5896033464652144,0.8620173698312499,19857.0,,,
rich_features,2,0.5,long,Naive (persistence),26,0.618596208148447,1.2074546586612982,19832.0,,,
rich_features,2,0.5,long,Linear Regression,26,0.576549871006294,0.8516829156363813,19832.0,,,
rich_features,2,0.5,long,Decision Tree,26,0.5769184625443913,0.8530854648923886,19832.0,,,
rich_features,2,0.5,long,Random Forest,26,0.5770203840865953,0.8521072523195465,19832.0,,,
rich_features,2,0.5,long,Naive (persistence),27,0.5849370277078085,1.1388491252026367,19850.0,,,
rich_features,2,0.5,long,Linear Regression,27,0.5626005110842908,0.807675942119933,19850.0,,,
rich_features,2,0.5,long,Decision Tree,27,0.5623853953482483,0.8077324407329786,19850.0,,,
rich_features,2,0.5,long,Random Forest,27,0.5624098193485668,0.807594249893025,19850.0,,,
rich_features,2,0.5,long,Naive (persistence),28,0.6930124848973016,1.3188356328596076,19864.0,,,
rich_features,2,0.5,long,Linear Regression,28,0.6184081140669797,0.9429157748709517,19864.0,,,
rich_features,2,0.5,long,Decision Tree,28,0.6175897202239509,0.9424408426901087,19864.0,,,
rich_features,2,0.5,long,Random Forest,28,0.6175259932616823,0.9422191672415683,19864.0,,,
rich_features,2,0.5,long,Naive (persistence),29,0.6176943969419576,1.1965774550252317,19882.0,,,
rich_features,2,0.5,long,Linear Regression,29,0.5780927113759875,0.8458381451184008,19882.0,,,
rich_features,2,0.5,long,Decision Tree,29,0.5781207584575917,0.8468625268857052,19882.0,,,
rich_features,2,0.5,long,Random Forest,29,0.5778857039999594,0.8457915644434774,19882.0,,,
rich_features,2,0.5,long,Linear Regression,ALL_MEAN,0.5851303982405612,,,0.018771666543724714,0.07394154206004211,5.0
rich_features,2,0.5,long,Decision Tree,ALL_MEAN,0.5849573271752786,,,0.018487353274363866,0.07421545352372882,5.0
rich_features,2,0.5,long,Random Forest,ALL_MEAN,0.5848890494324037,,,0.01845899902899178,0.07432351350739819,5.0
rich_features,2,0.5,long,Naive (persistence),ALL_MEAN,0.631850390462606,,,0.03603041635679011,0.0,5.0
rich_features,2,0.5,extra_long,Naive (persistence),25,0.6426952711890014,1.2169175615935373,19857.0,,,
rich_features,2,0.5,extra_long,Linear Regression,25,0.5896611805784059,0.8629445898489447,19857.0,,,
rich_features,2,0.5,extra_long,Decision Tree,25,0.5887822143398906,0.8626953001274054,19857.0,,,
rich_features,2,0.5,extra_long,Random Forest,25,0.5884856205841961,0.8618247539562289,19857.0,,,
rich_features,2,0.5,extra_long,Naive (persistence),26,0.6032674465510286,1.1806818713451621,19832.0,,,
rich_features,2,0.5,extra_long,Linear Regression,26,0.5755321150903704,0.8517652026009193,19832.0,,,
rich_features,2,0.5,extra_long,Decision Tree,26,0.5757693189388229,0.8534501621000751,19832.0,,,
rich_features,2,0.5,extra_long,Random Forest,26,0.5756395291914475,0.8519959732902675,19832.0,,,
rich_features,2,0.5,extra_long,Naive (persistence),27,0.5842317380352645,1.1339283270478835,19850.0,,,
rich_features,2,0.5,extra_long,Linear Regression,27,0.5617638369015306,0.8086399266249558,19850.0,,,
rich_features,2,0.5,extra_long,Decision Tree,27,0.5611169801056202,0.8078326509396345,19850.0,,,
rich_features,2,0.5,extra_long,Random Forest,27,0.5612775408794611,0.8077718757761584,19850.0,,,
rich_features,2,0.5,extra_long,Naive (persistence),28,0.6783125251711639,1.2889911511240866,19864.0,,,
rich_features,2,0.5,extra_long,Linear Regression,28,0.617282081300448,0.9404040871242749,19864.0,,,
rich_features,2,0.5,extra_long,Decision Tree,28,0.6161979184714771,0.9389255862915326,19864.0,,,
rich_features,2,0.5,extra_long,Random Forest,28,0.6161150316072496,0.9384248862742682,19864.0,,,
rich_features,2,0.5,extra_long,Naive (persistence),29,0.6111055225832411,1.1773180790976943,19882.0,,,
rich_features,2,0.5,extra_long,Linear Regression,29,0.5773190731525706,0.8459131010659544,19882.0,,,
rich_features,2,0.5,extra_long,Decision Tree,29,0.5769039081632569,0.8463731836068216,19882.0,,,
rich_features,2,0.5,extra_long,Random Forest,29,0.5765582554878044,0.8442779718475493,19882.0,,,
rich_features,2,0.5,extra_long,Linear Regression,ALL_MEAN,0.5843116574046651,,,0.018708538463849636,0.06348680045431443,5.0
rich_features,2,0.5,extra_long,Decision Tree,ALL_MEAN,0.5837540680038135,,,0.018444534934379316,0.0643804842054545,5.0
rich_features,2,0.5,extra_long,Random Forest,ALL_MEAN,0.5836151955500316,,,0.018397515358582733,0.06460306385857606,5.0
rich_features,2,0.5,extra_long,Naive (persistence),ALL_MEAN,0.6239225007059399,,,0.03309669018091479,0.0,5.0
rich_features,2,0.7,short,Naive (persistence),25,1.0556501703065517,1.6465509509460405,19964.0,,,
rich_features,2,0.7,short,Linear Regression,25,1.0803560486327848,1.4840480396016056,19964.0,,,
rich_features,2,0.7,short,Decision Tree,25,1.0761799201473135,1.4612678696728911,19964.0,,,
rich_features,2,0.7,short,Random Forest,25,1.0761350954486202,1.4602405612198637,19964.0,,,
rich_features,2,0.7,short,Naive (persistence),26,1.0814618006817727,1.6667251510359016,19948.0,,,
rich_features,2,0.7,short,Linear Regression,26,1.0936948716724322,1.5048912274070816,19948.0,,,
rich_features,2,0.7,short,Decision Tree,26,1.0907397502010434,1.4819372773753678,19948.0,,,
rich_features,2,0.7,short,Random Forest,26,1.089961062420411,1.4800086470567109,19948.0,,,
rich_features,2,0.7,short,Naive (persistence),27,1.0274075558673215,1.6185336782600757,19958.0,,,
rich_features,2,0.7,short,Linear Regression,27,1.0522076538489824,1.4443679128312943,19958.0,,,
rich_features,2,0.7,short,Decision Tree,27,1.053616333043771,1.421430090272871,19958.0,,,
rich_features,2,0.7,short,Random Forest,27,1.053620911083104,1.4210248697396513,19958.0,,,
rich_features,2,0.7,short,Naive (persistence),28,1.0410238429172511,1.6279189833617338,19964.0,,,
rich_features,2,0.7,short,Linear Regression,28,1.0767400747529887,1.473233623259032,19964.0,,,
rich_features,2,0.7,short,Decision Tree,28,1.0745238826132968,1.4470771391637915,19964.0,,,
rich_features,2,0.7,short,Random Forest,28,1.0738735728967033,1.4458277144489946,19964.0,,,
rich_features,2,0.7,short,Naive (persistence),29,1.0770463881374612,1.6629052837028564,19962.0,,,
rich_features,2,0.7,short,Linear Regression,29,1.0919847439436854,1.4922409924684552,19962.0,,,
rich_features,2,0.7,short,Decision Tree,29,1.0921688132339222,1.4751949661157615,19962.0,,,
rich_features,2,0.7,short,Random Forest,29,1.0913624590526634,1.4727834843582956,19962.0,,,
rich_features,2,0.7,short,Linear Regression,ALL_MEAN,1.0789966785701748,,,0.014895091244335143,-0.02127623762042341,5.0
rich_features,2,0.7,short,Decision Tree,ALL_MEAN,1.0774457398478692,,,0.013939008422769182,-0.01980826566596372,5.0
rich_features,2,0.7,short,Random Forest,ALL_MEAN,1.0769906201803006,,,0.013648247756393396,-0.019377492419861087,5.0
rich_features,2,0.7,short,Naive (persistence),ALL_MEAN,1.0565179515820717,,,0.02064871861228229,0.0,5.0
rich_features,2,0.7,medium,Naive (persistence),25,1.3442195952714886,2.0591338124813228,19964.0,,,
rich_features,2,0.7,medium,Linear Regression,25,1.2753138684693988,1.7400139873658191,19964.0,,,
rich_features,2,0.7,medium,Decision Tree,25,1.251600160619809,1.7153311306517651,19964.0,,,
rich_features,2,0.7,medium,Random Forest,25,1.2517814066745563,1.7154749952334087,19964.0,,,
rich_features,2,0.7,medium,Naive (persistence),26,1.375275716863846,2.1084255242472696,19948.0,,,
rich_features,2,0.7,medium,Linear Regression,26,1.2910143373545353,1.7778707395550133,19948.0,,,
rich_features,2,0.7,medium,Decision Tree,26,1.2710802306358036,1.7569237034148153,19948.0,,,
rich_features,2,0.7,medium,Random Forest,26,1.2705214017683444,1.7562960552649247,19948.0,,,
rich_features,2,0.7,medium,Naive (persistence),27,1.2883054414269968,2.016044472267349,19958.0,,,
rich_features,2,0.7,medium,Linear Regression,27,1.231115111546127,1.676579074479348,19958.0,,,
rich_features,2,0.7,medium,Decision Tree,27,1.2200929113180645,1.665369697829203,19958.0,,,
rich_features,2,0.7,medium,Random Forest,27,1.2190123731240565,1.6624063330997794,19958.0,,,
rich_features,2,0.7,medium,Naive (persistence),28,1.3126627930274495,2.0379587573388,19964.0,,,
rich_features,2,0.7,medium,Linear Regression,28,1.2702775574893976,1.7368249169193575,19964.0,,,
rich_features,2,0.7,medium,Decision Tree,28,1.2557339382743893,1.709130491485514,19964.0,,,
rich_features,2,0.7,medium,Random Forest,28,1.254987944401692,1.708303941644694,19964.0,,,
rich_features,2,0.7,medium,Naive (persistence),29,1.3833784189960925,2.1195721061655695,19962.0,,,
rich_features,2,0.7,medium,Linear Regression,29,1.2850881381938537,1.7584095270369944,19962.0,,,
rich_features,2,0.7,medium,Decision Tree,29,1.2704313286005178,1.747870986561063,19962.0,,,
rich_features,2,0.7,medium,Random Forest,29,1.2698984835545135,1.7469047480494215,19962.0,,,
rich_features,2,0.7,medium,Linear Regression,ALL_MEAN,1.2705618026106626,,,0.021014399653953707,0.052362951623052045,5.0
rich_features,2,0.7,medium,Decision Tree,ALL_MEAN,1.2537877138897167,,,0.018546988677745423,0.06487375423971253,5.0
rich_features,2,0.7,medium,Random Forest,ALL_MEAN,1.2532403219046324,,,0.018723595629985518,0.06528202160930019,5.0
rich_features,2,0.7,medium,Naive (persistence),ALL_MEAN,1.3407683931171746,,,0.0362231046441883,0.0,5.0
rich_features,2,0.7,long,Naive (persistence),25,1.5674213584452013,2.4205466909997746,19964.0,,,
rich_features,2,0.7,long,Linear Regression,25,1.3736252105815365,1.892995769233487,19964.0,,,
rich_features,2,0.7,long,Decision Tree,25,1.3626519235690422,1.8950347940335401,19964.0,,,
rich_features,2,0.7,long,Random Forest,25,1.3610883457275644,1.8898986245230633,19964.0,,,
rich_features,2,0.7,long,Naive (persistence),26,1.6482354120713856,2.5150738659197835,19948.0,,,
rich_features,2,0.7,long,Linear Regression,26,1.3891405996372195,1.9315799195235388,19948.0,,,
rich_features,2,0.7,long,Decision Tree,26,1.3743001927440923,1.9253071045553793,19948.0,,,
rich_features,2,0.7,long,Random Forest,26,1.3735533903469457,1.922951795363887,19948.0,,,
rich_features,2,0.7,long,Naive (persistence),27,1.5027056819320572,2.345827381291282,19958.0,,,
rich_features,2,0.7,long,Linear Regression,27,1.3095264668877933,1.7871457436524363,19958.0,,,
rich_features,2,0.7,long,Decision Tree,27,1.2983283655830204,1.7839767962920228,19958.0,,,
rich_features,2,0.7,long,Random Forest,27,1.2978791779985375,1.7818887060703312,19958.0,,,
rich_features,2,0.7,long,Naive (persistence),28,1.5628130635143258,2.423834762296897,19964.0,,,
rich_features,2,0.7,long,Linear Regression,28,1.3778687268704928,1.9069112983158067,19964.0,,,
rich_features,2,0.7,long,Decision Tree,28,1.3700456967398618,1.9011017125429843,19964.0,,,
rich_features,2,0.7,long,Random Forest,28,1.3693737423643442,1.8992188300772859,19964.0,,,
rich_features,2,0.7,long,Naive (persistence),29,1.6159703436529407,2.4856264489667845,19962.0,,,
rich_features,2,0.7,long,Linear Regression,29,1.3667990870350697,1.8775697737958361,19962.0,,,
rich_features,2,0.7,long,Decision Tree,29,1.3603775764553303,1.884488893669089,19962.0,,,
rich_features,2,0.7,long,Random Forest,29,1.3590751410204427,1.8801988055102308,19962.0,,,
rich_features,2,0.7,long,Linear Regression,ALL_MEAN,1.3633920182024224,,,0.02789404417610275,0.13678179279017832,5.0
rich_features,2,0.7,long,Decision Tree,ALL_MEAN,1.3531407510182694,,,0.02785939987436139,0.1432722814846924,5.0
rich_features,2,0.7,long,Random Forest,ALL_MEAN,1.3521939594915668,,,0.02766921206108137,0.1438717332002446,5.0
rich_features,2,0.7,long,Naive (persistence),ALL_MEAN,1.579429171923182,,,0.04975205015737751,0.0,5.0
rich_features,2,0.7,extra_long,Naive (persistence),25,1.4814165497896212,2.280287147939642,19964.0,,,
rich_features,2,0.7,extra_long,Linear Regression,25,1.345315458738582,1.8442846230746748,19964.0,,,
rich_features,2,0.7,extra_long,Decision Tree,25,1.3265158809893984,1.8358304755834236,19964.0,,,
rich_features,2,0.7,extra_long,Random Forest,25,1.3246546959987697,1.832225832427855,19964.0,,,
rich_features,2,0.7,extra_long,Naive (persistence),26,1.5361439743332665,2.3607074454645978,19948.0,,,
rich_features,2,0.7,extra_long,Linear Regression,26,1.3626477233423906,1.8889504753756134,19948.0,,,
rich_features,2,0.7,extra_long,Decision Tree,26,1.3401478039344983,1.8769270261746012,19948.0,,,
rich_features,2,0.7,extra_long,Random Forest,26,1.3384659710592017,1.8736742553884778,19948.0,,,
rich_features,2,0.7,extra_long,Naive (persistence),27,1.4272472191602366,2.2314135280803353,19958.0,,,
rich_features,2,0.7,extra_long,Linear Regression,27,1.2882163227919894,1.7584691367578997,19958.0,,,
rich_features,2,0.7,extra_long,Decision Tree,27,1.2732255078538106,1.7516161373697317,19958.0,,,
rich_features,2,0.7,extra_long,Random Forest,27,1.272969673945446,1.7511107167017377,19958.0,,,
rich_features,2,0.7,extra_long,Naive (persistence),28,1.4743538369064315,2.2818572195180136,19964.0,,,
rich_features,2,0.7,extra_long,Linear Regression,28,1.3495669588361852,1.8548913725771825,19964.0,,,
rich_features,2,0.7,extra_long,Decision Tree,28,1.3347195049550558,1.841922884526587,19964.0,,,
rich_features,2,0.7,extra_long,Random Forest,28,1.3316571287131878,1.835753352034744,19964.0,,,
rich_features,2,0.7,extra_long,Naive (persistence),29,1.532161106101593,2.3550983690332052,19962.0,,,
rich_features,2,0.7,extra_long,Linear Regression,29,1.3454163109390003,1.8487463028328706,19962.0,,,
rich_features,2,0.7,extra_long,Decision Tree,29,1.331625955923383,1.849338950630205,19962.0,,,
rich_features,2,0.7,extra_long,Random Forest,29,1.329368174242354,1.8462415157264083,19962.0,,,
rich_features,2,0.7,extra_long,Linear Regression,ALL_MEAN,1.3382325549296294,,,0.025799095001785545,0.10201677522858243,5.0
rich_features,2,0.7,extra_long,Decision Tree,ALL_MEAN,1.3212469307312291,,,0.024414324975296185,0.11341449944045312,5.0
rich_features,2,0.7,extra_long,Random Forest,ALL_MEAN,1.319423128791792,,,0.023649512837750127,0.11463831031016125,5.0
rich_features,2,0.7,extra_long,Naive (persistence),ALL_MEAN,1.4902645372582297,,,0.040405110754363635,0.0,5.0
rich_features,2,0.8,short,Naive (persistence),25,1.3226776230083175,1.9148106040189596,19958.0,,,
rich_features,2,0.8,short,Linear Regression,25,1.3465293187225322,1.7906168417287975,19958.0,,,
rich_features,2,0.8,short,Decision Tree,25,1.3378341133269105,1.7519761284398365,19958.0,,,
rich_features,2,0.8,short,Random Forest,25,1.336788635606068,1.7505573814755153,19958.0,,,
rich_features,2,0.8,short,Naive (persistence),26,1.3973261228781733,1.976883076135316,19971.0,,,
rich_features,2,0.8,short,Linear Regression,26,1.4070016236245997,1.8552672137090944,19971.0,,,
rich_features,2,0.8,short,Decision Tree,26,1.4018063944296801,1.8282961659301886,19971.0,,,
rich_features,2,0.8,short,Random Forest,26,1.4011217070121718,1.8275899107618216,19971.0,,,
rich_features,2,0.8,short,Naive (persistence),27,1.401422204416846,2.003639834778357,19969.0,,,
rich_features,2,0.8,short,Linear Regression,27,1.4229406101764313,1.893166118272839,19969.0,,,
rich_features,2,0.8,short,Decision Tree,27,1.4122945895007728,1.860307304031323,19969.0,,,
rich_features,2,0.8,short,Random Forest,27,1.410710126323109,1.857250829590676,19969.0,,,
rich_features,2,0.8,short,Naive (persistence),28,1.4466700050075112,2.0464070153585685,19970.0,,,
rich_features,2,0.8,short,Linear Regression,28,1.455607712342416,1.9321090374226142,19970.0,,,
rich_features,2,0.8,short,Decision Tree,28,1.4479468207756376,1.9115203223497663,19970.0,,,
rich_features,2,0.8,short,Random Forest,28,1.4461258297837036,1.9099420806204839,19970.0,,,
rich_features,2,0.8,short,Naive (persistence),29,1.4015527172551967,1.9853457623656516,19965.0,,,
rich_features,2,0.8,short,Linear Regression,29,1.4097741210817583,1.8667032167300135,19965.0,,,
rich_features,2,0.8,short,Decision Tree,29,1.3998363114589463,1.8351728183752392,19965.0,,,
rich_features,2,0.8,short,Random Forest,29,1.3989923863000215,1.8345956125715455,19965.0,,,
rich_features,2,0.8,short,Linear Regression,ALL_MEAN,1.4083706771895474,,,0.035416995967314284,-0.010359878492284036,5.0
rich_features,2,0.8,short,Decision Tree,ALL_MEAN,1.3999436458983894,,,0.03554694359627912,-0.004314357629569221,5.0
rich_features,2,0.8,short,Random Forest,ALL_MEAN,1.3987477370050148,,,0.03530554706156269,-0.003456417043494975,5.0
rich_features,2,0.8,short,Naive (persistence),ALL_MEAN,1.393929734513209,,,0.0399604353099034,0.0,5.0
rich_features,2,0.8,medium,Naive (persistence),25,1.7096402445134784,2.459258159783672,19958.0,,,
rich_features,2,0.8,medium,Linear Regression,25,1.6696984941963642,2.203847117037032,19958.0,,,
rich_features,2,0.8,medium,Decision Tree,25,1.6580402160911771,2.162910509895751,19958.0,,,
rich_features,2,0.8,medium,Random Forest,25,1.657493355008628,2.160877562211073,19958.0,,,
rich_features,2,0.8,medium,Naive (persistence),26,1.8384157027690151,2.578855020190547,19971.0,,,
rich_features,2,0.8,medium,Linear Regression,26,1.7634872340415142,2.3169959086658753,19971.0,,,
rich_features,2,0.8,medium,Decision Tree,26,1.750958353076878,2.2858039830679826,19971.0,,,
rich_features,2,0.8,medium,Random Forest,26,1.7508744142668737,2.2852080479949306,19971.0,,,
rich_features,2,0.8,medium,Naive (persistence),27,1.8295357804597125,2.594886669410049,19969.0,,,
rich_features,2,0.8,medium,Linear Regression,27,1.7902936118253518,2.376320883841476,19969.0,,,
rich_features,2,0.8,medium,Decision Tree,27,1.7659378978344398,2.3165543018658834,19969.0,,,
rich_features,2,0.8,medium,Random Forest,27,1.7652333340505038,2.314959959151485,19969.0,,,
rich_features,2,0.8,medium,Naive (persistence),28,1.9057085628442665,2.672669965992936,19970.0,,,
rich_features,2,0.8,medium,Linear Regression,28,1.838528170701482,2.433029560597583,19970.0,,,
rich_features,2,0.8,medium,Decision Tree,28,1.8283500086681488,2.4058297355857015,19970.0,,,
rich_features,2,0.8,medium,Random Forest,28,1.8292066793321669,2.4064029351379976,19970.0,,,
rich_features,2,0.8,medium,Naive (persistence),29,1.8453794139744553,2.576794476108092,19965.0,,,
rich_features,2,0.8,medium,Linear Regression,29,1.7842321853219552,2.3327211938617376,19965.0,,,
rich_features,2,0.8,medium,Decision Tree,29,1.7653935485157497,2.290230770280739,19965.0,,,
rich_features,2,0.8,medium,Random Forest,29,1.765161093334047,2.289414458032698,19965.0,,,
rich_features,2,0.8,medium,Linear Regression,ALL_MEAN,1.7692479392173333,,,0.055516621239860536,0.03093985303626634,5.0
rich_features,2,0.8,medium,Decision Tree,ALL_MEAN,1.7537360048372785,,,0.054804075428827884,0.03943611694412619,5.0
rich_features,2,0.8,medium,Random Forest,ALL_MEAN,1.7535937751984438,,,0.055189272753301856,0.03951401957815315,5.0
rich_features,2,0.8,medium,Naive (persistence),ALL_MEAN,1.8257359409121858,,,0.06392951142668511,0.0,5.0
rich_features,2,0.8,long,Naive (persistence),25,2.07420583224772,3.003797242747691,19958.0,,,
rich_features,2,0.8,long,Linear Regression,25,1.9366618411273544,2.5336718849951976,19958.0,,,
rich_features,2,0.8,long,Decision Tree,25,1.9284619895309607,2.499714581884351,19958.0,,,
rich_features,2,0.8,long,Random Forest,25,1.9281301655177496,2.49955809505745,19958.0,,,
rich_features,2,0.8,long,Naive (persistence),26,2.2962796054278702,3.218348763684388,19971.0,,,
rich_features,2,0.8,long,Linear Regression,26,2.071792867699361,2.721120010696495,19971.0,,,
rich_features,2,0.8,long,Decision Tree,26,2.05687964482672,2.7020960010959283,19971.0,,,
rich_features,2,0.8,long,Random Forest,26,2.05693106119353,2.7011219385176957,19971.0,,,
rich_features,2,0.8,long,Naive (persistence),27,2.258250287946317,3.2355643648328822,19969.0,,,
rich_features,2,0.8,long,Linear Regression,27,2.110837602372122,2.8394021365425934,19969.0,,,
rich_features,2,0.8,long,Decision Tree,27,2.071213350036792,2.746724472480961,19969.0,,,
rich_features,2,0.8,long,Random Forest,27,2.066778207733295,2.737916384221054,19969.0,,,
rich_features,2,0.8,long,Naive (persistence),28,2.442814221331998,3.409323280042795,19970.0,,,
rich_features,2,0.8,long,Linear Regression,28,2.2128264649165628,2.921956063293399,19970.0,,,
rich_features,2,0.8,long,Decision Tree,28,2.202001072554273,2.907695319988198,19970.0,,,
rich_features,2,0.8,long,Random Forest,28,2.2001535146319657,2.905317376138631,19970.0,,,
rich_features,2,0.8,long,Naive (persistence),29,2.2531930879038318,3.173637653848714,19965.0,,,
rich_features,2,0.8,long,Linear Regression,29,2.090577847299095,2.7409384073893244,19965.0,,,
rich_features,2,0.8,long,Decision Tree,29,2.07144604417441,2.702251369147664,19965.0,,,
rich_features,2,0.8,long,Random Forest,29,2.0679249355135787,2.6960704769427237,19965.0,,,
rich_features,2,0.8,long,Linear Regression,ALL_MEAN,2.084539324682899,,,0.08856170258355589,0.0796527045838239,5.0
rich_features,2,0.8,long,Decision Tree,ALL_MEAN,2.066000420224631,,,0.0866637356142161,0.0878378370858176,5.0
rich_features,2,0.8,long,Random Forest,ALL_MEAN,2.063983576918024,,,0.08610631053892347,0.08872829583636022,5.0
rich_features,2,0.8,long,Naive (persistence),ALL_MEAN,2.264948606971547,,,0.11762965106787532,0.0,5.0
rich_features,2,0.8,extra_long,Naive (persistence),25,1.9246417476701072,2.7805640122239152,19958.0,,,
rich_features,2,0.8,extra_long,Linear Regression,25,1.8336701526278443,2.4113626534229633,19958.0,,,
rich_features,2,0.8,extra_long,Decision Tree,25,1.8264807221131025,2.3757066075673077,19958.0,,,
rich_features,2,0.8,extra_long,Random Forest,25,1.8251864156407323,2.3727739985165024,19958.0,,,
rich_features,2,0.8,extra_long,Naive (persistence),26,2.1167192429022084,2.953082289365004,19971.0,,,
rich_features,2,0.8,extra_long,Linear Regression,26,1.9629018036285903,2.5690989823933426,19971.0,,,
rich_features,2,0.8,extra_long,Decision Tree,26,1.9413307580946386,2.5361176645088217,19971.0,,,
rich_features,2,0.8,extra_long,Random Forest,26,1.9401705356848669,2.5335126470930254,19971.0,,,
rich_features,2,0.8,extra_long,Naive (persistence),27,2.1034603635635234,2.9821274755843326,19969.0,,,
rich_features,2,0.8,extra_long,Linear Regression,27,1.9990095162833863,2.666296907265901,19969.0,,,
rich_features,2,0.8,extra_long,Decision Tree,27,1.9642335607186685,2.5843384131630787,19969.0,,,
rich_features,2,0.8,extra_long,Random Forest,27,1.9626327039515212,2.579787061755617,19969.0,,,
rich_features,2,0.8,extra_long,Naive (persistence),28,2.2099148723084627,3.0951041184839623,19970.0,,,
rich_features,2,0.8,extra_long,Linear Regression,28,2.062548103389324,2.729224437668292,19970.0,,,
rich_features,2,0.8,extra_long,Decision Tree,28,2.054750920192213,2.706216599482291,19970.0,,,
rich_features,2,0.8,extra_long,Random Forest,28,2.052833656747897,2.7029389114989915,19970.0,,,
rich_features,2,0.8,extra_long,Naive (persistence),29,2.0818432256448784,2.9169487538448413,19965.0,,,
rich_features,2,0.8,extra_long,Linear Regression,29,1.9678087407454068,2.5760570120706547,19965.0,,,
rich_features,2,0.8,extra_long,Decision Tree,29,1.9533838514185133,2.536323835177234,19965.0,,,
rich_features,2,0.8,extra_long,Random Forest,29,1.9508730698228474,2.532474060801528,19965.0,,,
rich_features,2,0.8,extra_long,Linear Regression,ALL_MEAN,1.9651876633349101,,,0.07474212179009825,0.05850970025360103,5.0
rich_features,2,0.8,extra_long,Decision Tree,ALL_MEAN,1.948035962507427,,,0.07280066006681955,0.06672680860132207,5.0
rich_features,2,0.8,extra_long,Random Forest,ALL_MEAN,1.946339276369573,,,0.07258533342490803,0.067539664070704,5.0
rich_features,2,0.8,extra_long,Naive (persistence),ALL_MEAN,2.087315890417836,,,0.09235641644143183,0.0,5.0
rich_features,2,0.9,short,Naive (persistence),25,1.7651094086425316,2.3713506258029873,19971.0,,,
rich_features,2,0.9,short,Linear Regression,25,1.7822213789783323,2.314388738915175,19971.0,,,
rich_features,2,0.9,short,Decision Tree,25,1.7903250737139624,2.2978588112873912,19971.0,,,
rich_features,2,0.9,short,Random Forest,25,1.790008329075474,2.295974248499159,19971.0,,,
rich_features,2,0.9,short,Naive (persistence),26,1.7037704671774072,2.3103982368888003,19971.0,,,
rich_features,2,0.9,short,Linear Regression,26,1.726948267010969,2.2516517204742095,19971.0,,,
rich_features,2,0.9,short,Decision Tree,26,1.7257822607921791,2.2248248152744394,19971.0,,,
rich_features,2,0.9,short,Random Forest,26,1.7244296381437192,2.223124246095312,19971.0,,,
rich_features,2,0.9,short,Naive (persistence),27,1.8344098943468028,2.433626446198239,19971.0,,,
rich_features,2,0.9,short,Linear Regression,27,1.8467324840544221,2.3887212540991904,19971.0,,,
rich_features,2,0.9,short,Decision Tree,27,1.8463932469615658,2.3687353799601447,19971.0,,,
rich_features,2,0.9,short,Random Forest,27,1.8457941156649618,2.3657295778402037,19971.0,,,
rich_features,2,0.9,short,Naive (persistence),28,1.7517275913870807,2.3646325784033064,19970.0,,,
rich_features,2,0.9,short,Linear Regression,28,1.7794950559309919,2.310760557578944,19970.0,,,
rich_features,2,0.9,short,Decision Tree,28,1.7790343330098377,2.2857722279518247,19970.0,,,
rich_features,2,0.9,short,Random Forest,28,1.7774467323537062,2.282184929415454,19970.0,,,
rich_features,2,0.9,short,Naive (persistence),29,1.715122684026039,2.3107053119248757,19970.0,,,
rich_features,2,0.9,short,Linear Regression,29,1.7363093338812112,2.251521715442918,19970.0,,,
rich_features,2,0.9,short,Decision Tree,29,1.7364172928675146,2.22588218258238,19970.0,,,
rich_features,2,0.9,short,Random Forest,29,1.7361004305338394,2.225556646900753,19970.0,,,
rich_features,2,0.9,short,Linear Regression,ALL_MEAN,1.7743413039711853,,,0.04247745377600264,-0.011580940982493626,5.0
rich_features,2,0.9,short,Decision Tree,ALL_MEAN,1.7755904414690122,,,0.04302882167953555,-0.012293094660390969,5.0
rich_features,2,0.9,short,Random Forest,ALL_MEAN,1.77475584915434,,,0.04315850601766245,-0.011817279958268534,5.0
rich_features,2,0.9,short,Naive (persistence),ALL_MEAN,1.7540280091159723,,,0.046105925112759766,0.0,5.0
rich_features,2,0.9,medium,Naive (persistence),25,2.4551599819738623,3.2526051386962105,19971.0,,,
rich_features,2,0.9,medium,Linear Regression,25,2.423302016265465,3.1260398853236735,19971.0,,,
rich_features,2,0.9,medium,Decision Tree,25,2.4227730459982535,3.098341222632864,19971.0,,,
rich_features,2,0.9,medium,Random Forest,25,2.421673581408606,3.0962079650854277,19971.0,,,
rich_features,2,0.9,medium,Naive (persistence),26,2.3242201191728005,3.130040874496726,19971.0,,,
rich_features,2,0.9,medium,Linear Regression,26,2.3090252398935935,3.0032250426167035,19971.0,,,
rich_features,2,0.9,medium,Decision Tree,26,2.2931600313372646,2.9612340007478695,19971.0,,,
rich_features,2,0.9,medium,Random Forest,26,2.2922467259492887,2.958468808661539,19971.0,,,
rich_features,2,0.9,medium,Naive (persistence),27,2.5201041510189777,3.326513979848015,19971.0,,,
rich_features,2,0.9,medium,Linear Regression,27,2.49993522120407,3.2314916415061408,19971.0,,,
rich_features,2,0.9,medium,Decision Tree,27,2.477200328621069,3.187409708955523,19971.0,,,
rich_features,2,0.9,medium,Random Forest,27,2.4749906599867306,3.183755934133973,19971.0,,,
rich_features,2,0.9,medium,Naive (persistence),28,2.4077616424636954,3.2192383016583745,19970.0,,,
rich_features,2,0.9,medium,Linear Regression,28,2.4015518422839404,3.1079963325377853,19970.0,,,
rich_features,2,0.9,medium,Decision Tree,28,2.3838457360241017,3.0554145639127017,19970.0,,,
rich_features,2,0.9,medium,Random Forest,28,2.3796429834608532,3.0501469594131665,19970.0,,,
rich_features,2,0.9,medium,Naive (persistence),29,2.3367551326990488,3.1398308563854305,19970.0,,,
rich_features,2,0.9,medium,Linear Regression,29,2.3199297261672074,3.0083706569389146,19970.0,,,
rich_features,2,0.9,medium,Decision Tree,29,2.3072270204672454,2.9693561722895536,19970.0,,,
rich_features,2,0.9,medium,Random Forest,29,2.3067523742647347,2.9684678549606476,19970.0,,,
rich_features,2,0.9,medium,Linear Regression,ALL_MEAN,2.3907488091628553,,,0.07041615394519479,0.007493936716653438,5.0
rich_features,2,0.9,medium,Decision Tree,ALL_MEAN,2.3768412324895865,,,0.06939657726440827,0.013267589775014965,5.0
rich_features,2,0.9,medium,Random Forest,ALL_MEAN,2.3750612650140424,,,0.06885337551508822,0.014006533366727192,5.0
rich_features,2,0.9,medium,Naive (persistence),ALL_MEAN,2.4088002054656767,,,0.07332551983312399,0.0,5.0
rich_features,2,0.9,long,Naive (persistence),25,3.324470482199189,4.397862518583536,19971.0,,,
rich_features,2,0.9,long,Linear Regression,25,3.1833409947809526,4.111398313165443,19971.0,,,
rich_features,2,0.9,long,Decision Tree,25,3.175071719543664,4.0758220156502425,19971.0,,,
rich_features,2,0.9,long,Random Forest,25,3.170345747120249,4.0699505310780335,19971.0,,,
rich_features,2,0.9,long,Naive (persistence),26,3.087176405788393,4.175185822948653,19971.0,,,
rich_features,2,0.9,long,Linear Regression,26,2.9857739050304564,3.896498622128147,19971.0,,,
rich_features,2,0.9,long,Decision Tree,26,2.972762717461591,3.8514330437532447,19971.0,,,
rich_features,2,0.9,long,Random Forest,26,2.9716729801703123,3.8494631621932154,19971.0,,,
rich_features,2,0.9,long,Naive (persistence),27,3.420910319963948,4.486762753702453,19971.0,,,
rich_features,2,0.9,long,Linear Regression,27,3.325857986930253,4.286700927903617,19971.0,,,
rich_features,2,0.9,long,Decision Tree,27,3.2797490845281394,4.203783141684697,19971.0,,,
rich_features,2,0.9,long,Random Forest,27,3.2784162595044166,4.202363644319103,19971.0,,,
rich_features,2,0.9,long,Naive (persistence),28,3.1635953930896346,4.247494769593788,19970.0,,,
rich_features,2,0.9,long,Linear Regression,28,3.1099347426476123,4.026293558720984,19970.0,,,
rich_features,2,0.9,long,Decision Tree,28,3.0647204454387214,3.9201077414648617,19970.0,,,
rich_features,2,0.9,long,Random Forest,28,3.0597706535321194,3.9136634477441956,19970.0,,,
rich_features,2,0.9,long,Naive (persistence),29,3.2012018027040563,4.274272348149944,19970.0,,,
rich_features,2,0.9,long,Linear Regression,29,3.0695814326179285,3.970607180504222,19970.0,,,
rich_features,2,0.9,long,Decision Tree,29,3.0518882878360505,3.9269852300658274,19970.0,,,
rich_features,2,0.9,long,Random Forest,29,3.0501679458654145,3.9262185900417355,19970.0,,,
rich_features,2,0.9,long,Linear Regression,ALL_MEAN,3.1348978124014404,,,0.11483889083779726,0.03228091012302092,5.0
rich_features,2,0.9,long,Decision Tree,ALL_MEAN,3.1088384509616334,,,0.10705476661231736,0.040325236619260796,5.0
rich_features,2,0.9,long,Random Forest,ALL_MEAN,3.1060747172385024,,,0.10692598636504472,0.04117838018031417,5.0
rich_features,2,0.9,long,Naive (persistence),ALL_MEAN,3.2394708807490438,,,0.11879429398317848,0.0,5.0
rich_features,2,0.9,extra_long,Naive (persistence),25,2.954834510039557,3.9044019149871017,19971.0,,,
rich_features,2,0.9,extra_long,Linear Regression,25,2.857837632651421,3.6949975684625156,19971.0,,,
rich_features,2,0.9,extra_long,Decision Tree,25,2.853482647899191,3.6620958142742825,19971.0,,,
rich_features,2,0.9,extra_long,Random Forest,25,2.851417524874356,3.658520652860404,19971.0,,,
rich_features,2,0.9,extra_long,Naive (persistence),26,2.753041910770617,3.7146949389970403,19971.0,,,
rich_features,2,0.9,extra_long,Linear Regression,26,2.699339479454919,3.5141094009200167,19971.0,,,
rich_features,2,0.9,extra_long,Decision Tree,26,2.683858574557214,3.466912978657933,19971.0,,,
rich_features,2,0.9,extra_long,Random Forest,26,2.6827534389668415,3.4647711173063827,19971.0,,,
rich_features,2,0.9,extra_long,Naive (persistence),27,3.0135696760302437,3.965564558582929,19971.0,,,
rich_features,2,0.9,extra_long,Linear Regression,27,2.9603308075868617,3.8180218410216824,19971.0,,,
rich_features,2,0.9,extra_long,Decision Tree,27,2.932070267297782,3.756692718534547,19971.0,,,
rich_features,2,0.9,extra_long,Random Forest,27,2.930012074721447,3.753288664539887,19971.0,,,
rich_features,2,0.9,extra_long,Naive (persistence),28,2.8366049073610418,3.7977736408243725,19970.0,,,
rich_features,2,0.9,extra_long,Linear Regression,28,2.805444308626847,3.6336787212330752,19970.0,,,
rich_features,2,0.9,extra_long,Decision Tree,28,2.763372394452562,3.548753751926051,19970.0,,,
rich_features,2,0.9,extra_long,Random Forest,28,2.761237114247313,3.545078436762805,19970.0,,,
rich_features,2,0.9,extra_long,Naive (persistence),29,2.818177265898848,3.7657697131261822,19970.0,,,
rich_features,2,0.9,extra_long,Linear Regression,29,2.7409606329020235,3.5508493495881783,19970.0,,,
rich_features,2,0.9,extra_long,Decision Tree,29,2.7211717430962095,3.5071648218205924,19970.0,,,
rich_features,2,0.9,extra_long,Random Forest,29,2.7188807666985735,3.5044345816917337,19970.0,,,
rich_features,2,0.9,extra_long,Linear Regression,ALL_MEAN,2.8127825722444144,,,0.09152269293068062,0.021724433071766858,5.0
rich_features,2,0.9,extra_long,Decision Tree,ALL_MEAN,2.7907911254605913,,,0.0904690428351207,0.029372978424083263,5.0
rich_features,2,0.9,extra_long,Random Forest,ALL_MEAN,2.7888601839017064,,,0.09028407536376543,0.030044552888054743,5.0
rich_features,2,0.9,extra_long,Naive (persistence),ALL_MEAN,2.8752456540200617,,,0.09502797920282371,0.0,5.0
rich_features,2,0.95,short,Naive (persistence),25,1.9425166491412549,2.526371846011839,19971.0,,,
rich_features,2,0.95,short,Linear Regression,25,1.9572945925837633,2.4944335640143196,19971.0,,,
rich_features,2,0.95,short,Decision Tree,25,1.9727329835263474,2.487720207988991,19971.0,,,
rich_features,2,0.95,short,Random Forest,25,1.968485251983289,2.483983272899266,19971.0,,,
rich_features,2,0.95,short,Naive (persistence),26,1.9215322984476715,2.5187031978178864,19970.0,,,
rich_features,2,0.95,short,Linear Regression,26,1.9353983448318741,2.479702158955347,19970.0,,,
rich_features,2,0.95,short,Decision Tree,26,1.9384859097154719,2.455192001845777,19970.0,,,
rich_features,2,0.95,short,Random Forest,26,1.9379068197872475,2.4541469051525713,19970.0,,,
rich_features,2,0.95,short,Naive (persistence),27,1.9567873416453858,2.554762979246056,19971.0,,,
rich_features,2,0.95,short,Linear Regression,27,1.9653697580934584,2.519277894111552,19971.0,,,
rich_features,2,0.95,short,Decision Tree,27,1.9715460371442224,2.5012458993857485,19971.0,,,
rich_features,2,0.95,short,Random Forest,27,1.96965900643737,2.4993315481140828,19971.0,,,
rich_features,2,0.95,short,Naive (persistence),28,1.9485754343798507,2.553567117246443,19971.0,,,
rich_features,2,0.95,short,Linear Regression,28,1.954920570767201,2.5131707390623688,19971.0,,,
rich_features,2,0.95,short,Decision Tree,28,1.9666376803465193,2.496177383859588,19971.0,,,
rich_features,2,0.95,short,Random Forest,28,1.9632264215827757,2.4929809675734513,19971.0,,,
rich_features,2,0.95,short,Naive (persistence),29,1.9053127034199588,2.505944062760828,19971.0,,,
rich_features,2,0.95,short,Linear Regression,29,1.9240348581300264,2.4718642441670053,19971.0,,,
rich_features,2,0.95,short,Decision Tree,29,1.9251546799512498,2.447373016720899,19971.0,,,
rich_features,2,0.95,short,Random Forest,29,1.9237842799234248,2.4457536374524014,19971.0,,,
rich_features,2,0.95,short,Linear Regression,ALL_MEAN,1.9474036248812645,,,0.015279683692277992,-0.006438808447931876,5.0
rich_features,2,0.95,short,Decision Tree,ALL_MEAN,1.9549114581367621,,,0.0194272219434566,-0.01031893615188939,5.0
rich_features,2,0.95,short,Random Forest,ALL_MEAN,1.9526123559428215,,,0.01845267607588147,-0.009130735799889544,5.0
rich_features,2,0.95,short,Naive (persistence),ALL_MEAN,1.9349448854068243,,,0.018858314156515336,0.0,5.0
rich_features,2,0.95,medium,Naive (persistence),25,2.6858444744880074,3.468933348009262,19971.0,,,
rich_features,2,0.95,medium,Linear Regression,25,2.671865810209391,3.401063094070357,19971.0,,,
rich_features,2,0.95,medium,Decision Tree,25,2.6769459807419067,3.3811933728925614,19971.0,,,
rich_features,2,0.95,medium,Random Forest,25,2.6756520965475956,3.3777683305163206,19971.0,,,
rich_features,2,0.95,medium,Naive (persistence),26,2.652478718077116,3.4537795079208515,19970.0,,,
rich_features,2,0.95,medium,Linear Regression,26,2.631390539112401,3.368819169357347,19970.0,,,
rich_features,2,0.95,medium,Decision Tree,26,2.620955133270161,3.32583758572214,19970.0,,,
rich_features,2,0.95,medium,Random Forest,26,2.621283408164225,3.3251716064685017,19970.0,,,
rich_features,2,0.95,medium,Naive (persistence),27,2.7167893445495968,3.54239260822635,19971.0,,,
rich_features,2,0.95,medium,Linear Regression,27,2.688999702943259,3.4618228310185266,19971.0,,,
rich_features,2,0.95,medium,Decision Tree,27,2.6877721621018633,3.427623994516633,19971.0,,,
rich_features,2,0.95,medium,Random Forest,27,2.6873429822308834,3.4263345653463033,19971.0,,,
rich_features,2,0.95,medium,Naive (persistence),28,2.7148365129437684,3.5208059173641244,19971.0,,,
rich_features,2,0.95,medium,Linear Regression,28,2.6862602083443545,3.4362636301846865,19971.0,,,
rich_features,2,0.95,medium,Decision Tree,28,2.682123887222405,3.3928516281380694,19971.0,,,
rich_features,2,0.95,medium,Random Forest,28,2.6806770657797054,3.3903825298341714,19971.0,,,
rich_features,2,0.95,medium,Naive (persistence),29,2.655951129137249,3.469763237245112,19971.0,,,
rich_features,2,0.95,medium,Linear Regression,29,2.6451831465311826,3.390835989963176,19971.0,,,
rich_features,2,0.95,medium,Decision Tree,29,2.637012030211038,3.3483884309610152,19971.0,,,
rich_features,2,0.95,medium,Random Forest,29,2.6352672721765535,3.345819545954249,19971.0,,,
rich_features,2,0.95,medium,Linear Regression,ALL_MEAN,2.664739881428118,,,0.022790729625195644,0.007612210033671629,5.0
rich_features,2,0.95,medium,Decision Tree,ALL_MEAN,2.6609618387094747,,,0.02681883047935103,0.009019207951210806,5.0
rich_features,2,0.95,medium,Random Forest,ALL_MEAN,2.660044564979793,,,0.026573822576556348,0.00936081399528943,5.0
rich_features,2,0.95,medium,Naive (persistence),ALL_MEAN,2.6851800358391475,,,0.027578258394935475,0.0,5.0
rich_features,2,0.95,long,Naive (persistence),25,3.726002703920685,4.771940753708863,19971.0,,,
rich_features,2,0.95,long,Linear Regression,25,3.6589063550340106,4.630810323176831,19971.0,,,
rich_features,2,0.95,long,Decision Tree,25,3.6460119168720317,4.582701543373684,19971.0,,,
rich_features,2,0.95,long,Random Forest,25,3.6442507819595233,4.581765176047207,19971.0,,,
rich_features,2,0.95,long,Naive (persistence),26,3.5296945418127192,4.632352321666398,19970.0,,,
rich_features,2,0.95,long,Linear Regression,26,3.456072943925494,4.474305566053224,19970.0,,,
rich_features,2,0.95,long,Decision Tree,26,3.428279643480402,4.400122905555953,19970.0,,,
rich_features,2,0.95,long,Random Forest,26,3.42522212041618,4.397501497419708,19970.0,,,
rich_features,2,0.95,long,Naive (persistence),27,3.722848129788193,4.824468828196286,19971.0,,,
rich_features,2,0.95,long,Linear Regression,27,3.637497232088245,4.669380590880679,19971.0,,,
rich_features,2,0.95,long,Decision Tree,27,3.5964876252749174,4.585614551773083,19971.0,,,
rich_features,2,0.95,long,Random Forest,27,3.597813819353444,4.586244700373022,19971.0,,,
rich_features,2,0.95,long,Naive (persistence),28,3.667517900956387,4.7423739477668425,19971.0,,,
rich_features,2,0.95,long,Linear Regression,28,3.572388235719821,4.579335359665694,19971.0,,,
rich_features,2,0.95,long,Decision Tree,28,3.5488585505341295,4.511918454171229,19971.0,,,
rich_features,2,0.95,long,Random Forest,28,3.5470095787049267,4.509233450723476,19971.0,,,
rich_features,2,0.95,long,Naive (persistence),29,3.6555004756897502,4.781982608565144,19971.0,,,
rich_features,2,0.95,long,Linear Regression,29,3.579674037054951,4.605575548533507,19971.0,,,
rich_features,2,0.95,long,Decision Tree,29,3.5611610562017537,4.540068010089867,19971.0,,,
rich_features,2,0.95,long,Random Forest,29,3.5598930085221214,4.538051911163183,19971.0,,,
rich_features,2,0.95,long,Linear Regression,ALL_MEAN,3.5809077607645046,,,0.07063141630907208,0.021693498638780784,5.0
rich_features,2,0.95,long,Decision Tree,ALL_MEAN,3.556159758472647,,,0.07229300330822644,0.028454670150402706,5.0
rich_features,2,0.95,long,Random Forest,ALL_MEAN,3.5548378617912393,,,0.07311454049389197,0.028815813247055067,5.0
rich_features,2,0.95,long,Naive (persistence),ALL_MEAN,3.6603127504335466,,,0.07122082878730421,0.0,5.0
rich_features,2,0.95,extra_long,Naive (persistence),25,3.258825296680186,4.184458035292172,19971.0,,,
rich_features,2,0.95,extra_long,Linear Regression,25,3.216769199423842,4.077912787304857,19971.0,,,
rich_features,2,0.95,extra_long,Decision Tree,25,3.2144269205771563,4.042716193652088,19971.0,,,
rich_features,2,0.95,extra_long,Random Forest,25,3.213425973700093,4.041380057682095,19971.0,,,
rich_features,2,0.95,extra_long,Naive (persistence),26,3.145568352528793,4.116864445095191,19970.0,,,
rich_features,2,0.95,extra_long,Linear Regression,26,3.0941274028074925,3.9912816694424293,19970.0,,,
rich_features,2,0.95,extra_long,Decision Tree,26,3.0813216314205896,3.931892723894549,19970.0,,,
rich_features,2,0.95,extra_long,Random Forest,26,3.080193346593384,3.9292844085306764,19970.0,,,
rich_features,2,0.95,extra_long,Naive (persistence),27,3.262180161233789,4.251300584192192,19971.0,,,
rich_features,2,0.95,extra_long,Linear Regression,27,3.208461032684961,4.1331489953279625,19971.0,,,
rich_features,2,0.95,extra_long,Decision Tree,27,3.190049217025425,4.074386567685308,19971.0,,,
rich_features,2,0.95,extra_long,Random Forest,27,3.1900998118328108,4.073287517061461,19971.0,,,
rich_features,2,0.95,extra_long,Naive (persistence),28,3.2539181813629763,4.207049314270326,19971.0,,,
rich_features,2,0.95,extra_long,Linear Regression,28,3.18921548512036,4.083548323437271,19971.0,,,
rich_features,2,0.95,extra_long,Decision Tree,28,3.173801663495435,4.026376897067956,19971.0,,,
rich_features,2,0.95,extra_long,Random Forest,28,3.171599128957215,4.023684521708666,19971.0,,,
rich_features,2,0.95,extra_long,Naive (persistence),29,3.2075008762705925,4.194050021231489,19971.0,,,
rich_features,2,0.95,extra_long,Linear Regression,29,3.158100048791334,4.061591446419378,19971.0,,,
rich_features,2,0.95,extra_long,Decision Tree,29,3.147928747704298,4.0071157670602755,19971.0,,,
rich_features,2,0.95,extra_long,Random Forest,29,3.147154286378269,4.005067501735443,19971.0,,,
rich_features,2,0.95,extra_long,Linear Regression,ALL_MEAN,3.1733346337655983,,,0.044448857915818984,0.01620286550136074,5.0
rich_features,2,0.95,extra_long,Decision Tree,ALL_MEAN,3.1615056360445806,,,0.045564014654998826,0.019870091118886823,5.0
rich_features,2,0.95,extra_long,Random Forest,ALL_MEAN,3.1604945094923544,,,0.04566785460028713,0.02018356055073034,5.0
rich_features,2,0.95,extra_long,Naive (persistence),ALL_MEAN,3.2255985736152675,,,0.0446689843126925,0.0,5.0
