dataset,erlang_k,rho,horizon,model,test_run_id,accuracy,precision_congested,recall_congested,f1_congested,n_test,congestion_rate,accuracy_std,precision_congested_std,recall_congested_std,f1_congested_std,n_test_runs
history_only,2,0.3,short,Naive (always 'not congested'),25,0.92944817456987,0.0,0.0,0.0,19064.0,0.07055182543013008,,,,,
history_only,2,0.3,short,Naive (persistence),25,0.8770981955518254,0.12705530642750373,0.12639405204460966,0.126723816623183,19064.0,0.07055182543013008,,,,,
history_only,2,0.3,short,Logistic Regression,25,0.9295530843474612,1.0,0.001486988847583643,0.002969561989606533,19064.0,0.07055182543013008,,,,,
history_only,2,0.3,short,Random Forest,25,0.9295006294586655,0.6,0.0022304832713754648,0.0044444444444444444,19064.0,0.07055182543013008,,,,,
history_only,2,0.3,short,Naive (always 'not congested'),26,0.93071041733036,0.0,0.0,0.0,18834.0,0.06928958266964001,,,,,
history_only,2,0.3,short,Naive (persistence),26,0.8798980567059573,0.13556740289413557,0.1363984674329502,0.1359816653934301,18834.0,0.06928958266964001,,,,,
history_only,2,0.3,short,Logistic Regression,26,0.9309758946585962,1.0,0.0038314176245210726,0.007633587786259542,18834.0,0.06928958266964001,,,,,
history_only,2,0.3,short,Random Forest,26,0.9308697037273017,1.0,0.0022988505747126436,0.0045871559633027525,18834.0,0.06928958266964001,,,,,
history_only,2,0.3,short,Naive (always 'not congested'),27,0.9167410831538583,0.0,0.0,0.0,19037.0,0.08325891684614173,,,,,
history_only,2,0.3,short,Naive (persistence),27,0.8607973945474602,0.1698698078115313,0.17287066246056781,0.1713570981863665,19037.0,0.08325891684614173,,,,,
history_only,2,0.3,short,Logistic Regression,27,0.9166360245837054,0.25,0.0006309148264984228,0.0012586532410320957,19037.0,0.08325891684614173,,,,,
history_only,2,0.3,short,Random Forest,27,0.9168986710090876,0.8,0.002523659305993691,0.005031446540880503,19037.0,0.08325891684614173,,,,,
history_only,2,0.3,short,Naive (always 'not congested'),28,0.9246506722910625,0.0,0.0,0.0,18965.0,0.07534932770893751,,,,,
history_only,2,0.3,short,Naive (persistence),28,0.8672291062483523,0.12422360248447205,0.12596221133659902,0.1250868658790827,18965.0,0.07534932770893751,,,,,
history_only,2,0.3,short,Logistic Regression,28,0.9246506722910625,0.5,0.0006997900629811056,0.001397624039133473,18965.0,0.07534932770893751,,,,,
history_only,2,0.3,short,Random Forest,28,0.9245979435802795,0.4,0.0013995801259622112,0.002789400278940028,18965.0,0.07534932770893751,,,,,
history_only,2,0.3,short,Naive (always 'not congested'),29,0.9233354337324091,0.0,0.0,0.0,19044.0,0.07666456626759084,,,,,
history_only,2,0.3,short,Naive (persistence),29,0.8666771686620458,0.13022618231665525,0.13013698630136986,0.13018156903048989,19044.0,0.07666456626759084,,,,,
history_only,2,0.3,short,Logistic Regression,29,0.9233354337324091,0.0,0.0,0.0,19044.0,0.07666456626759084,,,,,
history_only,2,0.3,short,Random Forest,29,0.9232829237555136,0.0,0.0,0.0,19044.0,0.07666456626759084,,,,,
history_only,2,0.3,short,Naive (always 'not congested'),ALL_MEAN,0.924977156215512,0.0,0.0,0.0,,0.07502284378448804,0.004969809494887729,0.0,0.0,0.0,5.0
history_only,2,0.3,short,Naive (persistence),ALL_MEAN,0.8703399843431281,0.1373884603868596,0.13835247591521932,0.13786620302251046,,0.07502284378448804,0.007087805969084741,0.01667177232574132,0.017659785836305637,0.01715639456902553,5.0
history_only,2,0.3,short,Logistic Regression,ALL_MEAN,0.925030221922647,0.55,0.0013298222723168488,0.0026518854112063286,,0.07502284378448804,0.005085001921228855,0.4,0.0013369009026193174,0.002663270195294737,5.0
history_only,2,0.3,short,Random Forest,ALL_MEAN,0.9250299743061696,0.56,0.0016905146556088018,0.0033704894455135457,,0.07502284378448804,0.004968825347873906,0.3440930106817051,0.0009271732746707781,0.0018487995537491422,5.0
history_only,2,0.3,medium,Naive (always 'not congested'),25,0.929867813680235,0.0,0.0,0.0,19064.0,0.070132186319765,,,,,
history_only,2,0.3,medium,Naive (persistence),25,0.8695446915652539,0.07025411061285501,0.07030665669409125,0.0702803738317757,19064.0,0.070132186319765,,,,,
history_only,2,0.3,medium,Logistic Regression,25,0.929867813680235,0.0,0.0,0.0,19064.0,0.070132186319765,,,,,
history_only,2,0.3,medium,Random Forest,25,0.929867813680235,0.0,0.0,0.0,19064.0,0.070132186319765,,,,,
history_only,2,0.3,medium,Naive (always 'not congested'),26,0.9303387490708294,0.0,0.0,0.0,18834.0,0.06966125092917065,,,,,
history_only,2,0.3,medium,Naive (persistence),26,0.8730487416374642,0.0891089108910891,0.08917682926829268,0.08914285714285715,18834.0,0.06966125092917065,,,,,
history_only,2,0.3,medium,Logistic Regression,26,0.9303387490708294,0.0,0.0,0.0,18834.0,0.06966125092917065,,,,,
history_only,2,0.3,medium,Random Forest,26,0.9303387490708294,0.0,0.0,0.0,18834.0,0.06966125092917065,,,,,
history_only,2,0.3,medium,Naive (always 'not congested'),27,0.9157430267374062,0.0,0.0,0.0,19037.0,0.08425697326259389,,,,,
history_only,2,0.3,medium,Naive (persistence),27,0.846246782581289,0.08989460632362058,0.09039900249376559,0.09014609884986012,19037.0,0.08425697326259389,,,,,
history_only,2,0.3,medium,Logistic Regression,27,0.9157430267374062,0.0,0.0,0.0,19037.0,0.08425697326259389,,,,,
history_only,2,0.3,medium,Random Forest,27,0.9157430267374062,0.0,0.0,0.0,19037.0,0.08425697326259389,,,,,
history_only,2,0.3,medium,Naive (always 'not congested'),28,0.9243870287371474,0.0,0.0,0.0,18965.0,0.07561297126285263,,,,,
history_only,2,0.3,medium,Naive (persistence),28,0.8615871341945689,0.08902691511387163,0.0899581589958159,0.08949011446409989,18965.0,0.07561297126285263,,,,,
history_only,2,0.3,medium,Logistic Regression,28,0.9243870287371474,0.0,0.0,0.0,18965.0,0.07561297126285263,,,,,
history_only,2,0.3,medium,Random Forest,28,0.9243870287371474,0.0,0.0,0.0,18965.0,0.07561297126285263,,,,,
history_only,2,0.3,medium,Naive (always 'not congested'),29,0.9241755933627389,0.0,0.0,0.0,19044.0,0.07582440663726107,,,,,
history_only,2,0.3,medium,Naive (persistence),29,0.8597458517118253,0.07950651130911583,0.08033240997229917,0.07991732690320358,19044.0,0.07582440663726107,,,,,
history_only,2,0.3,medium,Logistic Regression,29,0.9241755933627389,0.0,0.0,0.0,19044.0,0.07582440663726107,,,,,
history_only,2,0.3,medium,Random Forest,29,0.9241755933627389,0.0,0.0,0.0,19044.0,0.07582440663726107,,,,,
history_only,2,0.3,medium,Naive (always 'not congested'),ALL_MEAN,0.9249024423176714,0.0,0.0,0.0,,0.07509755768232866,0.005270620423002932,0.0,0.0,0.0,5.0
history_only,2,0.3,medium,Naive (persistence),ALL_MEAN,0.8620346403380802,0.08355821085011042,0.08403461148485292,0.0837953542383593,,0.07509755768232866,0.009299532940322217,0.00767179584138624,0.0077999914171496335,0.007733716181310901,5.0
history_only,2,0.3,medium,Logistic Regression,ALL_MEAN,0.9249024423176714,0.0,0.0,0.0,,0.07509755768232866,0.005270620423002932,0.0,0.0,0.0,5.0
history_only,2,0.3,medium,Random Forest,ALL_MEAN,0.9249024423176714,0.0,0.0,0.0,,0.07509755768232866,0.005270620423002932,0.0,0.0,0.0,5.0
history_only,2,0.3,long,Naive (always 'not congested'),25,0.9299202685690307,0.0,0.0,0.0,19064.0,0.07007973143096936,,,,,
history_only,2,0.3,long,Naive (persistence),25,0.8666596726814939,0.04932735426008968,0.04940119760479042,0.0493642483171279,19064.0,0.07007973143096936,,,,,
history_only,2,0.3,long,Logistic Regression,25,0.9299202685690307,0.0,0.0,0.0,19064.0,0.07007973143096936,,,,,
history_only,2,0.3,long,Random Forest,25,0.9299202685690307,0.0,0.0,0.0,19064.0,0.07007973143096936,,,,,
history_only,2,0.3,long,Naive (always 'not congested'),26,0.9304449400021239,0.0,0.0,0.0,18834.0,0.06955505999787619,,,,,
history_only,2,0.3,long,Naive (persistence),26,0.8705001592863969,0.07006854531607007,0.07022900763358779,0.07014868471216165,18834.0,0.06955505999787619,,,,,
history_only,2,0.3,long,Logistic Regression,26,0.9304449400021239,0.0,0.0,0.0,18834.0,0.06955505999787619,,,,,
history_only,2,0.3,long,Random Forest,26,0.9304449400021239,0.0,0.0,0.0,18834.0,0.06955505999787619,,,,,
history_only,2,0.3,long,Naive (always 'not congested'),27,0.9162683195881705,0.0,0.0,0.0,19037.0,0.0837316804118296,,,,,
history_only,2,0.3,long,Naive (persistence),27,0.8454063140200662,0.08183508989460632,0.08281053952321205,0.0823199251637044,19037.0,0.0837316804118296,,,,,
history_only,2,0.3,long,Logistic Regression,27,0.9162683195881705,0.0,0.0,0.0,19037.0,0.0837316804118296,,,,,
history_only,2,0.3,long,Random Forest,27,0.9162683195881705,0.0,0.0,0.0,19037.0,0.0837316804118296,,,,,
history_only,2,0.3,long,Naive (always 'not congested'),28,0.9241233851832322,0.0,0.0,0.0,18965.0,0.07587661481676773,,,,,
history_only,2,0.3,long,Naive (persistence),28,0.8576324808858423,0.06487232574189096,0.06532314107018763,0.06509695290858726,18965.0,0.07587661481676773,,,,,
history_only,2,0.3,long,Logistic Regression,28,0.9241233851832322,0.0,0.0,0.0,18965.0,0.07587661481676773,,,,,
history_only,2,0.3,long,Random Forest,28,0.9241233851832322,0.0,0.0,0.0,18965.0,0.07587661481676773,,,,,
history_only,2,0.3,long,Naive (always 'not congested'),29,0.9246481831547995,0.0,0.0,0.0,19044.0,0.07535181684520059,,,,,
history_only,2,0.3,long,Naive (persistence),29,0.8590632220121823,0.07196710075394105,0.07317073170731707,0.07256392536281962,19044.0,0.07535181684520059,,,,,
history_only,2,0.3,long,Logistic Regression,29,0.9246481831547995,0.0,0.0,0.0,19044.0,0.07535181684520059,,,,,
history_only,2,0.3,long,Random Forest,29,0.9246481831547995,0.0,0.0,0.0,19044.0,0.07535181684520059,,,,,
history_only,2,0.3,long,Naive (always 'not congested'),ALL_MEAN,0.9250810192994713,0.0,0.0,0.0,,0.07491898070052869,0.00511777422768056,0.0,0.0,0.0,5.0
history_only,2,0.3,long,Naive (persistence),ALL_MEAN,0.8598523697771963,0.0676140831933196,0.06818692350781899,0.06789874729288017,,0.07491898070052869,0.008648167228797061,0.010668944341339774,0.01099057182011533,0.010827503683221676,5.0
history_only,2,0.3,long,Logistic Regression,ALL_MEAN,0.9250810192994713,0.0,0.0,0.0,,0.07491898070052869,0.00511777422768056,0.0,0.0,0.0,5.0
history_only,2,0.3,long,Random Forest,ALL_MEAN,0.9250810192994713,0.0,0.0,0.0,,0.07491898070052869,0.00511777422768056,0.0,0.0,0.0,5.0
history_only,2,0.3,extra_long,Naive (always 'not congested'),25,0.9306546370121695,0.0,0.0,0.0,19064.0,0.06934536298783046,,,,,
history_only,2,0.3,extra_long,Naive (persistence),25,0.8704364246747797,0.07100149476831091,0.0718608169440242,0.07142857142857142,19064.0,0.06934536298783046,,,,,
history_only,2,0.3,extra_long,Logistic Regression,25,0.9306546370121695,0.0,0.0,0.0,19064.0,0.06934536298783046,,,,,
history_only,2,0.3,extra_long,Random Forest,25,0.9306546370121695,0.0,0.0,0.0,19064.0,0.06934536298783046,,,,,
history_only,2,0.3,extra_long,Naive (always 'not congested'),26,0.9310820855898906,0.0,0.0,0.0,18834.0,0.06891791441010937,,,,,
history_only,2,0.3,extra_long,Naive (persistence),26,0.8711373048741637,0.07006854531607007,0.07087827426810478,0.07047108387590961,18834.0,0.06891791441010937,,,,,
history_only,2,0.3,extra_long,Logistic Regression,26,0.9310820855898906,0.0,0.0,0.0,18834.0,0.06891791441010937,,,,,
history_only,2,0.3,extra_long,Random Forest,26,0.9310820855898906,0.0,0.0,0.0,18834.0,0.06891791441010937,,,,,
history_only,2,0.3,extra_long,Naive (always 'not congested'),27,0.9154278510269476,0.0,0.0,0.0,19037.0,0.08457214897305247,,,,,
history_only,2,0.3,extra_long,Naive (persistence),27,0.8434102011871618,0.0750154990700558,0.07515527950310559,0.07508532423208192,19037.0,0.08457214897305247,,,,,
history_only,2,0.3,extra_long,Logistic Regression,27,0.9154278510269476,0.0,0.0,0.0,19037.0,0.08457214897305247,,,,,
history_only,2,0.3,extra_long,Random Forest,27,0.9154278510269476,0.0,0.0,0.0,19037.0,0.08457214897305247,,,,,
history_only,2,0.3,extra_long,Naive (always 'not congested'),28,0.9238597416293172,0.0,0.0,0.0,18965.0,0.07614025837068283,,,,,
history_only,2,0.3,extra_long,Naive (persistence),28,0.8589506986554178,0.07522429261559696,0.07548476454293629,0.07535430349118562,18965.0,0.07614025837068283,,,,,
history_only,2,0.3,extra_long,Logistic Regression,28,0.9238597416293172,0.0,0.0,0.0,18965.0,0.07614025837068283,,,,,
history_only,2,0.3,extra_long,Random Forest,28,0.9238597416293172,0.0,0.0,0.0,18965.0,0.07614025837068283,,,,,
history_only,2,0.3,extra_long,Naive (always 'not congested'),29,0.9252257929006511,0.0,0.0,0.0,19044.0,0.07477420709934887,,,,,
history_only,2,0.3,extra_long,Naive (persistence),29,0.8609010712035287,0.08019191226867718,0.08216292134831461,0.08116545265348596,19044.0,0.07477420709934887,,,,,
history_only,2,0.3,extra_long,Logistic Regression,29,0.9252257929006511,0.0,0.0,0.0,19044.0,0.07477420709934887,,,,,
history_only,2,0.3,extra_long,Random Forest,29,0.9252257929006511,0.0,0.0,0.0,19044.0,0.07477420709934887,,,,,
history_only,2,0.3,extra_long,Naive (always 'not congested'),ALL_MEAN,0.9252500216317951,0.0,0.0,0.0,,0.07474997836820481,0.0056856193739737845,0.0,0.0,0.0,5.0
history_only,2,0.3,extra_long,Naive (persistence),ALL_MEAN,0.8609671401190104,0.0743003488077422,0.07510841132129709,0.0747009471362469,,0.07474997836820481,0.010054015188763565,0.0036018392756364103,0.003958557283235397,0.0037673502049608123,5.0
history_only,2,0.3,extra_long,Logistic Regression,ALL_MEAN,0.9252500216317951,0.0,0.0,0.0,,0.07474997836820481,0.0056856193739737845,0.0,0.0,0.0,5.0
history_only,2,0.3,extra_long,Random Forest,ALL_MEAN,0.9252500216317951,0.0,0.0,0.0,,0.07474997836820481,0.0056856193739737845,0.0,0.0,0.0,5.0
history_only,2,0.5,short,Naive (always 'not congested'),25,0.9036611774185426,0.0,0.0,0.0,19857.0,0.09633882258145741,,,,,
history_only,2,0.5,short,Naive (persistence),25,0.8623155562270232,0.2847404299947562,0.2838473601672765,0.28429319371727746,19857.0,0.09633882258145741,,,,,
history_only,2,0.5,short,Logistic Regression,25,0.9058266606234577,0.6666666666666666,0.04495556717198118,0.0842311459353575,19857.0,0.09633882258145741,,,,,
history_only,2,0.5,short,Random Forest,25,0.905675580399859,0.6428571428571429,0.04704652378463147,0.08767657087189479,19857.0,0.09633882258145741,,,,,
history_only,2,0.5,short,Naive (always 'not congested'),26,0.9110528438886648,0.0,0.0,0.0,19832.0,0.08894715611133522,,,,,
history_only,2,0.5,short,Naive (persistence),26,0.8673860427591771,0.2542565266742338,0.25396825396825395,0.2541123085649461,19832.0,0.08894715611133522,,,,,
history_only,2,0.5,short,Logistic Regression,26,0.9132714804356595,0.6774193548387096,0.047619047619047616,0.08898305084745763,19832.0,0.08894715611133522,,,,,
history_only,2,0.5,short,Random Forest,26,0.913775716014522,0.717741935483871,0.05045351473922902,0.09427966101694915,19832.0,0.08894715611133522,,,,,
history_only,2,0.5,short,Naive (always 'not congested'),27,0.9161209068010076,0.0,0.0,0.0,19850.0,0.08387909319899245,,,,,
history_only,2,0.5,short,Naive (persistence),27,0.8758690176322418,0.26034793041391724,0.2606606606606607,0.2605042016806723,19850.0,0.08387909319899245,,,,,
history_only,2,0.5,short,Logistic Regression,27,0.9174811083123425,0.6391752577319587,0.037237237237237236,0.07037457434733257,19850.0,0.08387909319899245,,,,,
history_only,2,0.5,short,Random Forest,27,0.9173299748110831,0.6304347826086957,0.034834834834834835,0.06602162777461583,19850.0,0.08387909319899245,,,,,
history_only,2,0.5,short,Naive (always 'not congested'),28,0.8978554168344745,0.0,0.0,0.0,19864.0,0.10214458316552558,,,,,
history_only,2,0.5,short,Naive (persistence),28,0.8630185259766412,0.3297244094488189,0.3302119270576639,0.3299679881802512,19864.0,0.10214458316552558,,,,,
history_only,2,0.5,short,Logistic Regression,28,0.9033930728956907,0.7696078431372549,0.07737801872843765,0.1406180026869682,19864.0,0.10214458316552558,,,,,
history_only,2,0.5,short,Random Forest,28,0.9034937575513492,0.7828282828282829,0.0763923114834894,0.13920071845532106,19864.0,0.10214458316552558,,,,,
history_only,2,0.5,short,Naive (always 'not congested'),29,0.9094155517553566,0.0,0.0,0.0,19882.0,0.0905844482446434,,,,,
history_only,2,0.5,short,Naive (persistence),29,0.8683231063273312,0.27292940522512504,0.27262631871182674,0.2727777777777778,19882.0,0.0905844482446434,,,,,
history_only,2,0.5,short,Logistic Regression,29,0.911175938034403,0.6635514018691588,0.039422543031649084,0.07442348008385745,19882.0,0.0905844482446434,,,,,
history_only,2,0.5,short,Random Forest,29,0.9114274217885524,0.6851851851851852,0.041088284286507494,0.07752750130958617,19882.0,0.0905844482446434,,,,,
history_only,2,0.5,short,Naive (always 'not congested'),ALL_MEAN,0.9076211793396091,0.0,0.0,0.0,,0.0923788206603908,0.006297510514214908,0.0,0.0,0.0,5.0
history_only,2,0.5,short,Naive (persistence),ALL_MEAN,0.8673824497844829,0.2803997403513702,0.2802629041131363,0.28033109398418493,,0.0923788206603908,0.004850235515909719,0.026807137774061487,0.026987875905748436,0.026896477288729098,5.0
history_only,2,0.5,short,Logistic Regression,ALL_MEAN,0.9102296520603106,0.6832841048487498,0.04932248275767055,0.09172605078019466,,0.0923788206603908,0.005076552827501933,0.0449383851453769,0.014513074846351825,0.025335292013644633,5.0
history_only,2,0.5,short,Random Forest,ALL_MEAN,0.9103404901130732,0.6918094657926355,0.04996309382573844,0.0929412158856734,,0.0923788206603908,0.005108311329765879,0.055070828555836136,0.014246942857548966,0.025026770952657294,5.0
history_only,2,0.5,medium,Naive (always 'not congested'),25,0.9038626177166742,0.0,0.0,0.0,19857.0,0.09613738228332577,,,,,
history_only,2,0.5,medium,Naive (persistence),25,0.8351211159792516,0.14210802307288936,0.14195914091147196,0.1420335429769392,19857.0,0.09613738228332577,,,,,
history_only,2,0.5,medium,Logistic Regression,25,0.9038626177166742,0.0,0.0,0.0,19857.0,0.09613738228332577,,,,,
history_only,2,0.5,medium,Random Forest,25,0.9040640580148058,0.7,0.003666841278156103,0.007295466388744137,19857.0,0.09613738228332577,,,,,
history_only,2,0.5,medium,Naive (always 'not congested'),26,0.911103267446551,0.0,0.0,0.0,19832.0,0.08889673255344897,,,,,
history_only,2,0.5,medium,Naive (persistence),26,0.8472670431625655,0.14074914869466515,0.1406693136698809,0.14070921985815601,19832.0,0.08889673255344897,,,,,
history_only,2,0.5,medium,Logistic Regression,26,0.9112041145623235,0.5833333333333334,0.003970504821327283,0.007887323943661971,19832.0,0.08889673255344897,,,,,
history_only,2,0.5,medium,Random Forest,26,0.9114058087938685,0.5882352941176471,0.011344299489506523,0.022259321090706732,19832.0,0.08889673255344897,,,,,
history_only,2,0.5,medium,Naive (always 'not congested'),27,0.9159697732997482,0.0,0.0,0.0,19850.0,0.08403022670025188,,,,,
history_only,2,0.5,medium,Naive (persistence),27,0.85455919395466,0.13437312537492502,0.1342925659472422,0.13433283358320838,19850.0,0.08403022670025188,,,,,
history_only,2,0.5,medium,Logistic Regression,27,0.9159697732997482,0.0,0.0,0.0,19850.0,0.08403022670025188,,,,,
history_only,2,0.5,medium,Random Forest,27,0.9159697732997482,0.5,0.001199040767386091,0.0023923444976076554,19850.0,0.08403022670025188,,,,,
history_only,2,0.5,medium,Naive (always 'not congested'),28,0.8978050745066452,0.0,0.0,0.0,19864.0,0.10219492549335481,,,,,
history_only,2,0.5,medium,Naive (persistence),28,0.8326621022956101,0.1815944881889764,0.18177339901477832,0.18168389955686853,19864.0,0.10219492549335481,,,,,
history_only,2,0.5,medium,Logistic Regression,28,0.8978050745066452,0.0,0.0,0.0,19864.0,0.10219492549335481,,,,,
history_only,2,0.5,medium,Random Forest,28,0.8982078131292791,0.7,0.006896551724137931,0.013658536585365854,19864.0,0.10219492549335481,,,,,
history_only,2,0.5,medium,Naive (always 'not congested'),29,0.9093149582536968,0.0,0.0,0.0,19882.0,0.0906850417463032,,,,,
history_only,2,0.5,medium,Naive (persistence),29,0.8428729504074037,0.13285158421345192,0.13255684969495285,0.13270405330372015,19882.0,0.0906850417463032,,,,,
history_only,2,0.5,medium,Logistic Regression,29,0.9095664420078463,1.0,0.0027731558513588465,0.0055309734513274336,19882.0,0.0906850417463032,,,,,
history_only,2,0.5,medium,Random Forest,29,0.9099185192636555,0.8,0.00887409872434831,0.01755348326933626,19882.0,0.0906850417463032,,,,,
history_only,2,0.5,medium,Naive (always 'not congested'),ALL_MEAN,0.9076111382446632,0.0,0.0,0.0,,0.09238886175533692,0.006247800271340041,0.0,0.0,0.0,5.0
history_only,2,0.5,medium,Naive (persistence),ALL_MEAN,0.8424964811598983,0.14633527390898154,0.14625025384766527,0.14629270985577844,,0.09238886175533692,0.007993998374765528,0.017984379452958714,0.018121534169470346,0.018052935489049293,5.0
history_only,2,0.5,medium,Logistic Regression,ALL_MEAN,0.9076816044186475,0.3166666666666667,0.0013487321345372258,0.002683659478997881,,0.09238886175533692,0.0062735147466811405,0.40960685758148363,0.0016946923059034816,0.0033702048992747145,5.0
history_only,2,0.5,medium,Random Forest,ALL_MEAN,0.9079131945002714,0.6576470588235294,0.006396166396706991,0.01263183036635213,,0.09238886175533692,0.0061666591149958155,0.1034625452513913,0.003614799734702683,0.007089276718578242,5.0
history_only,2,0.5,long,Naive (always 'not congested'),25,0.9036611774185426,0.0,0.0,0.0,19857.0,0.09633882258145741,,,,,
history_only,2,0.5,long,Naive (persistence),25,0.8232361383894848,0.08127949659150498,0.08102456874019864,0.08115183246073299,19857.0,0.09633882258145741,,,,,
history_only,2,0.5,long,Logistic Regression,25,0.9036611774185426,0.0,0.0,0.0,19857.0,0.09633882258145741,,,,,
history_only,2,0.5,long,Random Forest,25,0.9036611774185426,0.0,0.0,0.0,19857.0,0.09633882258145741,,,,,
history_only,2,0.5,long,Naive (always 'not congested'),26,0.9112545381202097,0.0,0.0,0.0,19832.0,0.08874546187979024,,,,,
history_only,2,0.5,long,Naive (persistence),26,0.836627672448568,0.08002270147559591,0.08011363636363636,0.08006814310051108,19832.0,0.08874546187979024,,,,,
history_only,2,0.5,long,Logistic Regression,26,0.9112545381202097,0.0,0.0,0.0,19832.0,0.08874546187979024,,,,,
history_only,2,0.5,long,Random Forest,26,0.9112545381202097,0.0,0.0,0.0,19832.0,0.08874546187979024,,,,,
history_only,2,0.5,long,Naive (always 'not congested'),27,0.916272040302267,0.0,0.0,0.0,19850.0,0.083727959697733,,,,,
history_only,2,0.5,long,Naive (persistence),27,0.8462972292191436,0.08338332333533294,0.08363417569193743,0.0835085611294683,19850.0,0.083727959697733,,,,,
history_only,2,0.5,long,Logistic Regression,27,0.916272040302267,0.0,0.0,0.0,19850.0,0.083727959697733,,,,,
history_only,2,0.5,long,Random Forest,27,0.916272040302267,0.0,0.0,0.0,19850.0,0.083727959697733,,,,,
history_only,2,0.5,long,Naive (always 'not congested'),28,0.8979561014901329,0.0,0.0,0.0,19864.0,0.1020438985098671,,,,,
history_only,2,0.5,long,Naive (persistence),28,0.8165022150624245,0.10187007874015748,0.10212136161815491,0.10199556541019955,19864.0,0.1020438985098671,,,,,
history_only,2,0.5,long,Logistic Regression,28,0.8979561014901329,0.0,0.0,0.0,19864.0,0.1020438985098671,,,,,
history_only,2,0.5,long,Random Forest,28,0.8979561014901329,0.0,0.0,0.0,19864.0,0.1020438985098671,,,,,
history_only,2,0.5,long,Naive (always 'not congested'),29,0.909717332260336,0.0,0.0,0.0,19882.0,0.09028266773966402,,,,,
history_only,2,0.5,long,Naive (persistence),29,0.8347248767729605,0.08560311284046693,0.08579387186629527,0.08569838619922092,19882.0,0.09028266773966402,,,,,
history_only,2,0.5,long,Logistic Regression,29,0.909717332260336,0.0,0.0,0.0,19882.0,0.09028266773966402,,,,,
history_only,2,0.5,long,Random Forest,29,0.9096670355095061,0.3333333333333333,0.0005571030640668524,0.0011123470522803114,19882.0,0.09028266773966402,,,,,
history_only,2,0.5,long,Naive (always 'not congested'),ALL_MEAN,0.9077722379182976,0.0,0.0,0.0,,0.09222776208170236,0.006346870095900612,0.0,0.0,0.0,5.0
history_only,2,0.5,long,Naive (persistence),ALL_MEAN,0.8314776263785163,0.08643174259661164,0.08653752285604452,0.08648449766002657,,0.09222776208170236,0.010477340372072319,0.007949127714843,0.00804359935432023,0.007995927915812518,5.0
history_only,2,0.5,long,Logistic Regression,ALL_MEAN,0.9077722379182976,0.0,0.0,0.0,,0.09222776208170236,0.006346870095900612,0.0,0.0,0.0,5.0
history_only,2,0.5,long,Random Forest,ALL_MEAN,0.9077621785681316,0.06666666666666667,0.00011142061281337048,0.0002224694104560623,,0.09222776208170236,0.006343818408983318,0.13333333333333333,0.00022284122562674097,0.00044493882091212455,5.0
history_only,2,0.5,extra_long,Naive (always 'not congested'),25,0.9038626177166742,0.0,0.0,0.0,19857.0,0.09613738228332577,,,,,
history_only,2,0.5,extra_long,Naive (persistence),25,0.8263584630105253,0.09648662821185107,0.0963855421686747,0.09643605870020965,19857.0,0.09613738228332577,,,,,
history_only,2,0.5,extra_long,Logistic Regression,25,0.9038626177166742,0.0,0.0,0.0,19857.0,0.09613738228332577,,,,,
history_only,2,0.5,extra_long,Random Forest,25,0.904013697940273,1.0,0.001571503404924044,0.0031380753138075313,19857.0,0.09613738228332577,,,,,
history_only,2,0.5,extra_long,Naive (always 'not congested'),26,0.9112041145623235,0.0,0.0,0.0,19832.0,0.08879588543767648,,,,,
history_only,2,0.5,extra_long,Naive (persistence),26,0.8431323114158935,0.11691259931895573,0.11697898921067575,0.1169457848424638,19832.0,0.08879588543767648,,,,,
history_only,2,0.5,extra_long,Logistic Regression,26,0.9112041145623235,0.0,0.0,0.0,19832.0,0.08879588543767648,,,,,
history_only,2,0.5,extra_long,Random Forest,26,0.9112545381202097,0.5714285714285714,0.002271436683702442,0.004524886877828055,19832.0,0.08879588543767648,,,,,
history_only,2,0.5,extra_long,Naive (always 'not congested'),27,0.9160705289672544,0.0,0.0,0.0,19850.0,0.08392947103274559,,,,,
history_only,2,0.5,extra_long,Naive (persistence),27,0.846095717884131,0.08338332333533294,0.08343337334933974,0.08340834083408341,19850.0,0.08392947103274559,,,,,
history_only,2,0.5,extra_long,Logistic Regression,27,0.9160705289672544,0.0,0.0,0.0,19850.0,0.08392947103274559,,,,,
history_only,2,0.5,extra_long,Random Forest,27,0.9160705289672544,0.0,0.0,0.0,19850.0,0.08392947103274559,,,,,
history_only,2,0.5,extra_long,Naive (always 'not congested'),28,0.8980064438179621,0.0,0.0,0.0,19864.0,0.10199355618203786,,,,,
history_only,2,0.5,extra_long,Naive (persistence),28,0.8219895287958116,0.12844488188976377,0.12882527147087858,0.12863479546574666,19864.0,0.10199355618203786,,,,,
history_only,2,0.5,extra_long,Logistic Regression,28,0.8980064438179621,0.0,0.0,0.0,19864.0,0.10199355618203786,,,,,
history_only,2,0.5,extra_long,Random Forest,28,0.8980567861457914,1.0,0.0004935834155972359,0.000986679822397632,19864.0,0.10199355618203786,,,,,
history_only,2,0.5,extra_long,Naive (always 'not congested'),29,0.9095161452570164,0.0,0.0,0.0,19882.0,0.09048385474298361,,,,,
history_only,2,0.5,extra_long,Naive (persistence),29,0.8361331857961976,0.09449694274596998,0.09449694274596998,0.09449694274596998,19882.0,0.09048385474298361,,,,,
history_only,2,0.5,extra_long,Logistic Regression,29,0.9095161452570164,0.0,0.0,0.0,19882.0,0.09048385474298361,,,,,
history_only,2,0.5,extra_long,Random Forest,29,0.9096167387586762,0.625,0.0027793218454697055,0.005534034311012728,19882.0,0.09048385474298361,,,,,
history_only,2,0.5,extra_long,Naive (always 'not congested'),ALL_MEAN,0.9077319700642461,0.0,0.0,0.0,,0.09226802993575386,0.006234234218727807,0.0,0.0,0.0,5.0
history_only,2,0.5,extra_long,Naive (persistence),ALL_MEAN,0.8347418413805118,0.10394487510037469,0.10402402378910776,0.10398438451769469,,0.09226802993575386,0.009318249272362222,0.016346733542205644,0.01646826995071123,0.016407333762530847,5.0
history_only,2,0.5,extra_long,Logistic Regression,ALL_MEAN,0.9077319700642461,0.0,0.0,0.0,,0.09226802993575386,0.006234234218727807,0.0,0.0,0.0,5.0
history_only,2,0.5,extra_long,Random Forest,ALL_MEAN,0.907802457986441,0.6392857142857142,0.0014231690699386857,0.002836735265009189,,0.09226802993575386,0.006211316962244008,0.3670761473579885,0.0010459685521528894,0.0020825876183694038,5.0
history_only,2,0.7,short,Naive (always 'not congested'),25,0.8187737928270887,0.0,0.0,0.0,19964.0,0.18122620717291124,,,,,
history_only,2,0.7,short,Naive (persistence),25,0.8383089561210179,0.5537782680639823,0.5550027639579879,0.5543898398674766,19964.0,0.18122620717291124,,,,,
history_only,2,0.7,short,Logistic Regression,25,0.8640052093768784,0.7852179406190777,0.3435599778883361,0.47798500288406076,19964.0,0.18122620717291124,,,,,
history_only,2,0.7,short,Random Forest,25,0.8639050290522942,0.7954098360655738,0.3352681039248203,0.47170911919113356,19964.0,0.18122620717291124,,,,,
history_only,2,0.7,short,Naive (always 'not congested'),26,0.8117104471626229,0.0,0.0,0.0,19948.0,0.1882895528373772,,,,,
history_only,2,0.7,short,Naive (persistence),26,0.8344194906757569,0.5602553870710295,0.560702875399361,0.5604790419161677,19948.0,0.1882895528373772,,,,,
history_only,2,0.7,short,Logistic Regression,26,0.8553739723280529,0.7822423849643552,0.32135250266240684,0.4555576523872429,19948.0,0.1882895528373772,,,,,
history_only,2,0.7,short,Random Forest,26,0.8556246240224584,0.7916111850865513,0.3165601703940362,0.45226321795359453,19948.0,0.1882895528373772,,,,,
history_only,2,0.7,short,Naive (always 'not congested'),27,0.8370578214249925,0.0,0.0,0.0,19958.0,0.1629421785750075,,,,,
history_only,2,0.7,short,Naive (persistence),27,0.8417176069746467,0.5142944973870274,0.5144526445264452,0.5143735588009224,19958.0,0.1629421785750075,,,,,
history_only,2,0.7,short,Logistic Regression,27,0.8691251628419682,0.7465331278890601,0.29797047970479706,0.4259340659340659,19958.0,0.1629421785750075,,,,,
history_only,2,0.7,short,Random Forest,27,0.8686241106323279,0.7532154340836013,0.288130381303813,0.4168149466192171,19958.0,0.1629421785750075,,,,,
history_only,2,0.7,short,Naive (always 'not congested'),28,0.8192246042877179,0.0,0.0,0.0,19964.0,0.1807753957122821,,,,,
history_only,2,0.7,short,Naive (persistence),28,0.8421158084552194,0.5632788701190806,0.5635910224438903,0.5634349030470914,19964.0,0.1807753957122821,,,,,
history_only,2,0.7,short,Logistic Regression,28,0.8617511520737328,0.7681617182564751,0.3369354391798282,0.46841294298921415,19964.0,0.1807753957122821,,,,,
history_only,2,0.7,short,Random Forest,28,0.8623021438589461,0.7781371280724451,0.3333333333333333,0.46673132880698354,19964.0,0.1807753957122821,,,,,
history_only,2,0.7,short,Naive (always 'not congested'),29,0.8196573489630298,0.0,0.0,0.0,19962.0,0.18034265103697025,,,,,
history_only,2,0.7,short,Naive (persistence),29,0.8293758140466887,0.5269444444444444,0.5269444444444444,0.5269444444444444,19962.0,0.18034265103697025,,,,,
history_only,2,0.7,short,Logistic Regression,29,0.8527201683198077,0.7304469273743017,0.29055555555555557,0.41573926868044514,19962.0,0.18034265103697025,,,,,
history_only,2,0.7,short,Random Forest,29,0.8524696924155897,0.7347670250896058,0.2847222222222222,0.41041041041041043,19962.0,0.18034265103697025,,,,,
history_only,2,0.7,short,Naive (always 'not congested'),ALL_MEAN,0.8212848029330904,0.0,0.0,0.0,,0.17871519706690964,0.008410167624974837,0.0,0.0,0.0,5.0
history_only,2,0.7,short,Naive (persistence),ALL_MEAN,0.8371875352546659,0.543710293417113,0.5441387501544257,0.5439243576152204,,0.17871519706690964,0.0047906590425314385,0.01951623006374743,0.019736752288465654,0.019625556990697776,5.0
history_only,2,0.7,short,Logistic Regression,ALL_MEAN,0.8605951329880879,0.7625204198206539,0.31807479099818475,0.4487257865750058,,0.17871519706690964,0.00591611354820729,0.021072541510593634,0.020868415590742602,0.024074605499392103,5.0
history_only,2,0.7,short,Random Forest,ALL_MEAN,0.8605851199963233,0.7706281216795554,0.31160284223564505,0.4435858045962678,,0.17871519706690964,0.00581484346574119,0.023238018128956907,0.021588691998989856,0.02537407824366816,5.0
history_only,2,0.7,medium,Naive (always 'not congested'),25,0.8189240633139652,0.0,0.0,0.0,19964.0,0.18107593668603486,,,,,
history_only,2,0.7,medium,Naive (persistence),25,0.7853636545782409,0.407611693325979,0.40885200553250345,0.40823090733324124,19964.0,0.18107593668603486,,,,,
history_only,2,0.7,medium,Logistic Regression,25,0.8390603085553997,0.7089397089397089,0.18865836791147994,0.29801179812104,19964.0,0.18107593668603486,,,,,
history_only,2,0.7,medium,Random Forest,25,0.8385594069324784,0.7168141592920354,0.17925311203319502,0.28678911263553886,19964.0,0.18107593668603486,,,,,
history_only,2,0.7,medium,Naive (always 'not congested'),26,0.8116603168237417,0.0,0.0,0.0,19948.0,0.18833968317625827,,,,,
history_only,2,0.7,medium,Naive (persistence),26,0.7740124323240425,0.4001064112795956,0.4003194037796114,0.4002128791910591,19948.0,0.18833968317625827,,,,,
history_only,2,0.7,medium,Logistic Regression,26,0.8250952476438741,0.6519274376417233,0.15304764439712537,0.2478982539340375,19948.0,0.18833968317625827,,,,,
history_only,2,0.7,medium,Random Forest,26,0.8237417284940847,0.6478527607361964,0.14053766302901252,0.23097112860892388,19948.0,0.18833968317625827,,,,,
history_only,2,0.7,medium,Naive (always 'not congested'),27,0.8373584527507766,0.0,0.0,0.0,19958.0,0.16264154724922336,,,,,
history_only,2,0.7,medium,Naive (persistence),27,0.7954203828038882,0.37134952351675377,0.3721503388786198,0.3717494999230651,19958.0,0.16264154724922336,,,,,
history_only,2,0.7,medium,Logistic Regression,27,0.8452750776630925,0.6091160220994475,0.13585951940850277,0.2221662468513854,19958.0,0.16264154724922336,,,,,
history_only,2,0.7,medium,Random Forest,27,0.8455256037679126,0.6207407407407407,0.12908194701170672,0.2137209895434838,19958.0,0.16264154724922336,,,,,
history_only,2,0.7,medium,Naive (always 'not congested'),28,0.8191745141254257,0.0,0.0,0.0,19964.0,0.18082548587457423,,,,,
history_only,2,0.7,medium,Naive (persistence),28,0.7902724904828692,0.42010523400720023,0.42022160664819946,0.4201634122697687,19964.0,0.18082548587457423,,,,,
history_only,2,0.7,medium,Logistic Regression,28,0.8341514726507714,0.6644664466446645,0.1673130193905817,0.26731577782695287,19964.0,0.18082548587457423,,,,,
history_only,2,0.7,medium,Random Forest,28,0.8347525545982769,0.6835891381345927,0.16038781163434904,0.2598160197442226,19964.0,0.18082548587457423,,,,,
history_only,2,0.7,medium,Naive (always 'not congested'),29,0.8196573489630298,0.0,0.0,0.0,19962.0,0.18034265103697025,,,,,
history_only,2,0.7,medium,Naive (persistence),29,0.7699629295661757,0.3622222222222222,0.3622222222222222,0.3622222222222222,19962.0,0.18034265103697025,,,,,
history_only,2,0.7,medium,Logistic Regression,29,0.8296262899509067,0.6277278562259306,0.13583333333333333,0.22333866179493034,19962.0,0.18034265103697025,,,,,
history_only,2,0.7,medium,Random Forest,29,0.8287746718765655,0.6256906077348067,0.12583333333333332,0.20952821461609622,19962.0,0.18034265103697025,,,,,
history_only,2,0.7,medium,Naive (always 'not congested'),ALL_MEAN,0.8213549391953878,0.0,0.0,0.0,,0.17864506080461218,0.00852811084214941,0.0,0.0,0.0,5.0
history_only,2,0.7,medium,Naive (persistence),ALL_MEAN,0.7830063779510433,0.39227901687035016,0.3927531154122313,0.39251578418787125,,0.17864506080461218,0.009627910101563018,0.021964116313824143,0.02203429523909073,0.021997909738202495,5.0
history_only,2,0.7,medium,Logistic Regression,ALL_MEAN,0.8346416792928089,0.6524354943102949,0.15614237688820462,0.25174614770566917,,0.17864506080461218,0.007058643431877286,0.034131429090712116,0.020077359652048536,0.02856461400847816,5.0
history_only,2,0.7,medium,Random Forest,ALL_MEAN,0.8342707931338638,0.6589374813276743,0.14701877340831931,0.24016509302965305,,0.17864506080461218,0.007567874416163809,0.036454439129612735,0.020151134825483138,0.029265666009285804,5.0
history_only,2,0.7,long,Naive (always 'not congested'),25,0.8190242436385494,0.0,0.0,0.0,19964.0,0.1809757563614506,,,,,
history_only,2,0.7,long,Naive (persistence),25,0.7437888198757764,0.29288472145615,0.29393855521727097,0.29341069208454207,19964.0,0.1809757563614506,,,,,
history_only,2,0.7,long,Logistic Regression,25,0.81927469445001,0.5333333333333333,0.011071132023249377,0.021691973969631236,19964.0,0.1809757563614506,,,,,
history_only,2,0.7,long,Random Forest,25,0.8207273091564816,0.585,0.03238306116800443,0.06136900078678206,19964.0,0.1809757563614506,,,,,
history_only,2,0.7,long,Naive (always 'not congested'),26,0.8120613595347904,0.0,0.0,0.0,19948.0,0.18793864046520956,,,,,
history_only,2,0.7,long,Naive (persistence),26,0.7186685381993182,0.25219473264166004,0.2528674313150173,0.2525306339904102,19948.0,0.18793864046520956,,,,,
history_only,2,0.7,long,Logistic Regression,26,0.8125125325847202,0.5398230088495575,0.01627100560149373,0.03158984981874676,19948.0,0.18793864046520956,,,,,
history_only,2,0.7,long,Random Forest,26,0.8133146180068177,0.5598086124401914,0.03120832221925847,0.059120768064679134,19948.0,0.18793864046520956,,,,,
history_only,2,0.7,long,Naive (always 'not congested'),27,0.8375588736346328,0.0,0.0,0.0,19958.0,0.16244112636536728,,,,,
history_only,2,0.7,long,Naive (persistence),27,0.7538330494037478,0.2431601598524439,0.24398519432449106,0.24357197844495765,19958.0,0.16244112636536728,,,,,
history_only,2,0.7,long,Logistic Regression,27,0.8376590840765608,0.5217391304347826,0.007402837754472548,0.014598540145985401,19958.0,0.16244112636536728,,,,,
history_only,2,0.7,long,Random Forest,27,0.8385108728329492,0.5693430656934306,0.024059222702035782,0.04616750517904705,19958.0,0.16244112636536728,,,,,
history_only,2,0.7,long,Naive (always 'not congested'),28,0.8191745141254257,0.0,0.0,0.0,19964.0,0.18082548587457423,,,,,
history_only,2,0.7,long,Naive (persistence),28,0.7453917050691244,0.2960398781500969,0.2961218836565097,0.29608087522503806,19964.0,0.18082548587457423,,,,,
history_only,2,0.7,long,Logistic Regression,28,0.8229312762973352,0.7483443708609272,0.031301939058171746,0.0600904014889657,19964.0,0.18082548587457423,,,,,
history_only,2,0.7,long,Random Forest,28,0.8227309156481667,0.6577777777777778,0.040997229916897505,0.07718383311603651,19964.0,0.18082548587457423,,,,,
history_only,2,0.7,long,Naive (always 'not congested'),29,0.8196573489630298,0.0,0.0,0.0,19962.0,0.18034265103697025,,,,,
history_only,2,0.7,long,Naive (persistence),29,0.725278028253682,0.23833333333333334,0.23833333333333334,0.23833333333333334,19962.0,0.18034265103697025,,,,,
history_only,2,0.7,long,Logistic Regression,29,0.8187556357078449,0.3902439024390244,0.008888888888888889,0.017381857686040194,19962.0,0.18034265103697025,,,,,
history_only,2,0.7,long,Random Forest,29,0.8178539224526601,0.3977272727272727,0.019444444444444445,0.037076271186440676,19962.0,0.18034265103697025,,,,,
history_only,2,0.7,long,Naive (always 'not congested'),ALL_MEAN,0.8214952679792855,0.0,0.0,0.0,,0.1785047320207144,0.008507736023674571,0.0,0.0,0.0,5.0
history_only,2,0.7,long,Naive (persistence),ALL_MEAN,0.7373920281603298,0.2645225650867368,0.26504927956932445,0.26478550261565625,,0.1785047320207144,0.013210140229996016,0.02486747517010283,0.02492361077211301,0.024894635933843976,5.0
history_only,2,0.7,long,Logistic Regression,ALL_MEAN,0.8222266446232943,0.5466967491835251,0.014987160665255258,0.029070524621873855,,0.1785047320207144,0.008411689232127501,0.11488078038173527,0.008693289421487593,0.01654742299835268,5.0
history_only,2,0.7,long,Random Forest,ALL_MEAN,0.8226275276194152,0.5539313457277345,0.02961845609012812,0.056183475666597094,,0.1785047320207144,0.008548915325398176,0.0853476637361068,0.007403550474950989,0.013725431128107476,5.0
history_only,2,0.7,extra_long,Naive (always 'not congested'),25,0.8189240633139652,0.0,0.0,0.0,19964.0,0.18107593668603486,,,,,
history_only,2,0.7,extra_long,Naive (persistence),25,0.7584151472650772,0.3334252619966906,0.33443983402489624,0.3339317773788151,19964.0,0.18107593668603486,,,,,
history_only,2,0.7,extra_long,Logistic Regression,25,0.8262372270086155,0.6951871657754011,0.07192254495159059,0.13035848583604914,19964.0,0.18107593668603486,,,,,
history_only,2,0.7,extra_long,Random Forest,25,0.8259867761971549,0.6658823529411765,0.07828492392807745,0.1400990099009901,19964.0,0.18107593668603486,,,,,
history_only,2,0.7,extra_long,Naive (always 'not congested'),26,0.8118608381792661,0.0,0.0,0.0,19948.0,0.1881391618207339,,,,,
history_only,2,0.7,extra_long,Naive (persistence),26,0.7415279727290957,0.3133812184091514,0.3138822275512923,0.3136315228966986,19948.0,0.1881391618207339,,,,,
history_only,2,0.7,extra_long,Logistic Regression,26,0.8168738720673752,0.6396648044692738,0.06101785238475886,0.11140841644368767,19948.0,0.1881391618207339,,,,,
history_only,2,0.7,extra_long,Random Forest,26,0.8163224383396832,0.6161879895561357,0.06288302691180389,0.11411992263056092,19948.0,0.1881391618207339,,,,,
history_only,2,0.7,extra_long,Naive (always 'not congested'),27,0.8376089788555967,0.0,0.0,0.0,19958.0,0.16239102114440324,,,,,
history_only,2,0.7,extra_long,Naive (persistence),27,0.7673113538430705,0.28435290501075927,0.28540573896945387,0.28487834924545735,19958.0,0.16239102114440324,,,,,
history_only,2,0.7,extra_long,Logistic Regression,27,0.8402144503457261,0.5992366412213741,0.0484418389385992,0.08963745361119041,19958.0,0.16239102114440324,,,,,
history_only,2,0.7,extra_long,Random Forest,27,0.8397635033570499,0.5714285714285714,0.05307004011107683,0.09712027103331451,19958.0,0.16239102114440324,,,,,
history_only,2,0.7,extra_long,Naive (always 'not congested'),28,0.8191745141254257,0.0,0.0,0.0,19964.0,0.18082548587457423,,,,,
history_only,2,0.7,extra_long,Naive (persistence),28,0.7583149669404929,0.3317640542785932,0.3318559556786704,0.33180999861515026,19964.0,0.18082548587457423,,,,,
history_only,2,0.7,extra_long,Logistic Regression,28,0.8250350631136045,0.6705539358600583,0.06371191135734072,0.11636731596256009,19964.0,0.18082548587457423,,,,,
history_only,2,0.7,extra_long,Random Forest,28,0.824834702464436,0.6445012787723785,0.06980609418282549,0.12596850787303174,19964.0,0.18082548587457423,,,,,
history_only,2,0.7,extra_long,Naive (always 'not congested'),29,0.8197074441438733,0.0,0.0,0.0,19962.0,0.18029255585612664,,,,,
history_only,2,0.7,extra_long,Naive (persistence),29,0.7426610560064122,0.2863888888888889,0.2864684634620728,0.2864286706487012,19962.0,0.18029255585612664,,,,,
history_only,2,0.7,extra_long,Logistic Regression,29,0.8211101092074943,0.5482758620689655,0.044178938594053904,0.08176909231164824,19962.0,0.18029255585612664,,,,,
history_only,2,0.7,extra_long,Random Forest,29,0.820759442941589,0.5323076923076923,0.04806890803000834,0.08817533129459736,19962.0,0.18029255585612664,,,,,
history_only,2,0.7,extra_long,Naive (always 'not congested'),ALL_MEAN,0.8214551677236255,0.0,0.0,0.0,,0.17854483227637458,0.008575070630286018,0.0,0.0,0.0,5.0
history_only,2,0.7,extra_long,Naive (persistence),ALL_MEAN,0.7536460993568298,0.3098624657168167,0.3104104439372771,0.3101360637569645,,0.17854483227637458,0.009988007739434465,0.021208550478892457,0.021202964617707112,0.02120474618542785,5.0
history_only,2,0.7,extra_long,Logistic Regression,ALL_MEAN,0.8258941443485632,0.6305836818790145,0.05785461724526866,0.1059081528330271,,0.17854483227637458,0.007876283316260491,0.05217453839227406,0.01017688678167462,0.01780390784708726,5.0
history_only,2,0.7,extra_long,Random Forest,ALL_MEAN,0.8255333726599826,0.6060615770011909,0.0624225986327584,0.11309660854649892,,0.17854483227637458,0.00788444101346839,0.04857522150217687,0.010952991822634381,0.01882644981454227,5.0
history_only,2,0.8,short,Naive (always 'not congested'),25,0.8498847579917828,0.0,0.0,0.0,19958.0,0.15011524200821727,,,,,
history_only,2,0.8,short,Naive (persistence),25,0.9023449243411164,0.6746746746746747,0.6748998664886515,0.6747872517937594,19958.0,0.15011524200821727,,,,,
history_only,2,0.8,short,Logistic Regression,25,0.9122156528710291,0.7845379688929551,0.572429906542056,0.6619065997684291,19958.0,0.15011524200821727,,,,,
history_only,2,0.8,short,Random Forest,25,0.9115642849984968,0.7837713231904103,0.5674232309746329,0.6582768635043562,19958.0,0.15011524200821727,,,,,
history_only,2,0.8,short,Naive (always 'not congested'),26,0.812478093235191,0.0,0.0,0.0,19971.0,0.18752190676480898,,,,,
history_only,2,0.8,short,Naive (persistence),26,0.8805768364127986,0.6818181818181818,0.6809078771695594,0.6813627254509018,19971.0,0.18752190676480898,,,,,
history_only,2,0.8,short,Logistic Regression,26,0.891893245205548,0.7919734904270986,0.5743658210947931,0.6658412010524687,19971.0,0.18752190676480898,,,,,
history_only,2,0.8,short,Random Forest,26,0.8917430273897151,0.7926062846580406,0.5724966622162884,0.6648062015503876,19971.0,0.18752190676480898,,,,,
history_only,2,0.8,short,Naive (always 'not congested'),27,0.8108568280835294,0.0,0.0,0.0,19969.0,0.18914317191647054,,,,,
history_only,2,0.8,short,Naive (persistence),27,0.884871550903901,0.6953992596509783,0.6963198305533492,0.6958592406402964,19969.0,0.18914317191647054,,,,,
history_only,2,0.8,short,Logistic Regression,27,0.8939856778005909,0.7951635846372689,0.5920042361662695,0.6787069358020944,19969.0,0.18914317191647054,,,,,
history_only,2,0.8,short,Random Forest,27,0.8935850568380991,0.7945791726105563,0.5898861530315065,0.6771007445676949,19969.0,0.18914317191647054,,,,,
history_only,2,0.8,short,Naive (always 'not congested'),28,0.771206810215323,0.0,0.0,0.0,19970.0,0.22879318978467703,,,,,
history_only,2,0.8,short,Naive (persistence),28,0.8783675513269905,0.7343407796758651,0.733858612387831,0.7340996168582375,19970.0,0.22879318978467703,,,,,
history_only,2,0.8,short,Logistic Regression,28,0.8834251377065598,0.8207844259948468,0.6274896038520464,0.7112379062267428,19970.0,0.22879318978467703,,,,,
history_only,2,0.8,short,Random Forest,28,0.8835252879318979,0.8231057332180928,0.6253009411249726,0.7106965174129353,19970.0,0.22879318978467703,,,,,
history_only,2,0.8,short,Naive (always 'not congested'),29,0.8050087653393438,0.0,0.0,0.0,19965.0,0.19499123466065615,,,,,
history_only,2,0.8,short,Naive (persistence),29,0.8849987478086652,0.7051117390187516,0.7051117390187516,0.7051117390187516,19965.0,0.19499123466065615,,,,,
history_only,2,0.8,short,Logistic Regression,29,0.8933633859253693,0.8045580110497238,0.5985101464166452,0.6864044778317867,19965.0,0.19499123466065615,,,,,
history_only,2,0.8,short,Random Forest,29,0.8933132982719759,0.8063955509210984,0.5959414333418958,0.6853766617429837,19965.0,0.19499123466065615,,,,,
history_only,2,0.8,short,Naive (always 'not congested'),ALL_MEAN,0.8098870509730339,0.0,0.0,0.0,,0.190112949026966,0.025009715033179978,0.0,0.0,0.0,5.0
history_only,2,0.8,short,Naive (persistence),ALL_MEAN,0.8862319221586944,0.6982689269676903,0.6982195851236286,0.6982441147523893,,0.190112949026966,0.008447822105503423,0.02089762370373992,0.020807477629839713,0.02085029804806284,5.0
history_only,2,0.8,short,Logistic Regression,ALL_MEAN,0.8949766199018194,0.7994034962003786,0.5929599428143619,0.6808194241363043,,0.190112949026966,0.009420325771959961,0.012473002206283907,0.01995614881917717,0.01756690966988308,5.0
history_only,2,0.8,short,Random Forest,ALL_MEAN,0.8947461910860369,0.8000916129196398,0.5902096841378592,0.6792513977556716,,0.190112949026966,0.009177988419998315,0.013580562297850525,0.02048085706997801,0.018327763086517682,5.0
history_only,2,0.8,medium,Naive (always 'not congested'),25,0.8498847579917828,0.0,0.0,0.0,19958.0,0.15011524200821727,,,,,
history_only,2,0.8,medium,Naive (persistence),25,0.8621605371279687,0.5408742075408742,0.5410547396528705,0.5409644585349574,19958.0,0.15011524200821727,,,,,
history_only,2,0.8,medium,Logistic Regression,25,0.88545946487624,0.7224310776942355,0.3848464619492657,0.502177700348432,19958.0,0.15011524200821727,,,,,
history_only,2,0.8,medium,Random Forest,25,0.8857099909810602,0.7278521351179095,0.38117489986648867,0.500328587075575,19958.0,0.15011524200821727,,,,,
history_only,2,0.8,medium,Naive (always 'not congested'),26,0.8122277302088028,0.0,0.0,0.0,19971.0,0.18777226979119724,,,,,
history_only,2,0.8,medium,Naive (persistence),26,0.8414701316909519,0.5780748663101605,0.5765333333333333,0.5773030707610147,19971.0,0.18777226979119724,,,,,
history_only,2,0.8,medium,Logistic Regression,26,0.8654048370136698,0.7687246963562753,0.4050666666666667,0.530562347188264,19971.0,0.18777226979119724,,,,,
history_only,2,0.8,medium,Random Forest,26,0.865104401382004,0.771047227926078,0.40053333333333335,0.5272025272025272,19971.0,0.18777226979119724,,,,,
history_only,2,0.8,medium,Naive (always 'not congested'),27,0.8111072161850869,0.0,0.0,0.0,19969.0,0.18889278381491312,,,,,
history_only,2,0.8,medium,Naive (persistence),27,0.8420551855375833,0.5817028027498677,0.5832449628844114,0.5824728620598358,19969.0,0.18889278381491312,,,,,
history_only,2,0.8,medium,Logistic Regression,27,0.8612349141168811,0.7364194615021257,0.4133085896076352,0.5294617082696553,19969.0,0.18889278381491312,,,,,
history_only,2,0.8,medium,Random Forest,27,0.8612349141168811,0.7379933428435568,0.41145281018027574,0.5283404255319148,19969.0,0.18889278381491312,,,,,
history_only,2,0.8,medium,Naive (always 'not congested'),28,0.771156735102654,0.0,0.0,0.0,19970.0,0.22884326489734602,,,,,
history_only,2,0.8,medium,Naive (persistence),28,0.8298447671507261,0.6283399036355672,0.6277899343544858,0.6280647985989493,19970.0,0.22884326489734602,,,,,
history_only,2,0.8,medium,Logistic Regression,28,0.8481722583875814,0.7915087187263078,0.45689277899343544,0.5793562708102109,19970.0,0.22884326489734602,,,,,
history_only,2,0.8,medium,Random Forest,28,0.8481722583875814,0.7946360153256705,0.4538293216630197,0.5777158774373259,19970.0,0.22884326489734602,,,,,
history_only,2,0.8,medium,Naive (always 'not congested'),29,0.8049586776859504,0.0,0.0,0.0,19965.0,0.19504132231404958,,,,,
history_only,2,0.8,medium,Naive (persistence),29,0.8421738041572753,0.5954276907269458,0.5952747817154597,0.5953512264029793,19965.0,0.19504132231404958,,,,,
history_only,2,0.8,medium,Logistic Regression,29,0.8607062359128475,0.7577582213987958,0.42013353877760656,0.5405584007929952,19965.0,0.19504132231404958,,,,,
history_only,2,0.8,medium,Random Forest,29,0.8603556223390935,0.7588951310861424,0.41628145865434,0.5376451077943615,19965.0,0.19504132231404958,,,,,
history_only,2,0.8,medium,Naive (always 'not congested'),ALL_MEAN,0.8098670234348553,0.0,0.0,0.0,,0.19013297656514466,0.025024421569146988,0.0,0.0,0.0,5.0
history_only,2,0.8,medium,Naive (persistence),ALL_MEAN,0.8435408851329012,0.5848838941926832,0.5847795503881121,0.5848312832715473,,0.19013297656514466,0.01041767077323787,0.028259267947768545,0.028079377264829678,0.02816501552543348,5.0
history_only,2,0.8,medium,Logistic Regression,ALL_MEAN,0.864195542061444,0.755368435135548,0.4160496071989219,0.5364232854819114,,0.19013297656514466,0.01209382489267077,0.024224590841447742,0.023607700493768827,0.0249636322034053,5.0
history_only,2,0.8,medium,Random Forest,ALL_MEAN,0.864115437441324,0.7580847704598714,0.41265436473949146,0.5342465050083408,,0.19013297656514466,0.01219771597326168,0.023758590835860148,0.02386567716332389,0.025044206496798588,5.0
history_only,2,0.8,long,Naive (always 'not congested'),25,0.8498847579917828,0.0,0.0,0.0,19958.0,0.15011524200821727,,,,,
history_only,2,0.8,long,Naive (persistence),25,0.8241807796372382,0.4144144144144144,0.4145527369826435,0.41448356415818455,19958.0,0.15011524200821727,,,,,
history_only,2,0.8,long,Logistic Regression,25,0.8660687443631626,0.6976744186046512,0.19025367156208278,0.2989771833202203,19958.0,0.15011524200821727,,,,,
history_only,2,0.8,long,Random Forest,25,0.8661689548050907,0.7028714107365793,0.18791722296395194,0.2965499078219647,19958.0,0.15011524200821727,,,,,
history_only,2,0.8,long,Naive (always 'not congested'),26,0.8119272945771369,0.0,0.0,0.0,19971.0,0.18807270542286314,,,,,
history_only,2,0.8,long,Naive (persistence),26,0.7925992689399629,0.4483957219251337,0.4464856230031949,0.4474386339381003,19971.0,0.18807270542286314,,,,,
history_only,2,0.8,long,Logistic Regression,26,0.8353612738470783,0.7199248120300752,0.20394036208732694,0.31784232365145226,19971.0,0.18807270542286314,,,,,
history_only,2,0.8,long,Random Forest,26,0.8347103299784688,0.7160493827160493,0.2007454739084132,0.31357870659180703,19971.0,0.18807270542286314,,,,,
history_only,2,0.8,long,Naive (always 'not congested'),27,0.8116079923882017,0.0,0.0,0.0,19969.0,0.18839200761179828,,,,,
history_only,2,0.8,long,Naive (persistence),27,0.7880715108418048,0.4378635642517187,0.44019138755980863,0.43902439024390244,19969.0,0.18839200761179828,,,,,
history_only,2,0.8,long,Logistic Regression,27,0.8337423005658771,0.7009090909090909,0.20494417862838915,0.3171534348004936,19969.0,0.18839200761179828,,,,,
history_only,2,0.8,long,Random Forest,27,0.8333416796033852,0.7005545286506469,0.20148856990962255,0.3129644921552436,19969.0,0.18839200761179828,,,,,
history_only,2,0.8,long,Naive (always 'not congested'),28,0.770706059088633,0.0,0.0,0.0,19970.0,0.22929394091136704,,,,,
history_only,2,0.8,long,Naive (persistence),28,0.7734101151727591,0.5059132720105125,0.5044769600349421,0.505194095133953,19970.0,0.22929394091136704,,,,,
history_only,2,0.8,long,Logistic Regression,28,0.8032548823234852,0.7253814147018031,0.22843415592924218,0.34745058960305597,19970.0,0.22929394091136704,,,,,
history_only,2,0.8,long,Random Forest,28,0.8017025538307461,0.7187279151943463,0.22210089539200698,0.33933933933933935,19970.0,0.22929394091136704,,,,,
history_only,2,0.8,long,Naive (always 'not congested'),29,0.8048084147257701,0.0,0.0,0.0,19965.0,0.1951915852742299,,,,,
history_only,2,0.8,long,Naive (persistence),29,0.7944402704733283,0.47341381967634216,0.47292789325121887,0.47317073170731705,19965.0,0.1951915852742299,,,,,
history_only,2,0.8,long,Logistic Regression,29,0.8297520661157025,0.7142857142857143,0.21298434693353863,0.3281280885550504,19965.0,0.1951915852742299,,,,,
history_only,2,0.8,long,Random Forest,29,0.8291510142749812,0.7150442477876107,0.2073389787015653,0.3214640938929779,19965.0,0.1951915852742299,,,,,
history_only,2,0.8,long,Naive (always 'not congested'),ALL_MEAN,0.8097869037543048,0.0,0.0,0.0,,0.1902130962456951,0.025170750183205148,0.0,0.0,0.0,5.0
history_only,2,0.8,long,Naive (persistence),ALL_MEAN,0.7945403890130187,0.4560001584556243,0.4557269201663616,0.4558622830362914,,0.1902130962456951,0.016556965812459093,0.031339087777334955,0.030641499864490232,0.030983482548117,5.0
history_only,2,0.8,long,Logistic Regression,ALL_MEAN,0.833635853443061,0.711635090106267,0.20811134302811593,0.3219103239860545,,0.1902130962456951,0.01996480919101615,0.010720579700318695,0.01251469003857902,0.01584974022668774,5.0
history_only,2,0.8,long,Random Forest,ALL_MEAN,0.8330149064985346,0.7106494970170465,0.20391822817511202,0.31677930796026654,,0.1902130962456951,0.020482017738782585,0.007431560437081802,0.01108433758035243,0.013891922356259008,5.0
history_only,2,0.8,extra_long,Naive (always 'not congested'),25,0.8498847579917828,0.0,0.0,0.0,19958.0,0.15011524200821727,,,,,
history_only,2,0.8,extra_long,Naive (persistence),25,0.8398136085780138,0.46646646646646645,0.4666221628838451,0.46654430168529953,19958.0,0.15011524200821727,,,,,
history_only,2,0.8,extra_long,Logistic Regression,25,0.8728830544142699,0.7014925373134329,0.2666889185580774,0.3864570737605804,19958.0,0.15011524200821727,,,,,
history_only,2,0.8,extra_long,Random Forest,25,0.8725323178675218,0.7088724584103512,0.2560080106809079,0.37616478666012754,19958.0,0.15011524200821727,,,,,
history_only,2,0.8,extra_long,Naive (always 'not congested'),26,0.8121776576035251,0.0,0.0,0.0,19971.0,0.18782234239647488,,,,,
history_only,2,0.8,extra_long,Naive (persistence),26,0.81377998097241,0.5042780748663102,0.5027992535323914,0.5035375784274463,19971.0,0.18782234239647488,,,,,
history_only,2,0.8,extra_long,Logistic Regression,26,0.8506334184567623,0.7685314685314686,0.29298853639029593,0.42424242424242425,19971.0,0.18782234239647488,,,,,
history_only,2,0.8,extra_long,Random Forest,26,0.8500826197987081,0.7752727272727272,0.28419088243135165,0.41591884510339444,19971.0,0.18782234239647488,,,,,
history_only,2,0.8,extra_long,Naive (always 'not congested'),27,0.8113576042866443,0.0,0.0,0.0,19969.0,0.1886423957133557,,,,,
history_only,2,0.8,extra_long,Naive (persistence),27,0.8087535680304472,0.4931253305129561,0.49508893018316963,0.4941051794939727,19969.0,0.1886423957133557,,,,,
history_only,2,0.8,extra_long,Logistic Regression,27,0.842856427462567,0.7004461440407903,0.29174409344305813,0.41191904047976013,19969.0,0.1886423957133557,,,,,
history_only,2,0.8,extra_long,Random Forest,27,0.8417547198157144,0.7013934970139349,0.2805946376426865,0.4008342813803565,19969.0,0.1886423957133557,,,,,
history_only,2,0.8,extra_long,Naive (always 'not congested'),28,0.7709564346519779,0.0,0.0,0.0,19970.0,0.22904356534802203,,,,,
history_only,2,0.8,extra_long,Naive (persistence),28,0.7991987981972959,0.561760840998686,0.5607783121993879,0.5612691466083151,19970.0,0.22904356534802203,,,,,
history_only,2,0.8,extra_long,Logistic Regression,28,0.8228342513770656,0.7664609053497943,0.32575426322693485,0.45719545872967166,19970.0,0.22904356534802203,,,,,
history_only,2,0.8,extra_long,Random Forest,28,0.8223335002503755,0.7737459978655283,0.3170091823349366,0.4497518610421836,19970.0,0.22904356534802203,,,,,
history_only,2,0.8,extra_long,Naive (always 'not congested'),29,0.8048084147257701,0.0,0.0,0.0,19965.0,0.1951915852742299,,,,,
history_only,2,0.8,extra_long,Naive (persistence),29,0.8159779614325069,0.5286411507834575,0.5280985373364127,0.528369704749679,19965.0,0.1951915852742299,,,,,
history_only,2,0.8,extra_long,Logistic Regression,29,0.8421738041572753,0.7274390243902439,0.30613292276109827,0.4309192703630125,19965.0,0.1951915852742299,,,,,
history_only,2,0.8,extra_long,Random Forest,29,0.8409216128224393,0.7300574345883855,0.29355914806261224,0.41874084919472915,19965.0,0.1951915852742299,,,,,
history_only,2,0.8,extra_long,Naive (always 'not congested'),ALL_MEAN,0.80983697385194,0.0,0.0,0.0,,0.19016302614805997,0.02509421792852089,0.0,0.0,0.0,5.0
history_only,2,0.8,extra_long,Naive (persistence),ALL_MEAN,0.8155047834421347,0.5108543727255752,0.5106774392270413,0.5107651821929425,,0.19016302614805997,0.013457948467703363,0.032359514332262855,0.03181046032252029,0.03208067909228792,5.0
history_only,2,0.8,extra_long,Logistic Regression,ALL_MEAN,0.846276191173588,0.732874015925146,0.2966617468758929,0.42214665351508973,,0.19016302614805997,0.016155243765416855,0.02988456549921964,0.01935005895706962,0.023186720249856987,5.0
history_only,2,0.8,extra_long,Random Forest,ALL_MEAN,0.845524954110952,0.7378684230301854,0.286272372230499,0.41228212467615827,,0.19016302614805997,0.016269105466667735,0.03136392859479762,0.01975018707385675,0.024060079894720053,5.0
history_only,2,0.9,short,Naive (always 'not congested'),25,0.7707676130389064,0.0,0.0,0.0,19971.0,0.22923238696109358,,,,,
history_only,2,0.9,short,Naive (persistence),25,0.9450202794051374,0.8799126637554585,0.8802970729576234,0.8801048263813059,19971.0,0.22923238696109358,,,,,
history_only,2,0.9,short,Logistic Regression,25,0.9451204246156928,0.9175059952038369,0.835736129314111,0.8747142203932328,19971.0,0.22923238696109358,,,,,
history_only,2,0.9,short,Random Forest,25,0.9456211506684693,0.9151212553495007,0.8407601572739187,0.8763661202185792,19971.0,0.22923238696109358,,,,,
history_only,2,0.9,short,Naive (always 'not congested'),26,0.8380651945320715,0.0,0.0,0.0,19971.0,0.1619348054679285,,,,,
history_only,2,0.9,short,Naive (persistence),26,0.9471233288267988,0.8367346938775511,0.8367346938775511,0.8367346938775511,19971.0,0.1619348054679285,,,,,
history_only,2,0.9,short,Logistic Regression,26,0.9478744179059636,0.8835257082896117,0.7810760667903525,0.8291482028557361,19971.0,0.1619348054679285,,,,,
history_only,2,0.9,short,Random Forest,26,0.9482249261429072,0.8814147018030514,0.7860235003092146,0.8309905197777051,19971.0,0.1619348054679285,,,,,
history_only,2,0.9,short,Naive (always 'not congested'),27,0.7365680236342697,0.0,0.0,0.0,19971.0,0.2634319763657303,,,,,
history_only,2,0.9,short,Naive (persistence),27,0.9375093886134895,0.8813913704618894,0.8813913704618894,0.8813913704618894,19971.0,0.2634319763657303,,,,,
history_only,2,0.9,short,Logistic Regression,27,0.9351059035601622,0.9181607255853196,0.8274092377874929,0.8704259148170366,19971.0,0.2634319763657303,,,,,
history_only,2,0.9,short,Random Forest,27,0.9358069200340494,0.9152577749947819,0.83349173160996,0.8724631914046956,19971.0,0.2634319763657303,,,,,
history_only,2,0.9,short,Naive (always 'not congested'),28,0.8243365047571357,0.0,0.0,0.0,19970.0,0.1756634952428643,,,,,
history_only,2,0.9,short,Naive (persistence),28,0.9455182774161242,0.8449258836944128,0.8449258836944128,0.8449258836944128,19970.0,0.1756634952428643,,,,,
history_only,2,0.9,short,Logistic Regression,28,0.9475212819228843,0.8947368421052632,0.7947548460661346,0.8417874396135265,19970.0,0.1756634952428643,,,,,
history_only,2,0.9,short,Random Forest,28,0.9470205307961943,0.8883956880152187,0.798745724059293,0.8411888321825278,19970.0,0.1756634952428643,,,,,
history_only,2,0.9,short,Naive (always 'not congested'),29,0.8266900350525789,0.0,0.0,0.0,19970.0,0.17330996494742112,,,,,
history_only,2,0.9,short,Naive (persistence),29,0.9450676014021031,0.8420138888888888,0.8407974573822594,0.8414052334827237,19970.0,0.17330996494742112,,,,,
history_only,2,0.9,short,Logistic Regression,29,0.9442663995993991,0.8824104234527688,0.7827217567177116,0.8295819935691319,19970.0,0.17330996494742112,,,,,
history_only,2,0.9,short,Random Forest,29,0.9442163244867301,0.878915079108815,0.7864778965616874,0.8301311375419335,19970.0,0.17330996494742112,,,,,
history_only,2,0.9,short,Naive (always 'not congested'),ALL_MEAN,0.7992854742029925,0.0,0.0,0.0,,0.20071452579700755,0.03906194518248974,0.0,0.0,0.0,5.0
history_only,2,0.9,short,Naive (persistence),ALL_MEAN,0.9440477751327307,0.85699570013564,0.8568292956747472,0.8569124015795765,,0.20071452579700755,0.003357311899276191,0.019498612586374697,0.0197814871313851,0.01963872321322797,5.0
history_only,2,0.9,short,Logistic Regression,ALL_MEAN,0.9439776855208203,0.8992679389273601,0.8043396073351605,0.8491315542497327,,0.20071452579700755,0.004644121496208375,0.01576127264078934,0.022883797211845705,0.019714858734012318,5.0
history_only,2,0.9,short,Random Forest,ALL_MEAN,0.9441779704256701,0.8958208998542736,0.8090998019628148,0.8502279602250882,,0.20071452579700755,0.004395832684341191,0.016116916117504074,0.0234470363225476,0.020165694365186112,5.0
history_only,2,0.9,medium,Naive (always 'not congested'),25,0.7707676130389064,0.0,0.0,0.0,19971.0,0.22923238696109358,,,,,
history_only,2,0.9,medium,Naive (persistence),25,0.9183816533974263,0.8218340611353712,0.8221930974224552,0.822013540074252,19971.0,0.22923238696109358,,,,,
history_only,2,0.9,medium,Logistic Regression,25,0.9213860097140855,0.8666504144319844,0.7765399737876802,0.8191244239631337,19971.0,0.22923238696109358,,,,,
history_only,2,0.9,medium,Random Forest,25,0.9208352110560313,0.8706406134058867,0.7688947138488423,0.8166106020183274,19971.0,0.22923238696109358,,,,,
history_only,2,0.9,medium,Naive (always 'not congested'),26,0.8380651945320715,0.0,0.0,0.0,19971.0,0.1619348054679285,,,,,
history_only,2,0.9,medium,Naive (persistence),26,0.9279955936107356,0.7776747062461348,0.7776747062461348,0.7776747062461348,19971.0,0.1619348054679285,,,,,
history_only,2,0.9,medium,Logistic Regression,26,0.931550748585449,0.8344679326406306,0.720160791589363,0.7731120331950208,19971.0,0.1619348054679285,,,,,
history_only,2,0.9,medium,Random Forest,26,0.9308497321115617,0.8390047566776436,0.7090290661719233,0.7685604156192392,19971.0,0.1619348054679285,,,,,
history_only,2,0.9,medium,Naive (always 'not congested'),27,0.7365680236342697,0.0,0.0,0.0,19971.0,0.2634319763657303,,,,,
history_only,2,0.9,medium,Naive (persistence),27,0.9101697461318913,0.8295000950389659,0.8295000950389659,0.8295000950389659,19971.0,0.2634319763657303,,,,,
history_only,2,0.9,medium,Logistic Regression,27,0.9128235942116069,0.878494623655914,0.77646835202433,0.8243365957017456,19971.0,0.2634319763657303,,,,,
history_only,2,0.9,medium,Random Forest,27,0.9119222873166091,0.8828159160472234,0.7675346892225813,0.8211489578037621,19971.0,0.2634319763657303,,,,,
history_only,2,0.9,medium,Naive (always 'not congested'),28,0.8243365047571357,0.0,0.0,0.0,19970.0,0.1756634952428643,,,,,
history_only,2,0.9,medium,Naive (persistence),28,0.9210816224336504,0.7753705815279361,0.7753705815279361,0.7753705815279361,19970.0,0.1756634952428643,,,,,
history_only,2,0.9,medium,Logistic Regression,28,0.9251877816725088,0.8297314996725605,0.7223489167616876,0.7723255105150869,19970.0,0.1756634952428643,,,,,
history_only,2,0.9,medium,Random Forest,28,0.9252879318978467,0.836,0.7149372862029647,0.7707437000614629,19970.0,0.1756634952428643,,,,,
history_only,2,0.9,medium,Naive (always 'not congested'),29,0.8264396594892338,0.0,0.0,0.0,19970.0,0.17356034051076616,,,,,
history_only,2,0.9,medium,Naive (persistence),29,0.9243865798698047,0.7829861111111112,0.7807270628967109,0.7818549552152557,19970.0,0.17356034051076616,,,,,
history_only,2,0.9,medium,Logistic Regression,29,0.9266399599399099,0.8351758793969849,0.7192729371032891,0.7729034258254535,19970.0,0.17356034051076616,,,,,
history_only,2,0.9,medium,Random Forest,29,0.9254882323485227,0.8396291208791209,0.7054241200230814,0.7666980244590781,19970.0,0.17356034051076616,,,,,
history_only,2,0.9,medium,Naive (always 'not congested'),ALL_MEAN,0.7992353990903235,0.0,0.0,0.0,,0.20076460090967654,0.039026926839851137,0.0,0.0,0.0,5.0
history_only,2,0.9,medium,Naive (persistence),ALL_MEAN,0.9204030390887017,0.7974731110119039,0.7970931086264406,0.797282775620509,,0.20076460090967654,0.006046192877069142,0.023278983670994784,0.023651689974621217,0.023461477608944438,5.0
history_only,2,0.9,medium,Logistic Regression,ALL_MEAN,0.9235176188247121,0.8489040699596149,0.7429581942532699,0.7923603978400882,,0.20076460090967654,0.006260599836387218,0.0197736508435547,0.02740847271828603,0.02403855376521716,5.0
history_only,2,0.9,medium,Random Forest,ALL_MEAN,0.9228766789461144,0.8536180814019749,0.7331639750938787,0.7887523399923739,,0.20076460090967654,0.006330406240814807,0.019297239243429676,0.028782763097515648,0.024674040465305244,5.0
history_only,2,0.9,long,Naive (always 'not congested'),25,0.7707676130389064,0.0,0.0,0.0,19971.0,0.22923238696109358,,,,,
history_only,2,0.9,long,Naive (persistence),25,0.8843322818086226,0.7475982532751092,0.7479248580166011,0.7477615199825289,19971.0,0.22923238696109358,,,,,
history_only,2,0.9,long,Logistic Regression,25,0.8887887436783336,0.8249241797628895,0.6535605067715159,0.7293113954905546,19971.0,0.22923238696109358,,,,,
history_only,2,0.9,long,Random Forest,25,0.889890340994442,0.8524444444444444,0.6284403669724771,0.7235005658242173,19971.0,0.22923238696109358,,,,,
history_only,2,0.9,long,Naive (always 'not congested'),26,0.8381152671373492,0.0,0.0,0.0,19971.0,0.16188473286265084,,,,,
history_only,2,0.9,long,Naive (persistence),26,0.9049121225777377,0.7062461348175634,0.7064645839777297,0.7063553425081182,19971.0,0.16188473286265084,,,,,
history_only,2,0.9,long,Logistic Regression,26,0.9104701817635572,0.8044669195111673,0.5904732446643984,0.6810560114163396,19971.0,0.16188473286265084,,,,,
history_only,2,0.9,long,Random Forest,26,0.9070652446046767,0.8108352144469526,0.5555211877513145,0.6593245227606461,19971.0,0.16188473286265084,,,,,
history_only,2,0.9,long,Naive (always 'not congested'),27,0.7365680236342697,0.0,0.0,0.0,19971.0,0.2634319763657303,,,,,
history_only,2,0.9,long,Naive (persistence),27,0.8732161634369836,0.7593613381486409,0.7593613381486409,0.7593613381486409,19971.0,0.2634319763657303,,,,,
history_only,2,0.9,long,Logistic Regression,27,0.8782734965700265,0.8451219512195122,0.6586200342140277,0.7403055229142186,19971.0,0.2634319763657303,,,,,
history_only,2,0.9,long,Random Forest,27,0.8768213910169746,0.8648085438916384,0.6310587340809732,0.7296703296703296,19971.0,0.2634319763657303,,,,,
history_only,2,0.9,long,Naive (always 'not congested'),28,0.8239859789684527,0.0,0.0,0.0,19970.0,0.1760140210315473,,,,,
history_only,2,0.9,long,Naive (persistence),28,0.8908863294942414,0.6904218928164196,0.6890469416785207,0.6897337320233519,19970.0,0.1760140210315473,,,,,
history_only,2,0.9,long,Logistic Regression,28,0.901201802704056,0.7879014189693802,0.6002844950213371,0.681414500242209,19970.0,0.1760140210315473,,,,,
history_only,2,0.9,long,Random Forest,28,0.9016024036054081,0.8063241106719368,0.5803698435277382,0.674937965260546,19970.0,0.1760140210315473,,,,,
history_only,2,0.9,long,Naive (always 'not congested'),29,0.8259889834752128,0.0,0.0,0.0,19970.0,0.17401101652478718,,,,,
history_only,2,0.9,long,Naive (persistence),29,0.8881822734101151,0.6796875,0.6759712230215827,0.6778242677824268,19970.0,0.17401101652478718,,,,,
history_only,2,0.9,long,Logistic Regression,29,0.8966950425638458,0.7775157232704403,0.5692086330935252,0.6572520352217976,19970.0,0.17401101652478718,,,,,
history_only,2,0.9,long,Random Forest,29,0.8957936905358037,0.8001722652885443,0.5346762589928058,0.6410212178713127,19970.0,0.17401101652478718,,,,,
history_only,2,0.9,long,Naive (always 'not congested'),ALL_MEAN,0.7990851732508382,0.0,0.0,0.0,,0.20091482674916183,0.03892940166841049,0.0,0.0,0.0,5.0
history_only,2,0.9,long,Naive (persistence),ALL_MEAN,0.8883058341455401,0.7166630238115467,0.715753788968615,0.7162072400890134,,0.20091482674916183,0.010256025733784384,0.031446565353142206,0.03261531420681932,0.03202844934514801,5.0
history_only,2,0.9,long,Logistic Regression,ALL_MEAN,0.8950858534559638,0.8079860385466778,0.6144293827529609,0.6978678930570238,,0.20091482674916183,0.010945143378481934,0.024536474454529455,0.035504785999436426,0.03159951797193749,5.0
history_only,2,0.9,long,Random Forest,ALL_MEAN,0.894234614151461,0.8269169157487035,0.5860132782650618,0.6856909202774104,,0.20091482674916183,0.010425288174732662,0.026402239566214347,0.03853895803766128,0.035128202400866566,5.0
history_only,2,0.9,extra_long,Naive (always 'not congested'),25,0.7707676130389064,0.0,0.0,0.0,19971.0,0.22923238696109358,,,,,
history_only,2,0.9,extra_long,Naive (persistence),25,0.9000550798658055,0.7818777292576419,0.7822193097422455,0.782048482201354,19971.0,0.22923238696109358,,,,,
history_only,2,0.9,extra_long,Logistic Regression,25,0.9014571128135797,0.8585164835164835,0.6826124945391,0.7605256753467997,19971.0,0.22923238696109358,,,,,
history_only,2,0.9,extra_long,Random Forest,25,0.9014070402083021,0.8563234089046708,0.6847968545216252,0.7610146862483311,19971.0,0.22923238696109358,,,,,
history_only,2,0.9,extra_long,Naive (always 'not congested'),26,0.8380651945320715,0.0,0.0,0.0,19971.0,0.1619348054679285,,,,,
history_only,2,0.9,extra_long,Naive (persistence),26,0.913674828501327,0.7334570191713049,0.7334570191713049,0.7334570191713049,19971.0,0.1619348054679285,,,,,
history_only,2,0.9,extra_long,Logistic Regression,26,0.9193831055029793,0.8400335008375209,0.6202844774273346,0.7136250444681608,19971.0,0.1619348054679285,,,,,
history_only,2,0.9,extra_long,Random Forest,26,0.9192829602924241,0.8331963845521775,0.62708719851577,0.7155963302752294,19971.0,0.1619348054679285,,,,,
history_only,2,0.9,extra_long,Naive (always 'not congested'),27,0.7365680236342697,0.0,0.0,0.0,19971.0,0.2634319763657303,,,,,
history_only,2,0.9,extra_long,Naive (persistence),27,0.889740123178609,0.7907241969207375,0.7907241969207375,0.7907241969207375,19971.0,0.2634319763657303,,,,,
history_only,2,0.9,extra_long,Logistic Regression,27,0.8910920835211056,0.8743328481319748,0.6850408667553697,0.7681978045401258,19971.0,0.2634319763657303,,,,,
history_only,2,0.9,extra_long,Random Forest,27,0.8905412848630514,0.870749939715457,0.6863714122790344,0.7676445578231292,19971.0,0.2634319763657303,,,,,
history_only,2,0.9,extra_long,Naive (always 'not congested'),28,0.8242363545317977,0.0,0.0,0.0,19970.0,0.1757636454682023,,,,,
history_only,2,0.9,extra_long,Naive (persistence),28,0.9038557836755132,0.7266248574686431,0.7262108262108262,0.7264177828441152,19970.0,0.1757636454682023,,,,,
history_only,2,0.9,extra_long,Logistic Regression,28,0.912969454181272,0.829368029739777,0.6356125356125356,0.7196774193548388,19970.0,0.1757636454682023,,,,,
history_only,2,0.9,extra_long,Random Forest,28,0.9120681021532299,0.8236162361623616,0.6358974358974359,0.7176848874598071,19970.0,0.1757636454682023,,,,,
history_only,2,0.9,extra_long,Naive (always 'not congested'),29,0.8262393590385578,0.0,0.0,0.0,19970.0,0.17376064096144217,,,,,
history_only,2,0.9,extra_long,Naive (persistence),29,0.9053580370555834,0.7285879629629629,0.7256484149855907,0.7271152180190587,19970.0,0.17376064096144217,,,,,
history_only,2,0.9,extra_long,Logistic Regression,29,0.9090135202804206,0.8232303480641376,0.6066282420749279,0.6985233117637298,19970.0,0.17376064096144217,,,,,
history_only,2,0.9,extra_long,Random Forest,29,0.9094141211817727,0.8247946812671099,0.6077809798270893,0.6998506719761075,19970.0,0.17376064096144217,,,,,
history_only,2,0.9,extra_long,Naive (always 'not congested'),ALL_MEAN,0.7991753089551206,0.0,0.0,0.0,,0.20082469104487935,0.03898618056444604,0.0,0.0,0.0,5.0
history_only,2,0.9,extra_long,Naive (persistence),ALL_MEAN,0.9025367704553675,0.752254353156258,0.751651953406141,0.7519525398313142,,0.20082469104487935,0.007793184815563763,0.02802777954042074,0.02868969878478875,0.028354921245830573,5.0
history_only,2,0.9,extra_long,Logistic Regression,ALL_MEAN,0.9067830552598715,0.8450962420579788,0.6460357232818535,0.7321098510947309,,0.20082469104487935,0.00976299164190365,0.018899774321786186,0.03219931829190924,0.027328038755179994,5.0
history_only,2,0.9,extra_long,Random Forest,ALL_MEAN,0.906542701739756,0.8417361301203554,0.648386776208191,0.732358226756521,,0.20082469104487935,0.009833713934803907,0.01867008489652599,0.031708083232014045,0.026904746823992395,5.0
history_only,2,0.95,short,Naive (always 'not congested'),25,0.7870412097541435,0.0,0.0,0.0,19971.0,0.21295879024585648,,,,,
history_only,2,0.95,short,Naive (persistence),25,0.9636973611737019,0.9142790042273368,0.9153538678579826,0.9148161203148866,19971.0,0.21295879024585648,,,,,
history_only,2,0.95,short,Logistic Regression,25,0.9634469981473136,0.9161351287502953,0.9118269456853986,0.9139759604053735,19971.0,0.21295879024585648,,,,,
history_only,2,0.95,short,Random Forest,25,0.9624956186470383,0.922984065668759,0.898894897719257,0.9107802263251936,19971.0,0.21295879024585648,,,,,
history_only,2,0.95,short,Naive (always 'not congested'),26,0.8964446670005007,0.0,0.0,0.0,19970.0,0.10355533299949925,,,,,
history_only,2,0.95,short,Naive (persistence),26,0.9769654481722584,0.8887814313346228,0.8887814313346228,0.8887814313346228,19970.0,0.10355533299949925,,,,,
history_only,2,0.95,short,Logistic Regression,26,0.9771156735102654,0.8927352510970259,0.8853965183752418,0.8890507404709881,19970.0,0.10355533299949925,,,,,
history_only,2,0.95,short,Random Forest,26,0.9762643965948924,0.8992985971943888,0.8679883945841392,0.8833661417322834,19970.0,0.10355533299949925,,,,,
history_only,2,0.95,short,Naive (always 'not congested'),27,0.888588453257223,0.0,0.0,0.0,19971.0,0.11141154674277702,,,,,
history_only,2,0.95,short,Naive (persistence),27,0.9703570176756297,0.8669662921348315,0.8669662921348315,0.8669662921348315,19971.0,0.11141154674277702,,,,,
history_only,2,0.95,short,Logistic Regression,27,0.970457162886185,0.8704123244222927,0.863370786516854,0.8668772563176895,19971.0,0.11141154674277702,,,,,
history_only,2,0.95,short,Random Forest,27,0.9705072354914627,0.8829588014981273,0.8476404494382023,0.8649392341206146,19971.0,0.11141154674277702,,,,,
history_only,2,0.95,short,Naive (always 'not congested'),28,0.8783736417805819,0.0,0.0,0.0,19971.0,0.12162635821941815,,,,,
history_only,2,0.95,short,Naive (persistence),28,0.9694557107806319,0.8744339234252779,0.8744339234252779,0.8744339234252779,19971.0,0.12162635821941815,,,,,
history_only,2,0.95,short,Logistic Regression,28,0.9694557107806319,0.8772293654085441,0.8707286949361878,0.8739669421487604,19971.0,0.12162635821941815,,,,,
history_only,2,0.95,short,Random Forest,28,0.9703570176756297,0.8916844349680171,0.8608480856319473,0.8759949727691663,19971.0,0.12162635821941815,,,,,
history_only,2,0.95,short,Naive (always 'not congested'),29,0.8932952781533223,0.0,0.0,0.0,19971.0,0.10670472184667769,,,,,
history_only,2,0.95,short,Naive (persistence),29,0.9755645686245056,0.8854997653683716,0.8854997653683716,0.8854997653683716,19971.0,0.10670472184667769,,,,,
history_only,2,0.95,short,Logistic Regression,29,0.9757147864403385,0.8885741265344664,0.8831534490849366,0.8858554954106849,19971.0,0.10670472184667769,,,,,
history_only,2,0.95,short,Random Forest,29,0.9757147864403385,0.8999028182701652,0.8690755513843266,0.8842205777035091,19971.0,0.10670472184667769,,,,,
history_only,2,0.95,short,Naive (always 'not congested'),ALL_MEAN,0.8687486499891544,0.0,0.0,0.0,,0.1312513500108457,0.04130852300187287,0.0,0.0,0.0,5.0
history_only,2,0.95,short,Naive (persistence),ALL_MEAN,0.9712080212853454,0.8859920832980881,0.8862070560242173,0.8860995065155981,,0.1312513500108457,0.004739879400107227,0.016147721350727482,0.016525604101653255,0.016336229917907022,5.0
history_only,2,0.95,short,Logistic Regression,ALL_MEAN,0.971238066352947,0.889017239242525,0.8828952789197239,0.8859452789506994,,0.1312513500108457,0.004880053975767282,0.01571303100850912,0.016568619507407695,0.01613964742381399,5.0
history_only,2,0.95,short,Random Forest,ALL_MEAN,0.9710678109698723,0.8993657435198916,0.8688894757515744,0.8838602305301533,,0.1312513500108457,0.004957838972275509,0.013313965199133769,0.016836608881793978,0.015132260453792477,5.0
history_only,2,0.95,medium,Naive (always 'not congested'),25,0.7872915727805317,0.0,0.0,0.0,19971.0,0.21270842721946823,,,,,
history_only,2,0.95,medium,Naive (persistence),25,0.9492263782484602,0.8797557538750587,0.8818267419962336,0.8807900305666588,19971.0,0.21270842721946823,,,,,
history_only,2,0.95,medium,Logistic Regression,25,0.9487757248009614,0.9002233804914371,0.8538135593220338,0.8764044943820225,19971.0,0.21270842721946823,,,,,
history_only,2,0.95,medium,Random Forest,25,0.9479244905112413,0.9062816616008106,0.8422787193973634,0.8731088335773548,19971.0,0.21270842721946823,,,,,
history_only,2,0.95,medium,Naive (always 'not congested'),26,0.8964446670005007,0.0,0.0,0.0,19970.0,0.10355533299949925,,,,,
history_only,2,0.95,medium,Naive (persistence),26,0.9664496745117677,0.8380077369439072,0.8380077369439072,0.8380077369439072,19970.0,0.10355533299949925,,,,,
history_only,2,0.95,medium,Logistic Regression,26,0.9659989984977466,0.8615304528891202,0.8002901353965184,0.8297819002256205,19970.0,0.10355533299949925,,,,,
history_only,2,0.95,medium,Random Forest,26,0.9659489233850777,0.8715203426124197,0.7872340425531915,0.8272357723577236,19970.0,0.10355533299949925,,,,,
history_only,2,0.95,medium,Naive (always 'not congested'),27,0.888588453257223,0.0,0.0,0.0,19971.0,0.11141154674277702,,,,,
history_only,2,0.95,medium,Naive (persistence),27,0.9569375594612187,0.8067415730337079,0.8067415730337079,0.8067415730337079,19971.0,0.11141154674277702,,,,,
history_only,2,0.95,medium,Logistic Regression,27,0.9585398828301036,0.837929366231253,0.7784269662921348,0.8070829450139795,19971.0,0.11141154674277702,,,,,
history_only,2,0.95,medium,Random Forest,27,0.9584397376195484,0.8464977645305514,0.7658426966292134,0.8041529023124115,19971.0,0.11141154674277702,,,,,
history_only,2,0.95,medium,Naive (always 'not congested'),28,0.8783736417805819,0.0,0.0,0.0,19971.0,0.12162635821941815,,,,,
history_only,2,0.95,medium,Naive (persistence),28,0.95733814030344,0.8246191848497324,0.8246191848497324,0.8246191848497324,19971.0,0.12162635821941815,,,,,
history_only,2,0.95,medium,Logistic Regression,28,0.9582895198037154,0.8540372670807453,0.792507204610951,0.8221225710014948,19971.0,0.12162635821941815,,,,,
history_only,2,0.95,medium,Random Forest,28,0.9584397376195484,0.8649018712916476,0.7801564429806505,0.8203463203463204,19971.0,0.12162635821941815,,,,,
history_only,2,0.95,medium,Naive (always 'not congested'),29,0.8932952781533223,0.0,0.0,0.0,19971.0,0.10670472184667769,,,,,
history_only,2,0.95,medium,Naive (persistence),29,0.9626458364628712,0.8249648052557484,0.8249648052557484,0.8249648052557484,19971.0,0.10670472184667769,,,,,
history_only,2,0.95,medium,Logistic Regression,29,0.9637474337789795,0.8498259572352064,0.8019709056780854,0.8252052148720425,19971.0,0.10670472184667769,,,,,
history_only,2,0.95,medium,Random Forest,29,0.9638475789895348,0.8588894549159449,0.7911778507742844,0.8236443575964827,19971.0,0.10670472184667769,,,,,
history_only,2,0.95,medium,Naive (always 'not congested'),ALL_MEAN,0.8687987225944319,0.0,0.0,0.0,,0.13120127740556806,0.04120948304520681,0.0,0.0,0.0,5.0
history_only,2,0.95,medium,Naive (persistence),ALL_MEAN,0.9585195177975516,0.834817810791631,0.835232008415866,0.835024666129951,,0.13120127740556806,0.005833945129672773,0.02457219230454901,0.025331901860416055,0.02495105404618333,5.0
history_only,2,0.95,medium,Logistic Regression,ALL_MEAN,0.9590703119423013,0.8607092847855524,0.8054017542599446,0.832119425099032,,0.13120127740556806,0.0059456148862186906,0.02118454816449965,0.02559496370509232,0.023414525892670863,5.0
history_only,2,0.95,medium,Random Forest,ALL_MEAN,0.9589200936249901,0.869618218990275,0.7933379504669406,0.8296976372380586,,0.13120127740556806,0.006245787883575697,0.02009841698707187,0.025949426618771195,0.023096387383088075,5.0
history_only,2,0.95,long,Naive (always 'not congested'),25,0.7877922988333083,0.0,0.0,0.0,19971.0,0.21220770116669171,,,,,
history_only,2,0.95,long,Naive (persistence),25,0.9255921085574083,0.8231564114607797,0.8270410571024068,0.8250941619585688,19971.0,0.21220770116669171,,,,,
history_only,2,0.95,long,Logistic Regression,25,0.9262931250312954,0.8537084398976982,0.7876356772062294,0.8193421698576338,19971.0,0.21220770116669171,,,,,
history_only,2,0.95,long,Random Forest,25,0.9259426167943519,0.856,0.7826805096743747,0.8176999876741033,19971.0,0.21220770116669171,,,,,
history_only,2,0.95,long,Naive (always 'not congested'),26,0.8966449674511767,0.0,0.0,0.0,19970.0,0.10335503254882324,,,,,
history_only,2,0.95,long,Naive (persistence),26,0.9525287931897847,0.769825918762089,0.7713178294573644,0.7705711519845111,19970.0,0.10335503254882324,,,,,
history_only,2,0.95,long,Logistic Regression,26,0.9532298447671508,0.8087431693989071,0.7170542635658915,0.7601438109912686,19970.0,0.10335503254882324,,,,,
history_only,2,0.95,long,Random Forest,26,0.9533800701051577,0.8128106018774158,0.7131782945736435,0.7597419354838709,19970.0,0.10335503254882324,,,,,
history_only,2,0.95,long,Naive (always 'not congested'),27,0.888588453257223,0.0,0.0,0.0,19971.0,0.11141154674277702,,,,,
history_only,2,0.95,long,Naive (persistence),27,0.9400130188773722,0.7307865168539326,0.7307865168539326,0.7307865168539326,19971.0,0.11141154674277702,,,,,
history_only,2,0.95,long,Logistic Regression,27,0.9426167943518101,0.7720625315179022,0.6880898876404494,0.7276615969581749,19971.0,0.11141154674277702,,,,,
history_only,2,0.95,long,Random Forest,27,0.9425667217465324,0.7758444216990789,0.6813483146067416,0.7255324240248864,19971.0,0.11141154674277702,,,,,
history_only,2,0.95,long,Naive (always 'not congested'),28,0.8783736417805819,0.0,0.0,0.0,19971.0,0.12162635821941815,,,,,
history_only,2,0.95,long,Naive (persistence),28,0.9421160682990336,0.762041992589543,0.762041992589543,0.762041992589543,19971.0,0.12162635821941815,,,,,
history_only,2,0.95,long,Logistic Regression,28,0.945220569826248,0.8085991678224688,0.7200494030465212,0.7617595818815331,19971.0,0.12162635821941815,,,,,
history_only,2,0.95,long,Random Forest,28,0.9448700615893045,0.8117370892018779,0.7118155619596542,0.7584996709804782,19971.0,0.12162635821941815,,,,,
history_only,2,0.95,long,Naive (always 'not congested'),29,0.8932952781533223,0.0,0.0,0.0,19971.0,0.10670472184667769,,,,,
history_only,2,0.95,long,Naive (persistence),29,0.9466226027740223,0.7498826841858283,0.7498826841858283,0.7498826841858283,19971.0,0.10670472184667769,,,,,
history_only,2,0.95,long,Logistic Regression,29,0.9477742726954084,0.78099173553719,0.7095260441107462,0.7435456110154905,19971.0,0.10670472184667769,,,,,
history_only,2,0.95,long,Random Forest,29,0.9483751439587401,0.7891692954784437,0.7043641482871891,0.7443590379370196,19971.0,0.10670472184667769,,,,,
history_only,2,0.95,long,Naive (always 'not congested'),ALL_MEAN,0.8689389278951225,0.0,0.0,0.0,,0.13106107210487755,0.04103839545336474,0.0,0.0,0.0,5.0
history_only,2,0.95,long,Naive (persistence),ALL_MEAN,0.9413745183395242,0.7671387047704346,0.768214016037815,0.7676753015144768,,0.13106107210487755,0.008982742046004577,0.030952973587913504,0.03238889845064741,0.03166829745730697,5.0
history_only,2,0.95,long,Logistic Regression,ALL_MEAN,0.9430269213343825,0.8048210088348334,0.7244710551139675,0.7624905541408202,,0.13106107210487755,0.009073447284035734,0.028497687087798047,0.03350006563741032,0.031016495166019554,5.0
history_only,2,0.95,long,Random Forest,ALL_MEAN,0.9430269228388173,0.8091122816513632,0.7186773658203207,0.7611666112200718,,0.13106107210487755,0.0092873417723907,0.027289186585205582,0.033976617903075,0.03084624690692473,5.0
history_only,2,0.95,extra_long,Naive (always 'not congested'),25,0.78754193580692,0.0,0.0,0.0,19971.0,0.21245806419307997,,,,,
history_only,2,0.95,extra_long,Naive (persistence),25,0.9364578639026588,0.8492249882573979,0.8522271977374499,0.8507234443006705,19971.0,0.21245806419307997,,,,,
history_only,2,0.95,extra_long,Logistic Regression,25,0.9361073556657152,0.8779617834394905,0.8121612066933773,0.8437806072477962,19971.0,0.21245806419307997,,,,,
history_only,2,0.95,extra_long,Random Forest,25,0.9359571378498823,0.8803901437371663,0.8083902898892293,0.8428553876397592,19971.0,0.21245806419307997,,,,,
history_only,2,0.95,extra_long,Naive (always 'not congested'),26,0.8964446670005007,0.0,0.0,0.0,19970.0,0.10355533299949925,,,,,
history_only,2,0.95,extra_long,Naive (persistence),26,0.958537806710065,0.7998065764023211,0.7998065764023211,0.7998065764023211,19970.0,0.10355533299949925,,,,,
history_only,2,0.95,extra_long,Logistic Regression,26,0.9589884827240861,0.8392178164041282,0.7470986460348162,0.7904834996162702,19970.0,0.10355533299949925,,,,,
history_only,2,0.95,extra_long,Random Forest,26,0.9593890836254382,0.8466629895201324,0.7422630560928434,0.791033238855965,19970.0,0.10355533299949925,,,,,
history_only,2,0.95,extra_long,Naive (always 'not congested'),27,0.888588453257223,0.0,0.0,0.0,19971.0,0.11141154674277702,,,,,
history_only,2,0.95,extra_long,Naive (persistence),27,0.9475239096690201,0.7644943820224719,0.7644943820224719,0.7644943820224719,19971.0,0.11141154674277702,,,,,
history_only,2,0.95,extra_long,Logistic Regression,27,0.9505783385909569,0.8110552763819096,0.7253932584269663,0.7658362989323844,19971.0,0.11141154674277702,,,,,
history_only,2,0.95,extra_long,Random Forest,27,0.9507285564067899,0.8151345860843068,0.7213483146067415,0.765379113018598,19971.0,0.11141154674277702,,,,,
history_only,2,0.95,extra_long,Naive (always 'not congested'),28,0.8783736417805819,0.0,0.0,0.0,19971.0,0.12162635821941815,,,,,
history_only,2,0.95,extra_long,Naive (persistence),28,0.9496269590906815,0.7929188966652944,0.7929188966652944,0.7929188966652944,19971.0,0.12162635821941815,,,,,
history_only,2,0.95,extra_long,Logistic Regression,28,0.9509789194331781,0.833793738489871,0.745574310415809,0.7872201695283634,19971.0,0.12162635821941815,,,,,
history_only,2,0.95,extra_long,Random Forest,28,0.9510289920384558,0.8394946186242396,0.738575545491972,0.78580814717477,19971.0,0.12162635821941815,,,,,
history_only,2,0.95,extra_long,Naive (always 'not congested'),29,0.8932952781533223,0.0,0.0,0.0,19971.0,0.10670472184667769,,,,,
history_only,2,0.95,extra_long,Naive (persistence),29,0.9544339291973362,0.7864852182074143,0.7864852182074143,0.7864852182074143,19971.0,0.10670472184667769,,,,,
history_only,2,0.95,extra_long,Logistic Regression,29,0.955886034750388,0.8208418891170431,0.7503519474425152,0.7840156901201275,19971.0,0.10670472184667769,,,,,
history_only,2,0.95,extra_long,Random Forest,29,0.955886034750388,0.8262004175365344,0.7428437353355233,0.7823078823820113,19971.0,0.10670472184667769,,,,,
history_only,2,0.95,extra_long,Naive (always 'not congested'),ALL_MEAN,0.8688487951997097,0.0,0.0,0.0,,0.1311512048002904,0.041110448443631806,0.0,0.0,0.0,5.0
history_only,2,0.95,extra_long,Naive (persistence),ALL_MEAN,0.9493160937139523,0.7985860123109798,0.7991864542069902,0.7988857035196344,,0.1311512048002904,0.007481642405662706,0.027952031536222013,0.029044271626991674,0.028496095137701714,5.0
history_only,2,0.95,extra_long,Logistic Regression,ALL_MEAN,0.9505078262328649,0.8365741007664884,0.7561158738026968,0.7942672530889883,,0.1311512048002904,0.007854261451357722,0.022918869104547775,0.029361935347301176,0.026187646380183588,5.0
history_only,2,0.95,extra_long,Random Forest,ALL_MEAN,0.9505979609341908,0.8415765511004759,0.7506841882832619,0.7934767538142207,,0.1311512048002904,0.007997550955566866,0.022236475751755233,0.02989847837922278,0.02614287237075348,5.0
rich_features,2,0.3,short,Naive (always 'not congested'),25,0.92944817456987,0.0,0.0,0.0,19064.0,0.07055182543013008,,,,,
rich_features,2,0.3,short,Naive (persistence),25,0.8770981955518254,0.12705530642750373,0.12639405204460966,0.126723816623183,19064.0,0.07055182543013008,,,,,
rich_features,2,0.3,short,Logistic Regression,25,0.9295006294586655,1.0,0.0007434944237918215,0.0014858841010401188,19064.0,0.07055182543013008,,,,,
rich_features,2,0.3,short,Random Forest,25,0.92944817456987,0.5,0.0007434944237918215,0.0014847809948032665,19064.0,0.07055182543013008,,,,,
rich_features,2,0.3,short,Naive (always 'not congested'),26,0.93071041733036,0.0,0.0,0.0,18834.0,0.06928958266964001,,,,,
rich_features,2,0.3,short,Naive (persistence),26,0.8798980567059573,0.13556740289413557,0.1363984674329502,0.1359816653934301,18834.0,0.06928958266964001,,,,,
rich_features,2,0.3,short,Logistic Regression,26,0.9309758946585962,1.0,0.0038314176245210726,0.007633587786259542,18834.0,0.06928958266964001,,,,,
rich_features,2,0.3,short,Random Forest,26,0.93071041733036,0.0,0.0,0.0,18834.0,0.06928958266964001,,,,,
rich_features,2,0.3,short,Naive (always 'not congested'),27,0.9167410831538583,0.0,0.0,0.0,19037.0,0.08325891684614173,,,,,
rich_features,2,0.3,short,Naive (persistence),27,0.8607973945474602,0.1698698078115313,0.17287066246056781,0.1713570981863665,19037.0,0.08325891684614173,,,,,
rich_features,2,0.3,short,Logistic Regression,27,0.9166360245837054,0.25,0.0006309148264984228,0.0012586532410320957,19037.0,0.08325891684614173,,,,,
rich_features,2,0.3,short,Random Forest,27,0.9167410831538583,0.5,0.0012618296529968455,0.0025173064820641915,19037.0,0.08325891684614173,,,,,
rich_features,2,0.3,short,Naive (always 'not congested'),28,0.9246506722910625,0.0,0.0,0.0,18965.0,0.07534932770893751,,,,,
rich_features,2,0.3,short,Naive (persistence),28,0.8672291062483523,0.12422360248447205,0.12596221133659902,0.1250868658790827,18965.0,0.07534932770893751,,,,,
rich_features,2,0.3,short,Logistic Regression,28,0.9246506722910625,0.5,0.0006997900629811056,0.001397624039133473,18965.0,0.07534932770893751,,,,,
rich_features,2,0.3,short,Random Forest,28,0.9246506722910625,0.5,0.0013995801259622112,0.0027913468248429866,18965.0,0.07534932770893751,,,,,
rich_features,2,0.3,short,Naive (always 'not congested'),29,0.9233354337324091,0.0,0.0,0.0,19044.0,0.07666456626759084,,,,,
rich_features,2,0.3,short,Naive (persistence),29,0.8666771686620458,0.13022618231665525,0.13013698630136986,0.13018156903048989,19044.0,0.07666456626759084,,,,,
rich_features,2,0.3,short,Logistic Regression,29,0.9233354337324091,0.0,0.0,0.0,19044.0,0.07666456626759084,,,,,
rich_features,2,0.3,short,Random Forest,29,0.9233354337324091,0.0,0.0,0.0,19044.0,0.07666456626759084,,,,,
rich_features,2,0.3,short,Naive (always 'not congested'),ALL_MEAN,0.924977156215512,0.0,0.0,0.0,,0.07502284378448804,0.004969809494887729,0.0,0.0,0.0,5.0
rich_features,2,0.3,short,Naive (persistence),ALL_MEAN,0.8703399843431281,0.1373884603868596,0.13835247591521932,0.13786620302251046,,0.07502284378448804,0.007087805969084741,0.01667177232574132,0.017659785836305637,0.01715639456902553,5.0
rich_features,2,0.3,short,Logistic Regression,ALL_MEAN,0.9250197309448878,0.55,0.0011811233875584845,0.002355149833493046,,0.07502284378448804,0.005075705496100594,0.4,0.0013524083953491796,0.0026938233534204653,5.0
rich_features,2,0.3,short,Random Forest,ALL_MEAN,0.924977156215512,0.3,0.0006809808405501757,0.001358686860342089,,0.07502284378448804,0.004969809494887729,0.24494897427831783,0.0005975195451862563,0.0011918786600490152,5.0
rich_features,2,0.3,medium,Naive (always 'not congested'),25,0.929867813680235,0.0,0.0,0.0,19064.0,0.070132186319765,,,,,
rich_features,2,0.3,medium,Naive (persistence),25,0.8695446915652539,0.07025411061285501,0.07030665669409125,0.0702803738317757,19064.0,0.070132186319765,,,,,
rich_features,2,0.3,medium,Logistic Regression,25,0.929867813680235,0.0,0.0,0.0,19064.0,0.070132186319765,,,,,
rich_features,2,0.3,medium,Random Forest,25,0.929867813680235,0.0,0.0,0.0,19064.0,0.070132186319765,,,,,
rich_features,2,0.3,medium,Naive (always 'not congested'),26,0.9303387490708294,0.0,0.0,0.0,18834.0,0.06966125092917065,,,,,
rich_features,2,0.3,medium,Naive (persistence),26,0.8730487416374642,0.0891089108910891,0.08917682926829268,0.08914285714285715,18834.0,0.06966125092917065,,,,,
rich_features,2,0.3,medium,Logistic Regression,26,0.9303387490708294,0.0,0.0,0.0,18834.0,0.06966125092917065,,,,,
rich_features,2,0.3,medium,Random Forest,26,0.9303387490708294,0.0,0.0,0.0,18834.0,0.06966125092917065,,,,,
rich_features,2,0.3,medium,Naive (always 'not congested'),27,0.9157430267374062,0.0,0.0,0.0,19037.0,0.08425697326259389,,,,,
rich_features,2,0.3,medium,Naive (persistence),27,0.846246782581289,0.08989460632362058,0.09039900249376559,0.09014609884986012,19037.0,0.08425697326259389,,,,,
rich_features,2,0.3,medium,Logistic Regression,27,0.9157430267374062,0.0,0.0,0.0,19037.0,0.08425697326259389,,,,,
rich_features,2,0.3,medium,Random Forest,27,0.9157430267374062,0.0,0.0,0.0,19037.0,0.08425697326259389,,,,,
rich_features,2,0.3,medium,Naive (always 'not congested'),28,0.9243870287371474,0.0,0.0,0.0,18965.0,0.07561297126285263,,,,,
rich_features,2,0.3,medium,Naive (persistence),28,0.8615871341945689,0.08902691511387163,0.0899581589958159,0.08949011446409989,18965.0,0.07561297126285263,,,,,
rich_features,2,0.3,medium,Logistic Regression,28,0.9243870287371474,0.0,0.0,0.0,18965.0,0.07561297126285263,,,,,
rich_features,2,0.3,medium,Random Forest,28,0.9243870287371474,0.0,0.0,0.0,18965.0,0.07561297126285263,,,,,
rich_features,2,0.3,medium,Naive (always 'not congested'),29,0.9241755933627389,0.0,0.0,0.0,19044.0,0.07582440663726107,,,,,
rich_features,2,0.3,medium,Naive (persistence),29,0.8597458517118253,0.07950651130911583,0.08033240997229917,0.07991732690320358,19044.0,0.07582440663726107,,,,,
rich_features,2,0.3,medium,Logistic Regression,29,0.9241755933627389,0.0,0.0,0.0,19044.0,0.07582440663726107,,,,,
rich_features,2,0.3,medium,Random Forest,29,0.9241755933627389,0.0,0.0,0.0,19044.0,0.07582440663726107,,,,,
rich_features,2,0.3,medium,Naive (always 'not congested'),ALL_MEAN,0.9249024423176714,0.0,0.0,0.0,,0.07509755768232866,0.005270620423002932,0.0,0.0,0.0,5.0
rich_features,2,0.3,medium,Naive (persistence),ALL_MEAN,0.8620346403380802,0.08355821085011042,0.08403461148485292,0.0837953542383593,,0.07509755768232866,0.009299532940322217,0.00767179584138624,0.0077999914171496335,0.007733716181310901,5.0
rich_features,2,0.3,medium,Logistic Regression,ALL_MEAN,0.9249024423176714,0.0,0.0,0.0,,0.07509755768232866,0.005270620423002932,0.0,0.0,0.0,5.0
rich_features,2,0.3,medium,Random Forest,ALL_MEAN,0.9249024423176714,0.0,0.0,0.0,,0.07509755768232866,0.005270620423002932,0.0,0.0,0.0,5.0
rich_features,2,0.3,long,Naive (always 'not congested'),25,0.9299202685690307,0.0,0.0,0.0,19064.0,0.07007973143096936,,,,,
rich_features,2,0.3,long,Naive (persistence),25,0.8666596726814939,0.04932735426008968,0.04940119760479042,0.0493642483171279,19064.0,0.07007973143096936,,,,,
rich_features,2,0.3,long,Logistic Regression,25,0.9299202685690307,0.0,0.0,0.0,19064.0,0.07007973143096936,,,,,
rich_features,2,0.3,long,Random Forest,25,0.9299202685690307,0.0,0.0,0.0,19064.0,0.07007973143096936,,,,,
rich_features,2,0.3,long,Naive (always 'not congested'),26,0.9304449400021239,0.0,0.0,0.0,18834.0,0.06955505999787619,,,,,
rich_features,2,0.3,long,Naive (persistence),26,0.8705001592863969,0.07006854531607007,0.07022900763358779,0.07014868471216165,18834.0,0.06955505999787619,,,,,
rich_features,2,0.3,long,Logistic Regression,26,0.9304449400021239,0.0,0.0,0.0,18834.0,0.06955505999787619,,,,,
rich_features,2,0.3,long,Random Forest,26,0.9304449400021239,0.0,0.0,0.0,18834.0,0.06955505999787619,,,,,
rich_features,2,0.3,long,Naive (always 'not congested'),27,0.9162683195881705,0.0,0.0,0.0,19037.0,0.0837316804118296,,,,,
rich_features,2,0.3,long,Naive (persistence),27,0.8454063140200662,0.08183508989460632,0.08281053952321205,0.0823199251637044,19037.0,0.0837316804118296,,,,,
rich_features,2,0.3,long,Logistic Regression,27,0.9162683195881705,0.0,0.0,0.0,19037.0,0.0837316804118296,,,,,
rich_features,2,0.3,long,Random Forest,27,0.9162683195881705,0.0,0.0,0.0,19037.0,0.0837316804118296,,,,,
rich_features,2,0.3,long,Naive (always 'not congested'),28,0.9241233851832322,0.0,0.0,0.0,18965.0,0.07587661481676773,,,,,
rich_features,2,0.3,long,Naive (persistence),28,0.8576324808858423,0.06487232574189096,0.06532314107018763,0.06509695290858726,18965.0,0.07587661481676773,,,,,
rich_features,2,0.3,long,Logistic Regression,28,0.9241233851832322,0.0,0.0,0.0,18965.0,0.07587661481676773,,,,,
rich_features,2,0.3,long,Random Forest,28,0.9241233851832322,0.0,0.0,0.0,18965.0,0.07587661481676773,,,,,
rich_features,2,0.3,long,Naive (always 'not congested'),29,0.9246481831547995,0.0,0.0,0.0,19044.0,0.07535181684520059,,,,,
rich_features,2,0.3,long,Naive (persistence),29,0.8590632220121823,0.07196710075394105,0.07317073170731707,0.07256392536281962,19044.0,0.07535181684520059,,,,,
rich_features,2,0.3,long,Logistic Regression,29,0.9246481831547995,0.0,0.0,0.0,19044.0,0.07535181684520059,,,,,
rich_features,2,0.3,long,Random Forest,29,0.9246481831547995,0.0,0.0,0.0,19044.0,0.07535181684520059,,,,,
rich_features,2,0.3,long,Naive (always 'not congested'),ALL_MEAN,0.9250810192994713,0.0,0.0,0.0,,0.07491898070052869,0.00511777422768056,0.0,0.0,0.0,5.0
rich_features,2,0.3,long,Naive (persistence),ALL_MEAN,0.8598523697771963,0.0676140831933196,0.06818692350781899,0.06789874729288017,,0.07491898070052869,0.008648167228797061,0.010668944341339774,0.01099057182011533,0.010827503683221676,5.0
rich_features,2,0.3,long,Logistic Regression,ALL_MEAN,0.9250810192994713,0.0,0.0,0.0,,0.07491898070052869,0.00511777422768056,0.0,0.0,0.0,5.0
rich_features,2,0.3,long,Random Forest,ALL_MEAN,0.9250810192994713,0.0,0.0,0.0,,0.07491898070052869,0.00511777422768056,0.0,0.0,0.0,5.0
rich_features,2,0.3,extra_long,Naive (always 'not congested'),25,0.9306546370121695,0.0,0.0,0.0,19064.0,0.06934536298783046,,,,,
rich_features,2,0.3,extra_long,Naive (persistence),25,0.8704364246747797,0.07100149476831091,0.0718608169440242,0.07142857142857142,19064.0,0.06934536298783046,,,,,
rich_features,2,0.3,extra_long,Logistic Regression,25,0.9306546370121695,0.0,0.0,0.0,19064.0,0.06934536298783046,,,,,
rich_features,2,0.3,extra_long,Random Forest,25,0.9306546370121695,0.0,0.0,0.0,19064.0,0.06934536298783046,,,,,
rich_features,2,0.3,extra_long,Naive (always 'not congested'),26,0.9310820855898906,0.0,0.0,0.0,18834.0,0.06891791441010937,,,,,
rich_features,2,0.3,extra_long,Naive (persistence),26,0.8711373048741637,0.07006854531607007,0.07087827426810478,0.07047108387590961,18834.0,0.06891791441010937,,,,,
rich_features,2,0.3,extra_long,Logistic Regression,26,0.9310820855898906,0.0,0.0,0.0,18834.0,0.06891791441010937,,,,,
rich_features,2,0.3,extra_long,Random Forest,26,0.9310820855898906,0.0,0.0,0.0,18834.0,0.06891791441010937,,,,,
rich_features,2,0.3,extra_long,Naive (always 'not congested'),27,0.9154278510269476,0.0,0.0,0.0,19037.0,0.08457214897305247,,,,,
rich_features,2,0.3,extra_long,Naive (persistence),27,0.8434102011871618,0.0750154990700558,0.07515527950310559,0.07508532423208192,19037.0,0.08457214897305247,,,,,
rich_features,2,0.3,extra_long,Logistic Regression,27,0.9154278510269476,0.0,0.0,0.0,19037.0,0.08457214897305247,,,,,
rich_features,2,0.3,extra_long,Random Forest,27,0.9154278510269476,0.0,0.0,0.0,19037.0,0.08457214897305247,,,,,
rich_features,2,0.3,extra_long,Naive (always 'not congested'),28,0.9238597416293172,0.0,0.0,0.0,18965.0,0.07614025837068283,,,,,
rich_features,2,0.3,extra_long,Naive (persistence),28,0.8589506986554178,0.07522429261559696,0.07548476454293629,0.07535430349118562,18965.0,0.07614025837068283,,,,,
rich_features,2,0.3,extra_long,Logistic Regression,28,0.9238597416293172,0.0,0.0,0.0,18965.0,0.07614025837068283,,,,,
rich_features,2,0.3,extra_long,Random Forest,28,0.9238597416293172,0.0,0.0,0.0,18965.0,0.07614025837068283,,,,,
rich_features,2,0.3,extra_long,Naive (always 'not congested'),29,0.9252257929006511,0.0,0.0,0.0,19044.0,0.07477420709934887,,,,,
rich_features,2,0.3,extra_long,Naive (persistence),29,0.8609010712035287,0.08019191226867718,0.08216292134831461,0.08116545265348596,19044.0,0.07477420709934887,,,,,
rich_features,2,0.3,extra_long,Logistic Regression,29,0.9252257929006511,0.0,0.0,0.0,19044.0,0.07477420709934887,,,,,
rich_features,2,0.3,extra_long,Random Forest,29,0.9252257929006511,0.0,0.0,0.0,19044.0,0.07477420709934887,,,,,
rich_features,2,0.3,extra_long,Naive (always 'not congested'),ALL_MEAN,0.9252500216317951,0.0,0.0,0.0,,0.07474997836820481,0.0056856193739737845,0.0,0.0,0.0,5.0
rich_features,2,0.3,extra_long,Naive (persistence),ALL_MEAN,0.8609671401190104,0.0743003488077422,0.07510841132129709,0.0747009471362469,,0.07474997836820481,0.010054015188763565,0.0036018392756364103,0.003958557283235397,0.0037673502049608123,5.0
rich_features,2,0.3,extra_long,Logistic Regression,ALL_MEAN,0.9252500216317951,0.0,0.0,0.0,,0.07474997836820481,0.0056856193739737845,0.0,0.0,0.0,5.0
rich_features,2,0.3,extra_long,Random Forest,ALL_MEAN,0.9252500216317951,0.0,0.0,0.0,,0.07474997836820481,0.0056856193739737845,0.0,0.0,0.0,5.0
rich_features,2,0.5,short,Naive (always 'not congested'),25,0.9036611774185426,0.0,0.0,0.0,19857.0,0.09633882258145741,,,,,
rich_features,2,0.5,short,Naive (persistence),25,0.8623155562270232,0.2847404299947562,0.2838473601672765,0.28429319371727746,19857.0,0.09633882258145741,,,,,
rich_features,2,0.5,short,Logistic Regression,25,0.9060281009215894,0.6766917293233082,0.04704652378463147,0.08797653958944282,19857.0,0.09633882258145741,,,,,
rich_features,2,0.5,short,Random Forest,25,0.9058266606234577,0.6546762589928058,0.04756926293779404,0.08869395711500974,19857.0,0.09633882258145741,,,,,
rich_features,2,0.5,short,Naive (always 'not congested'),26,0.9110528438886648,0.0,0.0,0.0,19832.0,0.08894715611133522,,,,,
rich_features,2,0.5,short,Naive (persistence),26,0.8673860427591771,0.2542565266742338,0.25396825396825395,0.2541123085649461,19832.0,0.08894715611133522,,,,,
rich_features,2,0.5,short,Logistic Regression,26,0.9132714804356595,0.680327868852459,0.04705215419501134,0.088016967126193,19832.0,0.08894715611133522,,,,,
rich_features,2,0.5,short,Random Forest,26,0.9136748688987495,0.7131147540983607,0.04931972789115646,0.09225874867444327,19832.0,0.08894715611133522,,,,,
rich_features,2,0.5,short,Naive (always 'not congested'),27,0.9161209068010076,0.0,0.0,0.0,19850.0,0.08387909319899245,,,,,
rich_features,2,0.5,short,Naive (persistence),27,0.8758690176322418,0.26034793041391724,0.2606606606606607,0.2605042016806723,19850.0,0.08387909319899245,,,,,
rich_features,2,0.5,short,Logistic Regression,27,0.9174307304785895,0.6382978723404256,0.036036036036036036,0.06822057987492894,19850.0,0.08387909319899245,,,,,
rich_features,2,0.5,short,Random Forest,27,0.91727959697733,0.6210526315789474,0.03543543543543543,0.06704545454545455,19850.0,0.08387909319899245,,,,,
rich_features,2,0.5,short,Naive (always 'not congested'),28,0.8978554168344745,0.0,0.0,0.0,19864.0,0.10214458316552558,,,,,
rich_features,2,0.5,short,Naive (persistence),28,0.8630185259766412,0.3297244094488189,0.3302119270576639,0.3299679881802512,19864.0,0.10214458316552558,,,,,
rich_features,2,0.5,short,Logistic Regression,28,0.9032923882400322,0.7621359223300971,0.07737801872843765,0.14049217002237135,19864.0,0.10214458316552558,,,,,
rich_features,2,0.5,short,Random Forest,28,0.9037454691904954,0.7853658536585366,0.07934943321833415,0.144136078782453,19864.0,0.10214458316552558,,,,,
rich_features,2,0.5,short,Naive (always 'not congested'),29,0.9094155517553566,0.0,0.0,0.0,19882.0,0.0905844482446434,,,,,
rich_features,2,0.5,short,Naive (persistence),29,0.8683231063273312,0.27292940522512504,0.27262631871182674,0.2727777777777778,19882.0,0.0905844482446434,,,,,
rich_features,2,0.5,short,Logistic Regression,29,0.9114274217885524,0.6886792452830188,0.04053303720155469,0.07656004195070792,19882.0,0.0905844482446434,,,,,
rich_features,2,0.5,short,Random Forest,29,0.9114274217885524,0.6851851851851852,0.041088284286507494,0.07752750130958617,19882.0,0.0905844482446434,,,,,
rich_features,2,0.5,short,Naive (always 'not congested'),ALL_MEAN,0.9076211793396091,0.0,0.0,0.0,,0.0923788206603908,0.006297510514214908,0.0,0.0,0.0,5.0
rich_features,2,0.5,short,Naive (persistence),ALL_MEAN,0.8673824497844829,0.2803997403513702,0.2802629041131363,0.28033109398418493,,0.0923788206603908,0.004850235515909719,0.026807137774061487,0.026987875905748436,0.026896477288729098,5.0
rich_features,2,0.5,short,Logistic Regression,ALL_MEAN,0.9102900243728846,0.6892265276258618,0.04960915398913423,0.09225325971272881,,0.0923788206603908,0.0050656359872374886,0.040363633582061735,0.014497038299821125,0.025247082055817046,5.0
rich_features,2,0.5,short,Random Forest,ALL_MEAN,0.910390803495717,0.6918789367027671,0.05055242875384551,0.09393234808538935,,0.0923788206603908,0.004986120874493514,0.055921327984976774,0.015216962990808719,0.026618340642555208,5.0
rich_features,2,0.5,medium,Naive (always 'not congested'),25,0.9038626177166742,0.0,0.0,0.0,19857.0,0.09613738228332577,,,,,
rich_features,2,0.5,medium,Naive (persistence),25,0.8351211159792516,0.14210802307288936,0.14195914091147196,0.1420335429769392,19857.0,0.09613738228332577,,,,,
rich_features,2,0.5,medium,Logistic Regression,25,0.9039129777912072,1.0,0.0005238344683080147,0.0010471204188481676,19857.0,0.09613738228332577,,,,,
rich_features,2,0.5,medium,Random Forest,25,0.9042654983129375,0.9,0.004714510214772132,0.009379885356956748,19857.0,0.09613738228332577,,,,,
rich_features,2,0.5,medium,Naive (always 'not congested'),26,0.911103267446551,0.0,0.0,0.0,19832.0,0.08889673255344897,,,,,
rich_features,2,0.5,medium,Naive (persistence),26,0.8472670431625655,0.14074914869466515,0.1406693136698809,0.14070921985815601,19832.0,0.08889673255344897,,,,,
rich_features,2,0.5,medium,Logistic Regression,26,0.9112041145623235,0.5714285714285714,0.0045377197958026095,0.009003939223410242,19832.0,0.08889673255344897,,,,,
rich_features,2,0.5,medium,Random Forest,26,0.9114058087938685,0.59375,0.010777084515031198,0.02116991643454039,19832.0,0.08889673255344897,,,,,
rich_features,2,0.5,medium,Naive (always 'not congested'),27,0.9159697732997482,0.0,0.0,0.0,19850.0,0.08403022670025188,,,,,
rich_features,2,0.5,medium,Naive (persistence),27,0.85455919395466,0.13437312537492502,0.1342925659472422,0.13433283358320838,19850.0,0.08403022670025188,,,,,
rich_features,2,0.5,medium,Logistic Regression,27,0.9159697732997482,0.0,0.0,0.0,19850.0,0.08403022670025188,,,,,
rich_features,2,0.5,medium,Random Forest,27,0.9159697732997482,0.5,0.0005995203836930455,0.0011976047904191617,19850.0,0.08403022670025188,,,,,
rich_features,2,0.5,medium,Naive (always 'not congested'),28,0.8978050745066452,0.0,0.0,0.0,19864.0,0.10219492549335481,,,,,
rich_features,2,0.5,medium,Naive (persistence),28,0.8326621022956101,0.1815944881889764,0.18177339901477832,0.18168389955686853,19864.0,0.10219492549335481,,,,,
rich_features,2,0.5,medium,Logistic Regression,28,0.8978554168344745,0.6666666666666666,0.0009852216748768472,0.001967535661583866,19864.0,0.10219492549335481,,,,,
rich_features,2,0.5,medium,Random Forest,28,0.8982581554571083,0.8461538461538461,0.00541871921182266,0.010768477728830151,19864.0,0.10219492549335481,,,,,
rich_features,2,0.5,medium,Naive (always 'not congested'),29,0.9093149582536968,0.0,0.0,0.0,19882.0,0.0906850417463032,,,,,
rich_features,2,0.5,medium,Naive (persistence),29,0.8428729504074037,0.13285158421345192,0.13255684969495285,0.13270405330372015,19882.0,0.0906850417463032,,,,,
rich_features,2,0.5,medium,Logistic Regression,29,0.909717332260336,0.8333333333333334,0.005546311702717693,0.011019283746556474,19882.0,0.0906850417463032,,,,,
rich_features,2,0.5,medium,Random Forest,29,0.9099688160144854,0.8095238095238095,0.009428729894620078,0.01864035087719298,19882.0,0.0906850417463032,,,,,
rich_features,2,0.5,medium,Naive (always 'not congested'),ALL_MEAN,0.9076111382446632,0.0,0.0,0.0,,0.09238886175533692,0.006247800271340041,0.0,0.0,0.0,5.0
rich_features,2,0.5,medium,Naive (persistence),ALL_MEAN,0.8424964811598983,0.14633527390898154,0.14625025384766527,0.14629270985577844,,0.09238886175533692,0.007993998374765528,0.017984379452958714,0.018121534169470346,0.018052935489049293,5.0
rich_features,2,0.5,medium,Logistic Regression,ALL_MEAN,0.9077319229496178,0.6142857142857143,0.002318617528341033,0.004607575810079751,,0.09238886175533692,0.006260828352270736,0.3402013542760334,0.002267933091345747,0.004501431313460238,5.0
rich_features,2,0.5,medium,Random Forest,ALL_MEAN,0.9079736103756296,0.7298855311355311,0.006187712843987822,0.012231247037587887,,0.09238886175533692,0.006129267694852859,0.15503531806779114,0.003620941756609693,0.007113193956835111,5.0
rich_features,2,0.5,long,Naive (always 'not congested'),25,0.9036611774185426,0.0,0.0,0.0,19857.0,0.09633882258145741,,,,,
rich_features,2,0.5,long,Naive (persistence),25,0.8232361383894848,0.08127949659150498,0.08102456874019864,0.08115183246073299,19857.0,0.09633882258145741,,,,,
rich_features,2,0.5,long,Logistic Regression,25,0.9036611774185426,0.0,0.0,0.0,19857.0,0.09633882258145741,,,,,
rich_features,2,0.5,long,Random Forest,25,0.9036611774185426,0.0,0.0,0.0,19857.0,0.09633882258145741,,,,,
rich_features,2,0.5,long,Naive (always 'not congested'),26,0.9112545381202097,0.0,0.0,0.0,19832.0,0.08874546187979024,,,,,
rich_features,2,0.5,long,Naive (persistence),26,0.836627672448568,0.08002270147559591,0.08011363636363636,0.08006814310051108,19832.0,0.08874546187979024,,,,,
rich_features,2,0.5,long,Logistic Regression,26,0.9112545381202097,0.0,0.0,0.0,19832.0,0.08874546187979024,,,,,
rich_features,2,0.5,long,Random Forest,26,0.9112545381202097,0.0,0.0,0.0,19832.0,0.08874546187979024,,,,,
rich_features,2,0.5,long,Naive (always 'not congested'),27,0.916272040302267,0.0,0.0,0.0,19850.0,0.083727959697733,,,,,
rich_features,2,0.5,long,Naive (persistence),27,0.8462972292191436,0.08338332333533294,0.08363417569193743,0.0835085611294683,19850.0,0.083727959697733,,,,,
rich_features,2,0.5,long,Logistic Regression,27,0.916272040302267,0.0,0.0,0.0,19850.0,0.083727959697733,,,,,
rich_features,2,0.5,long,Random Forest,27,0.916272040302267,0.0,0.0,0.0,19850.0,0.083727959697733,,,,,
rich_features,2,0.5,long,Naive (always 'not congested'),28,0.8979561014901329,0.0,0.0,0.0,19864.0,0.1020438985098671,,,,,
rich_features,2,0.5,long,Naive (persistence),28,0.8165022150624245,0.10187007874015748,0.10212136161815491,0.10199556541019955,19864.0,0.1020438985098671,,,,,
rich_features,2,0.5,long,Logistic Regression,28,0.8979561014901329,0.0,0.0,0.0,19864.0,0.1020438985098671,,,,,
rich_features,2,0.5,long,Random Forest,28,0.8979561014901329,0.0,0.0,0.0,19864.0,0.1020438985098671,,,,,
rich_features,2,0.5,long,Naive (always 'not congested'),29,0.909717332260336,0.0,0.0,0.0,19882.0,0.09028266773966402,,,,,
rich_features,2,0.5,long,Naive (persistence),29,0.8347248767729605,0.08560311284046693,0.08579387186629527,0.08569838619922092,19882.0,0.09028266773966402,,,,,
rich_features,2,0.5,long,Logistic Regression,29,0.909717332260336,0.0,0.0,0.0,19882.0,0.09028266773966402,,,,,
rich_features,2,0.5,long,Random Forest,29,0.909717332260336,0.0,0.0,0.0,19882.0,0.09028266773966402,,,,,
rich_features,2,0.5,long,Naive (always 'not congested'),ALL_MEAN,0.9077722379182976,0.0,0.0,0.0,,0.09222776208170236,0.006346870095900612,0.0,0.0,0.0,5.0
rich_features,2,0.5,long,Naive (persistence),ALL_MEAN,0.8314776263785163,0.08643174259661164,0.08653752285604452,0.08648449766002657,,0.09222776208170236,0.010477340372072319,0.007949127714843,0.00804359935432023,0.007995927915812518,5.0
rich_features,2,0.5,long,Logistic Regression,ALL_MEAN,0.9077722379182976,0.0,0.0,0.0,,0.09222776208170236,0.006346870095900612,0.0,0.0,0.0,5.0
rich_features,2,0.5,long,Random Forest,ALL_MEAN,0.9077722379182976,0.0,0.0,0.0,,0.09222776208170236,0.006346870095900612,0.0,0.0,0.0,5.0
rich_features,2,0.5,extra_long,Naive (always 'not congested'),25,0.9038626177166742,0.0,0.0,0.0,19857.0,0.09613738228332577,,,,,
rich_features,2,0.5,extra_long,Naive (persistence),25,0.8263584630105253,0.09648662821185107,0.0963855421686747,0.09643605870020965,19857.0,0.09613738228332577,,,,,
rich_features,2,0.5,extra_long,Logistic Regression,25,0.9038626177166742,0.0,0.0,0.0,19857.0,0.09613738228332577,,,,,
rich_features,2,0.5,extra_long,Random Forest,25,0.9039129777912072,1.0,0.0005238344683080147,0.0010471204188481676,19857.0,0.09613738228332577,,,,,
rich_features,2,0.5,extra_long,Naive (always 'not congested'),26,0.9112041145623235,0.0,0.0,0.0,19832.0,0.08879588543767648,,,,,
rich_features,2,0.5,extra_long,Naive (persistence),26,0.8431323114158935,0.11691259931895573,0.11697898921067575,0.1169457848424638,19832.0,0.08879588543767648,,,,,
rich_features,2,0.5,extra_long,Logistic Regression,26,0.9112041145623235,0.0,0.0,0.0,19832.0,0.08879588543767648,,,,,
rich_features,2,0.5,extra_long,Random Forest,26,0.911304961678096,0.6666666666666666,0.002271436683702442,0.004527447651386531,19832.0,0.08879588543767648,,,,,
rich_features,2,0.5,extra_long,Naive (always 'not congested'),27,0.9160705289672544,0.0,0.0,0.0,19850.0,0.08392947103274559,,,,,
rich_features,2,0.5,extra_long,Naive (persistence),27,0.846095717884131,0.08338332333533294,0.08343337334933974,0.08340834083408341,19850.0,0.08392947103274559,,,,,
rich_features,2,0.5,extra_long,Logistic Regression,27,0.9160705289672544,0.0,0.0,0.0,19850.0,0.08392947103274559,,,,,
rich_features,2,0.5,extra_long,Random Forest,27,0.9160705289672544,0.0,0.0,0.0,19850.0,0.08392947103274559,,,,,
rich_features,2,0.5,extra_long,Naive (always 'not congested'),28,0.8980064438179621,0.0,0.0,0.0,19864.0,0.10199355618203786,,,,,
rich_features,2,0.5,extra_long,Naive (persistence),28,0.8219895287958116,0.12844488188976377,0.12882527147087858,0.12863479546574666,19864.0,0.10199355618203786,,,,,
rich_features,2,0.5,extra_long,Logistic Regression,28,0.8980064438179621,0.0,0.0,0.0,19864.0,0.10199355618203786,,,,,
rich_features,2,0.5,extra_long,Random Forest,28,0.8980567861457914,1.0,0.0004935834155972359,0.000986679822397632,19864.0,0.10199355618203786,,,,,
rich_features,2,0.5,extra_long,Naive (always 'not congested'),29,0.9095161452570164,0.0,0.0,0.0,19882.0,0.09048385474298361,,,,,
rich_features,2,0.5,extra_long,Naive (persistence),29,0.8361331857961976,0.09449694274596998,0.09449694274596998,0.09449694274596998,19882.0,0.09048385474298361,,,,,
rich_features,2,0.5,extra_long,Logistic Regression,29,0.9095161452570164,0.0,0.0,0.0,19882.0,0.09048385474298361,,,,,
rich_features,2,0.5,extra_long,Random Forest,29,0.909717332260336,0.8333333333333334,0.0027793218454697055,0.00554016620498615,19882.0,0.09048385474298361,,,,,
rich_features,2,0.5,extra_long,Naive (always 'not congested'),ALL_MEAN,0.9077319700642461,0.0,0.0,0.0,,0.09226802993575386,0.006234234218727807,0.0,0.0,0.0,5.0
rich_features,2,0.5,extra_long,Naive (persistence),ALL_MEAN,0.8347418413805118,0.10394487510037469,0.10402402378910776,0.10398438451769469,,0.09226802993575386,0.009318249272362222,0.016346733542205644,0.01646826995071123,0.016407333762530847,5.0
rich_features,2,0.5,extra_long,Logistic Regression,ALL_MEAN,0.9077319700642461,0.0,0.0,0.0,,0.09226802993575386,0.006234234218727807,0.0,0.0,0.0,5.0
rich_features,2,0.5,extra_long,Random Forest,ALL_MEAN,0.907812517368537,0.7,0.0012136352826154796,0.002420282819523696,,0.09226802993575386,0.0062353980337674685,0.3711842908553348,0.001098865657946291,0.002189629074797993,5.0
rich_features,2,0.7,short,Naive (always 'not congested'),25,0.8187737928270887,0.0,0.0,0.0,19964.0,0.18122620717291124,,,,,
rich_features,2,0.7,short,Naive (persistence),25,0.8383089561210179,0.5537782680639823,0.5550027639579879,0.5543898398674766,19964.0,0.18122620717291124,,,,,
rich_features,2,0.7,short,Logistic Regression,25,0.8643057503506312,0.7762917933130699,0.3529574350469873,0.4852745582367471,19964.0,0.18122620717291124,,,,,
rich_features,2,0.7,short,Random Forest,25,0.8648567421358445,0.7929936305732485,0.3441127694859038,0.4799537393986122,19964.0,0.18122620717291124,,,,,
rich_features,2,0.7,short,Naive (always 'not congested'),26,0.8117104471626229,0.0,0.0,0.0,19948.0,0.1882895528373772,,,,,
rich_features,2,0.7,short,Naive (persistence),26,0.8344194906757569,0.5602553870710295,0.560702875399361,0.5604790419161677,19948.0,0.1882895528373772,,,,,
rich_features,2,0.7,short,Logistic Regression,26,0.8556747543613394,0.7721911855990068,0.33120340788072417,0.4635736910750885,19948.0,0.1882895528373772,,,,,
rich_features,2,0.7,short,Random Forest,26,0.8562763184279125,0.7807959570435882,0.329073482428115,0.4630080539426859,19948.0,0.1882895528373772,,,,,
rich_features,2,0.7,short,Naive (always 'not congested'),27,0.8370578214249925,0.0,0.0,0.0,19958.0,0.1629421785750075,,,,,
rich_features,2,0.7,short,Naive (persistence),27,0.8417176069746467,0.5142944973870274,0.5144526445264452,0.5143735588009224,19958.0,0.1629421785750075,,,,,
rich_features,2,0.7,short,Logistic Regression,27,0.8690249524000401,0.7405731523378583,0.3019680196801968,0.4290083005679336,19958.0,0.1629421785750075,,,,,
rich_features,2,0.7,short,Random Forest,27,0.8690750576210041,0.7470997679814385,0.29704797047970477,0.4250825082508251,19958.0,0.1629421785750075,,,,,
rich_features,2,0.7,short,Naive (always 'not congested'),28,0.8192246042877179,0.0,0.0,0.0,19964.0,0.1807753957122821,,,,,
rich_features,2,0.7,short,Naive (persistence),28,0.8421158084552194,0.5632788701190806,0.5635910224438903,0.5634349030470914,19964.0,0.1807753957122821,,,,,
rich_features,2,0.7,short,Logistic Regression,28,0.8620016028851933,0.7597323600973236,0.3460792463286229,0.4755377879307063,19964.0,0.1807753957122821,,,,,
rich_features,2,0.7,short,Random Forest,28,0.8619515127229013,0.7657320872274144,0.3405375450263231,0.47142309167625623,19964.0,0.1807753957122821,,,,,
rich_features,2,0.7,short,Naive (always 'not congested'),29,0.8196573489630298,0.0,0.0,0.0,19962.0,0.18034265103697025,,,,,
rich_features,2,0.7,short,Naive (persistence),29,0.8293758140466887,0.5269444444444444,0.5269444444444444,0.5269444444444444,19962.0,0.18034265103697025,,,,,
rich_features,2,0.7,short,Logistic Regression,29,0.8520188357879972,0.7159090909090909,0.2975,0.42032967032967034,19962.0,0.18034265103697025,,,,,
rich_features,2,0.7,short,Random Forest,29,0.8530207394048692,0.7290233837689133,0.29444444444444445,0.41946972694895135,19962.0,0.18034265103697025,,,,,
rich_features,2,0.7,short,Naive (always 'not congested'),ALL_MEAN,0.8212848029330904,0.0,0.0,0.0,,0.17871519706690964,0.008410167624974837,0.0,0.0,0.0,5.0
rich_features,2,0.7,short,Naive (persistence),ALL_MEAN,0.8371875352546659,0.543710293417113,0.5441387501544257,0.5439243576152204,,0.17871519706690964,0.0047906590425314385,0.01951623006374743,0.019736752288465654,0.019625556990697776,5.0
rich_features,2,0.7,short,Logistic Regression,ALL_MEAN,0.8606051791570403,0.7529395164512699,0.32594162178730623,0.4547448016280292,,0.17871519706690964,0.006075708830549579,0.022299227348157827,0.022568668232857955,0.025648128025019083,5.0
rich_features,2,0.7,short,Random Forest,ALL_MEAN,0.8610360740625064,0.7631289653189206,0.3210432423728983,0.45178742404346617,,0.17871519706690964,0.005778609737581096,0.022938713700515784,0.021260220116322563,0.02474829033444961,5.0
rich_features,2,0.7,medium,Naive (always 'not congested'),25,0.8189240633139652,0.0,0.0,0.0,19964.0,0.18107593668603486,,,,,
rich_features,2,0.7,medium,Naive (persistence),25,0.7853636545782409,0.407611693325979,0.40885200553250345,0.40823090733324124,19964.0,0.18107593668603486,,,,,
rich_features,2,0.7,medium,Logistic Regression,25,0.8390603085553997,0.7120253164556962,0.18672199170124482,0.2958579881656805,19964.0,0.18107593668603486,,,,,
rich_features,2,0.7,medium,Random Forest,25,0.8381586856341414,0.7152466367713004,0.1764868603042877,0.2831151542045707,19964.0,0.18107593668603486,,,,,
rich_features,2,0.7,medium,Naive (always 'not congested'),26,0.8116603168237417,0.0,0.0,0.0,19948.0,0.18833968317625827,,,,,
rich_features,2,0.7,medium,Naive (persistence),26,0.7740124323240425,0.4001064112795956,0.4003194037796114,0.4002128791910591,19948.0,0.18833968317625827,,,,,
rich_features,2,0.7,medium,Logistic Regression,26,0.824543813916182,0.6488991888760139,0.14905509715198295,0.24242424242424243,19948.0,0.18833968317625827,,,,,
rich_features,2,0.7,medium,Random Forest,26,0.8237918588329657,0.65125,0.13867447431461272,0.22865920561773095,19948.0,0.18833968317625827,,,,,
rich_features,2,0.7,medium,Naive (always 'not congested'),27,0.8373584527507766,0.0,0.0,0.0,19958.0,0.16264154724922336,,,,,
rich_features,2,0.7,medium,Naive (persistence),27,0.7954203828038882,0.37134952351675377,0.3721503388786198,0.3717494999230651,19958.0,0.16264154724922336,,,,,
rich_features,2,0.7,medium,Logistic Regression,27,0.8451748672211644,0.6092436974789915,0.13401109057301294,0.2196969696969697,19958.0,0.16264154724922336,,,,,
rich_features,2,0.7,medium,Random Forest,27,0.8446738150115242,0.6119631901840491,0.12292051756007394,0.2047203694202155,19958.0,0.16264154724922336,,,,,
rich_features,2,0.7,medium,Naive (always 'not congested'),28,0.8191745141254257,0.0,0.0,0.0,19964.0,0.18082548587457423,,,,,
rich_features,2,0.7,medium,Naive (persistence),28,0.7902724904828692,0.42010523400720023,0.42022160664819946,0.4201634122697687,19964.0,0.18082548587457423,,,,,
rich_features,2,0.7,medium,Logistic Regression,28,0.8344520136245241,0.6692563817980022,0.16703601108033242,0.26734648636665925,19964.0,0.18082548587457423,,,,,
rich_features,2,0.7,medium,Random Forest,28,0.8344520136245241,0.6844014510278114,0.15678670360110802,0.2551273382916385,19964.0,0.18082548587457423,,,,,
rich_features,2,0.7,medium,Naive (always 'not congested'),29,0.8196573489630298,0.0,0.0,0.0,19962.0,0.18034265103697025,,,,,
rich_features,2,0.7,medium,Naive (persistence),29,0.7699629295661757,0.3622222222222222,0.3622222222222222,0.3622222222222222,19962.0,0.18034265103697025,,,,,
rich_features,2,0.7,medium,Logistic Regression,29,0.8294259092275323,0.6271186440677966,0.13361111111111112,0.2202885275933135,19962.0,0.18034265103697025,,,,,
rich_features,2,0.7,medium,Random Forest,29,0.8292255285041579,0.635077793493635,0.12472222222222222,0.20849779428836776,19962.0,0.18034265103697025,,,,,
rich_features,2,0.7,medium,Naive (always 'not congested'),ALL_MEAN,0.8213549391953878,0.0,0.0,0.0,,0.17864506080461218,0.00852811084214941,0.0,0.0,0.0,5.0
rich_features,2,0.7,medium,Naive (persistence),ALL_MEAN,0.7830063779510433,0.39227901687035016,0.3927531154122313,0.39251578418787125,,0.17864506080461218,0.009627910101563018,0.021964116313824143,0.02203429523909073,0.021997909738202495,5.0
rich_features,2,0.7,medium,Logistic Regression,ALL_MEAN,0.8345313825089604,0.6533086457353001,0.15408706032353686,0.24912284284937308,,0.17864506080461218,0.007205811837616664,0.035634412771875235,0.0203977635179119,0.029183714587091965,5.0
rich_features,2,0.7,medium,Random Forest,ALL_MEAN,0.8340603803214627,0.6595878142953592,0.1439181556004609,0.2360239723645047,,0.17864506080461218,0.0071890584175567564,0.0364746108299098,0.020313546754294125,0.029578248166000073,5.0
rich_features,2,0.7,long,Naive (always 'not congested'),25,0.8190242436385494,0.0,0.0,0.0,19964.0,0.1809757563614506,,,,,
rich_features,2,0.7,long,Naive (persistence),25,0.7437888198757764,0.29288472145615,0.29393855521727097,0.29341069208454207,19964.0,0.1809757563614506,,,,,
rich_features,2,0.7,long,Logistic Regression,25,0.8203265878581446,0.6160714285714286,0.019097702740105176,0.03704697986577181,19964.0,0.1809757563614506,,,,,
rich_features,2,0.7,long,Random Forest,25,0.8204267681827289,0.5729166666666666,0.030445613063935787,0.05781865965834428,19964.0,0.1809757563614506,,,,,
rich_features,2,0.7,long,Naive (always 'not congested'),26,0.8120613595347904,0.0,0.0,0.0,19948.0,0.18793864046520956,,,,,
rich_features,2,0.7,long,Naive (persistence),26,0.7186685381993182,0.25219473264166004,0.2528674313150173,0.2525306339904102,19948.0,0.18793864046520956,,,,,
rich_features,2,0.7,long,Logistic Regression,26,0.8128133146180068,0.556390977443609,0.019738596959189118,0.0381246780010304,19948.0,0.18793864046520956,,,,,
rich_features,2,0.7,long,Random Forest,26,0.8133647483456988,0.5656565656565656,0.029874633235529476,0.05675196351659488,19948.0,0.18793864046520956,,,,,
rich_features,2,0.7,long,Naive (always 'not congested'),27,0.8375588736346328,0.0,0.0,0.0,19958.0,0.16244112636536728,,,,,
rich_features,2,0.7,long,Naive (persistence),27,0.7538330494037478,0.2431601598524439,0.24398519432449106,0.24357197844495765,19958.0,0.16244112636536728,,,,,
rich_features,2,0.7,long,Logistic Regression,27,0.838059925844273,0.5735294117647058,0.012029611351017891,0.023564954682779457,19958.0,0.16244112636536728,,,,,
rich_features,2,0.7,long,Random Forest,27,0.8384106623910211,0.5714285714285714,0.020974706971005553,0.04046414757512645,19958.0,0.16244112636536728,,,,,
rich_features,2,0.7,long,Naive (always 'not congested'),28,0.8191745141254257,0.0,0.0,0.0,19964.0,0.18082548587457423,,,,,
rich_features,2,0.7,long,Naive (persistence),28,0.7453917050691244,0.2960398781500969,0.2961218836565097,0.29608087522503806,19964.0,0.18082548587457423,,,,,
rich_features,2,0.7,long,Logistic Regression,28,0.8234822680825485,0.7529411764705882,0.03545706371191136,0.06772486772486773,19964.0,0.18082548587457423,,,,,
rich_features,2,0.7,long,Random Forest,28,0.8229813664596274,0.6652173913043479,0.042382271468144044,0.0796875,19964.0,0.18082548587457423,,,,,
rich_features,2,0.7,long,Naive (always 'not congested'),29,0.8196573489630298,0.0,0.0,0.0,19962.0,0.18034265103697025,,,,,
rich_features,2,0.7,long,Naive (persistence),29,0.725278028253682,0.23833333333333334,0.23833333333333334,0.23833333333333334,19962.0,0.18034265103697025,,,,,
rich_features,2,0.7,long,Logistic Regression,29,0.8185051598036269,0.3925233644859813,0.011666666666666667,0.02265983274885352,19962.0,0.18034265103697025,,,,,
rich_features,2,0.7,long,Random Forest,29,0.8180543031760344,0.4069767441860465,0.019444444444444445,0.03711558854718982,19962.0,0.18034265103697025,,,,,
rich_features,2,0.7,long,Naive (always 'not congested'),ALL_MEAN,0.8214952679792855,0.0,0.0,0.0,,0.1785047320207144,0.008507736023674571,0.0,0.0,0.0,5.0
rich_features,2,0.7,long,Naive (persistence),ALL_MEAN,0.7373920281603298,0.2645225650867368,0.26504927956932445,0.26478550261565625,,0.1785047320207144,0.013210140229996016,0.02486747517010283,0.02492361077211301,0.024894635933843976,5.0
rich_features,2,0.7,long,Logistic Regression,ALL_MEAN,0.8226374512413199,0.5782912717472626,0.019597928285778044,0.03782426260466058,,0.1785047320207144,0.008455720204325721,0.11570820458277055,0.008625155324194762,0.01629741328974523,5.0
rich_features,2,0.7,long,Random Forest,ALL_MEAN,0.822647569711022,0.5564391878484396,0.028624333836611858,0.05436757185945108,,0.1785047320207144,0.008494555203159584,0.08337010086908157,0.008209120719289958,0.015163312478804728,5.0
rich_features,2,0.7,extra_long,Naive (always 'not congested'),25,0.8189240633139652,0.0,0.0,0.0,19964.0,0.18107593668603486,,,,,
rich_features,2,0.7,extra_long,Naive (persistence),25,0.7584151472650772,0.3334252619966906,0.33443983402489624,0.3339317773788151,19964.0,0.18107593668603486,,,,,
rich_features,2,0.7,extra_long,Logistic Regression,25,0.8262873171709076,0.689922480620155,0.07385892116182573,0.13343328335832083,19964.0,0.18107593668603486,,,,,
rich_features,2,0.7,extra_long,Random Forest,25,0.8255860548988179,0.6641975308641975,0.07441217150760719,0.1338308457711443,19964.0,0.18107593668603486,,,,,
rich_features,2,0.7,extra_long,Naive (always 'not congested'),26,0.8118608381792661,0.0,0.0,0.0,19948.0,0.1881391618207339,,,,,
rich_features,2,0.7,extra_long,Naive (persistence),26,0.7415279727290957,0.3133812184091514,0.3138822275512923,0.3136315228966986,19948.0,0.1881391618207339,,,,,
rich_features,2,0.7,extra_long,Logistic Regression,26,0.816823741728494,0.6341463414634146,0.06235011990407674,0.11353711790393013,19948.0,0.1881391618207339,,,,,
rich_features,2,0.7,extra_long,Random Forest,26,0.816773611389613,0.6324324324324324,0.06235011990407674,0.11350958040261945,19948.0,0.1881391618207339,,,,,
rich_features,2,0.7,extra_long,Naive (always 'not congested'),27,0.8376089788555967,0.0,0.0,0.0,19958.0,0.16239102114440324,,,,,
rich_features,2,0.7,extra_long,Naive (persistence),27,0.7673113538430705,0.28435290501075927,0.28540573896945387,0.28487834924545735,19958.0,0.16239102114440324,,,,,
rich_features,2,0.7,extra_long,Logistic Regression,27,0.840114239903798,0.5919117647058824,0.04967602591792657,0.09165955024195845,19958.0,0.16239102114440324,,,,,
rich_features,2,0.7,extra_long,Random Forest,27,0.840114239903798,0.5899280575539568,0.05060166615242209,0.09320829781187838,19958.0,0.16239102114440324,,,,,
rich_features,2,0.7,extra_long,Naive (always 'not congested'),28,0.8191745141254257,0.0,0.0,0.0,19964.0,0.18082548587457423,,,,,
rich_features,2,0.7,extra_long,Naive (persistence),28,0.7583149669404929,0.3317640542785932,0.3318559556786704,0.33180999861515026,19964.0,0.18082548587457423,,,,,
rich_features,2,0.7,extra_long,Logistic Regression,28,0.8249849729513123,0.6657142857142857,0.06454293628808865,0.11767676767676767,19964.0,0.18082548587457423,,,,,
rich_features,2,0.7,extra_long,Random Forest,28,0.824834702464436,0.6490765171503958,0.06814404432132964,0.12333918275256957,19964.0,0.18082548587457423,,,,,
rich_features,2,0.7,extra_long,Naive (always 'not congested'),29,0.8197074441438733,0.0,0.0,0.0,19962.0,0.18029255585612664,,,,,
rich_features,2,0.7,extra_long,Naive (persistence),29,0.7426610560064122,0.2863888888888889,0.2864684634620728,0.2864286706487012,19962.0,0.18029255585612664,,,,,
rich_features,2,0.7,extra_long,Logistic Regression,29,0.8211602043883378,0.5478547854785478,0.04612392331203112,0.08508457201435161,19962.0,0.18029255585612664,,,,,
rich_features,2,0.7,extra_long,Random Forest,29,0.8208596333032763,0.5349544072948328,0.04890247290914143,0.08961303462321792,19962.0,0.18029255585612664,,,,,
rich_features,2,0.7,extra_long,Naive (always 'not congested'),ALL_MEAN,0.8214551677236255,0.0,0.0,0.0,,0.17854483227637458,0.008575070630286018,0.0,0.0,0.0,5.0
rich_features,2,0.7,extra_long,Naive (persistence),ALL_MEAN,0.7536460993568298,0.3098624657168167,0.3104104439372771,0.3101360637569645,,0.17854483227637458,0.009988007739434465,0.021208550478892457,0.021202964617707112,0.02120474618542785,5.0
rich_features,2,0.7,extra_long,Logistic Regression,ALL_MEAN,0.82587409522857,0.6259099315964571,0.05931038531678977,0.10827825823906574,,0.17854483227637458,0.007846944328831838,0.050986885910306166,0.010148725363237424,0.01767988353784762,5.0
rich_features,2,0.7,extra_long,Random Forest,ALL_MEAN,0.8256336483919883,0.614117789059163,0.06088209495891541,0.11070018827228592,,0.17854483227637458,0.007894549841736995,0.04672794344621806,0.00987068931834198,0.017048744603884544,5.0
rich_features,2,0.8,short,Naive (always 'not congested'),25,0.8498847579917828,0.0,0.0,0.0,19958.0,0.15011524200821727,,,,,
rich_features,2,0.8,short,Naive (persistence),25,0.9023449243411164,0.6746746746746747,0.6748998664886515,0.6747872517937594,19958.0,0.15011524200821727,,,,,
rich_features,2,0.8,short,Logistic Regression,25,0.9122156528710291,0.7845379688929551,0.572429906542056,0.6619065997684291,19958.0,0.15011524200821727,,,,,
rich_features,2,0.8,short,Random Forest,25,0.9116143902194609,0.7846580406654344,0.5667556742323098,0.6581395348837209,19958.0,0.15011524200821727,,,,,
rich_features,2,0.8,short,Naive (always 'not congested'),26,0.812478093235191,0.0,0.0,0.0,19971.0,0.18752190676480898,,,,,
rich_features,2,0.8,short,Naive (persistence),26,0.8805768364127986,0.6818181818181818,0.6809078771695594,0.6813627254509018,19971.0,0.18752190676480898,,,,,
rich_features,2,0.8,short,Logistic Regression,26,0.891893245205548,0.7919734904270986,0.5743658210947931,0.6658412010524687,19971.0,0.18752190676480898,,,,,
rich_features,2,0.8,short,Random Forest,26,0.8913925191527715,0.7925018559762435,0.5700934579439252,0.6631464513123155,19971.0,0.18752190676480898,,,,,
rich_features,2,0.8,short,Naive (always 'not congested'),27,0.8108568280835294,0.0,0.0,0.0,19969.0,0.18914317191647054,,,,,
rich_features,2,0.8,short,Naive (persistence),27,0.884871550903901,0.6953992596509783,0.6963198305533492,0.6958592406402964,19969.0,0.18914317191647054,,,,,
rich_features,2,0.8,short,Logistic Regression,27,0.8940357554209024,0.7954464603344006,0.5920042361662695,0.678809957498482,19969.0,0.18914317191647054,,,,,
rich_features,2,0.8,short,Random Forest,27,0.8931343582552957,0.7945500179275726,0.5867090283293619,0.674992385013707,19969.0,0.18914317191647054,,,,,
rich_features,2,0.8,short,Naive (always 'not congested'),28,0.771206810215323,0.0,0.0,0.0,19970.0,0.22879318978467703,,,,,
rich_features,2,0.8,short,Naive (persistence),28,0.8783675513269905,0.7343407796758651,0.733858612387831,0.7340996168582375,19970.0,0.22879318978467703,,,,,
rich_features,2,0.8,short,Logistic Regression,28,0.8834251377065598,0.8207844259948468,0.6274896038520464,0.7112379062267428,19970.0,0.22879318978467703,,,,,
rich_features,2,0.8,short,Random Forest,28,0.8833249874812218,0.8232746173837713,0.6239877434887284,0.709910358565737,19970.0,0.22879318978467703,,,,,
rich_features,2,0.8,short,Naive (always 'not congested'),29,0.8050087653393438,0.0,0.0,0.0,19965.0,0.19499123466065615,,,,,
rich_features,2,0.8,short,Naive (persistence),29,0.8849987478086652,0.7051117390187516,0.7051117390187516,0.7051117390187516,19965.0,0.19499123466065615,,,,,
rich_features,2,0.8,short,Logistic Regression,29,0.8933633859253693,0.8045580110497238,0.5985101464166452,0.6864044778317867,19965.0,0.19499123466065615,,,,,
rich_features,2,0.8,short,Random Forest,29,0.8931129476584022,0.8065528058556989,0.594400205497046,0.6844128955930198,19965.0,0.19499123466065615,,,,,
rich_features,2,0.8,short,Naive (always 'not congested'),ALL_MEAN,0.8098870509730339,0.0,0.0,0.0,,0.190112949026966,0.025009715033179978,0.0,0.0,0.0,5.0
rich_features,2,0.8,short,Naive (persistence),ALL_MEAN,0.8862319221586944,0.6982689269676903,0.6982195851236286,0.6982441147523893,,0.190112949026966,0.008447822105503423,0.02089762370373992,0.020807477629839713,0.02085029804806284,5.0
rich_features,2,0.8,short,Logistic Regression,ALL_MEAN,0.8949866354258816,0.799460071339805,0.5929599428143619,0.6808400284755818,,0.190112949026966,0.00941929345990577,0.012454269944396223,0.01995614881917717,0.017564480084884503,5.0
rich_features,2,0.8,short,Random Forest,ALL_MEAN,0.8945158405534304,0.8003074675617441,0.5883892218982743,0.6781203250737,,0.190112949026966,0.009286843721655556,0.01345715112533143,0.02053755134853503,0.018349035692494582,5.0
rich_features,2,0.8,medium,Naive (always 'not congested'),25,0.8498847579917828,0.0,0.0,0.0,19958.0,0.15011524200821727,,,,,
rich_features,2,0.8,medium,Naive (persistence),25,0.8621605371279687,0.5408742075408742,0.5410547396528705,0.5409644585349574,19958.0,0.15011524200821727,,,,,
rich_features,2,0.8,medium,Logistic Regression,25,0.88545946487624,0.7224310776942355,0.3848464619492657,0.502177700348432,19958.0,0.15011524200821727,,,,,
rich_features,2,0.8,medium,Random Forest,25,0.8858102014229883,0.7314396384764364,0.3781708945260347,0.49856985698569856,19958.0,0.15011524200821727,,,,,
rich_features,2,0.8,medium,Naive (always 'not congested'),26,0.8122277302088028,0.0,0.0,0.0,19971.0,0.18777226979119724,,,,,
rich_features,2,0.8,medium,Naive (persistence),26,0.8414701316909519,0.5780748663101605,0.5765333333333333,0.5773030707610147,19971.0,0.18777226979119724,,,,,
rich_features,2,0.8,medium,Logistic Regression,26,0.8654048370136698,0.7687246963562753,0.4050666666666667,0.530562347188264,19971.0,0.18777226979119724,,,,,
rich_features,2,0.8,medium,Random Forest,26,0.8654048370136698,0.7780104712041885,0.39626666666666666,0.5250883392226149,19971.0,0.18777226979119724,,,,,
rich_features,2,0.8,medium,Naive (always 'not congested'),27,0.8111072161850869,0.0,0.0,0.0,19969.0,0.18889278381491312,,,,,
rich_features,2,0.8,medium,Naive (persistence),27,0.8420551855375833,0.5817028027498677,0.5832449628844114,0.5824728620598358,19969.0,0.18889278381491312,,,,,
rich_features,2,0.8,medium,Logistic Regression,27,0.8613350693575041,0.7371158392434988,0.4133085896076352,0.5296415831493121,19969.0,0.18889278381491312,,,,,
rich_features,2,0.8,medium,Random Forest,27,0.8609344483950123,0.7404543257612373,0.4061505832449629,0.524567711008389,19969.0,0.18889278381491312,,,,,
rich_features,2,0.8,medium,Naive (always 'not congested'),28,0.771156735102654,0.0,0.0,0.0,19970.0,0.22884326489734602,,,,,
rich_features,2,0.8,medium,Naive (persistence),28,0.8298447671507261,0.6283399036355672,0.6277899343544858,0.6280647985989493,19970.0,0.22884326489734602,,,,,
rich_features,2,0.8,medium,Logistic Regression,28,0.8482223335002503,0.7915877226222053,0.45711159737417945,0.5795533361076433,19970.0,0.22884326489734602,,,,,
rich_features,2,0.8,medium,Random Forest,28,0.8474712068102154,0.795577967416602,0.4487964989059081,0.5738668158925574,19970.0,0.22884326489734602,,,,,
rich_features,2,0.8,medium,Naive (always 'not congested'),29,0.8049586776859504,0.0,0.0,0.0,19965.0,0.19504132231404958,,,,,
rich_features,2,0.8,medium,Naive (persistence),29,0.8421738041572753,0.5954276907269458,0.5952747817154597,0.5953512264029793,19965.0,0.19504132231404958,,,,,
rich_features,2,0.8,medium,Logistic Regression,29,0.8607062359128475,0.7577582213987958,0.42013353877760656,0.5405584007929952,19965.0,0.19504132231404958,,,,,
rich_features,2,0.8,medium,Random Forest,29,0.8598547458051591,0.7609523809523809,0.41037493579866463,0.5331998665331998,19965.0,0.19504132231404958,,,,,
rich_features,2,0.8,medium,Naive (always 'not congested'),ALL_MEAN,0.8098670234348553,0.0,0.0,0.0,,0.19013297656514466,0.025024421569146988,0.0,0.0,0.0,5.0
rich_features,2,0.8,medium,Naive (persistence),ALL_MEAN,0.8435408851329012,0.5848838941926832,0.5847795503881121,0.5848312832715473,,0.19013297656514466,0.01041767077323787,0.028259267947768545,0.028079377264829678,0.02816501552543348,5.0
rich_features,2,0.8,medium,Logistic Regression,ALL_MEAN,0.8642255881321024,0.7555235114630021,0.4160933708750707,0.5364986735173293,,0.19013297656514466,0.012075704924775879,0.024140605240548525,0.02368345579360206,0.025021487622357876,5.0
rich_features,2,0.8,medium,Random Forest,ALL_MEAN,0.8638950878894089,0.761286956762169,0.40795191582844736,0.5310585179284919,,0.19013297656514466,0.012469042975985868,0.023581866810064793,0.0232415579056639,0.02437384847141316,5.0
rich_features,2,0.8,long,Naive (always 'not congested'),25,0.8498847579917828,0.0,0.0,0.0,19958.0,0.15011524200821727,,,,,
rich_features,2,0.8,long,Naive (persistence),25,0.8241807796372382,0.4144144144144144,0.4145527369826435,0.41448356415818455,19958.0,0.15011524200821727,,,,,
rich_features,2,0.8,long,Logistic Regression,25,0.8662691652470187,0.6981818181818182,0.19225634178905207,0.30149175608479456,19958.0,0.15011524200821727,,,,,
rich_features,2,0.8,long,Random Forest,25,0.8661689548050907,0.7038895859473023,0.18724966622162884,0.2958080674927498,19958.0,0.15011524200821727,,,,,
rich_features,2,0.8,long,Naive (always 'not congested'),26,0.8119272945771369,0.0,0.0,0.0,19971.0,0.18807270542286314,,,,,
rich_features,2,0.8,long,Naive (persistence),26,0.7925992689399629,0.4483957219251337,0.4464856230031949,0.4474386339381003,19971.0,0.18807270542286314,,,,,
rich_features,2,0.8,long,Logistic Regression,26,0.8353112012418006,0.7164040778498609,0.20580404685835996,0.31975180972078593,19971.0,0.18807270542286314,,,,,
rich_features,2,0.8,long,Random Forest,26,0.8348605477943017,0.720616570327553,0.19914802981895632,0.3120567375886525,19971.0,0.18807270542286314,,,,,
rich_features,2,0.8,long,Naive (always 'not congested'),27,0.8116079923882017,0.0,0.0,0.0,19969.0,0.18839200761179828,,,,,
rich_features,2,0.8,long,Naive (persistence),27,0.7880715108418048,0.4378635642517187,0.44019138755980863,0.43902439024390244,19969.0,0.18839200761179828,,,,,
rich_features,2,0.8,long,Logistic Regression,27,0.8335419900846311,0.6976534296028881,0.20547581073896865,0.31745379876796714,19969.0,0.18839200761179828,,,,,
rich_features,2,0.8,long,Random Forest,27,0.8335920677049427,0.7053320860617399,0.2004253056884636,0.31215069343821156,19969.0,0.18839200761179828,,,,,
rich_features,2,0.8,long,Naive (always 'not congested'),28,0.770706059088633,0.0,0.0,0.0,19970.0,0.22929394091136704,,,,,
rich_features,2,0.8,long,Naive (persistence),28,0.7734101151727591,0.5059132720105125,0.5044769600349421,0.505194095133953,19970.0,0.22929394091136704,,,,,
rich_features,2,0.8,long,Logistic Regression,28,0.8025538307461192,0.7184065934065934,0.22843415592924218,0.34664457332228665,19970.0,0.22929394091136704,,,,,
rich_features,2,0.8,long,Random Forest,28,0.8017025538307461,0.7234657039711191,0.21882507097619566,0.33601609657947684,19970.0,0.22929394091136704,,,,,
rich_features,2,0.8,long,Naive (always 'not congested'),29,0.8048084147257701,0.0,0.0,0.0,19965.0,0.1951915852742299,,,,,
rich_features,2,0.8,long,Naive (persistence),29,0.7944402704733283,0.47341381967634216,0.47292789325121887,0.47317073170731705,19965.0,0.1951915852742299,,,,,
rich_features,2,0.8,long,Logistic Regression,29,0.8296018031555221,0.710997442455243,0.21401077752117012,0.3289940828402367,19965.0,0.1951915852742299,,,,,
rich_features,2,0.8,long,Random Forest,29,0.8292011019283747,0.7152961980548187,0.2075955863484732,0.32179793158313447,19965.0,0.1951915852742299,,,,,
rich_features,2,0.8,long,Naive (always 'not congested'),ALL_MEAN,0.8097869037543048,0.0,0.0,0.0,,0.1902130962456951,0.025170750183205148,0.0,0.0,0.0,5.0
rich_features,2,0.8,long,Naive (persistence),ALL_MEAN,0.7945403890130187,0.4560001584556243,0.4557269201663616,0.4558622830362914,,0.1902130962456951,0.016556965812459093,0.031339087777334955,0.030641499864490232,0.030983482548117,5.0
rich_features,2,0.8,long,Logistic Regression,ALL_MEAN,0.8334555980950183,0.7083286722992808,0.2091962265673586,0.3228672041472142,,0.1902130962456951,0.020248219065262158,0.00884102322024848,0.011879275234089392,0.014824455116517298,5.0
rich_features,2,0.8,long,Random Forest,ALL_MEAN,0.8331050452126911,0.7137200288725066,0.2026487318107435,0.315565905336445,,0.1902130962456951,0.020483643894174036,0.007899619853670816,0.010396875278540118,0.01320150415570695,5.0
rich_features,2,0.8,extra_long,Naive (always 'not congested'),25,0.8498847579917828,0.0,0.0,0.0,19958.0,0.15011524200821727,,,,,
rich_features,2,0.8,extra_long,Naive (persistence),25,0.8398136085780138,0.46646646646646645,0.4666221628838451,0.46654430168529953,19958.0,0.15011524200821727,,,,,
rich_features,2,0.8,extra_long,Logistic Regression,25,0.8728830544142699,0.7025595763459841,0.2656875834445928,0.3855655122305643,19958.0,0.15011524200821727,,,,,
rich_features,2,0.8,extra_long,Random Forest,25,0.8723318969836656,0.7113207547169811,0.25166889185580776,0.3717948717948718,19958.0,0.15011524200821727,,,,,
rich_features,2,0.8,extra_long,Naive (always 'not congested'),26,0.8121776576035251,0.0,0.0,0.0,19971.0,0.18782234239647488,,,,,
rich_features,2,0.8,extra_long,Naive (persistence),26,0.81377998097241,0.5042780748663102,0.5027992535323914,0.5035375784274463,19971.0,0.18782234239647488,,,,,
rich_features,2,0.8,extra_long,Logistic Regression,26,0.85068349106204,0.7694463910301331,0.29272194081578246,0.4241019698725377,19971.0,0.18782234239647488,,,,,
rich_features,2,0.8,extra_long,Random Forest,26,0.8500826197987081,0.7826736370425691,0.2793921620901093,0.4117878192534381,19971.0,0.18782234239647488,,,,,
rich_features,2,0.8,extra_long,Naive (always 'not congested'),27,0.8113576042866443,0.0,0.0,0.0,19969.0,0.1886423957133557,,,,,
rich_features,2,0.8,extra_long,Naive (persistence),27,0.8087535680304472,0.4931253305129561,0.49508893018316963,0.4941051794939727,19969.0,0.1886423957133557,,,,,
rich_features,2,0.8,extra_long,Logistic Regression,27,0.842756272221944,0.7000638162093171,0.2912131669763738,0.411323584551931,19969.0,0.1886423957133557,,,,,
rich_features,2,0.8,extra_long,Random Forest,27,0.8423055736391407,0.7113543091655267,0.27608176267586937,0.3977816026008797,19969.0,0.1886423957133557,,,,,
rich_features,2,0.8,extra_long,Naive (always 'not congested'),28,0.7709564346519779,0.0,0.0,0.0,19970.0,0.22904356534802203,,,,,
rich_features,2,0.8,extra_long,Naive (persistence),28,0.7991987981972959,0.561760840998686,0.5607783121993879,0.5612691466083151,19970.0,0.22904356534802203,,,,,
rich_features,2,0.8,extra_long,Logistic Regression,28,0.8229844767150726,0.7662737057919016,0.3268473983384346,0.4582375478927203,19970.0,0.22904356534802203,,,,,
rich_features,2,0.8,extra_long,Random Forest,28,0.8210816224336505,0.7730496453900709,0.309794490599038,0.44232870298111443,19970.0,0.22904356534802203,,,,,
rich_features,2,0.8,extra_long,Naive (always 'not congested'),29,0.8048084147257701,0.0,0.0,0.0,19965.0,0.1951915852742299,,,,,
rich_features,2,0.8,extra_long,Naive (persistence),29,0.8159779614325069,0.5286411507834575,0.5280985373364127,0.528369704749679,19965.0,0.1951915852742299,,,,,
rich_features,2,0.8,extra_long,Logistic Regression,29,0.8420736288504883,0.7265529841656516,0.30613292276109827,0.4307636757537462,19965.0,0.1951915852742299,,,,,
rich_features,2,0.8,extra_long,Random Forest,29,0.8413223140495868,0.7371502927781393,0.2907364639466256,0.41700404858299595,19965.0,0.1951915852742299,,,,,
rich_features,2,0.8,extra_long,Naive (always 'not congested'),ALL_MEAN,0.80983697385194,0.0,0.0,0.0,,0.19016302614805997,0.02509421792852089,0.0,0.0,0.0,5.0
rich_features,2,0.8,extra_long,Naive (persistence),ALL_MEAN,0.8155047834421347,0.5108543727255752,0.5106774392270413,0.5107651821929425,,0.19016302614805997,0.013457948467703363,0.032359514332262855,0.03181046032252029,0.03208067909228792,5.0
rich_features,2,0.8,extra_long,Logistic Regression,ALL_MEAN,0.8462761846527631,0.7329792947085975,0.29652060246725637,0.4219984580602999,,0.19016302614805997,0.016123924991996115,0.029961483210281442,0.020026906966018047,0.02381528039428505,5.0
rich_features,2,0.8,extra_long,Random Forest,ALL_MEAN,0.8454248053809504,0.7431097278186575,0.28153475423349,0.40813940904266,,0.19016302614805997,0.016521727581920255,0.03005382460838494,0.01902408849158406,0.023190558825942436,5.0
rich_features,2,0.9,short,Naive (always 'not congested'),25,0.7707676130389064,0.0,0.0,0.0,19971.0,0.22923238696109358,,,,,
rich_features,2,0.9,short,Naive (persistence),25,0.9450202794051374,0.8799126637554585,0.8802970729576234,0.8801048263813059,19971.0,0.22923238696109358,,,,,
rich_features,2,0.9,short,Logistic Regression,25,0.9454709328526363,0.9128994082840237,0.8425076452599388,0.8762921731227991,19971.0,0.22923238696109358,,,,,
rich_features,2,0.9,short,Random Forest,25,0.9456211506684693,0.9117924528301887,0.8444735692442115,0.8768428215014743,19971.0,0.22923238696109358,,,,,
rich_features,2,0.9,short,Naive (always 'not congested'),26,0.8380651945320715,0.0,0.0,0.0,19971.0,0.1619348054679285,,,,,
rich_features,2,0.9,short,Naive (persistence),26,0.9471233288267988,0.8367346938775511,0.8367346938775511,0.8367346938775511,19971.0,0.1619348054679285,,,,,
rich_features,2,0.9,short,Logistic Regression,26,0.9482249261429072,0.8780068728522337,0.79004329004329,0.8317057291666666,19971.0,0.1619348054679285,,,,,
rich_features,2,0.9,short,Random Forest,26,0.9483751439587401,0.8765811965811966,0.79282622139765,0.8326026952427342,19971.0,0.1619348054679285,,,,,
rich_features,2,0.9,short,Naive (always 'not congested'),27,0.7365680236342697,0.0,0.0,0.0,19971.0,0.2634319763657303,,,,,
rich_features,2,0.9,short,Naive (persistence),27,0.9375093886134895,0.8813913704618894,0.8813913704618894,0.8813913704618894,19971.0,0.2634319763657303,,,,,
rich_features,2,0.9,short,Logistic Regression,27,0.9349056131390516,0.9121748178980229,0.8331115757460559,0.8708523743294257,19971.0,0.2634319763657303,,,,,
rich_features,2,0.9,short,Random Forest,27,0.9359571378498823,0.9108543128353281,0.839003991636571,0.8734540417532404,19971.0,0.2634319763657303,,,,,
rich_features,2,0.9,short,Naive (always 'not congested'),28,0.8243365047571357,0.0,0.0,0.0,19970.0,0.1756634952428643,,,,,
rich_features,2,0.9,short,Naive (persistence),28,0.9455182774161242,0.8449258836944128,0.8449258836944128,0.8449258836944128,19970.0,0.1756634952428643,,,,,
rich_features,2,0.9,short,Logistic Regression,28,0.9469203805708563,0.8866077068856602,0.8001710376282782,0.8411747078213965,19970.0,0.1756634952428643,,,,,
rich_features,2,0.9,short,Random Forest,28,0.9469203805708563,0.8844221105527639,0.8027366020524516,0.8416019127316199,19970.0,0.1756634952428643,,,,,
rich_features,2,0.9,short,Naive (always 'not congested'),29,0.8266900350525789,0.0,0.0,0.0,19970.0,0.17330996494742112,,,,,
rich_features,2,0.9,short,Naive (persistence),29,0.9450676014021031,0.8420138888888888,0.8407974573822594,0.8414052334827237,19970.0,0.17330996494742112,,,,,
rich_features,2,0.9,short,Logistic Regression,29,0.9435152729093641,0.8747189206553164,0.7867668303958394,0.8284149680559781,19970.0,0.17330996494742112,,,,,
rich_features,2,0.9,short,Random Forest,29,0.9441662493740611,0.8726175349428208,0.7937012424154869,0.8312906642457255,19970.0,0.17330996494742112,,,,,
rich_features,2,0.9,short,Naive (always 'not congested'),ALL_MEAN,0.7992854742029925,0.0,0.0,0.0,,0.20071452579700755,0.03906194518248974,0.0,0.0,0.0,5.0
rich_features,2,0.9,short,Naive (persistence),ALL_MEAN,0.9440477751327307,0.85699570013564,0.8568292956747472,0.8569124015795765,,0.20071452579700755,0.003357311899276191,0.019498612586374697,0.0197814871313851,0.01963872321322797,5.0
rich_features,2,0.9,short,Logistic Regression,ALL_MEAN,0.9438074251229631,0.8928815453150513,0.8105200758146804,0.8496879904992533,,0.20071452579700755,0.004718043542852864,0.016513285977357874,0.022909380100750373,0.02002045386316937,5.0
rich_features,2,0.9,short,Random Forest,ALL_MEAN,0.9442080124844019,0.8912535215484596,0.8145483253492742,0.8511584270949587,,0.20071452579700755,0.004354252203996674,0.016824292021773775,0.022536935505525955,0.01993566001416439,5.0
rich_features,2,0.9,medium,Naive (always 'not congested'),25,0.7707676130389064,0.0,0.0,0.0,19971.0,0.22923238696109358,,,,,
rich_features,2,0.9,medium,Naive (persistence),25,0.9183816533974263,0.8218340611353712,0.8221930974224552,0.822013540074252,19971.0,0.22923238696109358,,,,,
rich_features,2,0.9,medium,Logistic Regression,25,0.9213860097140855,0.8666504144319844,0.7765399737876802,0.8191244239631337,19971.0,0.22923238696109358,,,,,
rich_features,2,0.9,medium,Random Forest,25,0.9201341945821441,0.8765463266851805,0.7584097859327217,0.8132099777491509,19971.0,0.22923238696109358,,,,,
rich_features,2,0.9,medium,Naive (always 'not congested'),26,0.8380651945320715,0.0,0.0,0.0,19971.0,0.1619348054679285,,,,,
rich_features,2,0.9,medium,Naive (persistence),26,0.9279955936107356,0.7776747062461348,0.7776747062461348,0.7776747062461348,19971.0,0.1619348054679285,,,,,
rich_features,2,0.9,medium,Logistic Regression,26,0.9315006759801713,0.8344086021505376,0.7198515769944341,0.7729083665338645,19971.0,0.1619348054679285,,,,,
rich_features,2,0.9,medium,Random Forest,26,0.9305993690851735,0.8460674157303371,0.6985157699443414,0.7652439024390244,19971.0,0.1619348054679285,,,,,
rich_features,2,0.9,medium,Naive (always 'not congested'),27,0.7365680236342697,0.0,0.0,0.0,19971.0,0.2634319763657303,,,,,
rich_features,2,0.9,medium,Naive (persistence),27,0.9101697461318913,0.8295000950389659,0.8295000950389659,0.8295000950389659,19971.0,0.2634319763657303,,,,,
rich_features,2,0.9,medium,Logistic Regression,27,0.9126733763957738,0.8784161824833225,0.7758981182284737,0.8239806217198223,19971.0,0.2634319763657303,,,,,
rich_features,2,0.9,medium,Random Forest,27,0.9113214160532772,0.8879502000889284,0.7591712602166888,0.81852648836971,19971.0,0.2634319763657303,,,,,
rich_features,2,0.9,medium,Naive (always 'not congested'),28,0.8243365047571357,0.0,0.0,0.0,19970.0,0.1756634952428643,,,,,
rich_features,2,0.9,medium,Naive (persistence),28,0.9210816224336504,0.7753705815279361,0.7753705815279361,0.7753705815279361,19970.0,0.1756634952428643,,,,,
rich_features,2,0.9,medium,Logistic Regression,28,0.9248873309964948,0.8293963254593176,0.7206385404789054,0.7712019524100061,19970.0,0.1756634952428643,,,,,
rich_features,2,0.9,medium,Random Forest,28,0.9255883825738608,0.8408631153068106,0.7109464082098061,0.7704664813098548,19970.0,0.1756634952428643,,,,,
rich_features,2,0.9,medium,Naive (always 'not congested'),29,0.8264396594892338,0.0,0.0,0.0,19970.0,0.17356034051076616,,,,,
rich_features,2,0.9,medium,Naive (persistence),29,0.9243865798698047,0.7829861111111112,0.7807270628967109,0.7818549552152557,19970.0,0.17356034051076616,,,,,
rich_features,2,0.9,medium,Logistic Regression,29,0.9265898848272408,0.835345405767941,0.7186959030582805,0.7726426799007444,19970.0,0.17356034051076616,,,,,
rich_features,2,0.9,medium,Random Forest,29,0.9261392088132199,0.847955260398462,0.6999422965954991,0.7668721352931879,19970.0,0.17356034051076616,,,,,
rich_features,2,0.9,medium,Naive (always 'not congested'),ALL_MEAN,0.7992353990903235,0.0,0.0,0.0,,0.20076460090967654,0.039026926839851137,0.0,0.0,0.0,5.0
rich_features,2,0.9,medium,Naive (persistence),ALL_MEAN,0.9204030390887017,0.7974731110119039,0.7970931086264406,0.797282775620509,,0.20076460090967654,0.006046192877069142,0.023278983670994784,0.023651689974621217,0.023461477608944438,5.0
rich_features,2,0.9,medium,Logistic Regression,ALL_MEAN,0.9234074555827533,0.8488433860586205,0.7423248225095548,0.7919716089055142,,0.20076460090967654,0.006278929891786468,0.01980094529167856,0.027682161003597796,0.02420845143346811,5.0
rich_features,2,0.9,medium,Random Forest,ALL_MEAN,0.922756514221535,0.8598764636419437,0.7253971041798115,0.7868637970321857,,0.20076460090967654,0.006612268958329573,0.018763428886456695,0.027604009657921865,0.023801704162979755,5.0
rich_features,2,0.9,long,Naive (always 'not congested'),25,0.7707676130389064,0.0,0.0,0.0,19971.0,0.22923238696109358,,,,,
rich_features,2,0.9,long,Naive (persistence),25,0.8843322818086226,0.7475982532751092,0.7479248580166011,0.7477615199825289,19971.0,0.22923238696109358,,,,,
rich_features,2,0.9,long,Logistic Regression,25,0.8888388162836113,0.8253311258278145,0.6533420707732635,0.7293343087051939,19971.0,0.22923238696109358,,,,,
rich_features,2,0.9,long,Random Forest,25,0.8893896149416655,0.8499261447562777,0.6284403669724771,0.7225919879442421,19971.0,0.22923238696109358,,,,,
rich_features,2,0.9,long,Naive (always 'not congested'),26,0.8381152671373492,0.0,0.0,0.0,19971.0,0.16188473286265084,,,,,
rich_features,2,0.9,long,Naive (persistence),26,0.9049121225777377,0.7062461348175634,0.7064645839777297,0.7063553425081182,19971.0,0.16188473286265084,,,,,
rich_features,2,0.9,long,Logistic Regression,26,0.9104201091582795,0.805156382079459,0.5892360037117229,0.6804786569030183,19971.0,0.16188473286265084,,,,,
rich_features,2,0.9,long,Random Forest,26,0.907315607631065,0.8123869801084991,0.5558304979894835,0.6600550964187328,19971.0,0.16188473286265084,,,,,
rich_features,2,0.9,long,Naive (always 'not congested'),27,0.7365680236342697,0.0,0.0,0.0,19971.0,0.2634319763657303,,,,,
rich_features,2,0.9,long,Naive (persistence),27,0.8732161634369836,0.7593613381486409,0.7593613381486409,0.7593613381486409,19971.0,0.2634319763657303,,,,,
rich_features,2,0.9,long,Logistic Regression,27,0.8783736417805819,0.8455344070278185,0.6586200342140277,0.7404637247569185,19971.0,0.2634319763657303,,,,,
rich_features,2,0.9,long,Random Forest,27,0.8770717540433629,0.8640373637778931,0.6329595134004942,0.7306637410861218,19971.0,0.2634319763657303,,,,,
rich_features,2,0.9,long,Naive (always 'not congested'),28,0.8239859789684527,0.0,0.0,0.0,19970.0,0.1760140210315473,,,,,
rich_features,2,0.9,long,Naive (persistence),28,0.8908863294942414,0.6904218928164196,0.6890469416785207,0.6897337320233519,19970.0,0.1760140210315473,,,,,
rich_features,2,0.9,long,Logistic Regression,28,0.901201802704056,0.7879014189693802,0.6002844950213371,0.681414500242209,19970.0,0.1760140210315473,,,,,
rich_features,2,0.9,long,Random Forest,28,0.9020030045067602,0.8086370839936609,0.5806543385490754,0.675939725120053,19970.0,0.1760140210315473,,,,,
rich_features,2,0.9,long,Naive (always 'not congested'),29,0.8259889834752128,0.0,0.0,0.0,19970.0,0.17401101652478718,,,,,
rich_features,2,0.9,long,Naive (persistence),29,0.8881822734101151,0.6796875,0.6759712230215827,0.6778242677824268,19970.0,0.17401101652478718,,,,,
rich_features,2,0.9,long,Logistic Regression,29,0.8966449674511767,0.7774282343688557,0.5689208633093525,0.6570289132602194,19970.0,0.17401101652478718,,,,,
rich_features,2,0.9,long,Random Forest,29,0.8964446670005007,0.7989800254993625,0.5410071942446043,0.6451612903225806,19970.0,0.17401101652478718,,,,,
rich_features,2,0.9,long,Naive (always 'not congested'),ALL_MEAN,0.7990851732508382,0.0,0.0,0.0,,0.20091482674916183,0.03892940166841049,0.0,0.0,0.0,5.0
rich_features,2,0.9,long,Naive (persistence),ALL_MEAN,0.8883058341455401,0.7166630238115467,0.715753788968615,0.7162072400890134,,0.20091482674916183,0.010256025733784384,0.031446565353142206,0.03261531420681932,0.03202844934514801,5.0
rich_features,2,0.9,long,Logistic Regression,ALL_MEAN,0.895095867475541,0.8082703136546655,0.6140806934059407,0.6977440207735118,,0.20091482674916183,0.01089309929002667,0.024720462221236986,0.03569933495912849,0.031765973651749484,5.0
rich_features,2,0.9,long,Random Forest,ALL_MEAN,0.8944449296246709,0.8267935196271388,0.5877783822312269,0.686882368178346,,0.20091482674916183,0.010527689529645176,0.02542839854926591,0.03729261307128055,0.03397669154619613,5.0
rich_features,2,0.9,extra_long,Naive (always 'not congested'),25,0.7707676130389064,0.0,0.0,0.0,19971.0,0.22923238696109358,,,,,
rich_features,2,0.9,extra_long,Naive (persistence),25,0.9000550798658055,0.7818777292576419,0.7822193097422455,0.782048482201354,19971.0,0.22923238696109358,,,,,
rich_features,2,0.9,extra_long,Logistic Regression,25,0.9017074758399679,0.8536651338923451,0.6893840104849279,0.7627794561933535,19971.0,0.22923238696109358,,,,,
rich_features,2,0.9,extra_long,Random Forest,25,0.9023584197085774,0.8580381471389645,0.6878549584971604,0.7635790494665373,19971.0,0.22923238696109358,,,,,
rich_features,2,0.9,extra_long,Naive (always 'not congested'),26,0.8380651945320715,0.0,0.0,0.0,19971.0,0.1619348054679285,,,,,
rich_features,2,0.9,extra_long,Naive (persistence),26,0.913674828501327,0.7334570191713049,0.7334570191713049,0.7334570191713049,19971.0,0.1619348054679285,,,,,
rich_features,2,0.9,extra_long,Logistic Regression,26,0.9189825246607581,0.8341604631927213,0.6236858379715523,0.7137296532200991,19971.0,0.1619348054679285,,,,,
rich_features,2,0.9,extra_long,Random Forest,26,0.9189825246607581,0.8347141673570837,0.6230674087816945,0.7135269121813032,19971.0,0.1619348054679285,,,,,
rich_features,2,0.9,extra_long,Naive (always 'not congested'),27,0.7365680236342697,0.0,0.0,0.0,19971.0,0.2634319763657303,,,,,
rich_features,2,0.9,extra_long,Naive (persistence),27,0.889740123178609,0.7907241969207375,0.7907241969207375,0.7907241969207375,19971.0,0.2634319763657303,,,,,
rich_features,2,0.9,extra_long,Logistic Regression,27,0.8916929547844374,0.871462829736211,0.6907432047139327,0.7706499840950058,19971.0,0.2634319763657303,,,,,
rich_features,2,0.9,extra_long,Random Forest,27,0.8904411396524962,0.8694397691752825,0.6873218019387949,0.7677282377919321,19971.0,0.2634319763657303,,,,,
rich_features,2,0.9,extra_long,Naive (always 'not congested'),28,0.8242363545317977,0.0,0.0,0.0,19970.0,0.1757636454682023,,,,,
rich_features,2,0.9,extra_long,Naive (persistence),28,0.9038557836755132,0.7266248574686431,0.7262108262108262,0.7264177828441152,19970.0,0.1757636454682023,,,,,
rich_features,2,0.9,extra_long,Logistic Regression,28,0.9128192288432649,0.8236370289059641,0.6413105413105413,0.7211276629825405,19970.0,0.1757636454682023,,,,,
rich_features,2,0.9,extra_long,Random Forest,28,0.9124186279419129,0.8214676889375685,0.6410256410256411,0.7201152184349496,19970.0,0.1757636454682023,,,,,
rich_features,2,0.9,extra_long,Naive (always 'not congested'),29,0.8262393590385578,0.0,0.0,0.0,19970.0,0.17376064096144217,,,,,
rich_features,2,0.9,extra_long,Naive (persistence),29,0.9053580370555834,0.7285879629629629,0.7256484149855907,0.7271152180190587,19970.0,0.17376064096144217,,,,,
rich_features,2,0.9,extra_long,Logistic Regression,29,0.9083625438157236,0.8139356814701378,0.6126801152737752,0.6991121341663926,19970.0,0.17376064096144217,,,,,
rich_features,2,0.9,extra_long,Random Forest,29,0.9084126189283925,0.8188884570540226,0.6072046109510086,0.6973357603839153,19970.0,0.17376064096144217,,,,,
rich_features,2,0.9,extra_long,Naive (always 'not congested'),ALL_MEAN,0.7991753089551206,0.0,0.0,0.0,,0.20082469104487935,0.03898618056444604,0.0,0.0,0.0,5.0
rich_features,2,0.9,extra_long,Naive (persistence),ALL_MEAN,0.9025367704553675,0.752254353156258,0.751651953406141,0.7519525398313142,,0.20082469104487935,0.007793184815563763,0.02802777954042074,0.02868969878478875,0.028354921245830573,5.0
rich_features,2,0.9,extra_long,Logistic Regression,ALL_MEAN,0.9067129455888304,0.8393722274394758,0.6515607419509458,0.7334797781314784,,0.20082469104487935,0.009393671180818183,0.020764733376283553,0.03274032695806516,0.028156251456041455,5.0
rich_features,2,0.9,extra_long,Random Forest,ALL_MEAN,0.9065226661784275,0.8405096459325844,0.64929488423886,0.7324570356517274,,0.20082469104487935,0.009690601673571983,0.02003926092460169,0.0330477767911394,0.028131162249575428,5.0
rich_features,2,0.95,short,Naive (always 'not congested'),25,0.7870412097541435,0.0,0.0,0.0,19971.0,0.21295879024585648,,,,,
rich_features,2,0.95,short,Naive (persistence),25,0.9636973611737019,0.9142790042273368,0.9153538678579826,0.9148161203148866,19971.0,0.21295879024585648,,,,,
rich_features,2,0.95,short,Logistic Regression,25,0.9633468529367583,0.915310214673272,0.9122972019750765,0.9138012246820537,19971.0,0.21295879024585648,,,,,
rich_features,2,0.95,short,Random Forest,25,0.9626959090681488,0.9251090644692196,0.8974841288502233,0.9110872419143096,19971.0,0.21295879024585648,,,,,
rich_features,2,0.95,short,Naive (always 'not congested'),26,0.8964446670005007,0.0,0.0,0.0,19970.0,0.10355533299949925,,,,,
rich_features,2,0.95,short,Naive (persistence),26,0.9769654481722584,0.8887814313346228,0.8887814313346228,0.8887814313346228,19970.0,0.10355533299949925,,,,,
rich_features,2,0.95,short,Logistic Regression,26,0.9766649974962444,0.8907317073170732,0.8829787234042553,0.8868382710053424,19970.0,0.10355533299949925,,,,,
rich_features,2,0.95,short,Random Forest,26,0.9761642463695543,0.9004024144869215,0.8655705996131529,0.8826429980276134,19970.0,0.10355533299949925,,,,,
rich_features,2,0.95,short,Naive (always 'not congested'),27,0.888588453257223,0.0,0.0,0.0,19971.0,0.11141154674277702,,,,,
rich_features,2,0.95,short,Naive (persistence),27,0.9703570176756297,0.8669662921348315,0.8669662921348315,0.8669662921348315,19971.0,0.11141154674277702,,,,,
rich_features,2,0.95,short,Logistic Regression,27,0.9705072354914627,0.8694670280036134,0.8651685393258427,0.8673124577607569,19971.0,0.11141154674277702,,,,,
rich_features,2,0.95,short,Random Forest,27,0.9697060738070202,0.8795688847235239,0.8435955056179776,0.8612066987841248,19971.0,0.11141154674277702,,,,,
rich_features,2,0.95,short,Naive (always 'not congested'),28,0.8783736417805819,0.0,0.0,0.0,19971.0,0.12162635821941815,,,,,
rich_features,2,0.95,short,Naive (persistence),28,0.9694557107806319,0.8744339234252779,0.8744339234252779,0.8744339234252779,19971.0,0.12162635821941815,,,,,
rich_features,2,0.95,short,Logistic Regression,28,0.9695057833859095,0.8766556291390728,0.8719637710992177,0.8743034055727554,19971.0,0.12162635821941815,,,,,
rich_features,2,0.95,short,Random Forest,28,0.9699063642281308,0.8926116838487973,0.8554960889254838,0.8736598696657557,19971.0,0.12162635821941815,,,,,
rich_features,2,0.95,short,Naive (always 'not congested'),29,0.8932952781533223,0.0,0.0,0.0,19971.0,0.10670472184667769,,,,,
rich_features,2,0.95,short,Naive (persistence),29,0.9755645686245056,0.8854997653683716,0.8854997653683716,0.8854997653683716,19971.0,0.10670472184667769,,,,,
rich_features,2,0.95,short,Logistic Regression,29,0.9757147864403385,0.8874764595103578,0.8845612388549976,0.8860164512338425,19971.0,0.10670472184667769,,,,,
rich_features,2,0.95,short,Random Forest,29,0.9758650042561714,0.9023914104441191,0.8676677616142656,0.884688995215311,19971.0,0.10670472184667769,,,,,
rich_features,2,0.95,short,Naive (always 'not congested'),ALL_MEAN,0.8687486499891544,0.0,0.0,0.0,,0.1312513500108457,0.04130852300187287,0.0,0.0,0.0,5.0
rich_features,2,0.95,short,Naive (persistence),ALL_MEAN,0.9712080212853454,0.8859920832980881,0.8862070560242173,0.8860995065155981,,0.1312513500108457,0.004739879400107227,0.016147721350727482,0.016525604101653255,0.016336229917907022,5.0
rich_features,2,0.95,short,Logistic Regression,ALL_MEAN,0.9711479311501426,0.887928207728678,0.883393894931878,0.8856543620509502,,0.1312513500108457,0.004801211301470611,0.0156571017471858,0.01612294969949351,0.01586851153021827,5.0
rich_features,2,0.95,short,Random Forest,ALL_MEAN,0.9708675195458051,0.9000166915945161,0.8659628169242206,0.8826571607214229,,0.1312513500108457,0.004941217704638127,0.014888668132476402,0.017924858640566754,0.01645279084101199,5.0
rich_features,2,0.95,medium,Naive (always 'not congested'),25,0.7872915727805317,0.0,0.0,0.0,19971.0,0.21270842721946823,,,,,
rich_features,2,0.95,medium,Naive (persistence),25,0.9492263782484602,0.8797557538750587,0.8818267419962336,0.8807900305666588,19971.0,0.21270842721946823,,,,,
rich_features,2,0.95,medium,Logistic Regression,25,0.9484752891692955,0.8980954736581747,0.8547551789077212,0.8758895187552768,19971.0,0.21270842721946823,,,,,
rich_features,2,0.95,medium,Random Forest,25,0.9480747083270743,0.9016762571928947,0.8483992467043314,0.8742268041237113,19971.0,0.21270842721946823,,,,,
rich_features,2,0.95,medium,Naive (always 'not congested'),26,0.8964446670005007,0.0,0.0,0.0,19970.0,0.10355533299949925,,,,,
rich_features,2,0.95,medium,Naive (persistence),26,0.9664496745117677,0.8380077369439072,0.8380077369439072,0.8380077369439072,19970.0,0.10355533299949925,,,,,
rich_features,2,0.95,medium,Logistic Regression,26,0.9654481722583875,0.8618697478991597,0.7935203094777563,0.8262839879154078,19970.0,0.10355533299949925,,,,,
rich_features,2,0.95,medium,Random Forest,26,0.9663995993990987,0.8697723663313923,0.7944874274661509,0.8304270912307303,19970.0,0.10355533299949925,,,,,
rich_features,2,0.95,medium,Naive (always 'not congested'),27,0.888588453257223,0.0,0.0,0.0,19971.0,0.11141154674277702,,,,,
rich_features,2,0.95,medium,Naive (persistence),27,0.9569375594612187,0.8067415730337079,0.8067415730337079,0.8067415730337079,19971.0,0.11141154674277702,,,,,
rich_features,2,0.95,medium,Logistic Regression,27,0.9578388663562165,0.834219429676172,0.7757303370786517,0.8039124359571496,19971.0,0.11141154674277702,,,,,
rich_features,2,0.95,medium,Random Forest,27,0.9593911171198237,0.8482758620689655,0.7739325842696629,0.809400705052879,19971.0,0.11141154674277702,,,,,
rich_features,2,0.95,medium,Naive (always 'not congested'),28,0.8783736417805819,0.0,0.0,0.0,19971.0,0.12162635821941815,,,,,
rich_features,2,0.95,medium,Naive (persistence),28,0.95733814030344,0.8246191848497324,0.8246191848497324,0.8246191848497324,19971.0,0.12162635821941815,,,,,
rich_features,2,0.95,medium,Logistic Regression,28,0.9584397376195484,0.8554913294797688,0.7920955125566077,0.8225737494655836,19971.0,0.12162635821941815,,,,,
rich_features,2,0.95,medium,Random Forest,28,0.9582394471984378,0.8597203428055932,0.7846850555784274,0.8204907447266466,19971.0,0.12162635821941815,,,,,
rich_features,2,0.95,medium,Naive (always 'not congested'),29,0.8932952781533223,0.0,0.0,0.0,19971.0,0.10670472184667769,,,,,
rich_features,2,0.95,medium,Naive (persistence),29,0.9626458364628712,0.8249648052557484,0.8249648052557484,0.8249648052557484,19971.0,0.10670472184667769,,,,,
rich_features,2,0.95,medium,Logistic Regression,29,0.9646487406739772,0.8582202111613876,0.8010323791647114,0.8286407766990291,19971.0,0.10670472184667769,,,,,
rich_features,2,0.95,medium,Random Forest,29,0.9638475789895348,0.8567088607594937,0.7939934303144064,0.824159766195811,19971.0,0.10670472184667769,,,,,
rich_features,2,0.95,medium,Naive (always 'not congested'),ALL_MEAN,0.8687987225944319,0.0,0.0,0.0,,0.13120127740556806,0.04120948304520681,0.0,0.0,0.0,5.0
rich_features,2,0.95,medium,Naive (persistence),ALL_MEAN,0.9585195177975516,0.834817810791631,0.835232008415866,0.835024666129951,,0.13120127740556806,0.005833945129672773,0.02457219230454901,0.025331901860416055,0.02495105404618333,5.0
rich_features,2,0.95,medium,Logistic Regression,ALL_MEAN,0.9589701612154851,0.8615792383749324,0.8034267434370896,0.8314600937584894,,0.13120127740556806,0.006097776779351651,0.020641824849633252,0.02695910391819719,0.023860238855290112,5.0
rich_features,2,0.95,medium,Random Forest,ALL_MEAN,0.9591904902067938,0.8672307378316677,0.7990995488665957,0.8317410222659556,,0.13120127740556806,0.006295475709370689,0.018543769440134736,0.025764153551597283,0.0223154746143729,5.0
rich_features,2,0.95,long,Naive (always 'not congested'),25,0.7877922988333083,0.0,0.0,0.0,19971.0,0.21220770116669171,,,,,
rich_features,2,0.95,long,Naive (persistence),25,0.9255921085574083,0.8231564114607797,0.8270410571024068,0.8250941619585688,19971.0,0.21220770116669171,,,,,
rich_features,2,0.95,long,Logistic Regression,25,0.9263932702418507,0.8537832310838446,0.7881075979235489,0.8196319018404908,19971.0,0.21220770116669171,,,,,
rich_features,2,0.95,long,Random Forest,25,0.926343197636573,0.8570322580645161,0.7836243511090137,0.8186860594108222,19971.0,0.21220770116669171,,,,,
rich_features,2,0.95,long,Naive (always 'not congested'),26,0.8966449674511767,0.0,0.0,0.0,19970.0,0.10335503254882324,,,,,
rich_features,2,0.95,long,Naive (persistence),26,0.9525287931897847,0.769825918762089,0.7713178294573644,0.7705711519845111,19970.0,0.10335503254882324,,,,,
rich_features,2,0.95,long,Logistic Regression,26,0.9532799198798197,0.8088476242490442,0.7175387596899225,0.7604621309370988,19970.0,0.10335503254882324,,,,,
rich_features,2,0.95,long,Random Forest,26,0.9536304456685027,0.815410199556541,0.7126937984496124,0.7605997931747673,19970.0,0.10335503254882324,,,,,
rich_features,2,0.95,long,Naive (always 'not congested'),27,0.888588453257223,0.0,0.0,0.0,19971.0,0.11141154674277702,,,,,
rich_features,2,0.95,long,Naive (persistence),27,0.9400130188773722,0.7307865168539326,0.7307865168539326,0.7307865168539326,19971.0,0.11141154674277702,,,,,
rich_features,2,0.95,long,Logistic Regression,27,0.9424665765359772,0.7714429868819375,0.687191011235955,0.7268837651533159,19971.0,0.11141154674277702,,,,,
rich_features,2,0.95,long,Random Forest,27,0.9428671573781984,0.7770961145194274,0.6831460674157304,0.7270987801961253,19971.0,0.11141154674277702,,,,,
rich_features,2,0.95,long,Naive (always 'not congested'),28,0.8783736417805819,0.0,0.0,0.0,19971.0,0.12162635821941815,,,,,
rich_features,2,0.95,long,Naive (persistence),28,0.9421160682990336,0.762041992589543,0.762041992589543,0.762041992589543,19971.0,0.12162635821941815,,,,,
rich_features,2,0.95,long,Logistic Regression,28,0.9450202794051374,0.8079592781119852,0.7188143268834911,0.7607843137254902,19971.0,0.12162635821941815,,,,,
rich_features,2,0.95,long,Random Forest,28,0.9450202794051374,0.8105459636024265,0.715109098394401,0.7598425196850394,19971.0,0.12162635821941815,,,,,
rich_features,2,0.95,long,Naive (always 'not congested'),29,0.8932952781533223,0.0,0.0,0.0,19971.0,0.10670472184667769,,,,,
rich_features,2,0.95,long,Naive (persistence),29,0.9466226027740223,0.7498826841858283,0.7498826841858283,0.7498826841858283,19971.0,0.10670472184667769,,,,,
rich_features,2,0.95,long,Logistic Regression,29,0.947674127484853,0.7801857585139319,0.7095260441107462,0.7431801425411649,19971.0,0.10670472184667769,,,,,
rich_features,2,0.95,long,Random Forest,29,0.9480747083270743,0.7851929092805006,0.7067104645706241,0.7438873795999013,19971.0,0.10670472184667769,,,,,
rich_features,2,0.95,long,Naive (always 'not congested'),ALL_MEAN,0.8689389278951225,0.0,0.0,0.0,,0.13106107210487755,0.04103839545336474,0.0,0.0,0.0,5.0
rich_features,2,0.95,long,Naive (persistence),ALL_MEAN,0.9413745183395242,0.7671387047704346,0.768214016037815,0.7676753015144768,,0.13106107210487755,0.008982742046004577,0.030952973587913504,0.03238889845064741,0.03166829745730697,5.0
rich_features,2,0.95,long,Logistic Regression,ALL_MEAN,0.9429668347095277,0.8044437757681487,0.7242355479687327,0.7621884508395121,,0.13106107210487755,0.009029598701212643,0.028787629139058735,0.03388965205554948,0.03134465970499093,5.0
rich_features,2,0.95,long,Random Forest,ALL_MEAN,0.9431871576830971,0.8090554890046825,0.7202567559878764,0.762022906413331,,0.13106107210487755,0.0091665930501513,0.028054228054704134,0.03364477384177688,0.03087420985232731,5.0
rich_features,2,0.95,extra_long,Naive (always 'not congested'),25,0.78754193580692,0.0,0.0,0.0,19971.0,0.21245806419307997,,,,,
rich_features,2,0.95,extra_long,Naive (persistence),25,0.9364578639026588,0.8492249882573979,0.8522271977374499,0.8507234443006705,19971.0,0.21245806419307997,,,,,
rich_features,2,0.95,extra_long,Logistic Regression,25,0.9365580091132142,0.8780487804878049,0.8145180296959699,0.8450910869299425,19971.0,0.21245806419307997,,,,,
rich_features,2,0.95,extra_long,Random Forest,25,0.9362075008762706,0.8817176652095654,0.8081546075889701,0.8433349729463846,19971.0,0.21245806419307997,,,,,
rich_features,2,0.95,extra_long,Naive (always 'not congested'),26,0.8964446670005007,0.0,0.0,0.0,19970.0,0.10355533299949925,,,,,
rich_features,2,0.95,extra_long,Naive (persistence),26,0.958537806710065,0.7998065764023211,0.7998065764023211,0.7998065764023211,19970.0,0.10355533299949925,,,,,
rich_features,2,0.95,extra_long,Logistic Regression,26,0.9589384076114171,0.8394994559303591,0.7461315280464217,0.7900665642601127,19970.0,0.10355533299949925,,,,,
rich_features,2,0.95,extra_long,Random Forest,26,0.9594391587381071,0.8463656387665198,0.7432301740812379,0.7914521112255407,19970.0,0.10355533299949925,,,,,
rich_features,2,0.95,extra_long,Naive (always 'not congested'),27,0.888588453257223,0.0,0.0,0.0,19971.0,0.11141154674277702,,,,,
rich_features,2,0.95,extra_long,Naive (persistence),27,0.9475239096690201,0.7644943820224719,0.7644943820224719,0.7644943820224719,19971.0,0.11141154674277702,,,,,
rich_features,2,0.95,extra_long,Logistic Regression,27,0.950127685143458,0.8083291520321124,0.7240449438202248,0.7638691322901849,19971.0,0.11141154674277702,,,,,
rich_features,2,0.95,extra_long,Random Forest,27,0.9508787742226228,0.8173469387755102,0.72,0.7655913978494624,19971.0,0.11141154674277702,,,,,
rich_features,2,0.95,extra_long,Naive (always 'not congested'),28,0.8783736417805819,0.0,0.0,0.0,19971.0,0.12162635821941815,,,,,
rich_features,2,0.95,extra_long,Naive (persistence),28,0.9496269590906815,0.7929188966652944,0.7929188966652944,0.7929188966652944,19971.0,0.12162635821941815,,,,,
rich_features,2,0.95,extra_long,Logistic Regression,28,0.9509288468279005,0.8334100322135297,0.745574310415809,0.7870491090830074,19971.0,0.12162635821941815,,,,,
rich_features,2,0.95,extra_long,Random Forest,28,0.9509288468279005,0.8387096774193549,0.738575545491972,0.7854640980735552,19971.0,0.12162635821941815,,,,,
rich_features,2,0.95,extra_long,Naive (always 'not congested'),29,0.8932952781533223,0.0,0.0,0.0,19971.0,0.10670472184667769,,,,,
rich_features,2,0.95,extra_long,Naive (persistence),29,0.9544339291973362,0.7864852182074143,0.7864852182074143,0.7864852182074143,19971.0,0.10670472184667769,,,,,
rich_features,2,0.95,extra_long,Logistic Regression,29,0.9559861799609434,0.8206967213114754,0.7517597372125763,0.7847171197648788,19971.0,0.10670472184667769,,,,,
rich_features,2,0.95,extra_long,Random Forest,29,0.9552350908817786,0.8226395409494001,0.7400281557954013,0.7791501976284585,19971.0,0.10670472184667769,,,,,
rich_features,2,0.95,extra_long,Naive (always 'not congested'),ALL_MEAN,0.8688487951997097,0.0,0.0,0.0,,0.1311512048002904,0.041110448443631806,0.0,0.0,0.0,5.0
rich_features,2,0.95,extra_long,Naive (persistence),ALL_MEAN,0.9493160937139523,0.7985860123109798,0.7991864542069902,0.7988857035196344,,0.1311512048002904,0.007481642405662706,0.027952031536222013,0.029044271626991674,0.028496095137701714,5.0
rich_features,2,0.95,extra_long,Logistic Regression,ALL_MEAN,0.9505078257313867,0.8359968283950563,0.7564057098382003,0.7941586024656251,,0.1311512048002904,0.0076942345325749124,0.02360898210868181,0.030557238039776502,0.02708505582655558,5.0
rich_features,2,0.95,extra_long,Random Forest,ALL_MEAN,0.950537874309336,0.84135589222407,0.7499976965915163,0.7929985555446802,,0.1311512048002904,0.007834862896089145,0.022750403875434377,0.030191868898482507,0.026592644720528705,5.0
