dataset,arrival_erlang_k,service_erlang_k,rho,horizon,model,test_run_id,accuracy,precision_congested,recall_congested,f1_congested,n_test,congestion_rate,accuracy_std,precision_congested_std,recall_congested_std,f1_congested_std,n_test_runs
history_only,2,2,0.3,short,Naive (always 'not congested'),25,0.9663456664977192,0.0,0.0,0.0,19730.0,0.03365433350228079,,,,,
history_only,2,2,0.3,short,Naive (persistence),25,0.9367967562088191,0.0563165905631659,0.05572289156626506,0.056018168054504165,19730.0,0.03365433350228079,,,,,
history_only,2,2,0.3,short,Logistic Regression,25,0.9663456664977192,0.0,0.0,0.0,19730.0,0.03365433350228079,,,,,
history_only,2,2,0.3,short,Random Forest,25,0.9663456664977192,0.0,0.0,0.0,19730.0,0.03365433350228079,,,,,
history_only,2,2,0.3,short,Naive (always 'not congested'),26,0.9641285099924108,0.0,0.0,0.0,19765.0,0.03587149000758917,,,,,
history_only,2,2,0.3,short,Naive (persistence),26,0.9322539843157096,0.052556818181818184,0.05218617771509168,0.052370842179759375,19765.0,0.03587149000758917,,,,,
history_only,2,2,0.3,short,Logistic Regression,26,0.9641285099924108,0.0,0.0,0.0,19765.0,0.03587149000758917,,,,,
history_only,2,2,0.3,short,Random Forest,26,0.9641285099924108,0.0,0.0,0.0,19765.0,0.03587149000758917,,,,,
history_only,2,2,0.3,short,Naive (always 'not congested'),27,0.9664629526743775,0.0,0.0,0.0,19799.0,0.03353704732562251,,,,,
history_only,2,2,0.3,short,Naive (persistence),27,0.9376231122783979,0.0654490106544901,0.06475903614457831,0.06510219530658592,19799.0,0.03353704732562251,,,,,
history_only,2,2,0.3,short,Logistic Regression,27,0.9664629526743775,0.0,0.0,0.0,19799.0,0.03353704732562251,,,,,
history_only,2,2,0.3,short,Random Forest,27,0.9664629526743775,0.0,0.0,0.0,19799.0,0.03353704732562251,,,,,
history_only,2,2,0.3,short,Naive (always 'not congested'),28,0.9633714459172316,0.0,0.0,0.0,19766.0,0.03662855408276839,,,,,
history_only,2,2,0.3,short,Naive (persistence),28,0.9321056359405039,0.0647887323943662,0.06353591160220995,0.06415620641562064,19766.0,0.03662855408276839,,,,,
history_only,2,2,0.3,short,Logistic Regression,28,0.9633714459172316,0.0,0.0,0.0,19766.0,0.03662855408276839,,,,,
history_only,2,2,0.3,short,Random Forest,28,0.9633714459172316,0.0,0.0,0.0,19766.0,0.03662855408276839,,,,,
history_only,2,2,0.3,short,Naive (always 'not congested'),29,0.9636160940508767,0.0,0.0,0.0,19734.0,0.036383905949123344,,,,,
history_only,2,2,0.3,short,Naive (persistence),29,0.9334650856389987,0.07801418439716312,0.0766016713091922,0.07730147575544624,19734.0,0.036383905949123344,,,,,
history_only,2,2,0.3,short,Logistic Regression,29,0.9636160940508767,0.0,0.0,0.0,19734.0,0.036383905949123344,,,,,
history_only,2,2,0.3,short,Random Forest,29,0.9636160940508767,0.0,0.0,0.0,19734.0,0.036383905949123344,,,,,
history_only,2,2,0.3,short,Naive (always 'not congested'),ALL_MEAN,0.9647849338265232,0.0,0.0,0.0,,0.03521506617347684,0.0013451141561615504,0.0,0.0,0.0,5.0
history_only,2,2,0.3,short,Naive (persistence),ALL_MEAN,0.9344489148764857,0.0634250672382007,0.06256113766746743,0.06298977754238326,,0.03521506617347684,0.0023179510078989323,0.00880281258779813,0.008453625620264417,0.008625690673281774,5.0
history_only,2,2,0.3,short,Logistic Regression,ALL_MEAN,0.9647849338265232,0.0,0.0,0.0,,0.03521506617347684,0.0013451141561615504,0.0,0.0,0.0,5.0
history_only,2,2,0.3,short,Random Forest,ALL_MEAN,0.9647849338265232,0.0,0.0,0.0,,0.03521506617347684,0.0013451141561615504,0.0,0.0,0.0,5.0
history_only,2,2,0.3,medium,Naive (always 'not congested'),25,0.9661429295489102,0.0,0.0,0.0,19730.0,0.03385707045108971,,,,,
history_only,2,2,0.3,medium,Naive (persistence),25,0.9346680182463254,0.0273972602739726,0.02694610778443114,0.027169811320754716,19730.0,0.03385707045108971,,,,,
history_only,2,2,0.3,medium,Logistic Regression,25,0.9661429295489102,0.0,0.0,0.0,19730.0,0.03385707045108971,,,,,
history_only,2,2,0.3,medium,Random Forest,25,0.9661429295489102,0.0,0.0,0.0,19730.0,0.03385707045108971,,,,,
history_only,2,2,0.3,medium,Naive (always 'not congested'),26,0.9639767265368074,0.0,0.0,0.0,19765.0,0.036023273463192514,,,,,
history_only,2,2,0.3,medium,Naive (persistence),26,0.9309891221856818,0.036931818181818184,0.03651685393258427,0.03672316384180791,19765.0,0.036023273463192514,,,,,
history_only,2,2,0.3,medium,Logistic Regression,26,0.9639767265368074,0.0,0.0,0.0,19765.0,0.036023273463192514,,,,,
history_only,2,2,0.3,medium,Random Forest,26,0.9639767265368074,0.0,0.0,0.0,19765.0,0.036023273463192514,,,,,
history_only,2,2,0.3,medium,Naive (always 'not congested'),27,0.9666144754785595,0.0,0.0,0.0,19799.0,0.033385524521440474,,,,,
history_only,2,2,0.3,medium,Naive (persistence),27,0.9363604222435477,0.0441400304414003,0.04387291981845688,0.04400606980273141,19799.0,0.033385524521440474,,,,,
history_only,2,2,0.3,medium,Logistic Regression,27,0.9666144754785595,0.0,0.0,0.0,19799.0,0.033385524521440474,,,,,
history_only,2,2,0.3,medium,Random Forest,27,0.9666144754785595,0.0,0.0,0.0,19799.0,0.033385524521440474,,,,,
history_only,2,2,0.3,medium,Naive (always 'not congested'),28,0.9632196701406456,0.0,0.0,0.0,19766.0,0.03678032985935445,,,,,
history_only,2,2,0.3,medium,Naive (persistence),28,0.9303349185469999,0.04225352112676056,0.04126547455295736,0.04175365344467641,19766.0,0.03678032985935445,,,,,
history_only,2,2,0.3,medium,Logistic Regression,28,0.9632196701406456,0.0,0.0,0.0,19766.0,0.03678032985935445,,,,,
history_only,2,2,0.3,medium,Random Forest,28,0.9632196701406456,0.0,0.0,0.0,19766.0,0.03678032985935445,,,,,
history_only,2,2,0.3,medium,Naive (always 'not congested'),29,0.9636160940508767,0.0,0.0,0.0,19734.0,0.036383905949123344,,,,,
history_only,2,2,0.3,medium,Naive (persistence),29,0.9311340833079963,0.04539007092198582,0.04456824512534819,0.044975404075895994,19734.0,0.036383905949123344,,,,,
history_only,2,2,0.3,medium,Logistic Regression,29,0.9636160940508767,0.0,0.0,0.0,19734.0,0.036383905949123344,,,,,
history_only,2,2,0.3,medium,Random Forest,29,0.9636160940508767,0.0,0.0,0.0,19734.0,0.036383905949123344,,,,,
history_only,2,2,0.3,medium,Naive (always 'not congested'),ALL_MEAN,0.9647139791511599,0.0,0.0,0.0,,0.0352860208488401,0.0013882102189069166,0.0,0.0,0.0,5.0
history_only,2,2,0.3,medium,Naive (persistence),ALL_MEAN,0.9326973129061102,0.03922254018918749,0.03863392024275557,0.03892562049717328,,0.0352860208488401,0.0023767439482496855,0.006580146556920781,0.0064911529989135856,0.006533888299611839,5.0
history_only,2,2,0.3,medium,Logistic Regression,ALL_MEAN,0.9647139791511599,0.0,0.0,0.0,,0.0352860208488401,0.0013882102189069166,0.0,0.0,0.0,5.0
history_only,2,2,0.3,medium,Random Forest,ALL_MEAN,0.9647139791511599,0.0,0.0,0.0,,0.0352860208488401,0.0013882102189069166,0.0,0.0,0.0,5.0
history_only,2,2,0.3,long,Naive (always 'not congested'),25,0.9663963507349215,0.0,0.0,0.0,19730.0,0.03360364926507856,,,,,
history_only,2,2,0.3,long,Naive (persistence),25,0.9348200709579321,0.0258751902587519,0.02564102564102564,0.025757575757575757,19730.0,0.03360364926507856,,,,,
history_only,2,2,0.3,long,Logistic Regression,25,0.9663963507349215,0.0,0.0,0.0,19730.0,0.03360364926507856,,,,,
history_only,2,2,0.3,long,Random Forest,25,0.9663963507349215,0.0,0.0,0.0,19730.0,0.03360364926507856,,,,,
history_only,2,2,0.3,long,Naive (always 'not congested'),26,0.9638249430812041,0.0,0.0,0.0,19765.0,0.03617505691879585,,,,,
history_only,2,2,0.3,long,Naive (persistence),26,0.9311409056412852,0.041193181818181816,0.04055944055944056,0.0408738548273432,19765.0,0.03617505691879585,,,,,
history_only,2,2,0.3,long,Logistic Regression,26,0.9638249430812041,0.0,0.0,0.0,19765.0,0.03617505691879585,,,,,
history_only,2,2,0.3,long,Random Forest,26,0.9638249430812041,0.0,0.0,0.0,19765.0,0.03617505691879585,,,,,
history_only,2,2,0.3,long,Naive (always 'not congested'),27,0.9667154906813475,0.0,0.0,0.0,19799.0,0.033284509318652455,,,,,
history_only,2,2,0.3,long,Naive (persistence),27,0.9360573766351836,0.0380517503805175,0.03793626707132018,0.037993920972644375,19799.0,0.033284509318652455,,,,,
history_only,2,2,0.3,long,Logistic Regression,27,0.9667154906813475,0.0,0.0,0.0,19799.0,0.033284509318652455,,,,,
history_only,2,2,0.3,long,Random Forest,27,0.9667154906813475,0.0,0.0,0.0,19799.0,0.033284509318652455,,,,,
history_only,2,2,0.3,long,Naive (always 'not congested'),28,0.9632196701406456,0.0,0.0,0.0,19766.0,0.03678032985935445,,,,,
history_only,2,2,0.3,long,Naive (persistence),28,0.929525447738541,0.030985915492957747,0.030261348005502064,0.030619345859429367,19766.0,0.03678032985935445,,,,,
history_only,2,2,0.3,long,Logistic Regression,28,0.9632196701406456,0.0,0.0,0.0,19766.0,0.03678032985935445,,,,,
history_only,2,2,0.3,long,Random Forest,28,0.9632196701406456,0.0,0.0,0.0,19766.0,0.03678032985935445,,,,,
history_only,2,2,0.3,long,Naive (always 'not congested'),29,0.9642748555792034,0.0,0.0,0.0,19734.0,0.03572514442079659,,,,,
history_only,2,2,0.3,long,Naive (persistence),29,0.930982061416844,0.03404255319148936,0.03404255319148936,0.03404255319148936,19734.0,0.03572514442079659,,,,,
history_only,2,2,0.3,long,Logistic Regression,29,0.9642748555792034,0.0,0.0,0.0,19734.0,0.03572514442079659,,,,,
history_only,2,2,0.3,long,Random Forest,29,0.9642748555792034,0.0,0.0,0.0,19734.0,0.03572514442079659,,,,,
history_only,2,2,0.3,long,Naive (always 'not congested'),ALL_MEAN,0.9648862620434645,0.0,0.0,0.0,,0.035113737956535586,0.0014074224412345343,0.0,0.0,0.0,5.0
history_only,2,2,0.3,long,Naive (persistence),ALL_MEAN,0.9325051724779572,0.03402971822837967,0.03368812689375556,0.03385745012169641,,0.035113737956535586,0.00249145580639209,0.005352628876937633,0.005327023870448879,0.0053379373014014,5.0
history_only,2,2,0.3,long,Logistic Regression,ALL_MEAN,0.9648862620434645,0.0,0.0,0.0,,0.035113737956535586,0.0014074224412345343,0.0,0.0,0.0,5.0
history_only,2,2,0.3,long,Random Forest,ALL_MEAN,0.9648862620434645,0.0,0.0,0.0,,0.035113737956535586,0.0014074224412345343,0.0,0.0,0.0,5.0
history_only,2,2,0.3,extra_long,Naive (always 'not congested'),25,0.9663963507349215,0.0,0.0,0.0,19730.0,0.03360364926507856,,,,,
history_only,2,2,0.3,extra_long,Naive (persistence),25,0.9354282818043589,0.0350076103500761,0.03469079939668175,0.03484848484848485,19730.0,0.03360364926507856,,,,,
history_only,2,2,0.3,extra_long,Logistic Regression,25,0.9663963507349215,0.0,0.0,0.0,19730.0,0.03360364926507856,,,,,
history_only,2,2,0.3,extra_long,Random Forest,25,0.9663963507349215,0.0,0.0,0.0,19730.0,0.03360364926507856,,,,,
history_only,2,2,0.3,extra_long,Naive (always 'not congested'),26,0.9639261320516064,0.0,0.0,0.0,19765.0,0.03607386794839362,,,,,
history_only,2,2,0.3,extra_long,Naive (persistence),26,0.9311409056412852,0.03977272727272727,0.03927068723702665,0.03952011291460833,19765.0,0.03607386794839362,,,,,
history_only,2,2,0.3,extra_long,Logistic Regression,26,0.9639261320516064,0.0,0.0,0.0,19765.0,0.03607386794839362,,,,,
history_only,2,2,0.3,extra_long,Random Forest,26,0.9639261320516064,0.0,0.0,0.0,19765.0,0.03607386794839362,,,,,
history_only,2,2,0.3,extra_long,Naive (always 'not congested'),27,0.9663619374715895,0.0,0.0,0.0,19799.0,0.03363806252841053,,,,,
history_only,2,2,0.3,extra_long,Naive (persistence),27,0.9352997626142735,0.0319634703196347,0.03153153153153153,0.031746031746031744,19799.0,0.03363806252841053,,,,,
history_only,2,2,0.3,extra_long,Logistic Regression,27,0.9663619374715895,0.0,0.0,0.0,19799.0,0.03363806252841053,,,,,
history_only,2,2,0.3,extra_long,Random Forest,27,0.9663619374715895,0.0,0.0,0.0,19799.0,0.03363806252841053,,,,,
history_only,2,2,0.3,extra_long,Naive (always 'not congested'),28,0.9635738136193464,0.0,0.0,0.0,19766.0,0.03642618638065365,,,,,
history_only,2,2,0.3,extra_long,Naive (persistence),28,0.9297784073661843,0.029577464788732393,0.029166666666666667,0.02937062937062937,19766.0,0.03642618638065365,,,,,
history_only,2,2,0.3,extra_long,Logistic Regression,28,0.9635738136193464,0.0,0.0,0.0,19766.0,0.03642618638065365,,,,,
history_only,2,2,0.3,extra_long,Random Forest,28,0.9635738136193464,0.0,0.0,0.0,19766.0,0.03642618638065365,,,,,
history_only,2,2,0.3,extra_long,Naive (always 'not congested'),29,0.9638694638694638,0.0,0.0,0.0,19734.0,0.03613053613053613,,,,,
history_only,2,2,0.3,extra_long,Naive (persistence),29,0.9308807134894092,0.03829787234042553,0.037868162692847124,0.0380818053596615,19734.0,0.03613053613053613,,,,,
history_only,2,2,0.3,extra_long,Logistic Regression,29,0.9638694638694638,0.0,0.0,0.0,19734.0,0.03613053613053613,,,,,
history_only,2,2,0.3,extra_long,Random Forest,29,0.9638694638694638,0.0,0.0,0.0,19734.0,0.03613053613053613,,,,,
history_only,2,2,0.3,extra_long,Naive (always 'not congested'),ALL_MEAN,0.9648255395493855,0.0,0.0,0.0,,0.035174460450614495,0.0012741898377156408,0.0,0.0,0.0,5.0
history_only,2,2,0.3,extra_long,Naive (persistence),ALL_MEAN,0.9325056141831022,0.034923829014319195,0.03450556950495075,0.03471341284788316,,0.035174460450614495,0.002378639954699958,0.003801324401649647,0.0037787954547606637,0.003789970025703309,5.0
history_only,2,2,0.3,extra_long,Logistic Regression,ALL_MEAN,0.9648255395493855,0.0,0.0,0.0,,0.035174460450614495,0.0012741898377156408,0.0,0.0,0.0,5.0
history_only,2,2,0.3,extra_long,Random Forest,ALL_MEAN,0.9648255395493855,0.0,0.0,0.0,,0.035174460450614495,0.0012741898377156408,0.0,0.0,0.0,5.0
history_only,2,2,0.5,short,Naive (always 'not congested'),25,0.8658316633266533,0.0,0.0,0.0,19960.0,0.13416833667334668,,,,,
history_only,2,2,0.5,short,Naive (persistence),25,0.7923346693386774,0.22620380739081747,0.22628827483196415,0.22624603322755274,19960.0,0.13416833667334668,,,,,
history_only,2,2,0.5,short,Logistic Regression,25,0.8655310621242485,0.4166666666666667,0.005601194921583271,0.01105379513633014,19960.0,0.13416833667334668,,,,,
history_only,2,2,0.5,short,Random Forest,25,0.8652805611222445,0.4,0.008215085884988798,0.01609952433223564,19960.0,0.13416833667334668,,,,,
history_only,2,2,0.5,short,Naive (always 'not congested'),26,0.8497419710406333,0.0,0.0,0.0,19959.0,0.1502580289593667,,,,,
history_only,2,2,0.5,short,Naive (persistence),26,0.7765920136279373,0.2561790247160989,0.2557519173057686,0.2559652928416486,19959.0,0.1502580289593667,,,,,
history_only,2,2,0.5,short,Logistic Regression,26,0.8520967984367954,0.7326732673267327,0.024674891630543514,0.04774193548387097,19959.0,0.1502580289593667,,,,,
history_only,2,2,0.5,short,Random Forest,26,0.8520967984367954,0.6850393700787402,0.02900966988996332,0.05566218809980806,19959.0,0.1502580289593667,,,,,
history_only,2,2,0.5,short,Naive (always 'not congested'),27,0.8482268082548587,0.0,0.0,0.0,19964.0,0.15177319174514126,,,,,
history_only,2,2,0.5,short,Naive (persistence),27,0.7698357042676818,0.24166391548365798,0.24158415841584158,0.24162403036804753,19964.0,0.15177319174514126,,,,,
history_only,2,2,0.5,short,Logistic Regression,27,0.8503806852334201,0.7945205479452054,0.01914191419141914,0.037383177570093455,19964.0,0.15177319174514126,,,,,
history_only,2,2,0.5,short,Random Forest,27,0.8505309557202966,0.7090909090909091,0.02574257425742574,0.049681528662420385,19964.0,0.15177319174514126,,,,,
history_only,2,2,0.5,short,Naive (always 'not congested'),28,0.8546820230345519,0.0,0.0,0.0,19970.0,0.14531797696544818,,,,,
history_only,2,2,0.5,short,Naive (persistence),28,0.7768652979469204,0.23225361819434873,0.23225361819434873,0.23225361819434873,19970.0,0.14531797696544818,,,,,
history_only,2,2,0.5,short,Logistic Regression,28,0.8555332999499249,0.6307692307692307,0.014128187456926258,0.027637344118638354,19970.0,0.14531797696544818,,,,,
history_only,2,2,0.5,short,Random Forest,28,0.8558337506259389,0.6161616161616161,0.02101998621640248,0.04065311562812396,19970.0,0.14531797696544818,,,,,
history_only,2,2,0.5,short,Naive (always 'not congested'),29,0.85233991381902,0.0,0.0,0.0,19958.0,0.14766008618098006,,,,,
history_only,2,2,0.5,short,Naive (persistence),29,0.7759294518488826,0.24108658743633277,0.24092297251442144,0.24100475220638154,19958.0,0.14766008618098006,,,,,
history_only,2,2,0.5,short,Logistic Regression,29,0.852540334702876,0.54,0.009161859518154056,0.018018018018018018,19958.0,0.14766008618098006,,,,,
history_only,2,2,0.5,short,Random Forest,29,0.8528409660286602,0.5625,0.015269765863590091,0.02973240832507433,19958.0,0.14766008618098006,,,,,
history_only,2,2,0.5,short,Naive (always 'not congested'),ALL_MEAN,0.8541644758951434,0.0,0.0,0.0,,0.14583552410485656,0.006237541031011641,0.0,0.0,0.0,5.0
history_only,2,2,0.5,short,Naive (persistence),ALL_MEAN,0.7783114274060198,0.23947739064425116,0.2393601882524689,0.23941874536759583,,0.14583552410485656,0.007472759580330922,0.010145796042230478,0.009974521319420893,0.010060082757812849,5.0
history_only,2,2,0.5,short,Logistic Regression,ALL_MEAN,0.855216436089453,0.6229259425415672,0.014541609543725248,0.02836685406539019,,0.14583552410485656,0.005417934237336108,0.13488536014126865,0.00682480549873654,0.013145801392787959,5.0
history_only,2,2,0.5,short,Random Forest,ALL_MEAN,0.855316606386787,0.594558379066253,0.019851416422474087,0.038365753009532474,,0.14583552410485656,0.0052715508695948135,0.11013801573906473,0.007434253328959236,0.014161674005271232,5.0
history_only,2,2,0.5,medium,Naive (always 'not congested'),25,0.8658817635270541,0.0,0.0,0.0,19960.0,0.13411823647294588,,,,,
history_only,2,2,0.5,medium,Naive (persistence),25,0.7704408817635271,0.1444568868980963,0.14456481135599553,0.1445108289768484,19960.0,0.13411823647294588,,,,,
history_only,2,2,0.5,medium,Logistic Regression,25,0.8658817635270541,0.0,0.0,0.0,19960.0,0.13411823647294588,,,,,
history_only,2,2,0.5,medium,Random Forest,25,0.8658316633266533,0.4,0.0007471049682480389,0.0014914243102162564,19960.0,0.13411823647294588,,,,,
history_only,2,2,0.5,medium,Naive (always 'not congested'),26,0.8497419710406333,0.0,0.0,0.0,19959.0,0.1502580289593667,,,,,
history_only,2,2,0.5,medium,Naive (persistence),26,0.7540457938774487,0.18102872411489646,0.18072690896965654,0.18087769063907894,19959.0,0.1502580289593667,,,,,
history_only,2,2,0.5,medium,Logistic Regression,26,0.8497419710406333,0.0,0.0,0.0,19959.0,0.1502580289593667,,,,,
history_only,2,2,0.5,medium,Random Forest,26,0.8497920737511899,0.5217391304347826,0.0040013337779259755,0.007941760423560556,19959.0,0.1502580289593667,,,,,
history_only,2,2,0.5,medium,Naive (always 'not congested'),27,0.8484772590663193,0.0,0.0,0.0,19964.0,0.15152274093368062,,,,,
history_only,2,2,0.5,medium,Naive (persistence),27,0.7505509917852133,0.1772862330802245,0.1775206611570248,0.1774033696729435,19964.0,0.15152274093368062,,,,,
history_only,2,2,0.5,medium,Logistic Regression,27,0.8484772590663193,0.0,0.0,0.0,19964.0,0.15152274093368062,,,,,
history_only,2,2,0.5,medium,Random Forest,27,0.8484772590663193,0.5,0.00033057851239669424,0.0006607201850016518,19964.0,0.15152274093368062,,,,,
history_only,2,2,0.5,medium,Naive (always 'not congested'),28,0.8547821732598898,0.0,0.0,0.0,19970.0,0.14521782674011016,,,,,
history_only,2,2,0.5,medium,Naive (persistence),28,0.7593390085127691,0.17160578911095797,0.17172413793103447,0.17166494312306102,19970.0,0.14521782674011016,,,,,
history_only,2,2,0.5,medium,Logistic Regression,28,0.8547821732598898,0.0,0.0,0.0,19970.0,0.14521782674011016,,,,,
history_only,2,2,0.5,medium,Random Forest,28,0.8545317976965449,0.14285714285714285,0.0003448275862068965,0.0006879944960440316,19970.0,0.14521782674011016,,,,,
history_only,2,2,0.5,medium,Naive (always 'not congested'),29,0.8521394929351639,0.0,0.0,0.0,19958.0,0.14786050706483617,,,,,
history_only,2,2,0.5,medium,Naive (persistence),29,0.7533821024150716,0.16536502546689305,0.16502880379532361,0.1651967435549525,19958.0,0.14786050706483617,,,,,
history_only,2,2,0.5,medium,Logistic Regression,29,0.8521394929351639,0.0,0.0,0.0,19958.0,0.14786050706483617,,,,,
history_only,2,2,0.5,medium,Random Forest,29,0.8520893877141998,0.0,0.0,0.0,19958.0,0.14786050706483617,,,,,
history_only,2,2,0.5,medium,Naive (always 'not congested'),ALL_MEAN,0.854204531965812,0.0,0.0,0.0,,0.14579546803418791,0.006223695003352729,0.0,0.0,0.0,5.0
history_only,2,2,0.5,medium,Naive (persistence),ALL_MEAN,0.757551755670806,0.16794853173421367,0.16791306464180697,0.16793071519337685,,0.14579546803418791,0.0070429016109345806,0.012885585065508513,0.012841220261349102,0.012862857269102763,5.0
history_only,2,2,0.5,medium,Logistic Regression,ALL_MEAN,0.854204531965812,0.0,0.0,0.0,,0.14579546803418791,0.006223695003352729,0.0,0.0,0.0,5.0
history_only,2,2,0.5,medium,Random Forest,ALL_MEAN,0.8541444363109815,0.3129192546583851,0.0010847689689555211,0.002156379882964499,,0.14579546803418791,0.006197168815972349,0.2064110383736068,0.0014773900956061557,0.0029310722164260076,5.0
history_only,2,2,0.5,long,Naive (always 'not congested'),25,0.8655310621242485,0.0,0.0,0.0,19960.0,0.1344689378757515,,,,,
history_only,2,2,0.5,long,Naive (persistence),25,0.7644789579158316,0.12355356476297126,0.12332339791356185,0.12343837404437814,19960.0,0.1344689378757515,,,,,
history_only,2,2,0.5,long,Logistic Regression,25,0.8655310621242485,0.0,0.0,0.0,19960.0,0.1344689378757515,,,,,
history_only,2,2,0.5,long,Random Forest,25,0.8655310621242485,0.0,0.0,0.0,19960.0,0.1344689378757515,,,,,
history_only,2,2,0.5,long,Naive (always 'not congested'),26,0.84949145748785,0.0,0.0,0.0,19959.0,0.1505085425121499,,,,,
history_only,2,2,0.5,long,Naive (persistence),26,0.7485845984267749,0.16366065464261856,0.16311584553928096,0.16338779593197733,19959.0,0.1505085425121499,,,,,
history_only,2,2,0.5,long,Logistic Regression,26,0.84949145748785,0.0,0.0,0.0,19959.0,0.1505085425121499,,,,,
history_only,2,2,0.5,long,Random Forest,26,0.8495415601984068,1.0,0.00033288948069241014,0.0006655574043261231,19959.0,0.1505085425121499,,,,,
history_only,2,2,0.5,long,Naive (always 'not congested'),27,0.848326988579443,0.0,0.0,0.0,19964.0,0.151673011420557,,,,,
history_only,2,2,0.5,long,Naive (persistence),27,0.7436886395511921,0.15516672169032683,0.15521796565389695,0.15519233944196797,19964.0,0.151673011420557,,,,,
history_only,2,2,0.5,long,Logistic Regression,27,0.848326988579443,0.0,0.0,0.0,19964.0,0.151673011420557,,,,,
history_only,2,2,0.5,long,Random Forest,27,0.848326988579443,0.0,0.0,0.0,19964.0,0.151673011420557,,,,,
history_only,2,2,0.5,long,Naive (always 'not congested'),28,0.8550325488232349,0.0,0.0,0.0,19970.0,0.14496745117676516,,,,,
history_only,2,2,0.5,long,Naive (persistence),28,0.7538808212318477,0.1519641626464507,0.15233160621761657,0.15214766258409523,19970.0,0.14496745117676516,,,,,
history_only,2,2,0.5,long,Logistic Regression,28,0.8550325488232349,0.0,0.0,0.0,19970.0,0.14496745117676516,,,,,
history_only,2,2,0.5,long,Random Forest,28,0.8550325488232349,0.0,0.0,0.0,19970.0,0.14496745117676516,,,,,
history_only,2,2,0.5,long,Naive (always 'not congested'),29,0.852390019039984,0.0,0.0,0.0,19958.0,0.14760998096001604,,,,,
history_only,2,2,0.5,long,Naive (persistence),29,0.7467181080268565,0.14193548387096774,0.14188730482009504,0.1419113902563232,19958.0,0.14760998096001604,,,,,
history_only,2,2,0.5,long,Logistic Regression,29,0.852390019039984,0.0,0.0,0.0,19958.0,0.14760998096001604,,,,,
history_only,2,2,0.5,long,Random Forest,29,0.852390019039984,0.0,0.0,0.0,19958.0,0.14760998096001604,,,,,
history_only,2,2,0.5,long,Naive (always 'not congested'),ALL_MEAN,0.8541544152109519,0.0,0.0,0.0,,0.1458455847890479,0.006148404400363105,0.0,0.0,0.0,5.0
history_only,2,2,0.5,long,Naive (persistence),ALL_MEAN,0.7514702250305005,0.14725611752266704,0.14717522402889027,0.14721551245174838,,0.1458455847890479,0.007300693594612504,0.013740249889187634,0.013727702523401122,0.013733059745242745,5.0
history_only,2,2,0.5,long,Logistic Regression,ALL_MEAN,0.8541544152109519,0.0,0.0,0.0,,0.1458455847890479,0.006148404400363105,0.0,0.0,0.0,5.0
history_only,2,2,0.5,long,Random Forest,ALL_MEAN,0.8541644357530634,0.2,6.657789613848203e-05,0.00013311148086522464,,0.1458455847890479,0.006140832808911645,0.4000000000000001,0.00013315579227696407,0.0002662229617304493,5.0
history_only,2,2,0.5,extra_long,Naive (always 'not congested'),25,0.8656813627254509,0.0,0.0,0.0,19960.0,0.1343186372745491,,,,,
history_only,2,2,0.5,extra_long,Naive (persistence),25,0.7692384769539078,0.14072415080253825,0.14061917195076465,0.14067164179104477,19960.0,0.1343186372745491,,,,,
history_only,2,2,0.5,extra_long,Logistic Regression,25,0.8656813627254509,0.0,0.0,0.0,19960.0,0.1343186372745491,,,,,
history_only,2,2,0.5,extra_long,Random Forest,25,0.8656813627254509,0.0,0.0,0.0,19960.0,0.1343186372745491,,,,,
history_only,2,2,0.5,extra_long,Naive (always 'not congested'),26,0.8497920737511899,0.0,0.0,0.0,19959.0,0.15020792624881005,,,,,
history_only,2,2,0.5,extra_long,Naive (persistence),26,0.7488852146901147,0.16366065464261856,0.16344229486324216,0.16355140186915887,19959.0,0.15020792624881005,,,,,
history_only,2,2,0.5,extra_long,Logistic Regression,26,0.8497920737511899,0.0,0.0,0.0,19959.0,0.15020792624881005,,,,,
history_only,2,2,0.5,extra_long,Random Forest,26,0.8500425873039732,0.8571428571428571,0.0020013342228152103,0.003993344425956739,19959.0,0.15020792624881005,,,,,
history_only,2,2,0.5,extra_long,Naive (always 'not congested'),27,0.848326988579443,0.0,0.0,0.0,19964.0,0.151673011420557,,,,,
history_only,2,2,0.5,extra_long,Naive (persistence),27,0.7411841314365859,0.14691317266424564,0.14696169088507266,0.14693742776952287,19964.0,0.151673011420557,,,,,
history_only,2,2,0.5,extra_long,Logistic Regression,27,0.848326988579443,0.0,0.0,0.0,19964.0,0.151673011420557,,,,,
history_only,2,2,0.5,extra_long,Random Forest,27,0.848326988579443,0.0,0.0,0.0,19964.0,0.151673011420557,,,,,
history_only,2,2,0.5,extra_long,Naive (always 'not congested'),28,0.8549824737105658,0.0,0.0,0.0,19970.0,0.14501752628943415,,,,,
history_only,2,2,0.5,extra_long,Naive (persistence),28,0.7565348022033049,0.16126809097174363,0.16160220994475138,0.16143497757847533,19970.0,0.14501752628943415,,,,,
history_only,2,2,0.5,extra_long,Logistic Regression,28,0.8549824737105658,0.0,0.0,0.0,19970.0,0.14501752628943415,,,,,
history_only,2,2,0.5,extra_long,Random Forest,28,0.8549824737105658,0.0,0.0,0.0,19970.0,0.14501752628943415,,,,,
history_only,2,2,0.5,extra_long,Naive (always 'not congested'),29,0.8521895981561278,0.0,0.0,0.0,19958.0,0.14781040184387212,,,,,
history_only,2,2,0.5,extra_long,Naive (persistence),29,0.7442128469786552,0.13412563667232597,0.13389830508474576,0.13401187446988974,19958.0,0.14781040184387212,,,,,
history_only,2,2,0.5,extra_long,Logistic Regression,29,0.8521895981561278,0.0,0.0,0.0,19958.0,0.14781040184387212,,,,,
history_only,2,2,0.5,extra_long,Random Forest,29,0.8521895981561278,0.0,0.0,0.0,19958.0,0.14781040184387212,,,,,
history_only,2,2,0.5,extra_long,Naive (always 'not congested'),ALL_MEAN,0.8541944993845554,0.0,0.0,0.0,,0.14580550061544448,0.006170860497402867,0.0,0.0,0.0,5.0
history_only,2,2,0.5,extra_long,Naive (persistence),ALL_MEAN,0.7520110944525138,0.14933834115069441,0.14930473454571533,0.1493214646956183,,0.14580550061544448,0.01005040850676919,0.011480066982747781,0.011570526633165162,0.011524885487945204,5.0
history_only,2,2,0.5,extra_long,Logistic Regression,ALL_MEAN,0.8541944993845554,0.0,0.0,0.0,,0.14580550061544448,0.006170860497402867,0.0,0.0,0.0,5.0
history_only,2,2,0.5,extra_long,Random Forest,ALL_MEAN,0.8542446020951122,0.17142857142857143,0.00040026684456304204,0.0007986688851913477,,0.14580550061544448,0.006135830301623101,0.34285714285714286,0.0008005336891260841,0.0015973377703826955,5.0
history_only,2,2,0.7,short,Naive (always 'not congested'),25,0.8270992939762656,0.0,0.0,0.0,19971.0,0.17290070602373442,,,,,
history_only,2,2,0.7,short,Naive (persistence),25,0.8159831756046267,0.4678633468442386,0.46799884158702576,0.4679310844071232,19971.0,0.17290070602373442,,,,,
history_only,2,2,0.7,short,Logistic Regression,25,0.8505833458514847,0.700942587832048,0.23689545322907615,0.3541125541125541,19971.0,0.17290070602373442,,,,,
history_only,2,2,0.7,short,Random Forest,25,0.8514345801412048,0.7314285714285714,0.22241529105125976,0.34110592938041306,19971.0,0.17290070602373442,,,,,
history_only,2,2,0.7,short,Naive (always 'not congested'),26,0.8202393470532272,0.0,0.0,0.0,19971.0,0.17976065294677282,,,,,
history_only,2,2,0.7,short,Naive (persistence),26,0.815081868709629,0.48567454798331017,0.4863509749303621,0.4860125260960334,19971.0,0.17976065294677282,,,,,
history_only,2,2,0.7,short,Logistic Regression,26,0.849231385508988,0.7238979118329466,0.2607242339832869,0.38337087855826335,19971.0,0.17976065294677282,,,,,
history_only,2,2,0.7,short,Random Forest,26,0.8493315307195434,0.7439126784214946,0.2467966573816156,0.3706337586279021,19971.0,0.17976065294677282,,,,,
history_only,2,2,0.7,short,Naive (always 'not congested'),27,0.8100746081818637,0.0,0.0,0.0,19971.0,0.1899253918181363,,,,,
history_only,2,2,0.7,short,Naive (persistence),27,0.80802163136548,0.49460100079009744,0.49512259425257055,0.49486166007905136,19971.0,0.1899253918181363,,,,,
history_only,2,2,0.7,short,Logistic Regression,27,0.8428721646387262,0.7317763623496107,0.2726074347482204,0.3972339608144449,19971.0,0.1899253918181363,,,,,
history_only,2,2,0.7,short,Random Forest,27,0.8428721646387262,0.752895752895753,0.2570524650672291,0.38325471698113206,19971.0,0.1899253918181363,,,,,
history_only,2,2,0.7,short,Naive (always 'not congested'),28,0.8207901457112814,0.0,0.0,0.0,19971.0,0.17920985428871863,,,,,
history_only,2,2,0.7,short,Naive (persistence),28,0.8050172750488208,0.4559932942162615,0.4559932942162615,0.4559932942162615,19971.0,0.17920985428871863,,,,,
history_only,2,2,0.7,short,Logistic Regression,28,0.84086926042762,0.6886171213546566,0.20452640402347025,0.31538130116329166,19971.0,0.17920985428871863,,,,,
history_only,2,2,0.7,short,Random Forest,28,0.8416704221120624,0.7142857142857143,0.19418832075998882,0.3053602811950791,19971.0,0.17920985428871863,,,,,
history_only,2,2,0.7,short,Naive (always 'not congested'),29,0.8364046069103656,0.0,0.0,0.0,19970.0,0.16359539308963444,,,,,
history_only,2,2,0.7,short,Naive (persistence),29,0.8099148723084627,0.4190388735843281,0.4190388735843281,0.4190388735843281,19970.0,0.16359539308963444,,,,,
history_only,2,2,0.7,short,Logistic Regression,29,0.8488733099649475,0.6334405144694534,0.18089990817263543,0.2814285714285714,19970.0,0.16359539308963444,,,,,
history_only,2,2,0.7,short,Random Forest,29,0.8492739108662994,0.6604244694132334,0.16192225283134373,0.26007866273353,19970.0,0.16359539308963444,,,,,
history_only,2,2,0.7,short,Naive (always 'not congested'),ALL_MEAN,0.8229216003666007,0.0,0.0,0.0,,0.1770783996333993,0.00867210907836057,0.0,0.0,0.0,5.0
history_only,2,2,0.7,short,Naive (persistence),ALL_MEAN,0.8108037646074038,0.4646342126836472,0.46490091571410963,0.46476748767655957,,0.1770783996333993,0.0041747414122111515,0.02647539169080651,0.02670477361012323,0.02658989218475478,5.0
history_only,2,2,0.7,short,Logistic Regression,ALL_MEAN,0.8464858932783532,0.695734899567743,0.2311306868313378,0.34630545321542505,,0.1770783996333993,0.0038634751940128343,0.03478653618234975,0.03423521628614693,0.04288081724280857,5.0
history_only,2,2,0.7,short,Random Forest,ALL_MEAN,0.8469165216955673,0.7205894372889533,0.2164749974182874,0.33208666978361123,,0.1770783996333993,0.003890521539578919,0.03275581999308647,0.034853748523274816,0.04491068265426757,5.0
history_only,2,2,0.7,medium,Naive (always 'not congested'),25,0.8270992939762656,0.0,0.0,0.0,19971.0,0.17290070602373442,,,,,
history_only,2,2,0.7,medium,Naive (persistence),25,0.76621100595864,0.32397220613781125,0.32406602953953084,0.3240191110467642,19971.0,0.17290070602373442,,,,,
history_only,2,2,0.7,medium,Logistic Regression,25,0.8346602573731912,0.671201814058957,0.08572256009267304,0.15202876219825373,19971.0,0.17290070602373442,,,,,
history_only,2,2,0.7,medium,Random Forest,25,0.8345100395573581,0.6681818181818182,0.08514335360556038,0.15104032879527357,19971.0,0.17290070602373442,,,,,
history_only,2,2,0.7,medium,Naive (always 'not congested'),26,0.8204897100796155,0.0,0.0,0.0,19971.0,0.17951028992038456,,,,,
history_only,2,2,0.7,medium,Naive (persistence),26,0.766661659406139,0.35048678720445064,0.3514644351464435,0.35097493036211697,19971.0,0.17951028992038456,,,,,
history_only,2,2,0.7,medium,Logistic Regression,26,0.8316058284512543,0.7159533073929961,0.10264993026499303,0.17955598926567456,19971.0,0.17951028992038456,,,,,
history_only,2,2,0.7,medium,Random Forest,26,0.8316058284512543,0.7176470588235294,0.10209205020920502,0.17875457875457876,19971.0,0.17951028992038456,,,,,
history_only,2,2,0.7,medium,Naive (always 'not congested'),27,0.8102748986029743,0.0,0.0,0.0,19971.0,0.1897251013970257,,,,,
history_only,2,2,0.7,medium,Naive (persistence),27,0.7576485904561614,0.36160126415591254,0.3623647400369491,0.3619825995254416,19971.0,0.1897251013970257,,,,,
history_only,2,2,0.7,medium,Logistic Regression,27,0.822993340343498,0.7212543554006968,0.10926365795724466,0.18977767591107036,19971.0,0.1897251013970257,,,,,
history_only,2,2,0.7,medium,Random Forest,27,0.822993340343498,0.718213058419244,0.11031934547373977,0.19126058110272248,19971.0,0.1897251013970257,,,,,
history_only,2,2,0.7,medium,Naive (always 'not congested'),28,0.8207901457112814,0.0,0.0,0.0,19971.0,0.17920985428871863,,,,,
history_only,2,2,0.7,medium,Naive (persistence),28,0.7596514946672676,0.3294216261525566,0.3294216261525566,0.3294216261525566,19971.0,0.17920985428871863,,,,,
history_only,2,2,0.7,medium,Logistic Regression,28,0.8263482048971008,0.68561872909699,0.05727856943280246,0.10572460030943785,19971.0,0.17920985428871863,,,,,
history_only,2,2,0.7,medium,Random Forest,28,0.826448350107656,0.6889632107023411,0.05755797708857223,0.10624033006704486,19971.0,0.17920985428871863,,,,,
history_only,2,2,0.7,medium,Naive (always 'not congested'),29,0.8364046069103656,0.0,0.0,0.0,19970.0,0.16359539308963444,,,,,
history_only,2,2,0.7,medium,Naive (persistence),29,0.7617426139208813,0.27180899908172634,0.27180899908172634,0.27180899908172634,19970.0,0.16359539308963444,,,,,
history_only,2,2,0.7,medium,Logistic Regression,29,0.8380570856284426,0.5662650602409639,0.04315886134067952,0.08020477815699659,19970.0,0.16359539308963444,,,,,
history_only,2,2,0.7,medium,Random Forest,29,0.8379569354031047,0.5622489959839357,0.042852770125497396,0.07963594994311718,19970.0,0.16359539308963444,,,,,
history_only,2,2,0.7,medium,Naive (always 'not congested'),ALL_MEAN,0.8230117310561005,0.0,0.0,0.0,,0.17698826894389955,0.008597676738087083,0.0,0.0,0.0,5.0
history_only,2,2,0.7,medium,Naive (persistence),ALL_MEAN,0.7623830728818178,0.32745817654649145,0.32782516599144124,0.3276414532337211,,0.17698826894389955,0.0035565827798163434,0.031012595560162802,0.031325031424070136,0.031168313392629,5.0
history_only,2,2,0.7,medium,Logistic Regression,ALL_MEAN,0.8307329433386975,0.6720586532381206,0.07961471581767854,0.1414583611682866,,0.17698826894389955,0.005458134662138767,0.05607825233469803,0.02559265284135832,0.042253572437444396,5.0
history_only,2,2,0.7,medium,Random Forest,ALL_MEAN,0.8307028987725742,0.6710508284221737,0.07959309930051496,0.14138635373254735,,0.17698826894389955,0.005393869221818061,0.05755416236301474,0.025754645085979466,0.04248617982175986,5.0
history_only,2,2,0.7,long,Naive (always 'not congested'),25,0.8267988583445997,0.0,0.0,0.0,19971.0,0.17320114165540032,,,,,
history_only,2,2,0.7,long,Naive (persistence),25,0.7288568424215112,0.21685002895193978,0.21653657126337092,0.2166931867496022,19971.0,0.17320114165540032,,,,,
history_only,2,2,0.7,long,Logistic Regression,25,0.8276000200290421,0.7857142857142857,0.006360219716681122,0.012618296529968454,19971.0,0.17320114165540032,,,,,
history_only,2,2,0.7,long,Random Forest,25,0.8274498022132092,0.5698924731182796,0.015322347499277248,0.029842342342342343,19971.0,0.17320114165540032,,,,,
history_only,2,2,0.7,long,Naive (always 'not congested'),26,0.8208902909218366,0.0,0.0,0.0,19971.0,0.17910970907816334,,,,,
history_only,2,2,0.7,long,Naive (persistence),26,0.726002703920685,0.2364394993045897,0.23762929829466034,0.23703290574456218,19971.0,0.17910970907816334,,,,,
history_only,2,2,0.7,long,Logistic Regression,26,0.8211907265535026,1.0,0.0016773832820799553,0.0033491487580240022,19971.0,0.17910970907816334,,,,,
history_only,2,2,0.7,long,Random Forest,26,0.8206399278954484,0.4576271186440678,0.007548224769359799,0.01485148514851485,19971.0,0.17910970907816334,,,,,
history_only,2,2,0.7,long,Naive (always 'not congested'),27,0.810324971208252,0.0,0.0,0.0,19971.0,0.18967502879174802,,,,,
history_only,2,2,0.7,long,Naive (persistence),27,0.7198437734715337,0.2620489860416118,0.2626715945089757,0.2623599208965063,19971.0,0.18967502879174802,,,,,
history_only,2,2,0.7,long,Logistic Regression,27,0.8125782384457463,0.9090909090909091,0.013199577613516367,0.026021337496747333,19971.0,0.18967502879174802,,,,,
history_only,2,2,0.7,long,Random Forest,27,0.8146312152621301,0.8208955223880597,0.02903907074973601,0.05609382967873534,19971.0,0.18967502879174802,,,,,
history_only,2,2,0.7,long,Naive (always 'not congested'),28,0.8211406539482249,0.0,0.0,0.0,19971.0,0.1788593460517751,,,,,
history_only,2,2,0.7,long,Naive (persistence),28,0.7196434830504231,0.21682034087734003,0.21724524076147816,0.2170325828555447,19971.0,0.1788593460517751,,,,,
history_only,2,2,0.7,long,Logistic Regression,28,0.8211406539482249,0.0,0.0,0.0,19971.0,0.1788593460517751,,,,,
history_only,2,2,0.7,long,Random Forest,28,0.8208902909218366,0.4444444444444444,0.005599104143337066,0.01105888858169754,19971.0,0.1788593460517751,,,,,
history_only,2,2,0.7,long,Naive (always 'not congested'),29,0.8364046069103656,0.0,0.0,0.0,19970.0,0.16359539308963444,,,,,
history_only,2,2,0.7,long,Naive (persistence),29,0.729093640460691,0.17202326293235384,0.17202326293235384,0.17202326293235384,19970.0,0.16359539308963444,,,,,
history_only,2,2,0.7,long,Logistic Regression,29,0.8364546820230345,1.0,0.00030609121518212427,0.0006119951040391676,19970.0,0.16359539308963444,,,,,
history_only,2,2,0.7,long,Random Forest,29,0.8361041562343515,0.35,0.0021426385062748698,0.0042592029205962886,19970.0,0.16359539308963444,,,,,
history_only,2,2,0.7,long,Naive (always 'not congested'),ALL_MEAN,0.8231118762666558,0.0,0.0,0.0,,0.17688812373334423,0.00851606275992525,0.0,0.0,0.0,5.0
history_only,2,2,0.7,long,Naive (persistence),ALL_MEAN,0.7246880886649689,0.22083642362156702,0.22122119355216782,0.22102837183571386,,0.17688812373334423,0.004181651426833441,0.02951838813871001,0.029817954002832794,0.02966716336739739,5.0
history_only,2,2,0.7,long,Logistic Regression,ALL_MEAN,0.8237928641999102,0.7389610389610389,0.004308654365491914,0.008520155577755793,,0.17688812373334423,0.007929555302149484,0.37775021753940924,0.004995318574832883,0.009848426194095873,5.0
history_only,2,2,0.7,long,Random Forest,ALL_MEAN,0.8239430785053953,0.5285719117189702,0.011930277133597,0.02322114973437727,,0.17688812373334423,0.007309309621794045,0.1619623439064787,0.00958437232811755,0.018449827028297328,5.0
history_only,2,2,0.7,extra_long,Naive (always 'not congested'),25,0.8269991487657102,0.0,0.0,0.0,19971.0,0.1730008512342897,,,,,
history_only,2,2,0.7,extra_long,Naive (persistence),25,0.7434780431625857,0.25854082223508973,0.258465991316932,0.2585034013605442,19971.0,0.1730008512342897,,,,,
history_only,2,2,0.7,extra_long,Logistic Regression,25,0.8298532872665365,0.7435897435897436,0.025180897250361794,0.048712206047032476,19971.0,0.1730008512342897,,,,,
history_only,2,2,0.7,extra_long,Random Forest,25,0.8285513995293176,0.5727699530516432,0.035311143270622285,0.06652126499454744,19971.0,0.1730008512342897,,,,,
history_only,2,2,0.7,extra_long,Naive (always 'not congested'),26,0.820690000500726,0.0,0.0,0.0,19971.0,0.17930999949927395,,,,,
history_only,2,2,0.7,extra_long,Naive (persistence),26,0.740123178608983,0.27621696801112655,0.27729684445685565,0.27675585284280935,19971.0,0.17930999949927395,,,,,
history_only,2,2,0.7,extra_long,Logistic Regression,26,0.8229432677382205,0.7647058823529411,0.01815135437028763,0.03546099290780142,19971.0,0.17930999949927395,,,,,
history_only,2,2,0.7,extra_long,Random Forest,26,0.8216914526062791,0.5505050505050505,0.03043842502094387,0.05768721884096322,19971.0,0.17930999949927395,,,,,
history_only,2,2,0.7,extra_long,Naive (always 'not congested'),27,0.810324971208252,0.0,0.0,0.0,19971.0,0.18967502879174802,,,,,
history_only,2,2,0.7,extra_long,Naive (persistence),27,0.7313604726853938,0.29233605478008956,0.2930306230200634,0.2926829268292683,19971.0,0.18967502879174802,,,,,
history_only,2,2,0.7,extra_long,Logistic Regression,27,0.8171849181312903,0.8914285714285715,0.04118268215417107,0.07872823618470856,19971.0,0.18967502879174802,,,,,
history_only,2,2,0.7,extra_long,Random Forest,27,0.81868709628962,0.8274509803921568,0.05570221752903907,0.10437793717536482,19971.0,0.18967502879174802,,,,,
history_only,2,2,0.7,extra_long,Naive (always 'not congested'),28,0.8208902909218366,0.0,0.0,0.0,19971.0,0.17910970907816334,,,,,
history_only,2,2,0.7,extra_long,Naive (persistence),28,0.732211706975114,0.25258452081587035,0.2527257478333799,0.25265511458915596,19971.0,0.17910970907816334,,,,,
history_only,2,2,0.7,extra_long,Logistic Regression,28,0.8214410895798908,0.5964912280701754,0.009505171931786413,0.018712162905888827,19971.0,0.17910970907816334,,,,,
history_only,2,2,0.7,extra_long,Random Forest,28,0.8219418156326673,0.591304347826087,0.019010343863572827,0.03683640303358613,19971.0,0.17910970907816334,,,,,
history_only,2,2,0.7,extra_long,Naive (always 'not congested'),29,0.8364046069103656,0.0,0.0,0.0,19970.0,0.16359539308963444,,,,,
history_only,2,2,0.7,extra_long,Naive (persistence),29,0.7423134702053079,0.21242730333639426,0.21242730333639426,0.21242730333639426,19970.0,0.16359539308963444,,,,,
history_only,2,2,0.7,extra_long,Logistic Regression,29,0.8363545317976966,0.48,0.0036730945821854912,0.007290400972053463,19970.0,0.16359539308963444,,,,,
history_only,2,2,0.7,extra_long,Random Forest,29,0.8349524286429645,0.3013698630136986,0.006734006734006734,0.013173652694610778,19970.0,0.16359539308963444,,,,,
history_only,2,2,0.7,extra_long,Naive (always 'not congested'),ALL_MEAN,0.8230618036613782,0.0,0.0,0.0,,0.1769381963386219,0.008556879147933261,0.0,0.0,0.0,5.0
history_only,2,2,0.7,extra_long,Naive (persistence),ALL_MEAN,0.7378973743274769,0.25842113383571413,0.25878930199272504,0.25860491979163447,,0.1769381963386219,0.005111905094363858,0.02689396362576009,0.027207731739359867,0.02705013746254098,5.0
history_only,2,2,0.7,extra_long,Logistic Regression,ALL_MEAN,0.8255554189027269,0.6952430850882864,0.01953864005775848,0.03778079980349695,,0.1769381963386219,0.006766222497650179,0.1426413261194034,0.0130737156306063,0.024879095750132113,5.0
history_only,2,2,0.7,extra_long,Random Forest,ALL_MEAN,0.8251648385401698,0.5686800389577271,0.02943922728363696,0.05571929534781449,,0.1769381963386219,0.005859678259531586,0.16689880002469162,0.016428701103271548,0.030512010836883593,5.0
history_only,2,2,0.8,short,Naive (always 'not congested'),25,0.8742676881478143,0.0,0.0,0.0,19971.0,0.12573231185218567,,,,,
history_only,2,2,0.8,short,Naive (persistence),25,0.9057633568674578,0.6252489048187972,0.6252489048187972,0.6252489048187972,19971.0,0.12573231185218567,,,,,
history_only,2,2,0.8,short,Logistic Regression,25,0.9159280957388213,0.7673521850899743,0.4755077658303465,0.5871649864765183,19971.0,0.12573231185218567,,,,,
history_only,2,2,0.8,short,Random Forest,25,0.9157278053177107,0.7698826597131682,0.4703305455993628,0.5839307787391842,19971.0,0.12573231185218567,,,,,
history_only,2,2,0.8,short,Naive (always 'not congested'),26,0.8691102098042162,0.0,0.0,0.0,19971.0,0.1308897901957839,,,,,
history_only,2,2,0.8,short,Naive (persistence),26,0.8971508687597015,0.6071155317521041,0.6071155317521041,0.6071155317521041,19971.0,0.1308897901957839,,,,,
history_only,2,2,0.8,short,Logistic Regression,26,0.9091182214210606,0.7455439459127228,0.4640397857689365,0.5720348974298515,19971.0,0.1308897901957839,,,,,
history_only,2,2,0.8,short,Random Forest,26,0.9094186570527264,0.7536231884057971,0.4575363427697016,0.569388240895025,19971.0,0.1308897901957839,,,,,
history_only,2,2,0.8,short,Naive (always 'not congested'),27,0.8614491011967352,0.0,0.0,0.0,19971.0,0.13855089880326474,,,,,
history_only,2,2,0.8,short,Naive (persistence),27,0.8934454959691552,0.6154680159016986,0.6154680159016986,0.6154680159016986,19971.0,0.13855089880326474,,,,,
history_only,2,2,0.8,short,Logistic Regression,27,0.9029092183666316,0.7487980769230769,0.4503071919045898,0.5624012638230648,19971.0,0.13855089880326474,,,,,
history_only,2,2,0.8,short,Random Forest,27,0.9021080566821892,0.750308261405672,0.43982652692446694,0.554568238778765,19971.0,0.13855089880326474,,,,,
history_only,2,2,0.8,short,Naive (always 'not congested'),28,0.8710630414100445,0.0,0.0,0.0,19971.0,0.12893695858995544,,,,,
history_only,2,2,0.8,short,Naive (persistence),28,0.9016574032346903,0.6186407766990292,0.6186407766990292,0.6186407766990292,19971.0,0.12893695858995544,,,,,
history_only,2,2,0.8,short,Logistic Regression,28,0.9120224325271644,0.755625,0.4695145631067961,0.5791616766467066,19971.0,0.12893695858995544,,,,,
history_only,2,2,0.8,short,Random Forest,28,0.9120224325271644,0.762853470437018,0.4609708737864078,0.5746792544178165,19971.0,0.12893695858995544,,,,,
history_only,2,2,0.8,short,Naive (always 'not congested'),29,0.8521355966150919,0.0,0.0,0.0,19971.0,0.1478644033849081,,,,,
history_only,2,2,0.8,short,Naive (persistence),29,0.8900906314155526,0.628561736770692,0.627497460209956,0.6280291476021014,19971.0,0.1478644033849081,,,,,
history_only,2,2,0.8,short,Logistic Regression,29,0.8990035551549748,0.7510729613733905,0.47409414155096513,0.5812746522731991,19971.0,0.1478644033849081,,,,,
history_only,2,2,0.8,short,Random Forest,29,0.8988032647338641,0.7546448087431694,0.4676600067727735,0.5774618440309429,19971.0,0.1478644033849081,,,,,
history_only,2,2,0.8,short,Naive (always 'not congested'),ALL_MEAN,0.8656051274347805,0.0,0.0,0.0,,0.1343948725652196,0.007947517852496724,0.0,0.0,0.0,5.0
history_only,2,2,0.8,short,Naive (persistence),ALL_MEAN,0.8976215512493114,0.6190069931884642,0.618794137876317,0.618900475354746,,0.1343948725652196,0.005602728499990254,0.0075408211166799015,0.007278575189832099,0.007407689662313293,5.0
history_only,2,2,0.8,short,Logistic Regression,ALL_MEAN,0.9077963046417306,0.7536784338598329,0.4666926896323268,0.5764074953298681,,0.1343948725652196,0.006114404355607248,0.007583361488301458,0.009121101506734675,0.008512255642597843,5.0
history_only,2,2,0.8,short,Random Forest,ALL_MEAN,0.9076160432627309,0.7582624777409649,0.45926485917054255,0.5720056713723467,,0.1343948725652196,0.0062684822410610805,0.00712721453337815,0.010739412784045181,0.009899909594045339,5.0
history_only,2,2,0.8,medium,Naive (always 'not congested'),25,0.8742676881478143,0.0,0.0,0.0,19971.0,0.12573231185218567,,,,,
history_only,2,2,0.8,medium,Naive (persistence),25,0.8721145661208752,0.49143767423337315,0.49143767423337315,0.49143767423337315,19971.0,0.12573231185218567,,,,,
history_only,2,2,0.8,medium,Logistic Regression,25,0.8964999248910921,0.7307692307692307,0.27996814018319394,0.4048373164411172,19971.0,0.12573231185218567,,,,,
history_only,2,2,0.8,medium,Random Forest,25,0.8959491262330379,0.727177334732424,0.27598566308243727,0.40011547344110854,19971.0,0.12573231185218567,,,,,
history_only,2,2,0.8,medium,Naive (always 'not congested'),26,0.8691102098042162,0.0,0.0,0.0,19971.0,0.1308897901957839,,,,,
history_only,2,2,0.8,medium,Naive (persistence),26,0.8630013519603424,0.47666411629686306,0.47666411629686306,0.47666411629686306,19971.0,0.1308897901957839,,,,,
history_only,2,2,0.8,medium,Logistic Regression,26,0.8876871463622252,0.6820412168792934,0.265876052027544,0.38260390861546933,19971.0,0.1308897901957839,,,,,
history_only,2,2,0.8,medium,Random Forest,26,0.8872364929147264,0.681,0.2605202754399388,0.3768677365799668,19971.0,0.1308897901957839,,,,,
history_only,2,2,0.8,medium,Naive (always 'not congested'),27,0.8614491011967352,0.0,0.0,0.0,19971.0,0.13855089880326474,,,,,
history_only,2,2,0.8,medium,Naive (persistence),27,0.8537879925892544,0.47235272858691724,0.47235272858691724,0.47235272858691724,19971.0,0.13855089880326474,,,,,
history_only,2,2,0.8,medium,Logistic Regression,27,0.8793750938861349,0.6761811023622047,0.24828333935670402,0.36320380650277556,19971.0,0.13855089880326474,,,,,
history_only,2,2,0.8,medium,Random Forest,27,0.8796254569125231,0.6795252225519288,0.24828333935670402,0.3636844891476972,19971.0,0.13855089880326474,,,,,
history_only,2,2,0.8,medium,Naive (always 'not congested'),28,0.8710630414100445,0.0,0.0,0.0,19971.0,0.12893695858995544,,,,,
history_only,2,2,0.8,medium,Naive (persistence),28,0.8656051274347805,0.47883495145631066,0.47883495145631066,0.47883495145631066,19971.0,0.12893695858995544,,,,,
history_only,2,2,0.8,medium,Logistic Regression,28,0.8934955685744329,0.7333333333333333,0.2733980582524272,0.3983026874115983,19971.0,0.12893695858995544,,,,,
history_only,2,2,0.8,medium,Random Forest,28,0.8926944068899905,0.7307692307692307,0.26563106796116503,0.3896325833095984,19971.0,0.12893695858995544,,,,,
history_only,2,2,0.8,medium,Naive (always 'not congested'),29,0.8518852335887036,0.0,0.0,0.0,19971.0,0.14811476641129637,,,,,
history_only,2,2,0.8,medium,Naive (persistence),29,0.8533874117470333,0.5050881953867028,0.5033806626098716,0.5042329834067051,19971.0,0.14811476641129637,,,,,
history_only,2,2,0.8,medium,Logistic Regression,29,0.8722147113314306,0.6746987951807228,0.2650439486139283,0.38058252427184464,19971.0,0.14811476641129637,,,,,
history_only,2,2,0.8,medium,Random Forest,29,0.8716639126733764,0.673702726473175,0.2589587559161596,0.3741147741147741,19971.0,0.14811476641129637,,,,,
history_only,2,2,0.8,medium,Naive (always 'not congested'),ALL_MEAN,0.8655550548295027,0.0,0.0,0.0,,0.13444494517049724,0.008032557380994556,0.0,0.0,0.0,5.0
history_only,2,2,0.8,medium,Naive (persistence),ALL_MEAN,0.8615792899704571,0.48487553319203336,0.4845340266366671,0.48470449079603384,,0.13444494517049724,0.007169837583481748,0.011936080079761593,0.01136358223880779,0.011647857542603586,5.0
history_only,2,2,0.8,medium,Logistic Regression,ALL_MEAN,0.885854489009063,0.6994047357049571,0.2665139076867595,0.385906048648561,,0.13444494517049724,0.008978820983526401,0.026780939925625743,0.010614416255579098,0.014606199997865504,5.0
history_only,2,2,0.8,medium,Random Forest,ALL_MEAN,0.8854338791247309,0.6984349029053518,0.2618758203512809,0.380883011318629,,0.13444494517049724,0.00883045691141113,0.025079348265864904,0.009036502122201442,0.012681981235251716,5.0
history_only,2,2,0.8,long,Naive (always 'not congested'),25,0.8742676881478143,0.0,0.0,0.0,19971.0,0.12573231185218567,,,,,
history_only,2,2,0.8,long,Naive (persistence),25,0.8396675179009564,0.362405416168857,0.362405416168857,0.362405416168857,19971.0,0.12573231185218567,,,,,
history_only,2,2,0.8,long,Logistic Regression,25,0.8840318461769566,0.7746478873239436,0.10951812027080844,0.19190509420795535,19971.0,0.12573231185218567,,,,,
history_only,2,2,0.8,long,Random Forest,25,0.8838315557558459,0.7546666666666667,0.11270410195141378,0.19611919611919612,19971.0,0.12573231185218567,,,,,
history_only,2,2,0.8,long,Naive (always 'not congested'),26,0.8691102098042162,0.0,0.0,0.0,19971.0,0.1308897901957839,,,,,
history_only,2,2,0.8,long,Naive (persistence),26,0.8214410895798908,0.3179035960214231,0.3179035960214231,0.3179035960214231,19971.0,0.1308897901957839,,,,,
history_only,2,2,0.8,long,Logistic Regression,26,0.87201442091032,0.5953947368421053,0.0692425401683244,0.12405757368060315,19971.0,0.1308897901957839,,,,,
history_only,2,2,0.8,long,Random Forest,26,0.8724150017525412,0.5964912280701754,0.07804131599081866,0.13802435723951287,19971.0,0.1308897901957839,,,,,
history_only,2,2,0.8,long,Naive (always 'not congested'),27,0.86134895598618,0.0,0.0,0.0,19971.0,0.13865104401382003,,,,,
history_only,2,2,0.8,long,Naive (persistence),27,0.8114265685243603,0.3198409830140947,0.3196099674972914,0.31972543352601157,19971.0,0.13865104401382003,,,,,
history_only,2,2,0.8,long,Logistic Regression,27,0.8655550548295028,0.625748502994012,0.07547851209823041,0.13470834676119883,19971.0,0.13865104401382003,,,,,
history_only,2,2,0.8,long,Random Forest,27,0.8651544739872815,0.6032608695652174,0.08017334777898158,0.14153649984061206,19971.0,0.13865104401382003,,,,,
history_only,2,2,0.8,long,Naive (always 'not congested'),28,0.8710129688047669,0.0,0.0,0.0,19971.0,0.12898703119523308,,,,,
history_only,2,2,0.8,long,Naive (persistence),28,0.8261979870812678,0.3262135922330097,0.32608695652173914,0.326150262085032,19971.0,0.12898703119523308,,,,,
history_only,2,2,0.8,long,Logistic Regression,28,0.8764208101747534,0.6578947368421053,0.08734472049689442,0.15421521590130227,19971.0,0.12898703119523308,,,,,
history_only,2,2,0.8,long,Random Forest,28,0.876621100595864,0.648936170212766,0.09472049689440994,0.16531165311653118,19971.0,0.12898703119523308,,,,,
history_only,2,2,0.8,long,Naive (always 'not congested'),29,0.8513845075359271,0.0,0.0,0.0,19971.0,0.1486154924640729,,,,,
history_only,2,2,0.8,long,Naive (persistence),29,0.8025136447849381,0.3344640434192673,0.33221024258760107,0.3333333333333333,19971.0,0.1486154924640729,,,,,
history_only,2,2,0.8,long,Logistic Regression,29,0.8528866856942566,0.5568181818181818,0.049528301886792456,0.09096534653465346,19971.0,0.1486154924640729,,,,,
history_only,2,2,0.8,long,Random Forest,29,0.8524861048520355,0.5384615384615384,0.05188679245283019,0.09465273509526737,19971.0,0.1486154924640729,,,,,
history_only,2,2,0.8,long,Naive (always 'not congested'),ALL_MEAN,0.8654248660557808,0.0,0.0,0.0,,0.1345751339442191,0.008206690730010664,0.0,0.0,0.0,5.0
history_only,2,2,0.8,long,Naive (persistence),ALL_MEAN,0.8202493615742827,0.33216552617133044,0.33164323575938237,0.33190360822693143,,0.1345751339442191,0.012698570655175634,0.016189235076699008,0.016193101768662684,0.016185262890883217,5.0
history_only,2,2,0.8,long,Logistic Regression,ALL_MEAN,0.8701817635571579,0.6421008091640695,0.07822243898421002,0.13917031541714261,,0.1345751339442191,0.010532191378628257,0.07421611377060944,0.019870364407597315,0.03340457776035475,5.0
history_only,2,2,0.8,long,Random Forest,ALL_MEAN,0.8701016473887135,0.6283632945952727,0.08350521101369082,0.14712888828222392,,0.1345751339442191,0.010687816669723217,0.07225520206971543,0.02009496316545441,0.033462149202558744,5.0
history_only,2,2,0.8,extra_long,Naive (always 'not congested'),25,0.8742676881478143,0.0,0.0,0.0,19971.0,0.12573231185218567,,,,,
history_only,2,2,0.8,extra_long,Naive (persistence),25,0.8525862500625908,0.4137793707686181,0.4137793707686181,0.4137793707686181,19971.0,0.12573231185218567,,,,,
history_only,2,2,0.8,extra_long,Logistic Regression,25,0.8871864203094487,0.7171717171717171,0.16965352449223417,0.2743961352657005,19971.0,0.12573231185218567,,,,,
history_only,2,2,0.8,extra_long,Random Forest,25,0.8876370737569476,0.7289879931389366,0.16925527678215851,0.27472527472527475,19971.0,0.12573231185218567,,,,,
history_only,2,2,0.8,extra_long,Naive (always 'not congested'),26,0.8691102098042162,0.0,0.0,0.0,19971.0,0.1308897901957839,,,,,
history_only,2,2,0.8,extra_long,Naive (persistence),26,0.8393670822692905,0.3863810252486611,0.3863810252486611,0.3863810252486611,19971.0,0.1308897901957839,,,,,
history_only,2,2,0.8,extra_long,Logistic Regression,26,0.879224876070302,0.6778169014084507,0.14728385615914308,0.24198617221873037,19971.0,0.1308897901957839,,,,,
history_only,2,2,0.8,extra_long,Random Forest,26,0.879074658254469,0.6754850088183422,0.1465187452180566,0.24080477837158126,19971.0,0.1308897901957839,,,,,
history_only,2,2,0.8,extra_long,Naive (always 'not congested'),27,0.8613990285914576,0.0,0.0,0.0,19971.0,0.13860097140854238,,,,,
history_only,2,2,0.8,extra_long,Naive (persistence),27,0.8269991487657102,0.375858330321648,0.37572254335260113,0.3757904245709124,19971.0,0.13860097140854238,,,,,
history_only,2,2,0.8,extra_long,Logistic Regression,27,0.8706624605678234,0.6513911620294599,0.14378612716763006,0.2355726546315478,19971.0,0.13860097140854238,,,,,
history_only,2,2,0.8,extra_long,Random Forest,27,0.870562315357268,0.6517412935323383,0.14197976878612717,0.23316523286858498,19971.0,0.13860097140854238,,,,,
history_only,2,2,0.8,extra_long,Naive (always 'not congested'),28,0.8710630414100445,0.0,0.0,0.0,19971.0,0.12893695858995544,,,,,
history_only,2,2,0.8,extra_long,Naive (persistence),28,0.8425717290070602,0.3895145631067961,0.3895145631067961,0.3895145631067961,19971.0,0.12893695858995544,,,,,
history_only,2,2,0.8,extra_long,Logistic Regression,28,0.8805267638075209,0.657762938230384,0.15300970873786407,0.24826717076244487,19971.0,0.12893695858995544,,,,,
history_only,2,2,0.8,extra_long,Random Forest,28,0.8804766912022433,0.6582491582491582,0.15184466019417475,0.246765541180183,19971.0,0.12893695858995544,,,,,
history_only,2,2,0.8,extra_long,Naive (always 'not congested'),29,0.8516348705623153,0.0,0.0,0.0,19971.0,0.14836512943768465,,,,,
history_only,2,2,0.8,extra_long,Naive (persistence),29,0.8222923238696109,0.4006105834464043,0.39858251771852854,0.399593977330401,19971.0,0.14836512943768465,,,,,
history_only,2,2,0.8,extra_long,Logistic Regression,29,0.8568424215111913,0.5807453416149069,0.1262234222072224,0.2073745494871084,19971.0,0.14836512943768465,,,,,
history_only,2,2,0.8,extra_long,Random Forest,29,0.8567923489059136,0.5829307568438004,0.12217347283158961,0.20200892857142858,19971.0,0.14836512943768465,,,,,
history_only,2,2,0.8,extra_long,Naive (always 'not congested'),ALL_MEAN,0.8654949677031695,0.0,0.0,0.0,,0.1345050322968304,0.008122968105502167,0.0,0.0,0.0,5.0
history_only,2,2,0.8,extra_long,Naive (persistence),ALL_MEAN,0.8367633067948527,0.39322877457842553,0.3927960040390409,0.39301187220507766,,0.1345050322968304,0.010914495662295298,0.012955597071172102,0.01278443027400958,0.012863830419996216,5.0
history_only,2,2,0.8,extra_long,Logistic Regression,ALL_MEAN,0.8748885884532573,0.6569776120909837,0.14799132775281876,0.2415193364731064,,0.1345050322968304,0.010443690709622495,0.04449896737925574,0.014046073153360249,0.021577138852509534,5.0
history_only,2,2,0.8,extra_long,Random Forest,ALL_MEAN,0.8749086174953684,0.6594788421165151,0.14635438476242132,0.23949395114341052,,0.1345050322968304,0.010559000607022752,0.046922724958743424,0.015221529231468448,0.023413756824735035,5.0
history_only,2,2,0.9,short,Naive (always 'not congested'),25,0.8582945270642431,0.0,0.0,0.0,19971.0,0.14170547293575686,,,,,
history_only,2,2,0.9,short,Naive (persistence),25,0.9414150518251465,0.7932862190812721,0.7932862190812721,0.7932862190812721,19971.0,0.14170547293575686,,,,,
history_only,2,2,0.9,short,Logistic Regression,25,0.9431675930098643,0.8293820443062573,0.7540636042402827,0.7899315195261891,19971.0,0.14170547293575686,,,,,
history_only,2,2,0.9,short,Random Forest,25,0.9427670121676431,0.8303956130043086,0.7491166077738516,0.7876648708898384,19971.0,0.14170547293575686,,,,,
history_only,2,2,0.9,short,Naive (always 'not congested'),26,0.8447248510339993,0.0,0.0,0.0,19971.0,0.1552751489660007,,,,,
history_only,2,2,0.9,short,Naive (persistence),26,0.9382604776926543,0.8010960670535139,0.801354401805869,0.8012252136063195,19971.0,0.1552751489660007,,,,,
history_only,2,2,0.9,short,Logistic Regression,26,0.9374092434029343,0.8262248854423687,0.7558851983231216,0.789491411249579,19971.0,0.1552751489660007,,,,,
history_only,2,2,0.9,short,Random Forest,26,0.9374593160082119,0.831899641577061,0.7484682360528861,0.7879816669495842,19971.0,0.1552751489660007,,,,,
history_only,2,2,0.9,short,Naive (always 'not congested'),27,0.8602974312753493,0.0,0.0,0.0,19971.0,0.13970256872465076,,,,,
history_only,2,2,0.9,short,Naive (persistence),27,0.9462220219318012,0.8077474892395983,0.807168458781362,0.8074578702043743,19971.0,0.13970256872465076,,,,,
history_only,2,2,0.9,short,Logistic Regression,27,0.945370787642081,0.8361693707954095,0.7573476702508961,0.7948091028775626,19971.0,0.13970256872465076,,,,,
history_only,2,2,0.9,short,Random Forest,27,0.9446196985629163,0.8359936153232242,0.7508960573476703,0.7911631419939577,19971.0,0.13970256872465076,,,,,
history_only,2,2,0.9,short,Naive (always 'not congested'),28,0.8804266185969656,0.0,0.0,0.0,19971.0,0.1195733814030344,,,,,
history_only,2,2,0.9,short,Naive (persistence),28,0.9343047418757198,0.7252931323283082,0.7252931323283082,0.7252931323283082,19971.0,0.1195733814030344,,,,,
history_only,2,2,0.9,short,Logistic Regression,28,0.9345050322968304,0.7596153846153846,0.661641541038526,0.7072515666965085,19971.0,0.1195733814030344,,,,,
history_only,2,2,0.9,short,Random Forest,28,0.9349556857443293,0.7649635036496351,0.6582914572864321,0.7076299797434166,19971.0,0.1195733814030344,,,,,
history_only,2,2,0.9,short,Naive (always 'not congested'),29,0.854989735115918,0.0,0.0,0.0,19971.0,0.14501026488408192,,,,,
history_only,2,2,0.9,short,Naive (persistence),29,0.9402633819037605,0.7945347630577655,0.7931629834254144,0.793848280628996,19971.0,0.14501026488408192,,,,,
history_only,2,2,0.9,short,Logistic Regression,29,0.940764107956537,0.8313346228239845,0.7420580110497238,0.7841634738186463,19971.0,0.14501026488408192,,,,,
history_only,2,2,0.9,short,Random Forest,29,0.940463672324871,0.8343125734430082,0.7354972375690608,0.7817948247384842,19971.0,0.14501026488408192,,,,,
history_only,2,2,0.9,short,Naive (always 'not congested'),ALL_MEAN,0.8597466326172951,0.0,0.0,0.0,,0.14025336738270494,0.01164779640612883,0.0,0.0,0.0,5.0
history_only,2,2,0.9,short,Naive (persistence),ALL_MEAN,0.9400931350458166,0.7843915341520915,0.7840530390844451,0.7842221431698541,,0.14025336738270494,0.0039039423892017343,0.029997212097966654,0.02984838059433765,0.029921402802553957,5.0
history_only,2,2,0.9,short,Logistic Regression,ALL_MEAN,0.9402433528616493,0.8165452615966811,0.7341992049805101,0.7731294148336971,,0.14025336738270494,0.003900601314399281,0.028647233264619876,0.03667997693328915,0.033110952433779206,5.0
history_only,2,2,0.9,short,Random Forest,ALL_MEAN,0.9400530769615942,0.8195129893994475,0.7284539192059801,0.7712468968630561,,0.14025336738270494,0.003495684734348277,0.027342808059762733,0.0355064741652776,0.03195193311015636,5.0
history_only,2,2,0.9,medium,Naive (always 'not congested'),25,0.8582945270642431,0.0,0.0,0.0,19971.0,0.14170547293575686,,,,,
history_only,2,2,0.9,medium,Naive (persistence),25,0.9171799108707626,0.707773851590106,0.707773851590106,0.707773851590106,19971.0,0.14170547293575686,,,,,
history_only,2,2,0.9,medium,Logistic Regression,25,0.9232386961093586,0.7893797411869701,0.6250883392226149,0.6976927627686846,19971.0,0.14170547293575686,,,,,
history_only,2,2,0.9,medium,Random Forest,25,0.9227880426618597,0.7906137184115524,0.6190812720848057,0.6944114149821641,19971.0,0.14170547293575686,,,,,
history_only,2,2,0.9,medium,Naive (always 'not congested'),26,0.844774923639277,0.0,0.0,0.0,19971.0,0.15522507636072305,,,,,
history_only,2,2,0.9,medium,Naive (persistence),26,0.9096690200791148,0.7088974854932302,0.7093548387096774,0.709126088358594,19971.0,0.15522507636072305,,,,,
history_only,2,2,0.9,medium,Logistic Regression,26,0.915978168344099,0.7913934426229509,0.6229032258064516,0.6971119133574007,19971.0,0.15522507636072305,,,,,
history_only,2,2,0.9,medium,Random Forest,26,0.9152771518702119,0.7921161825726141,0.6158064516129033,0.6929219600725953,19971.0,0.15522507636072305,,,,,
history_only,2,2,0.9,medium,Naive (always 'not congested'),27,0.8604476490911822,0.0,0.0,0.0,19971.0,0.1395523509088178,,,,,
history_only,2,2,0.9,medium,Naive (persistence),27,0.926343197636573,0.7360114777618364,0.736275565123789,0.7361434977578475,19971.0,0.1395523509088178,,,,,
history_only,2,2,0.9,medium,Logistic Regression,27,0.9263932702418507,0.8010973936899863,0.628632938643703,0.7044632086851629,19971.0,0.1395523509088178,,,,,
history_only,2,2,0.9,medium,Random Forest,27,0.9259926893996294,0.8028690421101342,0.6225331898098314,0.7012934518997574,19971.0,0.1395523509088178,,,,,
history_only,2,2,0.9,medium,Naive (always 'not congested'),28,0.8804266185969656,0.0,0.0,0.0,19971.0,0.1195733814030344,,,,,
history_only,2,2,0.9,medium,Naive (persistence),28,0.9123729407641079,0.6335845896147404,0.6335845896147404,0.6335845896147404,19971.0,0.1195733814030344,,,,,
history_only,2,2,0.9,medium,Logistic Regression,28,0.9167793300285414,0.7112922002328289,0.5117252931323283,0.5952264978080857,19971.0,0.1195733814030344,,,,,
history_only,2,2,0.9,medium,Random Forest,28,0.9164288217915978,0.7125960969840331,0.5046063651591289,0.5908310860505026,19971.0,0.1195733814030344,,,,,
history_only,2,2,0.9,medium,Naive (always 'not congested'),29,0.8547393720895298,0.0,0.0,0.0,19971.0,0.14526062791047017,,,,,
history_only,2,2,0.9,medium,Naive (persistence),29,0.9186820890290922,0.7208578346592874,0.7183729748362634,0.7196132596685083,19971.0,0.14526062791047017,,,,,
history_only,2,2,0.9,medium,Logistic Regression,29,0.9215362275299184,0.7972370766488414,0.6166839021027232,0.6954324586977648,19971.0,0.14526062791047017,,,,,
history_only,2,2,0.9,medium,Random Forest,29,0.9216363727404737,0.8014440433212996,0.6122026887280249,0.6941567324604261,19971.0,0.14526062791047017,,,,,
history_only,2,2,0.9,medium,Naive (always 'not congested'),ALL_MEAN,0.8597366180962396,0.0,0.0,0.0,,0.14026338190376048,0.011657496137811571,0.0,0.0,0.0,5.0
history_only,2,2,0.9,medium,Naive (persistence),ALL_MEAN,0.91684943167593,0.7014250478238402,0.7010723639749152,0.7012482573979593,,0.14026338190376048,0.005747986137267302,0.0354184323313552,0.035232614207243454,0.03532128719697052,5.0
history_only,2,2,0.9,medium,Logistic Regression,ALL_MEAN,0.9207851384507537,0.7780799708763155,0.6010067397815642,0.6779853682634198,,0.14026338190376048,0.003929088568535747,0.033652150306071126,0.04480967870822567,0.04149388813424095,5.0
history_only,2,2,0.9,medium,Random Forest,ALL_MEAN,0.9204246156927545,0.7799278166799267,0.5948459934789387,0.6747229290930891,,0.14026338190376048,0.004012987408180819,0.03401632863576223,0.04524978621877044,0.04204841954180752,5.0
history_only,2,2,0.9,long,Naive (always 'not congested'),25,0.8582945270642431,0.0,0.0,0.0,19971.0,0.14170547293575686,,,,,
history_only,2,2,0.9,long,Naive (persistence),25,0.886435331230284,0.5992932862190813,0.5992932862190813,0.5992932862190813,19971.0,0.14170547293575686,,,,,
history_only,2,2,0.9,long,Logistic Regression,25,0.9033097992088528,0.7509771077610273,0.4752650176678445,0.5821250811512659,19971.0,0.14170547293575686,,,,,
history_only,2,2,0.9,long,Random Forest,25,0.903560162235241,0.7562358276643991,0.4713780918727915,0.5807575097953853,19971.0,0.14170547293575686,,,,,
history_only,2,2,0.9,long,Naive (always 'not congested'),26,0.844774923639277,0.0,0.0,0.0,19971.0,0.15522507636072305,,,,,
history_only,2,2,0.9,long,Naive (persistence),26,0.8737168894897601,0.5931656995486783,0.5935483870967742,0.5933569816188327,19971.0,0.15522507636072305,,,,,
history_only,2,2,0.9,long,Logistic Regression,26,0.8910920835211056,0.7443211833069202,0.4545161290322581,0.5643901462046865,19971.0,0.15522507636072305,,,,,
history_only,2,2,0.9,long,Random Forest,26,0.8908417204947173,0.7486486486486487,0.4467741935483871,0.5595959595959596,19971.0,0.15522507636072305,,,,,
history_only,2,2,0.9,long,Naive (always 'not congested'),27,0.8604476490911822,0.0,0.0,0.0,19971.0,0.1395523509088178,,,,,
history_only,2,2,0.9,long,Naive (persistence),27,0.8976015222072005,0.6330703012912482,0.63329745245784,0.6331838565022422,19971.0,0.1395523509088178,,,,,
history_only,2,2,0.9,long,Logistic Regression,27,0.9029592909719093,0.7463726059199072,0.46142805884463584,0.5702882483370288,19971.0,0.1395523509088178,,,,,
history_only,2,2,0.9,long,Random Forest,27,0.9030594361824645,0.7531231409875074,0.4542518837459634,0.5666965085049239,19971.0,0.1395523509088178,,,,,
history_only,2,2,0.9,long,Naive (always 'not congested'),28,0.8804266185969656,0.0,0.0,0.0,19971.0,0.1195733814030344,,,,,
history_only,2,2,0.9,long,Naive (persistence),28,0.882229232386961,0.507537688442211,0.507537688442211,0.507537688442211,19971.0,0.1195733814030344,,,,,
history_only,2,2,0.9,long,Logistic Regression,28,0.8997045716288619,0.6608187134502924,0.3312395309882747,0.4412831241283124,19971.0,0.1195733814030344,,,,,
history_only,2,2,0.9,long,Random Forest,28,0.8998047168394172,0.663844199830652,0.32830820770519265,0.43933875035023817,19971.0,0.1195733814030344,,,,,
history_only,2,2,0.9,long,Naive (always 'not congested'),29,0.8542386460367533,0.0,0.0,0.0,19971.0,0.14576135396324671,,,,,
history_only,2,2,0.9,long,Naive (persistence),29,0.8881377998097241,0.6170875129712902,0.6128478186190313,0.61496035849707,19971.0,0.14576135396324671,,,,,
history_only,2,2,0.9,long,Logistic Regression,29,0.8989534825496971,0.7521174477696216,0.45757471659223636,0.5689876121315677,19971.0,0.14576135396324671,,,,,
history_only,2,2,0.9,long,Random Forest,29,0.8988533373391417,0.7547169811320755,0.45345242184816215,0.5665236051502146,19971.0,0.14576135396324671,,,,,
history_only,2,2,0.9,long,Naive (always 'not congested'),ALL_MEAN,0.8596364728856842,0.0,0.0,0.0,,0.14036352711431577,0.01170206105619679,0.0,0.0,0.0,5.0
history_only,2,2,0.9,long,Naive (persistence),ALL_MEAN,0.8856241550247859,0.5900308976945018,0.5893049265669875,0.5896664342558875,,0.14036352711431577,0.007794128736453138,0.043555020580381326,0.043112099500703605,0.04332430253327357,5.0
history_only,2,2,0.9,long,Logistic Regression,ALL_MEAN,0.8992038455760853,0.7309214116415538,0.43600469062504993,0.5454148423905723,,0.14036352711431577,0.004406275461588222,0.03516869196710472,0.05286094773456828,0.05239366436811793,5.0
history_only,2,2,0.9,long,Random Forest,ALL_MEAN,0.8992238746181963,0.7353137596526566,0.4308329597440993,0.5425824666793443,,0.14036352711431577,0.004566182346816758,0.03582487750958548,0.05190268109155363,0.05207825447156891,5.0
history_only,2,2,0.9,extra_long,Naive (always 'not congested'),25,0.8582945270642431,0.0,0.0,0.0,19971.0,0.14170547293575686,,,,,
history_only,2,2,0.9,extra_long,Naive (persistence),25,0.8983526112863652,0.6413427561837456,0.6413427561837456,0.6413427561837456,19971.0,0.14170547293575686,,,,,
history_only,2,2,0.9,extra_long,Logistic Regression,25,0.908467277552451,0.7372159090909091,0.5501766784452297,0.6301092675030352,19971.0,0.14170547293575686,,,,,
history_only,2,2,0.9,extra_long,Random Forest,25,0.9088177857893946,0.7503722084367246,0.5342756183745583,0.6241486068111455,19971.0,0.14170547293575686,,,,,
history_only,2,2,0.9,extra_long,Naive (always 'not congested'),26,0.844774923639277,0.0,0.0,0.0,19971.0,0.15522507636072305,,,,,
history_only,2,2,0.9,extra_long,Naive (persistence),26,0.8860347503880627,0.6328175370728563,0.6332258064516129,0.6330216059335698,19971.0,0.15522507636072305,,,,,
history_only,2,2,0.9,extra_long,Logistic Regression,26,0.8981523208652546,0.7331583552055994,0.5406451612903226,0.6223542517638322,19971.0,0.15522507636072305,,,,,
history_only,2,2,0.9,extra_long,Random Forest,26,0.8977016674177557,0.7427652733118971,0.5216129032258064,0.6128482092097783,19971.0,0.15522507636072305,,,,,
history_only,2,2,0.9,extra_long,Naive (always 'not congested'),27,0.8604476490911822,0.0,0.0,0.0,19971.0,0.1395523509088178,,,,,
history_only,2,2,0.9,extra_long,Naive (persistence),27,0.9111211256321666,0.6814921090387375,0.6817366343738788,0.6816143497757847,19971.0,0.1395523509088178,,,,,
history_only,2,2,0.9,extra_long,Logistic Regression,27,0.912222722948275,0.7519493177387915,0.5536419088625762,0.6377350692291796,19971.0,0.1395523509088178,,,,,
history_only,2,2,0.9,extra_long,Random Forest,27,0.9114215612638326,0.7623711340206185,0.5306781485468245,0.6257668711656442,19971.0,0.1395523509088178,,,,,
history_only,2,2,0.9,extra_long,Naive (always 'not congested'),28,0.8804266185969656,0.0,0.0,0.0,19971.0,0.1195733814030344,,,,,
history_only,2,2,0.9,extra_long,Naive (persistence),28,0.8973511591808122,0.5707705192629816,0.5707705192629816,0.5707705192629816,19971.0,0.1195733814030344,,,,,
history_only,2,2,0.9,extra_long,Logistic Regression,28,0.9054128486305143,0.6592214422463306,0.4325795644891122,0.5223767383059419,19971.0,0.1195733814030344,,,,,
history_only,2,2,0.9,extra_long,Random Forest,28,0.9056632116569026,0.6747572815533981,0.4074539363484087,0.5080939947780679,19971.0,0.1195733814030344,,,,,
history_only,2,2,0.9,extra_long,Naive (always 'not congested'),29,0.8544890090631415,0.0,0.0,0.0,19971.0,0.14551099093685843,,,,,
history_only,2,2,0.9,extra_long,Naive (persistence),29,0.9019077662610786,0.663784157730889,0.6603578802477632,0.6620665861652579,19971.0,0.14551099093685843,,,,,
history_only,2,2,0.9,extra_long,Logistic Regression,29,0.9088177857893946,0.7567439659252247,0.5502408809359945,0.6371787208607292,19971.0,0.14551099093685843,,,,,
history_only,2,2,0.9,extra_long,Random Forest,29,0.9088177857893946,0.7713856928464232,0.5306262904335857,0.6287461773700306,19971.0,0.14551099093685843,,,,,
history_only,2,2,0.9,extra_long,Naive (always 'not congested'),ALL_MEAN,0.8596865454909619,0.0,0.0,0.0,,0.1403134545090381,0.011679370510426813,0.0,0.0,0.0,5.0
history_only,2,2,0.9,extra_long,Naive (persistence),ALL_MEAN,0.8989534825496971,0.638041415857842,0.6374867193039965,0.637763163464268,,0.1403134545090381,0.008082096974762466,0.03772058531684444,0.0373235066232362,0.03751504531476605,5.0
history_only,2,2,0.9,extra_long,Logistic Regression,ALL_MEAN,0.9066145911571779,0.7276577980413711,0.525456838804647,0.6099508095325435,,0.1403134545090381,0.004749565437951803,0.03533052929644699,0.04664030577645667,0.04414238552756421,5.0
history_only,2,2,0.9,extra_long,Random Forest,ALL_MEAN,0.906484402383456,0.7403303180338123,0.5049293793858367,0.5999207718669333,,0.1403134545090381,0.004755537440403825,0.03422521163542487,0.04891693787748091,0.04622810501035525,5.0
history_only,2,2,0.95,short,Naive (always 'not congested'),25,0.809323519102699,0.0,0.0,0.0,19971.0,0.19067648089730108,,,,,
history_only,2,2,0.95,short,Naive (persistence),25,0.9657503379900856,0.9101890756302521,0.9101890756302521,0.9101890756302521,19971.0,0.19067648089730108,,,,,
history_only,2,2,0.95,short,Logistic Regression,25,0.9659005558059186,0.9154929577464789,0.9046743697478992,0.9100515123497557,19971.0,0.19067648089730108,,,,,
history_only,2,2,0.95,short,Random Forest,25,0.9660507736217515,0.9173333333333333,0.9033613445378151,0.9102937284996031,19971.0,0.19067648089730108,,,,,
history_only,2,2,0.95,short,Naive (always 'not congested'),26,0.8012117570477192,0.0,0.0,0.0,19971.0,0.1987882429522808,,,,,
history_only,2,2,0.95,short,Naive (persistence),26,0.9587401732512143,0.8962216624685139,0.8962216624685139,0.8962216624685139,19971.0,0.1987882429522808,,,,,
history_only,2,2,0.95,short,Logistic Regression,26,0.9588903910670472,0.9009421950598421,0.891183879093199,0.896036469545397,19971.0,0.1987882429522808,,,,,
history_only,2,2,0.95,short,Random Forest,26,0.9592408993039908,0.9027565084226646,0.8909319899244332,0.8968052738336714,19971.0,0.1987882429522808,,,,,
history_only,2,2,0.95,short,Naive (always 'not congested'),27,0.9091682940263381,0.0,0.0,0.0,19971.0,0.09083170597366182,,,,,
history_only,2,2,0.95,short,Naive (persistence),27,0.9767663111511692,0.8721058434399118,0.8721058434399118,0.8721058434399118,19971.0,0.09083170597366182,,,,,
history_only,2,2,0.95,short,Logistic Regression,27,0.9768664563617245,0.8772321428571429,0.8665931642778391,0.8718801996672213,19971.0,0.09083170597366182,,,,,
history_only,2,2,0.95,short,Random Forest,27,0.9769165289670022,0.8777219430485762,0.8665931642778391,0.872122052704577,19971.0,0.09083170597366182,,,,,
history_only,2,2,0.95,short,Naive (always 'not congested'),28,0.700215312202694,0.0,0.0,0.0,19971.0,0.2997846877973061,,,,,
history_only,2,2,0.95,short,Naive (persistence),28,0.9568374142506635,0.9280106898279605,0.9280106898279605,0.9280106898279605,19971.0,0.2997846877973061,,,,,
history_only,2,2,0.95,short,Logistic Regression,28,0.9565870512242752,0.9305415405314497,0.9241690329046267,0.9273443392273527,19971.0,0.2997846877973061,,,,,
history_only,2,2,0.95,short,Random Forest,28,0.9567372690401081,0.9311563709813163,0.9240020043427426,0.9275653923541247,19971.0,0.2997846877973061,,,,,
history_only,2,2,0.95,short,Naive (always 'not congested'),29,0.7772269791197236,0.0,0.0,0.0,19971.0,0.2227730208802764,,,,,
history_only,2,2,0.95,short,Naive (persistence),29,0.9641480146212007,0.919532479208811,0.919532479208811,0.919532479208811,19971.0,0.2227730208802764,,,,,
history_only,2,2,0.95,short,Logistic Regression,29,0.963547143357869,0.920832390861796,0.9150370869858395,0.9179255918827508,19971.0,0.2227730208802764,,,,,
history_only,2,2,0.95,short,Random Forest,29,0.9634469981473136,0.9213686834353048,0.9139132389300967,0.9176258180997517,19971.0,0.2227730208802764,,,,,
history_only,2,2,0.95,short,Naive (always 'not congested'),ALL_MEAN,0.7994291722998348,0.0,0.0,0.0,,0.2005708277001652,0.06705233472702508,0.0,0.0,0.0,5.0
history_only,2,2,0.95,short,Naive (persistence),ALL_MEAN,0.9644484502528667,0.9052119501150898,0.9052119501150898,0.9052119501150898,,0.2005708277001652,0.006986088543862752,0.01962891456789938,0.01962891456789938,0.01962891456789938,5.0
history_only,2,2,0.95,short,Logistic Regression,ALL_MEAN,0.9643583195633669,0.909008245411342,0.9003315066018807,0.9046476225344955,,0.2005708277001652,0.007067967731528886,0.01854899765615669,0.020126087780689212,0.019331339327366474,5.0
history_only,2,2,0.95,short,Random Forest,ALL_MEAN,0.9644784938160333,0.910067367844239,0.8997603484025853,0.9048824530983456,,0.2005708277001652,0.007008562232337957,0.018573826814025876,0.0198943780116605,0.019207684114137244,5.0
history_only,2,2,0.95,medium,Naive (always 'not congested'),25,0.809323519102699,0.0,0.0,0.0,19971.0,0.19067648089730108,,,,,
history_only,2,2,0.95,medium,Naive (persistence),25,0.9531320414601172,0.8771008403361344,0.8771008403361344,0.8771008403361344,19971.0,0.19067648089730108,,,,,
history_only,2,2,0.95,medium,Logistic Regression,25,0.9534825496970607,0.8999722145040289,0.850577731092437,0.8745781017955988,19971.0,0.19067648089730108,,,,,
history_only,2,2,0.95,medium,Random Forest,25,0.9536327675128937,0.9020647321428571,0.8490021008403361,0.8747294372294372,19971.0,0.19067648089730108,,,,,
history_only,2,2,0.95,medium,Naive (always 'not congested'),26,0.8012117570477192,0.0,0.0,0.0,19971.0,0.1987882429522808,,,,,
history_only,2,2,0.95,medium,Naive (persistence),26,0.9430173751940314,0.8566750629722922,0.8566750629722922,0.8566750629722922,19971.0,0.1987882429522808,,,,,
history_only,2,2,0.95,medium,Logistic Regression,26,0.9433178108256972,0.8798179871520343,0.8279596977329975,0.8531014793667272,19971.0,0.1987882429522808,,,,,
history_only,2,2,0.95,medium,Random Forest,26,0.9432677382204196,0.8808053691275167,0.826448362720403,0.8527615334632879,19971.0,0.1987882429522808,,,,,
history_only,2,2,0.95,medium,Naive (always 'not congested'),27,0.9091682940263381,0.0,0.0,0.0,19971.0,0.09083170597366182,,,,,
history_only,2,2,0.95,medium,Naive (persistence),27,0.967853387411747,0.8230429988974641,0.8230429988974641,0.8230429988974641,19971.0,0.09083170597366182,,,,,
history_only,2,2,0.95,medium,Logistic Regression,27,0.9686044764909119,0.8547519426180514,0.7883131201764058,0.8201892744479495,19971.0,0.09083170597366182,,,,,
history_only,2,2,0.95,medium,Random Forest,27,0.9685544038856342,0.8576598311218335,0.7839029768467475,0.8191244239631337,19971.0,0.09083170597366182,,,,,
history_only,2,2,0.95,medium,Naive (always 'not congested'),28,0.700215312202694,0.0,0.0,0.0,19971.0,0.2997846877973061,,,,,
history_only,2,2,0.95,medium,Naive (persistence),28,0.9414150518251465,0.902288291297812,0.902288291297812,0.902288291297812,19971.0,0.2997846877973061,,,,,
history_only,2,2,0.95,medium,Logistic Regression,28,0.9418156326673677,0.9218394824269978,0.8805745782528812,0.9007346659832565,19971.0,0.2997846877973061,,,,,
history_only,2,2,0.95,medium,Random Forest,28,0.9414150518251465,0.9250044115052056,0.8755637213963587,0.8996052857388022,19971.0,0.2997846877973061,,,,,
history_only,2,2,0.95,medium,Naive (always 'not congested'),29,0.7772269791197236,0.0,0.0,0.0,19971.0,0.2227730208802764,,,,,
history_only,2,2,0.95,medium,Naive (persistence),29,0.9516298633017876,0.8914362778152394,0.8914362778152394,0.8914362778152394,19971.0,0.2227730208802764,,,,,
history_only,2,2,0.95,medium,Logistic Regression,29,0.9502779029592909,0.9073550212164073,0.8651382333108564,0.88574387297204,19971.0,0.2227730208802764,,,,,
history_only,2,2,0.95,medium,Random Forest,29,0.9494266686695709,0.9083353122773687,0.8597437626432907,0.8833718244803695,19971.0,0.2227730208802764,,,,,
history_only,2,2,0.95,medium,Naive (always 'not congested'),ALL_MEAN,0.7994291722998348,0.0,0.0,0.0,,0.2005708277001652,0.06705233472702508,0.0,0.0,0.0,5.0
history_only,2,2,0.95,medium,Naive (persistence),ALL_MEAN,0.9514095438385659,0.8701086942637886,0.8701086942637886,0.8701086942637886,,0.2005708277001652,0.00942055088990007,0.02805325122728126,0.02805325122728126,0.02805325122728126,5.0
history_only,2,2,0.95,medium,Logistic Regression,ALL_MEAN,0.9514996745280657,0.8927473295835039,0.8425126721131158,0.8668694789131143,,0.2005708277001652,0.00957833315660043,0.023335613556925,0.03217157250832932,0.028039671230421385,5.0
history_only,2,2,0.95,medium,Random Forest,ALL_MEAN,0.951259326022733,0.8947739312349563,0.8389321848894273,0.8659185009750061,,0.2005708277001652,0.009683870980599448,0.023338919964652954,0.03181337453485398,0.02785620937702149,5.0
history_only,2,2,0.95,long,Naive (always 'not congested'),25,0.809323519102699,0.0,0.0,0.0,19971.0,0.19067648089730108,,,,,
history_only,2,2,0.95,long,Naive (persistence),25,0.9329027089279455,0.8240546218487395,0.8240546218487395,0.8240546218487395,19971.0,0.19067648089730108,,,,,
history_only,2,2,0.95,long,Logistic Regression,25,0.9348054679284963,0.8615118291979227,0.7841386554621849,0.8210063238933186,19971.0,0.19067648089730108,,,,,
history_only,2,2,0.95,long,Random Forest,25,0.9351559761654399,0.866006408389164,0.7807247899159664,0.821157298715647,19971.0,0.19067648089730108,,,,,
history_only,2,2,0.95,long,Naive (always 'not congested'),26,0.8012117570477192,0.0,0.0,0.0,19971.0,0.1987882429522808,,,,,
history_only,2,2,0.95,long,Naive (persistence),26,0.9209854288718642,0.8012594458438287,0.8012594458438287,0.8012594458438287,19971.0,0.1987882429522808,,,,,
history_only,2,2,0.95,long,Logistic Regression,26,0.9249411646887987,0.8455944055944056,0.7614609571788413,0.801325381047051,19971.0,0.1987882429522808,,,,,
history_only,2,2,0.95,long,Random Forest,26,0.9247909468729658,0.8497732426303855,0.7551637279596978,0.7996799146439051,19971.0,0.1987882429522808,,,,,
history_only,2,2,0.95,long,Naive (always 'not congested'),27,0.9091682940263381,0.0,0.0,0.0,19971.0,0.09083170597366182,,,,,
history_only,2,2,0.95,long,Naive (persistence),27,0.9551349456712233,0.75303197353914,0.75303197353914,0.75303197353914,19971.0,0.09083170597366182,,,,,
history_only,2,2,0.95,long,Logistic Regression,27,0.9557858895398328,0.7966857871255577,0.6890848952590959,0.7389890629618682,19971.0,0.09083170597366182,,,,,
history_only,2,2,0.95,long,Random Forest,27,0.9559361073556657,0.8020698576972833,0.6835722160970231,0.7380952380952381,19971.0,0.09083170597366182,,,,,
history_only,2,2,0.95,long,Naive (always 'not congested'),28,0.700215312202694,0.0,0.0,0.0,19971.0,0.2997846877973061,,,,,
history_only,2,2,0.95,long,Naive (persistence),28,0.9170797656602073,0.86170035075998,0.86170035075998,0.86170035075998,19971.0,0.2997846877973061,,,,,
history_only,2,2,0.95,long,Logistic Regression,28,0.9223874618196385,0.9022665457842248,0.8311341239351929,0.8652408276821423,19971.0,0.2997846877973061,,,,,
history_only,2,2,0.95,long,Random Forest,28,0.9223373892143608,0.9051881622214103,0.8276265241356272,0.8646714946339761,19971.0,0.2997846877973061,,,,,
history_only,2,2,0.95,long,Naive (always 'not congested'),29,0.7772269791197236,0.0,0.0,0.0,19971.0,0.2227730208802764,,,,,
history_only,2,2,0.95,long,Naive (persistence),29,0.9331029993490562,0.8498538997527534,0.8498538997527534,0.8498538997527534,19971.0,0.2227730208802764,,,,,
history_only,2,2,0.95,long,Logistic Regression,29,0.9333533623754444,0.8839901477832512,0.8066981344122275,0.8435773886473146,19971.0,0.2227730208802764,,,,,
history_only,2,2,0.95,long,Random Forest,29,0.9329027089279455,0.8860193692575118,0.8019779725781074,0.8419065596979708,19971.0,0.2227730208802764,,,,,
history_only,2,2,0.95,long,Naive (always 'not congested'),ALL_MEAN,0.7994291722998348,0.0,0.0,0.0,,0.2005708277001652,0.06705233472702508,0.0,0.0,0.0,5.0
history_only,2,2,0.95,long,Naive (persistence),ALL_MEAN,0.9318411696960593,0.8179800583488884,0.8179800583488884,0.8179800583488884,,0.2005708277001652,0.013274526257060208,0.038631952213323224,0.038631952213323224,0.038631952213323224,5.0
history_only,2,2,0.95,long,Logistic Regression,ALL_MEAN,0.9342546692704421,0.8580097430970725,0.7745033532495085,0.8140277968463391,,0.2005708277001652,0.011766742623533551,0.036223414527364294,0.048585603283325784,0.043212997333814,5.0
history_only,2,2,0.95,long,Random Forest,ALL_MEAN,0.9342246257072755,0.861811408039151,0.7698130461372844,0.8131021011573474,,0.2005708277001652,0.011868479269082174,0.03521118140969748,0.0492912368937957,0.04326700817086553,5.0
history_only,2,2,0.95,extra_long,Naive (always 'not congested'),25,0.809323519102699,0.0,0.0,0.0,19971.0,0.19067648089730108,,,,,
history_only,2,2,0.95,extra_long,Naive (persistence),25,0.9421160682990336,0.8482142857142857,0.8482142857142857,0.8482142857142857,19971.0,0.19067648089730108,,,,,
history_only,2,2,0.95,extra_long,Logistic Regression,25,0.943217665615142,0.8815639269406392,0.811186974789916,0.8449124726477024,19971.0,0.19067648089730108,,,,,
history_only,2,2,0.95,extra_long,Random Forest,25,0.9429673025887537,0.8818311874105865,0.8093487394957983,0.8440366972477065,19971.0,0.19067648089730108,,,,,
history_only,2,2,0.95,extra_long,Naive (always 'not congested'),26,0.8012117570477192,0.0,0.0,0.0,19971.0,0.1987882429522808,,,,,
history_only,2,2,0.95,extra_long,Naive (persistence),26,0.9302989334535076,0.8246851385390428,0.8246851385390428,0.8246851385390428,19971.0,0.1987882429522808,,,,,
history_only,2,2,0.95,extra_long,Logistic Regression,26,0.9328526363226679,0.8640265854333979,0.7858942065491183,0.8231104075979422,19971.0,0.1987882429522808,,,,,
history_only,2,2,0.95,extra_long,Random Forest,26,0.9328526363226679,0.8642283180936547,0.7856423173803526,0.823063728724106,19971.0,0.1987882429522808,,,,,
history_only,2,2,0.95,extra_long,Naive (always 'not congested'),27,0.9091682940263381,0.0,0.0,0.0,19971.0,0.09083170597366182,,,,,
history_only,2,2,0.95,extra_long,Naive (persistence),27,0.9602423514095438,0.7811466372657111,0.7811466372657111,0.7811466372657111,19971.0,0.09083170597366182,,,,,
history_only,2,2,0.95,extra_long,Logistic Regression,27,0.961794602173151,0.8294670846394985,0.7293274531422271,0.7761806981519507,19971.0,0.09083170597366182,,,,,
history_only,2,2,0.95,extra_long,Random Forest,27,0.9620449651995393,0.8320754716981132,0.7293274531422271,0.7773207990599295,19971.0,0.09083170597366182,,,,,
history_only,2,2,0.95,extra_long,Naive (always 'not congested'),28,0.700215312202694,0.0,0.0,0.0,19971.0,0.2997846877973061,,,,,
history_only,2,2,0.95,extra_long,Naive (persistence),28,0.9272945771368484,0.8787372640721564,0.8787372640721564,0.8787372640721564,19971.0,0.2997846877973061,,,,,
history_only,2,2,0.95,extra_long,Logistic Regression,28,0.9303490060587852,0.9128638160258714,0.8486721229330215,0.8795983727170432,19971.0,0.2997846877973061,,,,,
history_only,2,2,0.95,extra_long,Random Forest,28,0.9299984978218416,0.9123090745732255,0.8480040086854852,0.8789819944598338,19971.0,0.2997846877973061,,,,,
history_only,2,2,0.95,extra_long,Naive (always 'not congested'),29,0.7772269791197236,0.0,0.0,0.0,19971.0,0.2227730208802764,,,,,
history_only,2,2,0.95,extra_long,Naive (persistence),29,0.941915777877923,0.8696336255338278,0.8696336255338278,0.8696336255338278,19971.0,0.2227730208802764,,,,,
history_only,2,2,0.95,extra_long,Logistic Regression,29,0.9402633819037605,0.8959143968871596,0.8280512474713418,0.8606471206634739,19971.0,0.2227730208802764,,,,,
history_only,2,2,0.95,extra_long,Random Forest,29,0.9396124380351509,0.8953913679590344,0.825354012137559,0.8589473684210527,19971.0,0.2227730208802764,,,,,
history_only,2,2,0.95,extra_long,Naive (always 'not congested'),ALL_MEAN,0.7994291722998348,0.0,0.0,0.0,,0.2005708277001652,0.06705233472702508,0.0,0.0,0.0,5.0
history_only,2,2,0.95,extra_long,Naive (persistence),ALL_MEAN,0.9403735416353713,0.8404833902250047,0.8404833902250047,0.8404833902250047,,0.2005708277001652,0.01159949598918304,0.03505223769183638,0.03505223769183638,0.03505223769183638,5.0
history_only,2,2,0.95,extra_long,Logistic Regression,ALL_MEAN,0.9416954584147014,0.8767671619853135,0.8006264009771249,0.8368898143556225,,0.2005708277001652,0.011093070101045233,0.02860843791311278,0.04116458875727574,0.03557601002701672,5.0
history_only,2,2,0.95,extra_long,Random Forest,ALL_MEAN,0.9414951679935907,0.8771670839469229,0.7995353061682844,0.8364701175825257,,0.2005708277001652,0.011268298862642788,0.027529994736852754,0.040581478384337795,0.03477962838395402,5.0
rich_features,2,2,0.3,short,Naive (always 'not congested'),25,0.9663456664977192,0.0,0.0,0.0,19730.0,0.03365433350228079,,,,,
rich_features,2,2,0.3,short,Naive (persistence),25,0.9367967562088191,0.0563165905631659,0.05572289156626506,0.056018168054504165,19730.0,0.03365433350228079,,,,,
rich_features,2,2,0.3,short,Logistic Regression,25,0.9663456664977192,0.0,0.0,0.0,19730.0,0.03365433350228079,,,,,
rich_features,2,2,0.3,short,Random Forest,25,0.9663456664977192,0.0,0.0,0.0,19730.0,0.03365433350228079,,,,,
rich_features,2,2,0.3,short,Naive (always 'not congested'),26,0.9641285099924108,0.0,0.0,0.0,19765.0,0.03587149000758917,,,,,
rich_features,2,2,0.3,short,Naive (persistence),26,0.9322539843157096,0.052556818181818184,0.05218617771509168,0.052370842179759375,19765.0,0.03587149000758917,,,,,
rich_features,2,2,0.3,short,Logistic Regression,26,0.9641285099924108,0.0,0.0,0.0,19765.0,0.03587149000758917,,,,,
rich_features,2,2,0.3,short,Random Forest,26,0.9641285099924108,0.0,0.0,0.0,19765.0,0.03587149000758917,,,,,
rich_features,2,2,0.3,short,Naive (always 'not congested'),27,0.9664629526743775,0.0,0.0,0.0,19799.0,0.03353704732562251,,,,,
rich_features,2,2,0.3,short,Naive (persistence),27,0.9376231122783979,0.0654490106544901,0.06475903614457831,0.06510219530658592,19799.0,0.03353704732562251,,,,,
rich_features,2,2,0.3,short,Logistic Regression,27,0.9664629526743775,0.0,0.0,0.0,19799.0,0.03353704732562251,,,,,
rich_features,2,2,0.3,short,Random Forest,27,0.9664629526743775,0.0,0.0,0.0,19799.0,0.03353704732562251,,,,,
rich_features,2,2,0.3,short,Naive (always 'not congested'),28,0.9633714459172316,0.0,0.0,0.0,19766.0,0.03662855408276839,,,,,
rich_features,2,2,0.3,short,Naive (persistence),28,0.9321056359405039,0.0647887323943662,0.06353591160220995,0.06415620641562064,19766.0,0.03662855408276839,,,,,
rich_features,2,2,0.3,short,Logistic Regression,28,0.9633714459172316,0.0,0.0,0.0,19766.0,0.03662855408276839,,,,,
rich_features,2,2,0.3,short,Random Forest,28,0.9633714459172316,0.0,0.0,0.0,19766.0,0.03662855408276839,,,,,
rich_features,2,2,0.3,short,Naive (always 'not congested'),29,0.9636160940508767,0.0,0.0,0.0,19734.0,0.036383905949123344,,,,,
rich_features,2,2,0.3,short,Naive (persistence),29,0.9334650856389987,0.07801418439716312,0.0766016713091922,0.07730147575544624,19734.0,0.036383905949123344,,,,,
rich_features,2,2,0.3,short,Logistic Regression,29,0.9636160940508767,0.0,0.0,0.0,19734.0,0.036383905949123344,,,,,
rich_features,2,2,0.3,short,Random Forest,29,0.9636160940508767,0.0,0.0,0.0,19734.0,0.036383905949123344,,,,,
rich_features,2,2,0.3,short,Naive (always 'not congested'),ALL_MEAN,0.9647849338265232,0.0,0.0,0.0,,0.03521506617347684,0.0013451141561615504,0.0,0.0,0.0,5.0
rich_features,2,2,0.3,short,Naive (persistence),ALL_MEAN,0.9344489148764857,0.0634250672382007,0.06256113766746743,0.06298977754238326,,0.03521506617347684,0.0023179510078989323,0.00880281258779813,0.008453625620264417,0.008625690673281774,5.0
rich_features,2,2,0.3,short,Logistic Regression,ALL_MEAN,0.9647849338265232,0.0,0.0,0.0,,0.03521506617347684,0.0013451141561615504,0.0,0.0,0.0,5.0
rich_features,2,2,0.3,short,Random Forest,ALL_MEAN,0.9647849338265232,0.0,0.0,0.0,,0.03521506617347684,0.0013451141561615504,0.0,0.0,0.0,5.0
rich_features,2,2,0.3,medium,Naive (always 'not congested'),25,0.9661429295489102,0.0,0.0,0.0,19730.0,0.03385707045108971,,,,,
rich_features,2,2,0.3,medium,Naive (persistence),25,0.9346680182463254,0.0273972602739726,0.02694610778443114,0.027169811320754716,19730.0,0.03385707045108971,,,,,
rich_features,2,2,0.3,medium,Logistic Regression,25,0.9661429295489102,0.0,0.0,0.0,19730.0,0.03385707045108971,,,,,
rich_features,2,2,0.3,medium,Random Forest,25,0.966092245311708,0.0,0.0,0.0,19730.0,0.03385707045108971,,,,,
rich_features,2,2,0.3,medium,Naive (always 'not congested'),26,0.9639767265368074,0.0,0.0,0.0,19765.0,0.036023273463192514,,,,,
rich_features,2,2,0.3,medium,Naive (persistence),26,0.9309891221856818,0.036931818181818184,0.03651685393258427,0.03672316384180791,19765.0,0.036023273463192514,,,,,
rich_features,2,2,0.3,medium,Logistic Regression,26,0.9639767265368074,0.0,0.0,0.0,19765.0,0.036023273463192514,,,,,
rich_features,2,2,0.3,medium,Random Forest,26,0.9639767265368074,0.0,0.0,0.0,19765.0,0.036023273463192514,,,,,
rich_features,2,2,0.3,medium,Naive (always 'not congested'),27,0.9666144754785595,0.0,0.0,0.0,19799.0,0.033385524521440474,,,,,
rich_features,2,2,0.3,medium,Naive (persistence),27,0.9363604222435477,0.0441400304414003,0.04387291981845688,0.04400606980273141,19799.0,0.033385524521440474,,,,,
rich_features,2,2,0.3,medium,Logistic Regression,27,0.9666144754785595,0.0,0.0,0.0,19799.0,0.033385524521440474,,,,,
rich_features,2,2,0.3,medium,Random Forest,27,0.9666144754785595,0.0,0.0,0.0,19799.0,0.033385524521440474,,,,,
rich_features,2,2,0.3,medium,Naive (always 'not congested'),28,0.9632196701406456,0.0,0.0,0.0,19766.0,0.03678032985935445,,,,,
rich_features,2,2,0.3,medium,Naive (persistence),28,0.9303349185469999,0.04225352112676056,0.04126547455295736,0.04175365344467641,19766.0,0.03678032985935445,,,,,
rich_features,2,2,0.3,medium,Logistic Regression,28,0.9632196701406456,0.0,0.0,0.0,19766.0,0.03678032985935445,,,,,
rich_features,2,2,0.3,medium,Random Forest,28,0.9632196701406456,0.0,0.0,0.0,19766.0,0.03678032985935445,,,,,
rich_features,2,2,0.3,medium,Naive (always 'not congested'),29,0.9636160940508767,0.0,0.0,0.0,19734.0,0.036383905949123344,,,,,
rich_features,2,2,0.3,medium,Naive (persistence),29,0.9311340833079963,0.04539007092198582,0.04456824512534819,0.044975404075895994,19734.0,0.036383905949123344,,,,,
rich_features,2,2,0.3,medium,Logistic Regression,29,0.9636160940508767,0.0,0.0,0.0,19734.0,0.036383905949123344,,,,,
rich_features,2,2,0.3,medium,Random Forest,29,0.9636160940508767,0.0,0.0,0.0,19734.0,0.036383905949123344,,,,,
rich_features,2,2,0.3,medium,Naive (always 'not congested'),ALL_MEAN,0.9647139791511599,0.0,0.0,0.0,,0.0352860208488401,0.0013882102189069166,0.0,0.0,0.0,5.0
rich_features,2,2,0.3,medium,Naive (persistence),ALL_MEAN,0.9326973129061102,0.03922254018918749,0.03863392024275557,0.03892562049717328,,0.0352860208488401,0.0023767439482496855,0.006580146556920781,0.0064911529989135856,0.006533888299611839,5.0
rich_features,2,2,0.3,medium,Logistic Regression,ALL_MEAN,0.9647139791511599,0.0,0.0,0.0,,0.0352860208488401,0.0013882102189069166,0.0,0.0,0.0,5.0
rich_features,2,2,0.3,medium,Random Forest,ALL_MEAN,0.9647038423037195,0.0,0.0,0.0,,0.0352860208488401,0.0013778855287061387,0.0,0.0,0.0,5.0
rich_features,2,2,0.3,long,Naive (always 'not congested'),25,0.9663963507349215,0.0,0.0,0.0,19730.0,0.03360364926507856,,,,,
rich_features,2,2,0.3,long,Naive (persistence),25,0.9348200709579321,0.0258751902587519,0.02564102564102564,0.025757575757575757,19730.0,0.03360364926507856,,,,,
rich_features,2,2,0.3,long,Logistic Regression,25,0.9663963507349215,0.0,0.0,0.0,19730.0,0.03360364926507856,,,,,
rich_features,2,2,0.3,long,Random Forest,25,0.9663963507349215,0.0,0.0,0.0,19730.0,0.03360364926507856,,,,,
rich_features,2,2,0.3,long,Naive (always 'not congested'),26,0.9638249430812041,0.0,0.0,0.0,19765.0,0.03617505691879585,,,,,
rich_features,2,2,0.3,long,Naive (persistence),26,0.9311409056412852,0.041193181818181816,0.04055944055944056,0.0408738548273432,19765.0,0.03617505691879585,,,,,
rich_features,2,2,0.3,long,Logistic Regression,26,0.9638249430812041,0.0,0.0,0.0,19765.0,0.03617505691879585,,,,,
rich_features,2,2,0.3,long,Random Forest,26,0.9638249430812041,0.0,0.0,0.0,19765.0,0.03617505691879585,,,,,
rich_features,2,2,0.3,long,Naive (always 'not congested'),27,0.9667154906813475,0.0,0.0,0.0,19799.0,0.033284509318652455,,,,,
rich_features,2,2,0.3,long,Naive (persistence),27,0.9360573766351836,0.0380517503805175,0.03793626707132018,0.037993920972644375,19799.0,0.033284509318652455,,,,,
rich_features,2,2,0.3,long,Logistic Regression,27,0.9667154906813475,0.0,0.0,0.0,19799.0,0.033284509318652455,,,,,
rich_features,2,2,0.3,long,Random Forest,27,0.9667154906813475,0.0,0.0,0.0,19799.0,0.033284509318652455,,,,,
rich_features,2,2,0.3,long,Naive (always 'not congested'),28,0.9632196701406456,0.0,0.0,0.0,19766.0,0.03678032985935445,,,,,
rich_features,2,2,0.3,long,Naive (persistence),28,0.929525447738541,0.030985915492957747,0.030261348005502064,0.030619345859429367,19766.0,0.03678032985935445,,,,,
rich_features,2,2,0.3,long,Logistic Regression,28,0.9632196701406456,0.0,0.0,0.0,19766.0,0.03678032985935445,,,,,
rich_features,2,2,0.3,long,Random Forest,28,0.9632196701406456,0.0,0.0,0.0,19766.0,0.03678032985935445,,,,,
rich_features,2,2,0.3,long,Naive (always 'not congested'),29,0.9642748555792034,0.0,0.0,0.0,19734.0,0.03572514442079659,,,,,
rich_features,2,2,0.3,long,Naive (persistence),29,0.930982061416844,0.03404255319148936,0.03404255319148936,0.03404255319148936,19734.0,0.03572514442079659,,,,,
rich_features,2,2,0.3,long,Logistic Regression,29,0.9642748555792034,0.0,0.0,0.0,19734.0,0.03572514442079659,,,,,
rich_features,2,2,0.3,long,Random Forest,29,0.9642748555792034,0.0,0.0,0.0,19734.0,0.03572514442079659,,,,,
rich_features,2,2,0.3,long,Naive (always 'not congested'),ALL_MEAN,0.9648862620434645,0.0,0.0,0.0,,0.035113737956535586,0.0014074224412345343,0.0,0.0,0.0,5.0
rich_features,2,2,0.3,long,Naive (persistence),ALL_MEAN,0.9325051724779572,0.03402971822837967,0.03368812689375556,0.03385745012169641,,0.035113737956535586,0.00249145580639209,0.005352628876937633,0.005327023870448879,0.0053379373014014,5.0
rich_features,2,2,0.3,long,Logistic Regression,ALL_MEAN,0.9648862620434645,0.0,0.0,0.0,,0.035113737956535586,0.0014074224412345343,0.0,0.0,0.0,5.0
rich_features,2,2,0.3,long,Random Forest,ALL_MEAN,0.9648862620434645,0.0,0.0,0.0,,0.035113737956535586,0.0014074224412345343,0.0,0.0,0.0,5.0
rich_features,2,2,0.3,extra_long,Naive (always 'not congested'),25,0.9663963507349215,0.0,0.0,0.0,19730.0,0.03360364926507856,,,,,
rich_features,2,2,0.3,extra_long,Naive (persistence),25,0.9354282818043589,0.0350076103500761,0.03469079939668175,0.03484848484848485,19730.0,0.03360364926507856,,,,,
rich_features,2,2,0.3,extra_long,Logistic Regression,25,0.9663963507349215,0.0,0.0,0.0,19730.0,0.03360364926507856,,,,,
rich_features,2,2,0.3,extra_long,Random Forest,25,0.9663963507349215,0.0,0.0,0.0,19730.0,0.03360364926507856,,,,,
rich_features,2,2,0.3,extra_long,Naive (always 'not congested'),26,0.9639261320516064,0.0,0.0,0.0,19765.0,0.03607386794839362,,,,,
rich_features,2,2,0.3,extra_long,Naive (persistence),26,0.9311409056412852,0.03977272727272727,0.03927068723702665,0.03952011291460833,19765.0,0.03607386794839362,,,,,
rich_features,2,2,0.3,extra_long,Logistic Regression,26,0.9639261320516064,0.0,0.0,0.0,19765.0,0.03607386794839362,,,,,
rich_features,2,2,0.3,extra_long,Random Forest,26,0.9639261320516064,0.0,0.0,0.0,19765.0,0.03607386794839362,,,,,
rich_features,2,2,0.3,extra_long,Naive (always 'not congested'),27,0.9663619374715895,0.0,0.0,0.0,19799.0,0.03363806252841053,,,,,
rich_features,2,2,0.3,extra_long,Naive (persistence),27,0.9352997626142735,0.0319634703196347,0.03153153153153153,0.031746031746031744,19799.0,0.03363806252841053,,,,,
rich_features,2,2,0.3,extra_long,Logistic Regression,27,0.9663619374715895,0.0,0.0,0.0,19799.0,0.03363806252841053,,,,,
rich_features,2,2,0.3,extra_long,Random Forest,27,0.9663619374715895,0.0,0.0,0.0,19799.0,0.03363806252841053,,,,,
rich_features,2,2,0.3,extra_long,Naive (always 'not congested'),28,0.9635738136193464,0.0,0.0,0.0,19766.0,0.03642618638065365,,,,,
rich_features,2,2,0.3,extra_long,Naive (persistence),28,0.9297784073661843,0.029577464788732393,0.029166666666666667,0.02937062937062937,19766.0,0.03642618638065365,,,,,
rich_features,2,2,0.3,extra_long,Logistic Regression,28,0.9635738136193464,0.0,0.0,0.0,19766.0,0.03642618638065365,,,,,
rich_features,2,2,0.3,extra_long,Random Forest,28,0.9635738136193464,0.0,0.0,0.0,19766.0,0.03642618638065365,,,,,
rich_features,2,2,0.3,extra_long,Naive (always 'not congested'),29,0.9638694638694638,0.0,0.0,0.0,19734.0,0.03613053613053613,,,,,
rich_features,2,2,0.3,extra_long,Naive (persistence),29,0.9308807134894092,0.03829787234042553,0.037868162692847124,0.0380818053596615,19734.0,0.03613053613053613,,,,,
rich_features,2,2,0.3,extra_long,Logistic Regression,29,0.9638694638694638,0.0,0.0,0.0,19734.0,0.03613053613053613,,,,,
rich_features,2,2,0.3,extra_long,Random Forest,29,0.9638694638694638,0.0,0.0,0.0,19734.0,0.03613053613053613,,,,,
rich_features,2,2,0.3,extra_long,Naive (always 'not congested'),ALL_MEAN,0.9648255395493855,0.0,0.0,0.0,,0.035174460450614495,0.0012741898377156408,0.0,0.0,0.0,5.0
rich_features,2,2,0.3,extra_long,Naive (persistence),ALL_MEAN,0.9325056141831022,0.034923829014319195,0.03450556950495075,0.03471341284788316,,0.035174460450614495,0.002378639954699958,0.003801324401649647,0.0037787954547606637,0.003789970025703309,5.0
rich_features,2,2,0.3,extra_long,Logistic Regression,ALL_MEAN,0.9648255395493855,0.0,0.0,0.0,,0.035174460450614495,0.0012741898377156408,0.0,0.0,0.0,5.0
rich_features,2,2,0.3,extra_long,Random Forest,ALL_MEAN,0.9648255395493855,0.0,0.0,0.0,,0.035174460450614495,0.0012741898377156408,0.0,0.0,0.0,5.0
rich_features,2,2,0.5,short,Naive (always 'not congested'),25,0.8658316633266533,0.0,0.0,0.0,19960.0,0.13416833667334668,,,,,
rich_features,2,2,0.5,short,Naive (persistence),25,0.7923346693386774,0.22620380739081747,0.22628827483196415,0.22624603322755274,19960.0,0.13416833667334668,,,,,
rich_features,2,2,0.5,short,Logistic Regression,25,0.8655310621242485,0.4166666666666667,0.005601194921583271,0.01105379513633014,19960.0,0.13416833667334668,,,,,
rich_features,2,2,0.5,short,Random Forest,25,0.8654809619238477,0.425531914893617,0.0074682598954443615,0.014678899082568808,19960.0,0.13416833667334668,,,,,
rich_features,2,2,0.5,short,Naive (always 'not congested'),26,0.8497419710406333,0.0,0.0,0.0,19959.0,0.1502580289593667,,,,,
rich_features,2,2,0.5,short,Naive (persistence),26,0.7765920136279373,0.2561790247160989,0.2557519173057686,0.2559652928416486,19959.0,0.1502580289593667,,,,,
rich_features,2,2,0.5,short,Logistic Regression,26,0.8520967984367954,0.7281553398058253,0.025008336112037347,0.048355899419729204,19959.0,0.1502580289593667,,,,,
rich_features,2,2,0.5,short,Random Forest,26,0.8518963875945689,0.6747967479674797,0.027675891963987995,0.053171044202434334,19959.0,0.1502580289593667,,,,,
rich_features,2,2,0.5,short,Naive (always 'not congested'),27,0.8482268082548587,0.0,0.0,0.0,19964.0,0.15177319174514126,,,,,
rich_features,2,2,0.5,short,Naive (persistence),27,0.7698357042676818,0.24166391548365798,0.24158415841584158,0.24162403036804753,19964.0,0.15177319174514126,,,,,
rich_features,2,2,0.5,short,Logistic Regression,27,0.8503305950711281,0.7837837837837838,0.01914191419141914,0.037371134020618556,19964.0,0.15177319174514126,,,,,
rich_features,2,2,0.5,short,Random Forest,27,0.8502304147465438,0.7,0.0231023102310231,0.04472843450479233,19964.0,0.15177319174514126,,,,,
rich_features,2,2,0.5,short,Naive (always 'not congested'),28,0.8546820230345519,0.0,0.0,0.0,19970.0,0.14531797696544818,,,,,
rich_features,2,2,0.5,short,Naive (persistence),28,0.7768652979469204,0.23225361819434873,0.23225361819434873,0.23225361819434873,19970.0,0.14531797696544818,,,,,
rich_features,2,2,0.5,short,Logistic Regression,28,0.8556334501752629,0.6376811594202898,0.015161957270847692,0.029619656681252104,19970.0,0.14531797696544818,,,,,
rich_features,2,2,0.5,short,Random Forest,28,0.85578367551327,0.627906976744186,0.018607856650585803,0.03614457831325301,19970.0,0.14531797696544818,,,,,
rich_features,2,2,0.5,short,Naive (always 'not congested'),29,0.85233991381902,0.0,0.0,0.0,19958.0,0.14766008618098006,,,,,
rich_features,2,2,0.5,short,Naive (persistence),29,0.7759294518488826,0.24108658743633277,0.24092297251442144,0.24100475220638154,19958.0,0.14766008618098006,,,,,
rich_features,2,2,0.5,short,Logistic Regression,29,0.852540334702876,0.5384615384615384,0.009501187648456057,0.018672890963654553,19958.0,0.14766008618098006,,,,,
rich_features,2,2,0.5,short,Random Forest,29,0.852540334702876,0.5263157894736842,0.013573125212080081,0.026463777704267284,19958.0,0.14766008618098006,,,,,
rich_features,2,2,0.5,short,Naive (always 'not congested'),ALL_MEAN,0.8541644758951434,0.0,0.0,0.0,,0.14583552410485656,0.006237541031011641,0.0,0.0,0.0,5.0
rich_features,2,2,0.5,short,Naive (persistence),ALL_MEAN,0.7783114274060198,0.23947739064425116,0.2393601882524689,0.23941874536759583,,0.14583552410485656,0.007472759580330922,0.010145796042230478,0.009974521319420893,0.010060082757812849,5.0
rich_features,2,2,0.5,short,Logistic Regression,ALL_MEAN,0.8552264481020622,0.6209496976276208,0.014882918028868703,0.02901467524431691,,0.14583552410485656,0.0054282595729188594,0.13177540307969202,0.006868106118835308,0.013219871972026414,5.0
rich_features,2,2,0.5,short,Random Forest,ALL_MEAN,0.8551863548962213,0.5909102858157933,0.018085488790624268,0.03503734676146315,,0.14583552410485656,0.00545384958079199,0.10181229192915058,0.007078194304358231,0.0135051590476503,5.0
rich_features,2,2,0.5,medium,Naive (always 'not congested'),25,0.8658817635270541,0.0,0.0,0.0,19960.0,0.13411823647294588,,,,,
rich_features,2,2,0.5,medium,Naive (persistence),25,0.7704408817635271,0.1444568868980963,0.14456481135599553,0.1445108289768484,19960.0,0.13411823647294588,,,,,
rich_features,2,2,0.5,medium,Logistic Regression,25,0.8658817635270541,0.0,0.0,0.0,19960.0,0.13411823647294588,,,,,
rich_features,2,2,0.5,medium,Random Forest,25,0.8659819639278558,1.0,0.0007471049682480389,0.0014930944382232176,19960.0,0.13411823647294588,,,,,
rich_features,2,2,0.5,medium,Naive (always 'not congested'),26,0.8497419710406333,0.0,0.0,0.0,19959.0,0.1502580289593667,,,,,
rich_features,2,2,0.5,medium,Naive (persistence),26,0.7540457938774487,0.18102872411489646,0.18072690896965654,0.18087769063907894,19959.0,0.1502580289593667,,,,,
rich_features,2,2,0.5,medium,Logistic Regression,26,0.8497419710406333,0.0,0.0,0.0,19959.0,0.1502580289593667,,,,,
rich_features,2,2,0.5,medium,Random Forest,26,0.8499423818828599,0.5909090909090909,0.004334778259419807,0.008606421714664018,19959.0,0.1502580289593667,,,,,
rich_features,2,2,0.5,medium,Naive (always 'not congested'),27,0.8484772590663193,0.0,0.0,0.0,19964.0,0.15152274093368062,,,,,
rich_features,2,2,0.5,medium,Naive (persistence),27,0.7505509917852133,0.1772862330802245,0.1775206611570248,0.1774033696729435,19964.0,0.15152274093368062,,,,,
rich_features,2,2,0.5,medium,Logistic Regression,27,0.8484772590663193,0.0,0.0,0.0,19964.0,0.15152274093368062,,,,,
rich_features,2,2,0.5,medium,Random Forest,27,0.8485273492286115,1.0,0.00033057851239669424,0.0006609385327164573,19964.0,0.15152274093368062,,,,,
rich_features,2,2,0.5,medium,Naive (always 'not congested'),28,0.8547821732598898,0.0,0.0,0.0,19970.0,0.14521782674011016,,,,,
rich_features,2,2,0.5,medium,Naive (persistence),28,0.7593390085127691,0.17160578911095797,0.17172413793103447,0.17166494312306102,19970.0,0.14521782674011016,,,,,
rich_features,2,2,0.5,medium,Logistic Regression,28,0.8547821732598898,0.0,0.0,0.0,19970.0,0.14521782674011016,,,,,
rich_features,2,2,0.5,medium,Random Forest,28,0.8547320981472208,0.4,0.000689655172413793,0.001376936316695353,19970.0,0.14521782674011016,,,,,
rich_features,2,2,0.5,medium,Naive (always 'not congested'),29,0.8521394929351639,0.0,0.0,0.0,19958.0,0.14786050706483617,,,,,
rich_features,2,2,0.5,medium,Naive (persistence),29,0.7533821024150716,0.16536502546689305,0.16502880379532361,0.1651967435549525,19958.0,0.14786050706483617,,,,,
rich_features,2,2,0.5,medium,Logistic Regression,29,0.8521394929351639,0.0,0.0,0.0,19958.0,0.14786050706483617,,,,,
rich_features,2,2,0.5,medium,Random Forest,29,0.8521394929351639,0.0,0.0,0.0,19958.0,0.14786050706483617,,,,,
rich_features,2,2,0.5,medium,Naive (always 'not congested'),ALL_MEAN,0.854204531965812,0.0,0.0,0.0,,0.14579546803418791,0.006223695003352729,0.0,0.0,0.0,5.0
rich_features,2,2,0.5,medium,Naive (persistence),ALL_MEAN,0.757551755670806,0.16794853173421367,0.16791306464180697,0.16793071519337685,,0.14579546803418791,0.0070429016109345806,0.012885585065508513,0.012841220261349102,0.012862857269102763,5.0
rich_features,2,2,0.5,medium,Logistic Regression,ALL_MEAN,0.854204531965812,0.0,0.0,0.0,,0.14579546803418791,0.006223695003352729,0.0,0.0,0.0,5.0
rich_features,2,2,0.5,medium,Random Forest,ALL_MEAN,0.8542646572243424,0.5981818181818181,0.0012204233824956666,0.0024274782004598096,,0.14579546803418791,0.006223003580619984,0.37949074183765785,0.0015802663471012855,0.003135900732734358,5.0
rich_features,2,2,0.5,long,Naive (always 'not congested'),25,0.8655310621242485,0.0,0.0,0.0,19960.0,0.1344689378757515,,,,,
rich_features,2,2,0.5,long,Naive (persistence),25,0.7644789579158316,0.12355356476297126,0.12332339791356185,0.12343837404437814,19960.0,0.1344689378757515,,,,,
rich_features,2,2,0.5,long,Logistic Regression,25,0.8655310621242485,0.0,0.0,0.0,19960.0,0.1344689378757515,,,,,
rich_features,2,2,0.5,long,Random Forest,25,0.8655310621242485,0.0,0.0,0.0,19960.0,0.1344689378757515,,,,,
rich_features,2,2,0.5,long,Naive (always 'not congested'),26,0.84949145748785,0.0,0.0,0.0,19959.0,0.1505085425121499,,,,,
rich_features,2,2,0.5,long,Naive (persistence),26,0.7485845984267749,0.16366065464261856,0.16311584553928096,0.16338779593197733,19959.0,0.1505085425121499,,,,,
rich_features,2,2,0.5,long,Logistic Regression,26,0.84949145748785,0.0,0.0,0.0,19959.0,0.1505085425121499,,,,,
rich_features,2,2,0.5,long,Random Forest,26,0.84949145748785,0.0,0.0,0.0,19959.0,0.1505085425121499,,,,,
rich_features,2,2,0.5,long,Naive (always 'not congested'),27,0.848326988579443,0.0,0.0,0.0,19964.0,0.151673011420557,,,,,
rich_features,2,2,0.5,long,Naive (persistence),27,0.7436886395511921,0.15516672169032683,0.15521796565389695,0.15519233944196797,19964.0,0.151673011420557,,,,,
rich_features,2,2,0.5,long,Logistic Regression,27,0.848326988579443,0.0,0.0,0.0,19964.0,0.151673011420557,,,,,
rich_features,2,2,0.5,long,Random Forest,27,0.848326988579443,0.0,0.0,0.0,19964.0,0.151673011420557,,,,,
rich_features,2,2,0.5,long,Naive (always 'not congested'),28,0.8550325488232349,0.0,0.0,0.0,19970.0,0.14496745117676516,,,,,
rich_features,2,2,0.5,long,Naive (persistence),28,0.7538808212318477,0.1519641626464507,0.15233160621761657,0.15214766258409523,19970.0,0.14496745117676516,,,,,
rich_features,2,2,0.5,long,Logistic Regression,28,0.8550325488232349,0.0,0.0,0.0,19970.0,0.14496745117676516,,,,,
rich_features,2,2,0.5,long,Random Forest,28,0.8550325488232349,0.0,0.0,0.0,19970.0,0.14496745117676516,,,,,
rich_features,2,2,0.5,long,Naive (always 'not congested'),29,0.852390019039984,0.0,0.0,0.0,19958.0,0.14760998096001604,,,,,
rich_features,2,2,0.5,long,Naive (persistence),29,0.7467181080268565,0.14193548387096774,0.14188730482009504,0.1419113902563232,19958.0,0.14760998096001604,,,,,
rich_features,2,2,0.5,long,Logistic Regression,29,0.852390019039984,0.0,0.0,0.0,19958.0,0.14760998096001604,,,,,
rich_features,2,2,0.5,long,Random Forest,29,0.852390019039984,0.0,0.0,0.0,19958.0,0.14760998096001604,,,,,
rich_features,2,2,0.5,long,Naive (always 'not congested'),ALL_MEAN,0.8541544152109519,0.0,0.0,0.0,,0.1458455847890479,0.006148404400363105,0.0,0.0,0.0,5.0
rich_features,2,2,0.5,long,Naive (persistence),ALL_MEAN,0.7514702250305005,0.14725611752266704,0.14717522402889027,0.14721551245174838,,0.1458455847890479,0.007300693594612504,0.013740249889187634,0.013727702523401122,0.013733059745242745,5.0
rich_features,2,2,0.5,long,Logistic Regression,ALL_MEAN,0.8541544152109519,0.0,0.0,0.0,,0.1458455847890479,0.006148404400363105,0.0,0.0,0.0,5.0
rich_features,2,2,0.5,long,Random Forest,ALL_MEAN,0.8541544152109519,0.0,0.0,0.0,,0.1458455847890479,0.006148404400363105,0.0,0.0,0.0,5.0
rich_features,2,2,0.5,extra_long,Naive (always 'not congested'),25,0.8656813627254509,0.0,0.0,0.0,19960.0,0.1343186372745491,,,,,
rich_features,2,2,0.5,extra_long,Naive (persistence),25,0.7692384769539078,0.14072415080253825,0.14061917195076465,0.14067164179104477,19960.0,0.1343186372745491,,,,,
rich_features,2,2,0.5,extra_long,Logistic Regression,25,0.8656813627254509,0.0,0.0,0.0,19960.0,0.1343186372745491,,,,,
rich_features,2,2,0.5,extra_long,Random Forest,25,0.8656813627254509,0.0,0.0,0.0,19960.0,0.1343186372745491,,,,,
rich_features,2,2,0.5,extra_long,Naive (always 'not congested'),26,0.8497920737511899,0.0,0.0,0.0,19959.0,0.15020792624881005,,,,,
rich_features,2,2,0.5,extra_long,Naive (persistence),26,0.7488852146901147,0.16366065464261856,0.16344229486324216,0.16355140186915887,19959.0,0.15020792624881005,,,,,
rich_features,2,2,0.5,extra_long,Logistic Regression,26,0.8497920737511899,0.0,0.0,0.0,19959.0,0.15020792624881005,,,,,
rich_features,2,2,0.5,extra_long,Random Forest,26,0.8498922791723033,1.0,0.00066711140760507,0.0013333333333333333,19959.0,0.15020792624881005,,,,,
rich_features,2,2,0.5,extra_long,Naive (always 'not congested'),27,0.848326988579443,0.0,0.0,0.0,19964.0,0.151673011420557,,,,,
rich_features,2,2,0.5,extra_long,Naive (persistence),27,0.7411841314365859,0.14691317266424564,0.14696169088507266,0.14693742776952287,19964.0,0.151673011420557,,,,,
rich_features,2,2,0.5,extra_long,Logistic Regression,27,0.848326988579443,0.0,0.0,0.0,19964.0,0.151673011420557,,,,,
rich_features,2,2,0.5,extra_long,Random Forest,27,0.848326988579443,0.0,0.0,0.0,19964.0,0.151673011420557,,,,,
rich_features,2,2,0.5,extra_long,Naive (always 'not congested'),28,0.8549824737105658,0.0,0.0,0.0,19970.0,0.14501752628943415,,,,,
rich_features,2,2,0.5,extra_long,Naive (persistence),28,0.7565348022033049,0.16126809097174363,0.16160220994475138,0.16143497757847533,19970.0,0.14501752628943415,,,,,
rich_features,2,2,0.5,extra_long,Logistic Regression,28,0.8549824737105658,0.0,0.0,0.0,19970.0,0.14501752628943415,,,,,
rich_features,2,2,0.5,extra_long,Random Forest,28,0.8549824737105658,0.0,0.0,0.0,19970.0,0.14501752628943415,,,,,
rich_features,2,2,0.5,extra_long,Naive (always 'not congested'),29,0.8521895981561278,0.0,0.0,0.0,19958.0,0.14781040184387212,,,,,
rich_features,2,2,0.5,extra_long,Naive (persistence),29,0.7442128469786552,0.13412563667232597,0.13389830508474576,0.13401187446988974,19958.0,0.14781040184387212,,,,,
rich_features,2,2,0.5,extra_long,Logistic Regression,29,0.8521895981561278,0.0,0.0,0.0,19958.0,0.14781040184387212,,,,,
rich_features,2,2,0.5,extra_long,Random Forest,29,0.8521895981561278,0.0,0.0,0.0,19958.0,0.14781040184387212,,,,,
rich_features,2,2,0.5,extra_long,Naive (always 'not congested'),ALL_MEAN,0.8541944993845554,0.0,0.0,0.0,,0.14580550061544448,0.006170860497402867,0.0,0.0,0.0,5.0
rich_features,2,2,0.5,extra_long,Naive (persistence),ALL_MEAN,0.7520110944525138,0.14933834115069441,0.14930473454571533,0.1493214646956183,,0.14580550061544448,0.01005040850676919,0.011480066982747781,0.011570526633165162,0.011524885487945204,5.0
rich_features,2,2,0.5,extra_long,Logistic Regression,ALL_MEAN,0.8541944993845554,0.0,0.0,0.0,,0.14580550061544448,0.006170860497402867,0.0,0.0,0.0,5.0
rich_features,2,2,0.5,extra_long,Random Forest,ALL_MEAN,0.854214540468778,0.2,0.000133422281521014,0.0002666666666666667,,0.14580550061544448,0.006156676627274639,0.4000000000000001,0.000266844563042028,0.0005333333333333334,5.0
rich_features,2,2,0.7,short,Naive (always 'not congested'),25,0.8270992939762656,0.0,0.0,0.0,19971.0,0.17290070602373442,,,,,
rich_features,2,2,0.7,short,Naive (persistence),25,0.8159831756046267,0.4678633468442386,0.46799884158702576,0.4679310844071232,19971.0,0.17290070602373442,,,,,
rich_features,2,2,0.7,short,Logistic Regression,25,0.850232837614541,0.6974358974358974,0.2363162467419635,0.3530175210902012,19971.0,0.17290070602373442,,,,,
rich_features,2,2,0.7,short,Random Forest,25,0.8507836362725952,0.7195914577530177,0.22444251375615407,0.34216335540838855,19971.0,0.17290070602373442,,,,,
rich_features,2,2,0.7,short,Naive (always 'not congested'),26,0.8202393470532272,0.0,0.0,0.0,19971.0,0.17976065294677282,,,,,
rich_features,2,2,0.7,short,Naive (persistence),26,0.815081868709629,0.48567454798331017,0.4863509749303621,0.4860125260960334,19971.0,0.17976065294677282,,,,,
rich_features,2,2,0.7,short,Logistic Regression,26,0.849531821140654,0.7234530175706646,0.2637883008356546,0.3866095121453358,19971.0,0.17976065294677282,,,,,
rich_features,2,2,0.7,short,Random Forest,26,0.8490811676931551,0.7380165289256199,0.24874651810584958,0.3720833333333333,19971.0,0.17976065294677282,,,,,
rich_features,2,2,0.7,short,Naive (always 'not congested'),27,0.8100746081818637,0.0,0.0,0.0,19971.0,0.1899253918181363,,,,,
rich_features,2,2,0.7,short,Naive (persistence),27,0.80802163136548,0.49460100079009744,0.49512259425257055,0.49486166007905136,19971.0,0.1899253918181363,,,,,
rich_features,2,2,0.7,short,Logistic Regression,27,0.843473035902058,0.7337070777855641,0.2760348009491168,0.4011494252873563,19971.0,0.1899253918181363,,,,,
rich_features,2,2,0.7,short,Random Forest,27,0.8428721646387262,0.7456864216054013,0.26206169259161616,0.38782676550916895,19971.0,0.1899253918181363,,,,,
rich_features,2,2,0.7,short,Naive (always 'not congested'),28,0.8207901457112814,0.0,0.0,0.0,19971.0,0.17920985428871863,,,,,
rich_features,2,2,0.7,short,Naive (persistence),28,0.8050172750488208,0.4559932942162615,0.4559932942162615,0.4559932942162615,19971.0,0.17920985428871863,,,,,
rich_features,2,2,0.7,short,Logistic Regression,28,0.8411196234540083,0.6900749063670412,0.20592344230231907,0.31719388853023456,19971.0,0.17920985428871863,,,,,
rich_features,2,2,0.7,short,Random Forest,28,0.8411696960592859,0.7070193285859614,0.19418832075998882,0.3046909250328803,19971.0,0.17920985428871863,,,,,
rich_features,2,2,0.7,short,Naive (always 'not congested'),29,0.8364046069103656,0.0,0.0,0.0,19970.0,0.16359539308963444,,,,,
rich_features,2,2,0.7,short,Naive (persistence),29,0.8099148723084627,0.4190388735843281,0.4190388735843281,0.4190388735843281,19970.0,0.16359539308963444,,,,,
rich_features,2,2,0.7,short,Logistic Regression,29,0.8494241362043065,0.6400862068965517,0.18181818181818182,0.2831942789034565,19970.0,0.16359539308963444,,,,,
rich_features,2,2,0.7,short,Random Forest,29,0.8498247371056585,0.6558139534883721,0.17263544536271808,0.2733220256845166,19970.0,0.16359539308963444,,,,,
rich_features,2,2,0.7,short,Naive (always 'not congested'),ALL_MEAN,0.8229216003666007,0.0,0.0,0.0,,0.1770783996333993,0.00867210907836057,0.0,0.0,0.0,5.0
rich_features,2,2,0.7,short,Naive (persistence),ALL_MEAN,0.8108037646074038,0.4646342126836472,0.46490091571410963,0.46476748767655957,,0.1770783996333993,0.0041747414122111515,0.02647539169080651,0.02670477361012323,0.02658989218475478,5.0
rich_features,2,2,0.7,short,Logistic Regression,ALL_MEAN,0.8467562908631135,0.6969514212111438,0.23277619452944714,0.3482329251913169,,0.1770783996333993,0.0037271739165511126,0.03266339441171935,0.03510948332926518,0.04356433879763255,5.0
rich_features,2,2,0.7,short,Random Forest,ALL_MEAN,0.8467462803538842,0.7132255380716745,0.22041489811526532,0.3360172809936575,,0.1770783996333993,0.003932833651279397,0.031759830608005864,0.03323873443530066,0.0422724323026304,5.0
rich_features,2,2,0.7,medium,Naive (always 'not congested'),25,0.8270992939762656,0.0,0.0,0.0,19971.0,0.17290070602373442,,,,,
rich_features,2,2,0.7,medium,Naive (persistence),25,0.76621100595864,0.32397220613781125,0.32406602953953084,0.3240191110467642,19971.0,0.17290070602373442,,,,,
rich_features,2,2,0.7,medium,Logistic Regression,25,0.8347103299784688,0.6704035874439462,0.08659136982334202,0.15337265965632213,19971.0,0.17290070602373442,,,,,
rich_features,2,2,0.7,medium,Random Forest,25,0.8348104751890241,0.6711111111111111,0.087460179554011,0.1547527542915706,19971.0,0.17290070602373442,,,,,
rich_features,2,2,0.7,medium,Naive (always 'not congested'),26,0.8204897100796155,0.0,0.0,0.0,19971.0,0.17951028992038456,,,,,
rich_features,2,2,0.7,medium,Naive (persistence),26,0.766661659406139,0.35048678720445064,0.3514644351464435,0.35097493036211697,19971.0,0.17951028992038456,,,,,
rich_features,2,2,0.7,medium,Logistic Regression,26,0.8318561914776426,0.7229862475442044,0.10264993026499303,0.1797752808988764,19971.0,0.17951028992038456,,,,,
rich_features,2,2,0.7,medium,Random Forest,26,0.8319563366881979,0.7172675521821632,0.10543933054393305,0.18385214007782102,19971.0,0.17951028992038456,,,,,
rich_features,2,2,0.7,medium,Naive (always 'not congested'),27,0.8102748986029743,0.0,0.0,0.0,19971.0,0.1897251013970257,,,,,
rich_features,2,2,0.7,medium,Naive (persistence),27,0.7576485904561614,0.36160126415591254,0.3623647400369491,0.3619825995254416,19971.0,0.1897251013970257,,,,,
rich_features,2,2,0.7,medium,Logistic Regression,27,0.8232437033698863,0.7267950963222417,0.10952757983636843,0.19036697247706422,19971.0,0.1897251013970257,,,,,
rich_features,2,2,0.7,medium,Random Forest,27,0.8237945020279405,0.7303754266211604,0.11295856426497757,0.19565714285714286,19971.0,0.1897251013970257,,,,,
rich_features,2,2,0.7,medium,Naive (always 'not congested'),28,0.8207901457112814,0.0,0.0,0.0,19971.0,0.17920985428871863,,,,,
rich_features,2,2,0.7,medium,Naive (persistence),28,0.7596514946672676,0.3294216261525566,0.3294216261525566,0.3294216261525566,19971.0,0.17920985428871863,,,,,
rich_features,2,2,0.7,medium,Logistic Regression,28,0.8263482048971008,0.68561872909699,0.05727856943280246,0.10572460030943785,19971.0,0.17920985428871863,,,,,
rich_features,2,2,0.7,medium,Random Forest,28,0.826448350107656,0.6877076411960132,0.057837384744341996,0.10670103092783505,19971.0,0.17920985428871863,,,,,
rich_features,2,2,0.7,medium,Naive (always 'not congested'),29,0.8364046069103656,0.0,0.0,0.0,19970.0,0.16359539308963444,,,,,
rich_features,2,2,0.7,medium,Naive (persistence),29,0.7617426139208813,0.27180899908172634,0.27180899908172634,0.27180899908172634,19970.0,0.16359539308963444,,,,,
rich_features,2,2,0.7,medium,Logistic Regression,29,0.8378567851777666,0.5582329317269076,0.04254667891031527,0.07906712172923777,19970.0,0.16359539308963444,,,,,
rich_features,2,2,0.7,medium,Random Forest,29,0.8381071607411117,0.5669291338582677,0.0440771349862259,0.08179494461800625,19970.0,0.16359539308963444,,,,,
rich_features,2,2,0.7,medium,Naive (always 'not congested'),ALL_MEAN,0.8230117310561005,0.0,0.0,0.0,,0.17698826894389955,0.008597676738087083,0.0,0.0,0.0,5.0
rich_features,2,2,0.7,medium,Naive (persistence),ALL_MEAN,0.7623830728818178,0.32745817654649145,0.32782516599144124,0.3276414532337211,,0.17698826894389955,0.0035565827798163434,0.031012595560162802,0.031325031424070136,0.031168313392629,5.0
rich_features,2,2,0.7,medium,Logistic Regression,ALL_MEAN,0.830803042980173,0.6728073184268579,0.07971882565356424,0.14166132701418768,,0.17698826894389955,0.00535014934604497,0.06120425694853538,0.025872621980586954,0.042828849049304736,5.0
rich_features,2,2,0.7,medium,Random Forest,ALL_MEAN,0.8310233649507861,0.6746781729937432,0.08155451881869791,0.14455160255447516,,0.17698826894389955,0.005264599186843443,0.05780724122118021,0.026678200381172475,0.04388948822630114,5.0
rich_features,2,2,0.7,long,Naive (always 'not congested'),25,0.8267988583445997,0.0,0.0,0.0,19971.0,0.17320114165540032,,,,,
rich_features,2,2,0.7,long,Naive (persistence),25,0.7288568424215112,0.21685002895193978,0.21653657126337092,0.2166931867496022,19971.0,0.17320114165540032,,,,,
rich_features,2,2,0.7,long,Logistic Regression,25,0.8272995843973762,0.631578947368421,0.006938421509106678,0.01372605090077209,19971.0,0.17320114165540032,,,,,
rich_features,2,2,0.7,long,Random Forest,25,0.8273496570026538,0.5567010309278351,0.015611448395490026,0.030371203599550055,19971.0,0.17320114165540032,,,,,
rich_features,2,2,0.7,long,Naive (always 'not congested'),26,0.8208902909218366,0.0,0.0,0.0,19971.0,0.17910970907816334,,,,,
rich_features,2,2,0.7,long,Naive (persistence),26,0.726002703920685,0.2364394993045897,0.23762929829466034,0.23703290574456218,19971.0,0.17910970907816334,,,,,
rich_features,2,2,0.7,long,Logistic Regression,26,0.8213409443693356,0.9090909090909091,0.0027956388034665923,0.005574136008918618,19971.0,0.17910970907816334,,,,,
rich_features,2,2,0.7,long,Random Forest,26,0.8205898552901707,0.4423076923076923,0.006429969247973162,0.012675668228162029,19971.0,0.17910970907816334,,,,,
rich_features,2,2,0.7,long,Naive (always 'not congested'),27,0.810324971208252,0.0,0.0,0.0,19971.0,0.18967502879174802,,,,,
rich_features,2,2,0.7,long,Naive (persistence),27,0.7198437734715337,0.2620489860416118,0.2626715945089757,0.2623599208965063,19971.0,0.18967502879174802,,,,,
rich_features,2,2,0.7,long,Logistic Regression,27,0.8128286014721346,0.8571428571428571,0.01583949313621964,0.03110419906687403,19971.0,0.18967502879174802,,,,,
rich_features,2,2,0.7,long,Random Forest,27,0.8145811426568524,0.7972027972027972,0.03009503695881732,0.058000508776392776,19971.0,0.18967502879174802,,,,,
rich_features,2,2,0.7,long,Naive (always 'not congested'),28,0.8211406539482249,0.0,0.0,0.0,19971.0,0.1788593460517751,,,,,
rich_features,2,2,0.7,long,Naive (persistence),28,0.7196434830504231,0.21682034087734003,0.21724524076147816,0.2170325828555447,19971.0,0.1788593460517751,,,,,
rich_features,2,2,0.7,long,Logistic Regression,28,0.8211907265535026,1.0,0.0002799552071668533,0.000559753708368318,19971.0,0.1788593460517751,,,,,
rich_features,2,2,0.7,long,Random Forest,28,0.8208902909218366,0.43902439024390244,0.005039193729003359,0.00996401882092444,19971.0,0.1788593460517751,,,,,
rich_features,2,2,0.7,long,Naive (always 'not congested'),29,0.8364046069103656,0.0,0.0,0.0,19970.0,0.16359539308963444,,,,,
rich_features,2,2,0.7,long,Naive (persistence),29,0.729093640460691,0.17202326293235384,0.17202326293235384,0.17202326293235384,19970.0,0.16359539308963444,,,,,
rich_features,2,2,0.7,long,Logistic Regression,29,0.8365047571357036,1.0,0.0006121824303642485,0.001223615784643622,19970.0,0.16359539308963444,,,,,
rich_features,2,2,0.7,long,Random Forest,29,0.8361542313470205,0.3684210526315789,0.0021426385062748698,0.00426049908703591,19970.0,0.16359539308963444,,,,,
rich_features,2,2,0.7,long,Naive (always 'not congested'),ALL_MEAN,0.8231118762666558,0.0,0.0,0.0,,0.17688812373334423,0.00851606275992525,0.0,0.0,0.0,5.0
rich_features,2,2,0.7,long,Naive (persistence),ALL_MEAN,0.7246880886649689,0.22083642362156702,0.22122119355216782,0.22102837183571386,,0.17688812373334423,0.004181651426833441,0.02951838813871001,0.029817954002832794,0.02966716336739739,5.0
rich_features,2,2,0.7,long,Logistic Regression,ALL_MEAN,0.8238329227856106,0.8795625427204374,0.005293138217264803,0.010437551093915337,,0.17688812373334423,0.007834275632795333,0.13555869025448122,0.005782964870731134,0.011349404044091757,5.0
rich_features,2,2,0.7,long,Random Forest,ALL_MEAN,0.823913035443707,0.5207313926627611,0.011863657367511746,0.02305437970241304,,0.17688812373334423,0.007333784543404861,0.1508343482813725,0.010168830981247833,0.01952973628933771,5.0
rich_features,2,2,0.7,extra_long,Naive (always 'not congested'),25,0.8269991487657102,0.0,0.0,0.0,19971.0,0.1730008512342897,,,,,
rich_features,2,2,0.7,extra_long,Naive (persistence),25,0.7434780431625857,0.25854082223508973,0.258465991316932,0.2585034013605442,19971.0,0.1730008512342897,,,,,
rich_features,2,2,0.7,extra_long,Logistic Regression,25,0.8301036502929248,0.7279411764705882,0.02865412445730825,0.05513784461152882,19971.0,0.1730008512342897,,,,,
rich_features,2,2,0.7,extra_long,Random Forest,25,0.8287516899504281,0.5853658536585366,0.03473227206946455,0.06557377049180328,19971.0,0.1730008512342897,,,,,
rich_features,2,2,0.7,extra_long,Naive (always 'not congested'),26,0.820690000500726,0.0,0.0,0.0,19971.0,0.17930999949927395,,,,,
rich_features,2,2,0.7,extra_long,Naive (persistence),26,0.740123178608983,0.27621696801112655,0.27729684445685565,0.27675585284280935,19971.0,0.17930999949927395,,,,,
rich_features,2,2,0.7,extra_long,Logistic Regression,26,0.8228931951329428,0.7291666666666666,0.019547612398771293,0.03807451726951319,19971.0,0.17930999949927395,,,,,
rich_features,2,2,0.7,extra_long,Random Forest,26,0.8223423964748886,0.5932203389830508,0.02932141859815694,0.05588078765300692,19971.0,0.17930999949927395,,,,,
rich_features,2,2,0.7,extra_long,Naive (always 'not congested'),27,0.810324971208252,0.0,0.0,0.0,19971.0,0.18967502879174802,,,,,
rich_features,2,2,0.7,extra_long,Naive (persistence),27,0.7313604726853938,0.29233605478008956,0.2930306230200634,0.2926829268292683,19971.0,0.18967502879174802,,,,,
rich_features,2,2,0.7,extra_long,Logistic Regression,27,0.8176856441840669,0.8693467336683417,0.045670538542766634,0.08678204163531478,19971.0,0.18967502879174802,,,,,
rich_features,2,2,0.7,extra_long,Random Forest,27,0.8188873867107306,0.8379446640316206,0.0559662090813094,0.10492452363276417,19971.0,0.18967502879174802,,,,,
rich_features,2,2,0.7,extra_long,Naive (always 'not congested'),28,0.8208902909218366,0.0,0.0,0.0,19971.0,0.17910970907816334,,,,,
rich_features,2,2,0.7,extra_long,Naive (persistence),28,0.732211706975114,0.25258452081587035,0.2527257478333799,0.25265511458915596,19971.0,0.17910970907816334,,,,,
rich_features,2,2,0.7,extra_long,Logistic Regression,28,0.8214911621851685,0.581081081081081,0.012021246854906346,0.023555190358805808,19971.0,0.17910970907816334,,,,,
rich_features,2,2,0.7,extra_long,Random Forest,28,0.8217415252115567,0.5794392523364486,0.017332960581492873,0.033659066232356136,19971.0,0.17910970907816334,,,,,
rich_features,2,2,0.7,extra_long,Naive (always 'not congested'),29,0.8364046069103656,0.0,0.0,0.0,19970.0,0.16359539308963444,,,,,
rich_features,2,2,0.7,extra_long,Naive (persistence),29,0.7423134702053079,0.21242730333639426,0.21242730333639426,0.21242730333639426,19970.0,0.16359539308963444,,,,,
rich_features,2,2,0.7,extra_long,Logistic Regression,29,0.8364546820230345,0.5161290322580645,0.004897459442913988,0.009702850212249849,19970.0,0.16359539308963444,,,,,
rich_features,2,2,0.7,extra_long,Random Forest,29,0.8355032548823235,0.359375,0.007040097949188858,0.013809666766736716,19970.0,0.16359539308963444,,,,,
rich_features,2,2,0.7,extra_long,Naive (always 'not congested'),ALL_MEAN,0.8230618036613782,0.0,0.0,0.0,,0.1769381963386219,0.008556879147933261,0.0,0.0,0.0,5.0
rich_features,2,2,0.7,extra_long,Naive (persistence),ALL_MEAN,0.7378973743274769,0.25842113383571413,0.25878930199272504,0.25860491979163447,,0.1769381963386219,0.005111905094363858,0.02689396362576009,0.027207731739359867,0.02705013746254098,5.0
rich_features,2,2,0.7,extra_long,Logistic Regression,ALL_MEAN,0.8257256667636275,0.6847329380289484,0.022158196339333306,0.042650488817482485,,0.1769381963386219,0.006706331275188482,0.1241729005380819,0.014160037073208565,0.026738155648193106,5.0
rich_features,2,2,0.7,extra_long,Random Forest,ALL_MEAN,0.8254452506459856,0.5910690218019312,0.02887859165592252,0.05476956295533345,,0.1769381963386219,0.0059740581782604125,0.15152696677184643,0.016603747120181388,0.03084429272668093,5.0
rich_features,2,2,0.8,short,Naive (always 'not congested'),25,0.8742676881478143,0.0,0.0,0.0,19971.0,0.12573231185218567,,,,,
rich_features,2,2,0.8,short,Naive (persistence),25,0.9057633568674578,0.6252489048187972,0.6252489048187972,0.6252489048187972,19971.0,0.12573231185218567,,,,,
rich_features,2,2,0.8,short,Logistic Regression,25,0.9159280957388213,0.7673521850899743,0.4755077658303465,0.5871649864765183,19971.0,0.12573231185218567,,,,,
rich_features,2,2,0.8,short,Random Forest,25,0.9153272244754894,0.7715231788079471,0.4639585822381521,0.5794578463068888,19971.0,0.12573231185218567,,,,,
rich_features,2,2,0.8,short,Naive (always 'not congested'),26,0.8691102098042162,0.0,0.0,0.0,19971.0,0.1308897901957839,,,,,
rich_features,2,2,0.8,short,Naive (persistence),26,0.8971508687597015,0.6071155317521041,0.6071155317521041,0.6071155317521041,19971.0,0.1308897901957839,,,,,
rich_features,2,2,0.8,short,Logistic Regression,26,0.9091182214210606,0.7455439459127228,0.4640397857689365,0.5720348974298515,19971.0,0.1308897901957839,,,,,
rich_features,2,2,0.8,short,Random Forest,26,0.9087176405788393,0.7507926442612556,0.45294567712318284,0.5650202815557146,19971.0,0.1308897901957839,,,,,
rich_features,2,2,0.8,short,Naive (always 'not congested'),27,0.8614491011967352,0.0,0.0,0.0,19971.0,0.13855089880326474,,,,,
rich_features,2,2,0.8,short,Naive (persistence),27,0.8934454959691552,0.6154680159016986,0.6154680159016986,0.6154680159016986,19971.0,0.13855089880326474,,,,,
rich_features,2,2,0.8,short,Logistic Regression,27,0.9029092183666316,0.7487980769230769,0.4503071919045898,0.5624012638230648,19971.0,0.13855089880326474,,,,,
rich_features,2,2,0.8,short,Random Forest,27,0.9020579840769115,0.7504632489190859,0.43910372244307916,0.5540355677154583,19971.0,0.13855089880326474,,,,,
rich_features,2,2,0.8,short,Naive (always 'not congested'),28,0.8710630414100445,0.0,0.0,0.0,19971.0,0.12893695858995544,,,,,
rich_features,2,2,0.8,short,Naive (persistence),28,0.9016574032346903,0.6186407766990292,0.6186407766990292,0.6186407766990292,19971.0,0.12893695858995544,,,,,
rich_features,2,2,0.8,short,Logistic Regression,28,0.9120224325271644,0.755625,0.4695145631067961,0.5791616766467066,19971.0,0.12893695858995544,,,,,
rich_features,2,2,0.8,short,Random Forest,28,0.9117720695007762,0.7610789980732178,0.4601941747572815,0.5735721200387222,19971.0,0.12893695858995544,,,,,
rich_features,2,2,0.8,short,Naive (always 'not congested'),29,0.8521355966150919,0.0,0.0,0.0,19971.0,0.1478644033849081,,,,,
rich_features,2,2,0.8,short,Naive (persistence),29,0.8900906314155526,0.628561736770692,0.627497460209956,0.6280291476021014,19971.0,0.1478644033849081,,,,,
rich_features,2,2,0.8,short,Logistic Regression,29,0.8990035551549748,0.7510729613733905,0.47409414155096513,0.5812746522731991,19971.0,0.1478644033849081,,,,,
rich_features,2,2,0.8,short,Random Forest,29,0.8982524660758099,0.7545605306799337,0.462241788012191,0.5732885342293154,19971.0,0.1478644033849081,,,,,
rich_features,2,2,0.8,short,Naive (always 'not congested'),ALL_MEAN,0.8656051274347805,0.0,0.0,0.0,,0.1343948725652196,0.007947517852496724,0.0,0.0,0.0,5.0
rich_features,2,2,0.8,short,Naive (persistence),ALL_MEAN,0.8976215512493114,0.6190069931884642,0.618794137876317,0.618900475354746,,0.1343948725652196,0.005602728499990254,0.0075408211166799015,0.007278575189832099,0.007407689662313293,5.0
rich_features,2,2,0.8,short,Logistic Regression,ALL_MEAN,0.9077963046417306,0.7536784338598329,0.4666926896323268,0.5764074953298681,,0.1343948725652196,0.006114404355607248,0.007583361488301458,0.009121101506734675,0.008512255642597843,5.0
rich_features,2,2,0.8,short,Random Forest,ALL_MEAN,0.9072254769415654,0.757683720148288,0.4556887889147774,0.5690748699692199,,0.1343948725652196,0.006257064420741286,0.007904871564898983,0.00910185555305848,0.008813702080238106,5.0
rich_features,2,2,0.8,medium,Naive (always 'not congested'),25,0.8742676881478143,0.0,0.0,0.0,19971.0,0.12573231185218567,,,,,
rich_features,2,2,0.8,medium,Naive (persistence),25,0.8721145661208752,0.49143767423337315,0.49143767423337315,0.49143767423337315,19971.0,0.12573231185218567,,,,,
rich_features,2,2,0.8,medium,Logistic Regression,25,0.8964498522858144,0.7304890738813735,0.27956989247311825,0.4043778801843318,19971.0,0.12573231185218567,,,,,
rich_features,2,2,0.8,medium,Random Forest,25,0.895798908417205,0.7297008547008547,0.2720031859816806,0.3962866260516391,19971.0,0.12573231185218567,,,,,
rich_features,2,2,0.8,medium,Naive (always 'not congested'),26,0.8691102098042162,0.0,0.0,0.0,19971.0,0.1308897901957839,,,,,
rich_features,2,2,0.8,medium,Naive (persistence),26,0.8630013519603424,0.47666411629686306,0.47666411629686306,0.47666411629686306,19971.0,0.1308897901957839,,,,,
rich_features,2,2,0.8,medium,Logistic Regression,26,0.8876871463622252,0.6820412168792934,0.265876052027544,0.38260390861546933,19971.0,0.1308897901957839,,,,,
rich_features,2,2,0.8,medium,Random Forest,26,0.8870862750988934,0.6818642350557245,0.25745983167559294,0.3737850597056373,19971.0,0.1308897901957839,,,,,
rich_features,2,2,0.8,medium,Naive (always 'not congested'),27,0.8614491011967352,0.0,0.0,0.0,19971.0,0.13855089880326474,,,,,
rich_features,2,2,0.8,medium,Naive (persistence),27,0.8537879925892544,0.47235272858691724,0.47235272858691724,0.47235272858691724,19971.0,0.13855089880326474,,,,,
rich_features,2,2,0.8,medium,Logistic Regression,27,0.8793750938861349,0.6761811023622047,0.24828333935670402,0.36320380650277556,19971.0,0.13855089880326474,,,,,
rich_features,2,2,0.8,medium,Random Forest,27,0.8794251664914126,0.6807653575025177,0.2443079147090712,0.3595744680851064,19971.0,0.13855089880326474,,,,,
rich_features,2,2,0.8,medium,Naive (always 'not congested'),28,0.8710630414100445,0.0,0.0,0.0,19971.0,0.12893695858995544,,,,,
rich_features,2,2,0.8,medium,Naive (persistence),28,0.8656051274347805,0.47883495145631066,0.47883495145631066,0.47883495145631066,19971.0,0.12893695858995544,,,,,
rich_features,2,2,0.8,medium,Logistic Regression,28,0.8934454959691552,0.7325702393340271,0.2733980582524272,0.39819004524886875,19971.0,0.12893695858995544,,,,,
rich_features,2,2,0.8,medium,Random Forest,28,0.8925942616794352,0.73068669527897,0.2644660194174757,0.388366124893071,19971.0,0.12893695858995544,,,,,
rich_features,2,2,0.8,medium,Naive (always 'not congested'),29,0.8518852335887036,0.0,0.0,0.0,19971.0,0.14811476641129637,,,,,
rich_features,2,2,0.8,medium,Naive (persistence),29,0.8533874117470333,0.5050881953867028,0.5033806626098716,0.5042329834067051,19971.0,0.14811476641129637,,,,,
rich_features,2,2,0.8,medium,Logistic Regression,29,0.8722147113314306,0.6746987951807228,0.2650439486139283,0.38058252427184464,19971.0,0.14811476641129637,,,,,
rich_features,2,2,0.8,medium,Random Forest,29,0.871563767462821,0.6752899197145406,0.2559161595672752,0.3711694042657514,19971.0,0.14811476641129637,,,,,
rich_features,2,2,0.8,medium,Naive (always 'not congested'),ALL_MEAN,0.8655550548295027,0.0,0.0,0.0,,0.13444494517049724,0.008032557380994556,0.0,0.0,0.0,5.0
rich_features,2,2,0.8,medium,Naive (persistence),ALL_MEAN,0.8615792899704571,0.48487553319203336,0.4845340266366671,0.48470449079603384,,0.13444494517049724,0.007169837583481748,0.011936080079761593,0.01136358223880779,0.011647857542603586,5.0
rich_features,2,2,0.8,medium,Logistic Regression,ALL_MEAN,0.885834459966952,0.6991960855275243,0.26643425814474436,0.385791632964658,,0.13444494517049724,0.00895843550013311,0.026522373442766155,0.010514179080264058,0.014468417446646821,5.0
rich_features,2,2,0.8,medium,Random Forest,ALL_MEAN,0.8852936758299534,0.6996614124505214,0.25883062227021914,0.3778363366002411,,0.13444494517049724,0.00882974136906969,0.025030806376527905,0.009236409804113386,0.01300497055149045,5.0
rich_features,2,2,0.8,long,Naive (always 'not congested'),25,0.8742676881478143,0.0,0.0,0.0,19971.0,0.12573231185218567,,,,,
rich_features,2,2,0.8,long,Naive (persistence),25,0.8396675179009564,0.362405416168857,0.362405416168857,0.362405416168857,19971.0,0.12573231185218567,,,,,
rich_features,2,2,0.8,long,Logistic Regression,25,0.883681337940013,0.7596685082872928,0.10951812027080844,0.19143752175426385,19971.0,0.12573231185218567,,,,,
rich_features,2,2,0.8,long,Random Forest,25,0.8831806118872365,0.7445054945054945,0.10792512943050578,0.1885217391304348,19971.0,0.12573231185218567,,,,,
rich_features,2,2,0.8,long,Naive (always 'not congested'),26,0.8691102098042162,0.0,0.0,0.0,19971.0,0.1308897901957839,,,,,
rich_features,2,2,0.8,long,Naive (persistence),26,0.8214410895798908,0.3179035960214231,0.3179035960214231,0.3179035960214231,19971.0,0.1308897901957839,,,,,
rich_features,2,2,0.8,long,Logistic Regression,26,0.8722147113314306,0.5993589743589743,0.07153787299158378,0.12781954887218044,19971.0,0.1308897901957839,,,,,
rich_features,2,2,0.8,long,Random Forest,26,0.8735666716739272,0.6297376093294461,0.08263198163733741,0.14609401420358473,19971.0,0.1308897901957839,,,,,
rich_features,2,2,0.8,long,Naive (always 'not congested'),27,0.86134895598618,0.0,0.0,0.0,19971.0,0.13865104401382003,,,,,
rich_features,2,2,0.8,long,Naive (persistence),27,0.8114265685243603,0.3198409830140947,0.3196099674972914,0.31972543352601157,19971.0,0.13865104401382003,,,,,
rich_features,2,2,0.8,long,Logistic Regression,27,0.8654048370136698,0.6187683284457478,0.07620079451065366,0.13569131832797426,19971.0,0.13865104401382003,,,,,
rich_features,2,2,0.8,long,Random Forest,27,0.8654048370136698,0.6128133704735376,0.07945106536655833,0.14066496163682865,19971.0,0.13865104401382003,,,,,
rich_features,2,2,0.8,long,Naive (always 'not congested'),28,0.8710129688047669,0.0,0.0,0.0,19971.0,0.12898703119523308,,,,,
rich_features,2,2,0.8,long,Naive (persistence),28,0.8261979870812678,0.3262135922330097,0.32608695652173914,0.326150262085032,19971.0,0.12898703119523308,,,,,
rich_features,2,2,0.8,long,Logistic Regression,28,0.8766711732011416,0.6628242074927954,0.08928571428571429,0.15737256243585357,19971.0,0.12898703119523308,,,,,
rich_features,2,2,0.8,long,Random Forest,28,0.876470882780031,0.6493150684931507,0.09200310559006211,0.1611696701802108,19971.0,0.12898703119523308,,,,,
rich_features,2,2,0.8,long,Naive (always 'not congested'),29,0.8513845075359271,0.0,0.0,0.0,19971.0,0.1486154924640729,,,,,
rich_features,2,2,0.8,long,Naive (persistence),29,0.8025136447849381,0.3344640434192673,0.33221024258760107,0.3333333333333333,19971.0,0.1486154924640729,,,,,
rich_features,2,2,0.8,long,Logistic Regression,29,0.8527865404837014,0.5514705882352942,0.05053908355795148,0.09259259259259259,19971.0,0.1486154924640729,,,,,
rich_features,2,2,0.8,long,Random Forest,29,0.8528366130889791,0.5519713261648745,0.05188679245283019,0.09485679088389283,19971.0,0.1486154924640729,,,,,
rich_features,2,2,0.8,long,Naive (always 'not congested'),ALL_MEAN,0.8654248660557808,0.0,0.0,0.0,,0.1345751339442191,0.008206690730010664,0.0,0.0,0.0,5.0
rich_features,2,2,0.8,long,Naive (persistence),ALL_MEAN,0.8202493615742827,0.33216552617133044,0.33164323575938237,0.33190360822693143,,0.1345751339442191,0.012698570655175634,0.016189235076699008,0.016193101768662684,0.016185262890883217,5.0
rich_features,2,2,0.8,long,Logistic Regression,ALL_MEAN,0.8701517199939912,0.638418121364021,0.07941631712334234,0.14098270879657293,,0.1345751339442191,0.010525132992958748,0.07038312043783253,0.019543938390598377,0.0327328165345839,5.0
rich_features,2,2,0.8,long,Random Forest,ALL_MEAN,0.8702919232887687,0.6376685737933008,0.08277961489545876,0.14626143520699036,,0.1345751339442191,0.010426823846216774,0.06256911066419069,0.01834577443360033,0.03060057111204531,5.0
rich_features,2,2,0.8,extra_long,Naive (always 'not congested'),25,0.8742676881478143,0.0,0.0,0.0,19971.0,0.12573231185218567,,,,,
rich_features,2,2,0.8,extra_long,Naive (persistence),25,0.8525862500625908,0.4137793707686181,0.4137793707686181,0.4137793707686181,19971.0,0.12573231185218567,,,,,
rich_features,2,2,0.8,extra_long,Logistic Regression,25,0.8873867107305593,0.7227891156462585,0.16925527678215851,0.27428202646014843,19971.0,0.12573231185218567,,,,,
rich_features,2,2,0.8,extra_long,Random Forest,25,0.8869861298883381,0.718213058419244,0.16646754281162884,0.27028774652440996,19971.0,0.12573231185218567,,,,,
rich_features,2,2,0.8,extra_long,Naive (always 'not congested'),26,0.8691102098042162,0.0,0.0,0.0,19971.0,0.1308897901957839,,,,,
rich_features,2,2,0.8,extra_long,Naive (persistence),26,0.8393670822692905,0.3863810252486611,0.3863810252486611,0.3863810252486611,19971.0,0.1308897901957839,,,,,
rich_features,2,2,0.8,extra_long,Logistic Regression,26,0.879224876070302,0.6790780141843972,0.1465187452180566,0.24103209565764633,19971.0,0.1308897901957839,,,,,
rich_features,2,2,0.8,extra_long,Random Forest,26,0.8792749486755795,0.6790123456790124,0.14728385615914308,0.24206224457717698,19971.0,0.1308897901957839,,,,,
rich_features,2,2,0.8,extra_long,Naive (always 'not congested'),27,0.8613990285914576,0.0,0.0,0.0,19971.0,0.13860097140854238,,,,,
rich_features,2,2,0.8,extra_long,Naive (persistence),27,0.8269991487657102,0.375858330321648,0.37572254335260113,0.3757904245709124,19971.0,0.13860097140854238,,,,,
rich_features,2,2,0.8,extra_long,Logistic Regression,27,0.870562315357268,0.6507413509060955,0.14270231213872833,0.23407407407407407,19971.0,0.13860097140854238,,,,,
rich_features,2,2,0.8,extra_long,Random Forest,27,0.8704120975414351,0.6490066225165563,0.1416184971098266,0.232502965599051,19971.0,0.13860097140854238,,,,,
rich_features,2,2,0.8,extra_long,Naive (always 'not congested'),28,0.8710630414100445,0.0,0.0,0.0,19971.0,0.12893695858995544,,,,,
rich_features,2,2,0.8,extra_long,Naive (persistence),28,0.8425717290070602,0.3895145631067961,0.3895145631067961,0.3895145631067961,19971.0,0.12893695858995544,,,,,
rich_features,2,2,0.8,extra_long,Logistic Regression,28,0.8805267638075209,0.6588235294117647,0.15223300970873788,0.2473186119873817,19971.0,0.12893695858995544,,,,,
rich_features,2,2,0.8,extra_long,Random Forest,28,0.8802764007811327,0.6548821548821548,0.15106796116504853,0.24550331334805933,19971.0,0.12893695858995544,,,,,
rich_features,2,2,0.8,extra_long,Naive (always 'not congested'),29,0.8516348705623153,0.0,0.0,0.0,19971.0,0.14836512943768465,,,,,
rich_features,2,2,0.8,extra_long,Naive (persistence),29,0.8222923238696109,0.4006105834464043,0.39858251771852854,0.399593977330401,19971.0,0.14836512943768465,,,,,
rich_features,2,2,0.8,extra_long,Logistic Regression,29,0.8567923489059136,0.5808477237048666,0.12487343908201147,0.20555555555555555,19971.0,0.14836512943768465,,,,,
rich_features,2,2,0.8,extra_long,Random Forest,29,0.8570427119323019,0.5849056603773585,0.12554843064461693,0.20672409002500694,19971.0,0.14836512943768465,,,,,
rich_features,2,2,0.8,extra_long,Naive (always 'not congested'),ALL_MEAN,0.8654949677031695,0.0,0.0,0.0,,0.1345050322968304,0.008122968105502167,0.0,0.0,0.0,5.0
rich_features,2,2,0.8,extra_long,Naive (persistence),ALL_MEAN,0.8367633067948527,0.39322877457842553,0.3927960040390409,0.39301187220507766,,0.1345050322968304,0.010914495662295298,0.012955597071172102,0.01278443027400958,0.012863830419996216,5.0
rich_features,2,2,0.8,extra_long,Logistic Regression,ALL_MEAN,0.8748986029743128,0.6584559467706764,0.14711655658593853,0.24045247274696124,,0.1345050322968304,0.010516515537803575,0.046144799654510446,0.014358970946757452,0.02213773852187691,5.0
rich_features,2,2,0.8,extra_long,Random Forest,ALL_MEAN,0.8747984577637574,0.6572039683748652,0.1463972575780528,0.23941607201474085,,0.1345050322968304,0.010325626842305907,0.043582902668365654,0.013288551572776537,0.020560514342024338,5.0
rich_features,2,2,0.9,short,Naive (always 'not congested'),25,0.8582945270642431,0.0,0.0,0.0,19971.0,0.14170547293575686,,,,,
rich_features,2,2,0.9,short,Naive (persistence),25,0.9414150518251465,0.7932862190812721,0.7932862190812721,0.7932862190812721,19971.0,0.14170547293575686,,,,,
rich_features,2,2,0.9,short,Logistic Regression,25,0.9438185368784738,0.8349019607843138,0.7522968197879859,0.791449814126394,19971.0,0.14170547293575686,,,,,
rich_features,2,2,0.9,short,Random Forest,25,0.943067447799309,0.8363130711164084,0.7438162544169611,0.7873573966710304,19971.0,0.14170547293575686,,,,,
rich_features,2,2,0.9,short,Naive (always 'not congested'),26,0.8447248510339993,0.0,0.0,0.0,19971.0,0.1552751489660007,,,,,
rich_features,2,2,0.9,short,Naive (persistence),26,0.9382604776926543,0.8010960670535139,0.801354401805869,0.8012252136063195,19971.0,0.1552751489660007,,,,,
rich_features,2,2,0.9,short,Logistic Regression,26,0.937309098192379,0.8270251149628581,0.7539503386004515,0.7887989203778677,19971.0,0.1552751489660007,,,,,
rich_features,2,2,0.9,short,Random Forest,26,0.937008662560713,0.8330321647994218,0.7433086101257659,0.7856169052488071,19971.0,0.1552751489660007,,,,,
rich_features,2,2,0.9,short,Naive (always 'not congested'),27,0.8602974312753493,0.0,0.0,0.0,19971.0,0.13970256872465076,,,,,
rich_features,2,2,0.9,short,Naive (persistence),27,0.9462220219318012,0.8077474892395983,0.807168458781362,0.8074578702043743,19971.0,0.13970256872465076,,,,,
rich_features,2,2,0.9,short,Logistic Regression,27,0.9438185368784738,0.8314785373608903,0.749820788530466,0.7885412740294007,19971.0,0.13970256872465076,,,,,
rich_features,2,2,0.9,short,Random Forest,27,0.9440188272995844,0.8354735152487961,0.7462365591397849,0.78833775085195,19971.0,0.13970256872465076,,,,,
rich_features,2,2,0.9,short,Naive (always 'not congested'),28,0.8804266185969656,0.0,0.0,0.0,19971.0,0.1195733814030344,,,,,
rich_features,2,2,0.9,short,Naive (persistence),28,0.9343047418757198,0.7252931323283082,0.7252931323283082,0.7252931323283082,19971.0,0.1195733814030344,,,,,
rich_features,2,2,0.9,short,Logistic Regression,28,0.9348054679284963,0.7613089509143407,0.6624790619765494,0.7084639498432602,19971.0,0.1195733814030344,,,,,
rich_features,2,2,0.9,short,Random Forest,28,0.935005758349607,0.7668952007835456,0.6557788944723618,0.7069977426636569,19971.0,0.1195733814030344,,,,,
rich_features,2,2,0.9,short,Naive (always 'not congested'),29,0.854989735115918,0.0,0.0,0.0,19971.0,0.14501026488408192,,,,,
rich_features,2,2,0.9,short,Naive (persistence),29,0.9402633819037605,0.7945347630577655,0.7931629834254144,0.793848280628996,19971.0,0.14501026488408192,,,,,
rich_features,2,2,0.9,short,Logistic Regression,29,0.9403134545090381,0.8299767621998451,0.7399861878453039,0.7824023366192041,19971.0,0.14501026488408192,,,,,
rich_features,2,2,0.9,short,Random Forest,29,0.9408141805618147,0.8411624203821656,0.7296270718232044,0.7814349112426036,19971.0,0.14501026488408192,,,,,
rich_features,2,2,0.9,short,Naive (always 'not congested'),ALL_MEAN,0.8597466326172951,0.0,0.0,0.0,,0.14025336738270494,0.01164779640612883,0.0,0.0,0.0,5.0
rich_features,2,2,0.9,short,Naive (persistence),ALL_MEAN,0.9400931350458166,0.7843915341520915,0.7840530390844451,0.7842221431698541,,0.14025336738270494,0.0039039423892017343,0.029997212097966654,0.02984838059433765,0.029921402802553957,5.0
rich_features,2,2,0.9,short,Logistic Regression,ALL_MEAN,0.9400130188773723,0.8169382652444496,0.7317066393481513,0.7719312589992253,,0.14025336738270494,0.0035632560962710635,0.027930203807365078,0.034951018524869086,0.031872017168550815,5.0
rich_features,2,2,0.9,short,Random Forest,ALL_MEAN,0.9399829753142056,0.8225752744660675,0.7237534779956156,0.7699489413356096,,0.14025336738270494,0.003467339008264856,0.027964945292764488,0.03448318499705945,0.03156412091194331,5.0
rich_features,2,2,0.9,medium,Naive (always 'not congested'),25,0.8582945270642431,0.0,0.0,0.0,19971.0,0.14170547293575686,,,,,
rich_features,2,2,0.9,medium,Naive (persistence),25,0.9171799108707626,0.707773851590106,0.707773851590106,0.707773851590106,19971.0,0.14170547293575686,,,,,
rich_features,2,2,0.9,medium,Logistic Regression,25,0.9232386961093586,0.7893797411869701,0.6250883392226149,0.6976927627686846,19971.0,0.14170547293575686,,,,,
rich_features,2,2,0.9,medium,Random Forest,25,0.9227880426618597,0.7877569258266309,0.6229681978798587,0.6957379636937648,19971.0,0.14170547293575686,,,,,
rich_features,2,2,0.9,medium,Naive (always 'not congested'),26,0.844774923639277,0.0,0.0,0.0,19971.0,0.15522507636072305,,,,,
rich_features,2,2,0.9,medium,Naive (persistence),26,0.9096690200791148,0.7088974854932302,0.7093548387096774,0.709126088358594,19971.0,0.15522507636072305,,,,,
rich_features,2,2,0.9,medium,Logistic Regression,26,0.9159280957388213,0.7910692339205244,0.6229032258064516,0.6969861035914094,19971.0,0.15522507636072305,,,,,
rich_features,2,2,0.9,medium,Random Forest,26,0.9151770066596565,0.7902559867877786,0.6174193548387097,0.6932270916334662,19971.0,0.15522507636072305,,,,,
rich_features,2,2,0.9,medium,Naive (always 'not congested'),27,0.8604476490911822,0.0,0.0,0.0,19971.0,0.1395523509088178,,,,,
rich_features,2,2,0.9,medium,Naive (persistence),27,0.926343197636573,0.7360114777618364,0.736275565123789,0.7361434977578475,19971.0,0.1395523509088178,,,,,
rich_features,2,2,0.9,medium,Logistic Regression,27,0.9263932702418507,0.8010973936899863,0.628632938643703,0.7044632086851629,19971.0,0.1395523509088178,,,,,
rich_features,2,2,0.9,medium,Random Forest,27,0.9262430524260177,0.8022079116835327,0.6257624686042339,0.7030840556339447,19971.0,0.1395523509088178,,,,,
rich_features,2,2,0.9,medium,Naive (always 'not congested'),28,0.8804266185969656,0.0,0.0,0.0,19971.0,0.1195733814030344,,,,,
rich_features,2,2,0.9,medium,Naive (persistence),28,0.9123729407641079,0.6335845896147404,0.6335845896147404,0.6335845896147404,19971.0,0.1195733814030344,,,,,
rich_features,2,2,0.9,medium,Logistic Regression,28,0.9167793300285414,0.7112922002328289,0.5117252931323283,0.5952264978080857,19971.0,0.1195733814030344,,,,,
rich_features,2,2,0.9,medium,Random Forest,28,0.9165289670021531,0.7129356172474897,0.5054438860971524,0.5915216858613085,19971.0,0.1195733814030344,,,,,
rich_features,2,2,0.9,medium,Naive (always 'not congested'),29,0.8547393720895298,0.0,0.0,0.0,19971.0,0.14526062791047017,,,,,
rich_features,2,2,0.9,medium,Naive (persistence),29,0.9186820890290922,0.7208578346592874,0.7183729748362634,0.7196132596685083,19971.0,0.14526062791047017,,,,,
rich_features,2,2,0.9,medium,Logistic Regression,29,0.9215362275299184,0.7972370766488414,0.6166839021027232,0.6954324586977648,19971.0,0.14526062791047017,,,,,
rich_features,2,2,0.9,medium,Random Forest,29,0.9216864453457514,0.799373040752351,0.6153050672182007,0.695364238410596,19971.0,0.14526062791047017,,,,,
rich_features,2,2,0.9,medium,Naive (always 'not congested'),ALL_MEAN,0.8597366180962396,0.0,0.0,0.0,,0.14026338190376048,0.011657496137811571,0.0,0.0,0.0,5.0
rich_features,2,2,0.9,medium,Naive (persistence),ALL_MEAN,0.91684943167593,0.7014250478238402,0.7010723639749152,0.7012482573979593,,0.14026338190376048,0.005747986137267302,0.0354184323313552,0.035232614207243454,0.03532128719697052,5.0
rich_features,2,2,0.9,medium,Logistic Regression,ALL_MEAN,0.9207751239296981,0.7780151291358302,0.6010067397815642,0.6779602063102216,,0.14026338190376048,0.003941372495542511,0.03362673788323412,0.04480967870822567,0.0414823186734717,5.0
rich_features,2,2,0.9,medium,Random Forest,ALL_MEAN,0.9204847028190877,0.7785058964595566,0.5973797949276312,0.675787007046616,,0.14026338190376048,0.00409212986356843,0.033227491387807666,0.04612039291091295,0.04226402353173139,5.0
rich_features,2,2,0.9,long,Naive (always 'not congested'),25,0.8582945270642431,0.0,0.0,0.0,19971.0,0.14170547293575686,,,,,
rich_features,2,2,0.9,long,Naive (persistence),25,0.886435331230284,0.5992932862190813,0.5992932862190813,0.5992932862190813,19971.0,0.14170547293575686,,,,,
rich_features,2,2,0.9,long,Logistic Regression,25,0.9032597266035752,0.750278706800446,0.4756183745583039,0.5821799307958477,19971.0,0.14170547293575686,,,,,
rich_features,2,2,0.9,long,Random Forest,25,0.903009363577187,0.7515492957746479,0.4713780918727915,0.5793702497285559,19971.0,0.14170547293575686,,,,,
rich_features,2,2,0.9,long,Naive (always 'not congested'),26,0.844774923639277,0.0,0.0,0.0,19971.0,0.15522507636072305,,,,,
rich_features,2,2,0.9,long,Naive (persistence),26,0.8737168894897601,0.5931656995486783,0.5935483870967742,0.5933569816188327,19971.0,0.15522507636072305,,,,,
rich_features,2,2,0.9,long,Logistic Regression,26,0.8910920835211056,0.7443211833069202,0.4545161290322581,0.5643901462046865,19971.0,0.15522507636072305,,,,,
rich_features,2,2,0.9,long,Random Forest,26,0.8906414300736067,0.744136460554371,0.4503225806451613,0.5610932475884244,19971.0,0.15522507636072305,,,,,
rich_features,2,2,0.9,long,Naive (always 'not congested'),27,0.8604476490911822,0.0,0.0,0.0,19971.0,0.1395523509088178,,,,,
rich_features,2,2,0.9,long,Naive (persistence),27,0.8976015222072005,0.6330703012912482,0.63329745245784,0.6331838565022422,19971.0,0.1395523509088178,,,,,
rich_features,2,2,0.9,long,Logistic Regression,27,0.903009363577187,0.7465197215777262,0.46178686759956944,0.5706051873198847,19971.0,0.1395523509088178,,,,,
rich_features,2,2,0.9,long,Random Forest,27,0.902558710129688,0.7489638839550029,0.45389307499102977,0.565236818588025,19971.0,0.1395523509088178,,,,,
rich_features,2,2,0.9,long,Naive (always 'not congested'),28,0.8804266185969656,0.0,0.0,0.0,19971.0,0.1195733814030344,,,,,
rich_features,2,2,0.9,long,Naive (persistence),28,0.882229232386961,0.507537688442211,0.507537688442211,0.507537688442211,19971.0,0.1195733814030344,,,,,
rich_features,2,2,0.9,long,Logistic Regression,28,0.8997045716288619,0.6608187134502924,0.3312395309882747,0.4412831241283124,19971.0,0.1195733814030344,,,,,
rich_features,2,2,0.9,long,Random Forest,28,0.9001552250763607,0.6661045531197302,0.330820770519263,0.4420817011751539,19971.0,0.1195733814030344,,,,,
rich_features,2,2,0.9,long,Naive (always 'not congested'),29,0.8542386460367533,0.0,0.0,0.0,19971.0,0.14576135396324671,,,,,
rich_features,2,2,0.9,long,Naive (persistence),29,0.8881377998097241,0.6170875129712902,0.6128478186190313,0.61496035849707,19971.0,0.14576135396324671,,,,,
rich_features,2,2,0.9,long,Logistic Regression,29,0.8989534825496971,0.7515492957746479,0.4582617657162487,0.569355527102006,19971.0,0.14576135396324671,,,,,
rich_features,2,2,0.9,long,Random Forest,29,0.8988032647338641,0.7516968325791855,0.4565441429062178,0.5680701004488139,19971.0,0.14576135396324671,,,,,
rich_features,2,2,0.9,long,Naive (always 'not congested'),ALL_MEAN,0.8596364728856842,0.0,0.0,0.0,,0.14036352711431577,0.01170206105619679,0.0,0.0,0.0,5.0
rich_features,2,2,0.9,long,Naive (persistence),ALL_MEAN,0.8856241550247859,0.5900308976945018,0.5893049265669875,0.5896664342558875,,0.14036352711431577,0.007794128736453138,0.043555020580381326,0.043112099500703605,0.04332430253327357,5.0
rich_features,2,2,0.9,long,Logistic Regression,ALL_MEAN,0.8992038455760853,0.7306975241820066,0.43628453357893104,0.5455627831101475,,0.14036352711431577,0.00440559258278343,0.03503487776187622,0.053004457286445504,0.05246474827608305,5.0
rich_features,2,2,0.9,long,Random Forest,ALL_MEAN,0.8990335987181414,0.7324902051965875,0.4325917321868927,0.5431704235057946,,0.14036352711431577,0.00447152570535637,0.03330530175945084,0.051387855584787256,0.05090678643931121,5.0
rich_features,2,2,0.9,extra_long,Naive (always 'not congested'),25,0.8582945270642431,0.0,0.0,0.0,19971.0,0.14170547293575686,,,,,
rich_features,2,2,0.9,extra_long,Naive (persistence),25,0.8983526112863652,0.6413427561837456,0.6413427561837456,0.6413427561837456,19971.0,0.14170547293575686,,,,,
rich_features,2,2,0.9,extra_long,Logistic Regression,25,0.9080166241049522,0.7376735280038296,0.5445229681978798,0.6265501118113438,19971.0,0.14170547293575686,,,,,
rich_features,2,2,0.9,extra_long,Random Forest,25,0.9088678583946723,0.7463414634146341,0.5406360424028268,0.6270491803278688,19971.0,0.14170547293575686,,,,,
rich_features,2,2,0.9,extra_long,Naive (always 'not congested'),26,0.844774923639277,0.0,0.0,0.0,19971.0,0.15522507636072305,,,,,
rich_features,2,2,0.9,extra_long,Naive (persistence),26,0.8860347503880627,0.6328175370728563,0.6332258064516129,0.6330216059335698,19971.0,0.15522507636072305,,,,,
rich_features,2,2,0.9,extra_long,Logistic Regression,26,0.8983526112863652,0.73568281938326,0.5387096774193548,0.6219739292364991,19971.0,0.15522507636072305,,,,,
rich_features,2,2,0.9,extra_long,Random Forest,26,0.8985028291021981,0.7430901676483915,0.5290322580645161,0.6180516299227435,19971.0,0.15522507636072305,,,,,
rich_features,2,2,0.9,extra_long,Naive (always 'not congested'),27,0.8604476490911822,0.0,0.0,0.0,19971.0,0.1395523509088178,,,,,
rich_features,2,2,0.9,extra_long,Naive (persistence),27,0.9111211256321666,0.6814921090387375,0.6817366343738788,0.6816143497757847,19971.0,0.1395523509088178,,,,,
rich_features,2,2,0.9,extra_long,Logistic Regression,27,0.913524610685494,0.7615992102665351,0.5536419088625762,0.64118013712861,19971.0,0.1395523509088178,,,,,
rich_features,2,2,0.9,extra_long,Random Forest,27,0.9116719242902208,0.7597765363128491,0.536777897380696,0.6291000841042893,19971.0,0.1395523509088178,,,,,
rich_features,2,2,0.9,extra_long,Naive (always 'not congested'),28,0.8804266185969656,0.0,0.0,0.0,19971.0,0.1195733814030344,,,,,
rich_features,2,2,0.9,extra_long,Naive (persistence),28,0.8973511591808122,0.5707705192629816,0.5707705192629816,0.5707705192629816,19971.0,0.1195733814030344,,,,,
rich_features,2,2,0.9,extra_long,Logistic Regression,28,0.9058134294727355,0.6619808306709265,0.4338358458961474,0.5241588666835315,19971.0,0.1195733814030344,,,,,
rich_features,2,2,0.9,extra_long,Random Forest,28,0.9062640829202343,0.6736204576043069,0.419179229480737,0.5167785234899329,19971.0,0.1195733814030344,,,,,
rich_features,2,2,0.9,extra_long,Naive (always 'not congested'),29,0.8544890090631415,0.0,0.0,0.0,19971.0,0.14551099093685843,,,,,
rich_features,2,2,0.9,extra_long,Naive (persistence),29,0.9019077662610786,0.663784157730889,0.6603578802477632,0.6620665861652579,19971.0,0.14551099093685843,,,,,
rich_features,2,2,0.9,extra_long,Logistic Regression,29,0.9093685844474488,0.7604562737642585,0.5505849965588437,0.6387225548902196,19971.0,0.14551099093685843,,,,,
rich_features,2,2,0.9,extra_long,Random Forest,29,0.9090681488157829,0.7666340508806262,0.5392291810048176,0.6331313131313131,19971.0,0.14551099093685843,,,,,
rich_features,2,2,0.9,extra_long,Naive (always 'not congested'),ALL_MEAN,0.8596865454909619,0.0,0.0,0.0,,0.1403134545090381,0.011679370510426813,0.0,0.0,0.0,5.0
rich_features,2,2,0.9,extra_long,Naive (persistence),ALL_MEAN,0.8989534825496971,0.638041415857842,0.6374867193039965,0.637763163464268,,0.1403134545090381,0.008082096974762466,0.03772058531684444,0.0373235066232362,0.03751504531476605,5.0
rich_features,2,2,0.9,extra_long,Logistic Regression,ALL_MEAN,0.9070151719993991,0.731478532417762,0.5242590793869604,0.6105171199500408,,0.1403134545090381,0.005007961495174863,0.036422381237106886,0.0455021114039848,0.0437763187053259,5.0
rich_features,2,2,0.9,extra_long,Random Forest,ALL_MEAN,0.9068749687046218,0.7378925351721616,0.5129709216667188,0.6048221461952294,,0.1403134545090381,0.0045223519140144145,0.03326945733803987,0.04706692093487604,0.04429800669744385,5.0
rich_features,2,2,0.95,short,Naive (always 'not congested'),25,0.809323519102699,0.0,0.0,0.0,19971.0,0.19067648089730108,,,,,
rich_features,2,2,0.95,short,Naive (persistence),25,0.9657503379900856,0.9101890756302521,0.9101890756302521,0.9101890756302521,19971.0,0.19067648089730108,,,,,
rich_features,2,2,0.95,short,Logistic Regression,25,0.9658004105953633,0.9139072847682119,0.9059873949579832,0.9099301068178821,19971.0,0.19067648089730108,,,,,
rich_features,2,2,0.95,short,Random Forest,25,0.9662510640428621,0.9180896478121665,0.9036239495798319,0.9107993647432504,19971.0,0.19067648089730108,,,,,
rich_features,2,2,0.95,short,Naive (always 'not congested'),26,0.8012117570477192,0.0,0.0,0.0,19971.0,0.1987882429522808,,,,,
rich_features,2,2,0.95,short,Naive (persistence),26,0.9587401732512143,0.8962216624685139,0.8962216624685139,0.8962216624685139,19971.0,0.1987882429522808,,,,,
rich_features,2,2,0.95,short,Logistic Regression,26,0.9587401732512143,0.8996443089430894,0.8919395465994963,0.895775360485707,19971.0,0.1987882429522808,,,,,
rich_features,2,2,0.95,short,Random Forest,26,0.9587902458564919,0.9023267706468934,0.8889168765743073,0.8955716279659942,19971.0,0.1987882429522808,,,,,
rich_features,2,2,0.95,short,Naive (always 'not congested'),27,0.9091682940263381,0.0,0.0,0.0,19971.0,0.09083170597366182,,,,,
rich_features,2,2,0.95,short,Naive (persistence),27,0.9767663111511692,0.8721058434399118,0.8721058434399118,0.8721058434399118,19971.0,0.09083170597366182,,,,,
rich_features,2,2,0.95,short,Logistic Regression,27,0.9773171098092234,0.8808058198097369,0.8676957001102535,0.8742016106637045,19971.0,0.09083170597366182,,,,,
rich_features,2,2,0.95,short,Random Forest,27,0.9771168193881128,0.8805384183959618,0.8654906284454245,0.8729496802891298,19971.0,0.09083170597366182,,,,,
rich_features,2,2,0.95,short,Naive (always 'not congested'),28,0.700215312202694,0.0,0.0,0.0,19971.0,0.2997846877973061,,,,,
rich_features,2,2,0.95,short,Naive (persistence),28,0.9568374142506635,0.9280106898279605,0.9280106898279605,0.9280106898279605,19971.0,0.2997846877973061,,,,,
rich_features,2,2,0.95,short,Logistic Regression,28,0.9562866155926093,0.9288829251928883,0.9250041757140471,0.9269394928445895,19971.0,0.2997846877973061,,,,,
rich_features,2,2,0.95,short,Random Forest,28,0.9567873416453858,0.9320404721753794,0.9231668615333222,0.9275824452462869,19971.0,0.2997846877973061,,,,,
rich_features,2,2,0.95,short,Naive (always 'not congested'),29,0.7772269791197236,0.0,0.0,0.0,19971.0,0.2227730208802764,,,,,
rich_features,2,2,0.95,short,Naive (persistence),29,0.9641480146212007,0.919532479208811,0.919532479208811,0.919532479208811,19971.0,0.2227730208802764,,,,,
rich_features,2,2,0.95,short,Logistic Regression,29,0.9637474337789795,0.9212847771997286,0.9154866262081367,0.9183765501691094,19971.0,0.2227730208802764,,,,,
rich_features,2,2,0.95,short,Random Forest,29,0.9633969255420359,0.9226921327876307,0.9121150820409081,0.9173731208319205,19971.0,0.2227730208802764,,,,,
rich_features,2,2,0.95,short,Naive (always 'not congested'),ALL_MEAN,0.7994291722998348,0.0,0.0,0.0,,0.2005708277001652,0.06705233472702508,0.0,0.0,0.0,5.0
rich_features,2,2,0.95,short,Naive (persistence),ALL_MEAN,0.9644484502528667,0.9052119501150898,0.9052119501150898,0.9052119501150898,,0.2005708277001652,0.006986088543862752,0.01962891456789938,0.01962891456789938,0.01962891456789938,5.0
rich_features,2,2,0.95,short,Logistic Regression,ALL_MEAN,0.964378348605478,0.9089050231827311,0.9012226887179834,0.9050446241961986,,0.2005708277001652,0.00730885791058896,0.017045372144037063,0.020009783380713145,0.018537552142742504,5.0
rich_features,2,2,0.95,short,Random Forest,ALL_MEAN,0.9644684792949778,0.9111374883636063,0.8986626796347588,0.9048552478153162,,0.2005708277001652,0.007149105587615263,0.018070467014261123,0.020007008361490036,0.019040514754879233,5.0
rich_features,2,2,0.95,medium,Naive (always 'not congested'),25,0.809323519102699,0.0,0.0,0.0,19971.0,0.19067648089730108,,,,,
rich_features,2,2,0.95,medium,Naive (persistence),25,0.9531320414601172,0.8771008403361344,0.8771008403361344,0.8771008403361344,19971.0,0.19067648089730108,,,,,
rich_features,2,2,0.95,medium,Logistic Regression,25,0.9541835661709479,0.9021406727828746,0.8521533613445378,0.8764348413234301,19971.0,0.19067648089730108,,,,,
rich_features,2,2,0.95,medium,Random Forest,25,0.953582694907616,0.8989199667682083,0.8524159663865546,0.8750505458956733,19971.0,0.19067648089730108,,,,,
rich_features,2,2,0.95,medium,Naive (always 'not congested'),26,0.8012117570477192,0.0,0.0,0.0,19971.0,0.1987882429522808,,,,,
rich_features,2,2,0.95,medium,Naive (persistence),26,0.9430173751940314,0.8566750629722922,0.8566750629722922,0.8566750629722922,19971.0,0.1987882429522808,,,,,
rich_features,2,2,0.95,medium,Logistic Regression,26,0.9434179560362526,0.8798822899946496,0.828463476070529,0.8533990659055527,19971.0,0.1987882429522808,,,,,
rich_features,2,2,0.95,medium,Random Forest,26,0.942917229983476,0.8757302177376527,0.8307304785894206,0.8526370217166495,19971.0,0.1987882429522808,,,,,
rich_features,2,2,0.95,medium,Naive (always 'not congested'),27,0.9091682940263381,0.0,0.0,0.0,19971.0,0.09083170597366182,,,,,
rich_features,2,2,0.95,medium,Naive (persistence),27,0.967853387411747,0.8230429988974641,0.8230429988974641,0.8230429988974641,19971.0,0.09083170597366182,,,,,
rich_features,2,2,0.95,medium,Logistic Regression,27,0.9682038956486906,0.8527827648114902,0.7855567805953694,0.8177905308464849,19971.0,0.09083170597366182,,,,,
rich_features,2,2,0.95,medium,Random Forest,27,0.9689549847278554,0.8557806912991657,0.7916207276736494,0.8224513172966781,19971.0,0.09083170597366182,,,,,
rich_features,2,2,0.95,medium,Naive (always 'not congested'),28,0.700215312202694,0.0,0.0,0.0,19971.0,0.2997846877973061,,,,,
rich_features,2,2,0.95,medium,Naive (persistence),28,0.9414150518251465,0.902288291297812,0.902288291297812,0.902288291297812,19971.0,0.2997846877973061,,,,,
rich_features,2,2,0.95,medium,Logistic Regression,28,0.9421160682990336,0.9223640496590313,0.8810756639385335,0.9012472236459935,19971.0,0.2997846877973061,,,,,
rich_features,2,2,0.95,medium,Random Forest,28,0.9409143257723699,0.920265780730897,0.8790713211959245,0.8991969929950453,19971.0,0.2997846877973061,,,,,
rich_features,2,2,0.95,medium,Naive (always 'not congested'),29,0.7772269791197236,0.0,0.0,0.0,19971.0,0.2227730208802764,,,,,
rich_features,2,2,0.95,medium,Naive (persistence),29,0.9516298633017876,0.8914362778152394,0.8914362778152394,0.8914362778152394,19971.0,0.2227730208802764,,,,,
rich_features,2,2,0.95,medium,Logistic Regression,29,0.9500776125381803,0.9074598677998111,0.8640143852551135,0.8852043753598158,19971.0,0.2227730208802764,,,,,
rich_features,2,2,0.95,medium,Random Forest,29,0.9505282659856792,0.9059347877081867,0.8680602382557878,0.8865932047750229,19971.0,0.2227730208802764,,,,,
rich_features,2,2,0.95,medium,Naive (always 'not congested'),ALL_MEAN,0.7994291722998348,0.0,0.0,0.0,,0.2005708277001652,0.06705233472702508,0.0,0.0,0.0,5.0
rich_features,2,2,0.95,medium,Naive (persistence),ALL_MEAN,0.9514095438385659,0.8701086942637886,0.8701086942637886,0.8701086942637886,,0.2005708277001652,0.00942055088990007,0.02805325122728126,0.02805325122728126,0.02805325122728126,5.0
rich_features,2,2,0.95,medium,Logistic Regression,ALL_MEAN,0.9515998197386211,0.8929259290095712,0.8422527334408165,0.8668152074162554,,0.2005708277001652,0.009397580882620788,0.024266684889056943,0.033116118561457054,0.02898162991142937,5.0
rich_features,2,2,0.95,medium,Random Forest,ALL_MEAN,0.9513795002753993,0.8913262888488221,0.8443797464202675,0.8671858165358138,,0.2005708277001652,0.009955965206993968,0.022870475783974876,0.030979568934244008,0.027114789165109367,5.0
rich_features,2,2,0.95,long,Naive (always 'not congested'),25,0.809323519102699,0.0,0.0,0.0,19971.0,0.19067648089730108,,,,,
rich_features,2,2,0.95,long,Naive (persistence),25,0.9329027089279455,0.8240546218487395,0.8240546218487395,0.8240546218487395,19971.0,0.19067648089730108,,,,,
rich_features,2,2,0.95,long,Logistic Regression,25,0.9346552501126634,0.860558916738692,0.7844012605042017,0.8207171314741036,19971.0,0.19067648089730108,,,,,
rich_features,2,2,0.95,long,Random Forest,25,0.9349556857443293,0.8664913818288051,0.7788865546218487,0.8203567971234961,19971.0,0.19067648089730108,,,,,
rich_features,2,2,0.95,long,Naive (always 'not congested'),26,0.8012117570477192,0.0,0.0,0.0,19971.0,0.1987882429522808,,,,,
rich_features,2,2,0.95,long,Naive (persistence),26,0.9209854288718642,0.8012594458438287,0.8012594458438287,0.8012594458438287,19971.0,0.1987882429522808,,,,,
rich_features,2,2,0.95,long,Logistic Regression,26,0.9248910920835212,0.8451648965902739,0.761712846347607,0.8012718600953895,19971.0,0.1987882429522808,,,,,
rich_features,2,2,0.95,long,Random Forest,26,0.9245405838465776,0.8497585913092871,0.7536523929471033,0.7988252569750367,19971.0,0.1987882429522808,,,,,
rich_features,2,2,0.95,long,Naive (always 'not congested'),27,0.9091682940263381,0.0,0.0,0.0,19971.0,0.09083170597366182,,,,,
rich_features,2,2,0.95,long,Naive (persistence),27,0.9551349456712233,0.75303197353914,0.75303197353914,0.75303197353914,19971.0,0.09083170597366182,,,,,
rich_features,2,2,0.95,long,Logistic Regression,27,0.9558359621451105,0.7971938775510204,0.6890848952590959,0.7392075694855116,19971.0,0.09083170597366182,,,,,
rich_features,2,2,0.95,long,Random Forest,27,0.9559861799609434,0.8037686809616634,0.6819184123484013,0.7378467044437816,19971.0,0.09083170597366182,,,,,
rich_features,2,2,0.95,long,Naive (always 'not congested'),28,0.700215312202694,0.0,0.0,0.0,19971.0,0.2997846877973061,,,,,
rich_features,2,2,0.95,long,Naive (persistence),28,0.9170797656602073,0.86170035075998,0.86170035075998,0.86170035075998,19971.0,0.2997846877973061,,,,,
rich_features,2,2,0.95,long,Logistic Regression,28,0.9223874618196385,0.9019749954701939,0.831468181058961,0.865287675995133,19971.0,0.2997846877973061,,,,,
rich_features,2,2,0.95,long,Random Forest,28,0.9232386961093586,0.9069809941520468,0.8289627526306999,0.8662186927306048,19971.0,0.2997846877973061,,,,,
rich_features,2,2,0.95,long,Naive (always 'not congested'),29,0.7772269791197236,0.0,0.0,0.0,19971.0,0.2227730208802764,,,,,
rich_features,2,2,0.95,long,Naive (persistence),29,0.9331029993490562,0.8498538997527534,0.8498538997527534,0.8498538997527534,19971.0,0.2227730208802764,,,,,
rich_features,2,2,0.95,long,Logistic Regression,29,0.9335035801912773,0.8840758060546394,0.8073724432456731,0.8439849624060151,19971.0,0.2227730208802764,,,,,
rich_features,2,2,0.95,long,Random Forest,29,0.9325021280857243,0.8863692997757289,0.7995055068554732,0.8406995982037343,19971.0,0.2227730208802764,,,,,
rich_features,2,2,0.95,long,Naive (always 'not congested'),ALL_MEAN,0.7994291722998348,0.0,0.0,0.0,,0.2005708277001652,0.06705233472702508,0.0,0.0,0.0,5.0
rich_features,2,2,0.95,long,Naive (persistence),ALL_MEAN,0.9318411696960593,0.8179800583488884,0.8179800583488884,0.8179800583488884,,0.2005708277001652,0.013274526257060208,0.038631952213323224,0.038631952213323224,0.038631952213323224,5.0
rich_features,2,2,0.95,long,Logistic Regression,ALL_MEAN,0.9342546692704422,0.857793698480964,0.7748079252831077,0.8140938398912306,,0.2005708277001652,0.011789690346858494,0.03600613155592579,0.0487499404393652,0.04319840902807014,5.0
rich_features,2,2,0.95,long,Random Forest,ALL_MEAN,0.9342446547493866,0.8626737896055061,0.7685851238807052,0.8127894098953308,,0.2005708277001652,0.011760408159981984,0.03514482539069753,0.049883369880255685,0.04359435489221571,5.0
rich_features,2,2,0.95,extra_long,Naive (always 'not congested'),25,0.809323519102699,0.0,0.0,0.0,19971.0,0.19067648089730108,,,,,
rich_features,2,2,0.95,extra_long,Naive (persistence),25,0.9421160682990336,0.8482142857142857,0.8482142857142857,0.8482142857142857,19971.0,0.19067648089730108,,,,,
rich_features,2,2,0.95,extra_long,Logistic Regression,25,0.9432677382204196,0.8820337046558127,0.8109243697478992,0.8449856341496785,19971.0,0.19067648089730108,,,,,
rich_features,2,2,0.95,extra_long,Random Forest,25,0.9431675930098643,0.8804440649017934,0.8122373949579832,0.8449665346264171,19971.0,0.19067648089730108,,,,,
rich_features,2,2,0.95,extra_long,Naive (always 'not congested'),26,0.8012117570477192,0.0,0.0,0.0,19971.0,0.1987882429522808,,,,,
rich_features,2,2,0.95,extra_long,Naive (persistence),26,0.9302989334535076,0.8246851385390428,0.8246851385390428,0.8246851385390428,19971.0,0.1987882429522808,,,,,
rich_features,2,2,0.95,extra_long,Logistic Regression,26,0.9327024185068349,0.8643174250832408,0.7846347607052897,0.822550831792976,19971.0,0.1987882429522808,,,,,
rich_features,2,2,0.95,extra_long,Random Forest,26,0.9323519102698914,0.8618402873722023,0.7856423173803526,0.8219791803926736,19971.0,0.1987882429522808,,,,,
rich_features,2,2,0.95,extra_long,Naive (always 'not congested'),27,0.9091682940263381,0.0,0.0,0.0,19971.0,0.09083170597366182,,,,,
rich_features,2,2,0.95,extra_long,Naive (persistence),27,0.9602423514095438,0.7811466372657111,0.7811466372657111,0.7811466372657111,19971.0,0.09083170597366182,,,,,
rich_features,2,2,0.95,extra_long,Logistic Regression,27,0.9618446747784287,0.8308176100628931,0.7282249173098125,0.7761457109283196,19971.0,0.09083170597366182,,,,,
rich_features,2,2,0.95,extra_long,Random Forest,27,0.9617445295678734,0.8264925373134329,0.7326350606394708,0.7767387492694331,19971.0,0.09083170597366182,,,,,
rich_features,2,2,0.95,extra_long,Naive (always 'not congested'),28,0.700215312202694,0.0,0.0,0.0,19971.0,0.2997846877973061,,,,,
rich_features,2,2,0.95,extra_long,Naive (persistence),28,0.9272945771368484,0.8787372640721564,0.8787372640721564,0.8787372640721564,19971.0,0.2997846877973061,,,,,
rich_features,2,2,0.95,extra_long,Logistic Regression,28,0.9307996595062841,0.9135979881444225,0.849507265742442,0.8803877445040679,19971.0,0.2997846877973061,,,,,
rich_features,2,2,0.95,extra_long,Random Forest,28,0.9299984978218416,0.9118650152575839,0.8485050943711374,0.8790448174424641,19971.0,0.2997846877973061,,,,,
rich_features,2,2,0.95,extra_long,Naive (always 'not congested'),29,0.7772269791197236,0.0,0.0,0.0,19971.0,0.2227730208802764,,,,,
rich_features,2,2,0.95,extra_long,Naive (persistence),29,0.941915777877923,0.8696336255338278,0.8696336255338278,0.8696336255338278,19971.0,0.2227730208802764,,,,,
rich_features,2,2,0.95,extra_long,Logistic Regression,29,0.9397125832457063,0.8956352109241649,0.8255787817487076,0.8591812865497076,19971.0,0.2227730208802764,,,,,
rich_features,2,2,0.95,extra_long,Random Forest,29,0.9403134545090381,0.8951710749818005,0.8291750955270848,0.8609101516919486,19971.0,0.2227730208802764,,,,,
rich_features,2,2,0.95,extra_long,Naive (always 'not congested'),ALL_MEAN,0.7994291722998348,0.0,0.0,0.0,,0.2005708277001652,0.06705233472702508,0.0,0.0,0.0,5.0
rich_features,2,2,0.95,extra_long,Naive (persistence),ALL_MEAN,0.9403735416353713,0.8404833902250047,0.8404833902250047,0.8404833902250047,,0.2005708277001652,0.01159949598918304,0.03505223769183638,0.03505223769183638,0.03505223769183638,5.0
rich_features,2,2,0.95,extra_long,Logistic Regression,ALL_MEAN,0.9416654148515347,0.8772803877741069,0.7997740190508302,0.8366502415849499,,0.2005708277001652,0.011063303894897698,0.02830296721289911,0.0415020072484443,0.03563618246802831,5.0
rich_features,2,2,0.95,extra_long,Random Forest,ALL_MEAN,0.9415151970357017,0.8751625959653625,0.8016389925752059,0.8367278866845872,,0.2005708277001652,0.011224978194972132,0.029399181090681455,0.04021052309103064,0.03538248389998079,5.0
