dataset,arrival_erlang_k,service_erlang_k,rho,horizon,model,test_run_id,MAE,RMSE,n_test,MAE_std,relative_improvement_over_persistence,n_test_runs
history_only,2,2,0.3,short,Naive (persistence),25,0.07075519513431323,0.2933629744350618,19730.0,,,
history_only,2,2,0.3,short,Linear Regression,25,0.07437361150486747,0.21146440813239573,19730.0,,,
history_only,2,2,0.3,short,Decision Tree,25,0.07432626373934238,0.21140202192717725,19730.0,,,
history_only,2,2,0.3,short,Random Forest,25,0.07436328892263958,0.2115398265237431,19730.0,,,
history_only,2,2,0.3,short,Naive (persistence),26,0.07462686567164178,0.296108498448675,19765.0,,,
history_only,2,2,0.3,short,Linear Regression,26,0.07625775919102604,0.212324755047249,19765.0,,,
history_only,2,2,0.3,short,Decision Tree,26,0.07616007387514866,0.21240544338387804,19765.0,,,
history_only,2,2,0.3,short,Random Forest,26,0.07610531807839657,0.21225801345645434,19765.0,,,
history_only,2,2,0.3,short,Naive (persistence),27,0.06869033789585333,0.2851617755667049,19799.0,,,
history_only,2,2,0.3,short,Linear Regression,27,0.07350454733197083,0.20504768949888194,19799.0,,,
history_only,2,2,0.3,short,Decision Tree,27,0.07344733925588484,0.2050454990052633,19799.0,,,
history_only,2,2,0.3,short,Random Forest,27,0.07344448310176754,0.20504503179104144,19799.0,,,
history_only,2,2,0.3,short,Naive (persistence),28,0.07568552059091369,0.30327565120060407,19766.0,,,
history_only,2,2,0.3,short,Linear Regression,28,0.0774751417419045,0.21909446956112338,19766.0,,,
history_only,2,2,0.3,short,Decision Tree,28,0.07747157943727893,0.22005161250272837,19766.0,,,
history_only,2,2,0.3,short,Random Forest,28,0.07730957690364824,0.21903082242839522,19766.0,,,
history_only,2,2,0.3,short,Naive (persistence),29,0.07489611837437925,0.3020151232825859,19734.0,,,
history_only,2,2,0.3,short,Linear Regression,29,0.07755312481206522,0.22127467886972244,19734.0,,,
history_only,2,2,0.3,short,Decision Tree,29,0.07772988758302299,0.22265917007773664,19734.0,,,
history_only,2,2,0.3,short,Random Forest,29,0.07768825080070393,0.22239810342025593,19734.0,,,
history_only,2,2,0.3,short,Linear Regression,ALL_MEAN,0.0758328369163668,,,0.0016362998327901044,-0.03979154325991385,5.0
history_only,2,2,0.3,short,Decision Tree,ALL_MEAN,0.07582702877813556,,,0.0016941992481667983,-0.03971190423728865,5.0
history_only,2,2,0.3,short,Random Forest,ALL_MEAN,0.07578218356143118,,,0.0016461193209263698,-0.0390970033713709,5.0
history_only,2,2,0.3,short,Naive (persistence),ALL_MEAN,0.07293080753342025,,,0.0027218514286131944,0.0,5.0
history_only,2,2,0.3,medium,Naive (persistence),25,0.07303598580841358,0.300109795755425,19730.0,,,
history_only,2,2,0.3,medium,Linear Regression,25,0.07483113125641647,0.212296053189853,19730.0,,,
history_only,2,2,0.3,medium,Decision Tree,25,0.07474749547867215,0.2122779835720698,19730.0,,,
history_only,2,2,0.3,medium,Random Forest,25,0.07468614723410001,0.2122746467794651,19730.0,,,
history_only,2,2,0.3,medium,Naive (persistence),26,0.07599291677207184,0.2995907487670048,19765.0,,,
history_only,2,2,0.3,medium,Linear Regression,26,0.0764896570633576,0.2125760569163184,19765.0,,,
history_only,2,2,0.3,medium,Decision Tree,26,0.07646756750263932,0.21258275864919887,19765.0,,,
history_only,2,2,0.3,medium,Random Forest,26,0.07636178250275985,0.2125689621787902,19765.0,,,
history_only,2,2,0.3,medium,Naive (persistence),27,0.06985201272791555,0.28631073515060157,19799.0,,,
history_only,2,2,0.3,medium,Linear Regression,27,0.07354751197645183,0.203965689655827,19799.0,,,
history_only,2,2,0.3,medium,Decision Tree,27,0.07353849827836383,0.20401785422414198,19799.0,,,
history_only,2,2,0.3,medium,Random Forest,27,0.07341386823262293,0.20400506882504021,19799.0,,,
history_only,2,2,0.3,medium,Naive (persistence),28,0.0777597895375898,0.3086496327075654,19766.0,,,
history_only,2,2,0.3,medium,Linear Regression,28,0.07770666503484074,0.21947776365994714,19766.0,,,
history_only,2,2,0.3,medium,Decision Tree,28,0.07761132811881152,0.21949117717333322,19766.0,,,
history_only,2,2,0.3,medium,Random Forest,28,0.07757124187443193,0.21954857675677103,19766.0,,,
history_only,2,2,0.3,medium,Naive (persistence),29,0.07753116448768622,0.3111065262901345,19734.0,,,
history_only,2,2,0.3,medium,Linear Regression,29,0.07760687969502567,0.22106434080537404,19734.0,,,
history_only,2,2,0.3,medium,Decision Tree,29,0.07758713910016377,0.22127654634251018,19734.0,,,
history_only,2,2,0.3,medium,Random Forest,29,0.07763860949482246,0.22242002525688154,19734.0,,,
history_only,2,2,0.3,medium,Linear Regression,ALL_MEAN,0.07603636900521846,,,0.001619189306894073,-0.016062072499244184,5.0
history_only,2,2,0.3,medium,Decision Tree,ALL_MEAN,0.07599040569573012,,,0.00161005007670309,-0.015447872004025642,5.0
history_only,2,2,0.3,medium,Random Forest,ALL_MEAN,0.07593432986774744,,,0.0016539318281684656,-0.014698539510343611,5.0
history_only,2,2,0.3,medium,Naive (persistence),ALL_MEAN,0.0748343738667354,,,0.0030076928131034584,0.0,5.0
history_only,2,2,0.3,long,Naive (persistence),25,0.0728839330968069,0.299348845619192,19730.0,,,
history_only,2,2,0.3,long,Linear Regression,25,0.07458641415922877,0.21170999658505082,19730.0,,,
history_only,2,2,0.3,long,Decision Tree,25,0.07455335267914452,0.21171070663112013,19730.0,,,
history_only,2,2,0.3,long,Random Forest,25,0.07454471412260541,0.21171996450373556,19730.0,,,
history_only,2,2,0.3,long,Naive (persistence),26,0.07584113331646851,0.2993373235852343,19765.0,,,
history_only,2,2,0.3,long,Linear Regression,26,0.07658518188033064,0.21288418475967014,19765.0,,,
history_only,2,2,0.3,long,Decision Tree,26,0.07658462601754572,0.2129167048193712,19765.0,,,
history_only,2,2,0.3,long,Random Forest,26,0.07652290371119819,0.21289338069330402,19765.0,,,
history_only,2,2,0.3,long,Naive (persistence),27,0.07025607353906763,0.28824469516913254,19799.0,,,
history_only,2,2,0.3,long,Linear Regression,27,0.07357701230328202,0.20448932590589539,19799.0,,,
history_only,2,2,0.3,long,Decision Tree,27,0.07355419522623562,0.20450640806237408,19799.0,,,
history_only,2,2,0.3,long,Random Forest,27,0.07351347399899738,0.20450833997572285,19799.0,,,
history_only,2,2,0.3,long,Naive (persistence),28,0.07856926034604877,0.30881350297804727,19766.0,,,
history_only,2,2,0.3,long,Linear Regression,28,0.07764968053545705,0.2194746004504604,19766.0,,,
history_only,2,2,0.3,long,Decision Tree,28,0.07761800363460808,0.2194665239047004,19766.0,,,
history_only,2,2,0.3,long,Random Forest,28,0.07759431706599097,0.2194888035173243,19766.0,,,
history_only,2,2,0.3,long,Naive (persistence),29,0.07753116448768622,0.31061749293626323,19734.0,,,
history_only,2,2,0.3,long,Linear Regression,29,0.07678632977524764,0.21844238545068181,19734.0,,,
history_only,2,2,0.3,long,Decision Tree,29,0.07681175927259742,0.218566178111287,19734.0,,,
history_only,2,2,0.3,long,Random Forest,29,0.07678617840568826,0.2184998950683075,19734.0,,,
history_only,2,2,0.3,long,Linear Regression,ALL_MEAN,0.07583692373070923,,,0.001511179881894991,-0.010939097659487196,5.0
history_only,2,2,0.3,long,Decision Tree,ALL_MEAN,0.07582438736602627,,,0.0015191594343514606,-0.010771982478951614,5.0
history_only,2,2,0.3,long,Random Forest,ALL_MEAN,0.07579231746089604,,,0.0015177852309881206,-0.010344476728988639,5.0
history_only,2,2,0.3,long,Naive (persistence),ALL_MEAN,0.0750163129572156,,,0.003060560902198531,0.0,5.0
history_only,2,2,0.3,extra_long,Naive (persistence),25,0.07222503801317791,0.29807627851861906,19730.0,,,
history_only,2,2,0.3,extra_long,Linear Regression,25,0.07457770662767758,0.21136050945643975,19730.0,,,
history_only,2,2,0.3,extra_long,Decision Tree,25,0.07457283061768327,0.2113755268334957,19730.0,,,
history_only,2,2,0.3,extra_long,Random Forest,25,0.07465775043336717,0.2113731644705249,19730.0,,,
history_only,2,2,0.3,extra_long,Naive (persistence),26,0.07584113331646851,0.29899908921327306,19765.0,,,
history_only,2,2,0.3,extra_long,Linear Regression,26,0.07655058250054741,0.21266687104380616,19765.0,,,
history_only,2,2,0.3,extra_long,Decision Tree,26,0.07656607643008055,0.21265903977293027,19765.0,,,
history_only,2,2,0.3,extra_long,Random Forest,26,0.07665372729853101,0.21267389406888418,19765.0,,,
history_only,2,2,0.3,extra_long,Naive (persistence),27,0.07081165715440174,0.2881570694807818,19799.0,,,
history_only,2,2,0.3,extra_long,Linear Regression,27,0.07394213134413016,0.20528164371751403,19799.0,,,
history_only,2,2,0.3,extra_long,Decision Tree,27,0.0739334643757983,0.20529233537663402,19799.0,,,
history_only,2,2,0.3,extra_long,Random Forest,27,0.07400888406103046,0.20529169858199453,19799.0,,,
history_only,2,2,0.3,extra_long,Naive (persistence),28,0.07826570879287666,0.30963155342577614,19766.0,,,
history_only,2,2,0.3,extra_long,Linear Regression,28,0.07734341719541317,0.21840925148567367,19766.0,,,
history_only,2,2,0.3,extra_long,Decision Tree,28,0.07732786086889626,0.2184082155341411,19766.0,,,
history_only,2,2,0.3,extra_long,Random Forest,28,0.0774255130655865,0.21841227597631147,19766.0,,,
history_only,2,2,0.3,extra_long,Naive (persistence),29,0.07778453430627344,0.311676095404085,19734.0,,,
history_only,2,2,0.3,extra_long,Linear Regression,29,0.07737743757206776,0.22053662602653512,19734.0,,,
history_only,2,2,0.3,extra_long,Decision Tree,29,0.07733963408180694,0.22053491890348423,19734.0,,,
history_only,2,2,0.3,extra_long,Random Forest,29,0.07747192090676765,0.22058205990572197,19734.0,,,
history_only,2,2,0.3,extra_long,Linear Regression,ALL_MEAN,0.07595825504796723,,,0.0014320805670385633,-0.012971031046307369,5.0
history_only,2,2,0.3,extra_long,Decision Tree,ALL_MEAN,0.07594797327485306,,,0.0014263326762187594,-0.012833914437903715,5.0
history_only,2,2,0.3,extra_long,Random Forest,ALL_MEAN,0.07604355915305655,,,0.0014410196125835151,-0.014108637317413075,5.0
history_only,2,2,0.3,extra_long,Naive (persistence),ALL_MEAN,0.07498561431663966,,,0.0029788449291600237,0.0,5.0
history_only,2,2,0.5,short,Naive (persistence),25,0.2792084168336673,0.6478343760233128,19960.0,,,
history_only,2,2,0.5,short,Linear Regression,25,0.30519716290969773,0.4981458448948296,19960.0,,,
history_only,2,2,0.5,short,Decision Tree,25,0.3068471590535072,0.501109957879774,19960.0,,,
history_only,2,2,0.5,short,Random Forest,25,0.30638690594698004,0.4984677791802634,19960.0,,,
history_only,2,2,0.5,short,Naive (persistence),26,0.3144947141640363,0.7040355925213231,19959.0,,,
history_only,2,2,0.5,short,Linear Regression,26,0.33282267931466614,0.5671854572950841,19959.0,,,
history_only,2,2,0.5,short,Decision Tree,26,0.332602596415747,0.567394444961321,19959.0,,,
history_only,2,2,0.5,short,Random Forest,26,0.33189639060672843,0.5621766354549137,19959.0,,,
history_only,2,2,0.5,short,Naive (persistence),27,0.318873973151673,0.6989845799425015,19964.0,,,
history_only,2,2,0.5,short,Linear Regression,27,0.33294253238156524,0.5500375387230788,19964.0,,,
history_only,2,2,0.5,short,Decision Tree,27,0.3313700161483958,0.5470265276037363,19964.0,,,
history_only,2,2,0.5,short,Random Forest,27,0.33145243272228403,0.5463555057121775,19964.0,,,
history_only,2,2,0.5,short,Naive (persistence),28,0.30485728592889333,0.6825678341911583,19970.0,,,
history_only,2,2,0.5,short,Linear Regression,28,0.3229880028518295,0.5337736395519689,19970.0,,,
history_only,2,2,0.5,short,Decision Tree,28,0.322125871692664,0.5291242987603079,19970.0,,,
history_only,2,2,0.5,short,Random Forest,28,0.322320911690149,0.5293714781743697,19970.0,,,
history_only,2,2,0.5,short,Naive (persistence),29,0.31030163343020345,0.6894550248462187,19958.0,,,
history_only,2,2,0.5,short,Linear Regression,29,0.3267348692928397,0.5346829282651435,19958.0,,,
history_only,2,2,0.5,short,Decision Tree,29,0.3267001952800069,0.5344058526968752,19958.0,,,
history_only,2,2,0.5,short,Random Forest,29,0.32669013851726036,0.5341275473877574,19958.0,,,
history_only,2,2,0.5,short,Linear Regression,ALL_MEAN,0.3241370493501196,,,0.010195734147026481,-0.06084115436949977,5.0
history_only,2,2,0.5,short,Decision Tree,ALL_MEAN,0.3239291677180641,,,0.009309351009143733,-0.06016079588852974,5.0
history_only,2,2,0.5,short,Random Forest,ALL_MEAN,0.3237493558966804,,,0.00935793663877254,-0.05957230475322617,5.0
history_only,2,2,0.5,short,Naive (persistence),ALL_MEAN,0.30554720470169466,,,0.013960465677781014,0.0,5.0
history_only,2,2,0.5,medium,Naive (persistence),25,0.3105711422845691,0.7058657754743263,19960.0,,,
history_only,2,2,0.5,medium,Linear Regression,25,0.3169559382005352,0.5057036399189732,19960.0,,,
history_only,2,2,0.5,medium,Decision Tree,25,0.31739195148304333,0.5076783008841466,19960.0,,,
history_only,2,2,0.5,medium,Random Forest,25,0.31738150819605404,0.5069453716769531,19960.0,,,
history_only,2,2,0.5,medium,Naive (persistence),26,0.3528232877398667,0.7851520557757664,19959.0,,,
history_only,2,2,0.5,medium,Linear Regression,26,0.3455978073831988,0.5888187427232566,19959.0,,,
history_only,2,2,0.5,medium,Decision Tree,26,0.34572938525769015,0.5891717734917621,19959.0,,,
history_only,2,2,0.5,medium,Random Forest,26,0.34537598035471595,0.5853389719372696,19959.0,,,
history_only,2,2,0.5,medium,Naive (persistence),27,0.3534361851332398,0.7706939369555388,19964.0,,,
history_only,2,2,0.5,medium,Linear Regression,27,0.3439653995686841,0.5649009170158718,19964.0,,,
history_only,2,2,0.5,medium,Decision Tree,27,0.3433388350834455,0.5652375284092316,19964.0,,,
history_only,2,2,0.5,medium,Random Forest,27,0.343488968522731,0.5650607029476921,19964.0,,,
history_only,2,2,0.5,medium,Naive (persistence),28,0.33640460691036556,0.7484251534492098,19970.0,,,
history_only,2,2,0.5,medium,Linear Regression,28,0.33403864469429256,0.5467547428463037,19970.0,,,
history_only,2,2,0.5,medium,Decision Tree,28,0.3338510117706591,0.5471271671858339,19970.0,,,
history_only,2,2,0.5,medium,Random Forest,28,0.3340438100575229,0.5472921088691517,19970.0,,,
history_only,2,2,0.5,medium,Naive (persistence),29,0.3461769716404449,0.7576645145345189,19958.0,,,
history_only,2,2,0.5,medium,Linear Regression,29,0.3376083160178355,0.5457044622666207,19958.0,,,
history_only,2,2,0.5,medium,Decision Tree,29,0.3369776530599625,0.5457642868025073,19958.0,,,
history_only,2,2,0.5,medium,Random Forest,29,0.3369658196943283,0.5456084729282117,19958.0,,,
history_only,2,2,0.5,medium,Linear Regression,ALL_MEAN,0.3356332211729092,,,0.010237213958729742,0.012502021535797048,5.0
history_only,2,2,0.5,medium,Decision Tree,ALL_MEAN,0.33545776733096017,,,0.009988821572764338,0.013018240739703701,5.0
history_only,2,2,0.5,medium,Random Forest,ALL_MEAN,0.33545121736507044,,,0.009938768224192346,0.013037512008657659,5.0
history_only,2,2,0.5,medium,Naive (persistence),ALL_MEAN,0.33988243874169716,,,0.015887341959546095,0.0,5.0
history_only,2,2,0.5,long,Naive (persistence),25,0.3179859719438878,0.7193642818071243,19960.0,,,
history_only,2,2,0.5,long,Linear Regression,25,0.318583540840106,0.5056430505627382,19960.0,,,
history_only,2,2,0.5,long,Decision Tree,25,0.31866926537743245,0.5065790080810229,19960.0,,,
history_only,2,2,0.5,long,Random Forest,25,0.3186317287729963,0.5057092811298118,19960.0,,,
history_only,2,2,0.5,long,Naive (persistence),26,0.3682549225913122,0.8254069651688226,19959.0,,,
history_only,2,2,0.5,long,Linear Regression,26,0.34723105254576075,0.5940806052031546,19959.0,,,
history_only,2,2,0.5,long,Decision Tree,26,0.3474599782253598,0.5950919275355773,19959.0,,,
history_only,2,2,0.5,long,Random Forest,26,0.3474050068668474,0.5941657548635846,19959.0,,,
history_only,2,2,0.5,long,Naive (persistence),27,0.3677619715487878,0.8005332824845309,19964.0,,,
history_only,2,2,0.5,long,Linear Regression,27,0.34452723761098114,0.5667691990901851,19964.0,,,
history_only,2,2,0.5,long,Decision Tree,27,0.34460287497484604,0.567279128441419,19964.0,,,
history_only,2,2,0.5,long,Random Forest,27,0.3447279198335102,0.5671570505412159,19964.0,,,
history_only,2,2,0.5,long,Naive (persistence),28,0.34727090635953933,0.775081367786657,19970.0,,,
history_only,2,2,0.5,long,Linear Regression,28,0.3349094234767283,0.5478455353906891,19970.0,,,
history_only,2,2,0.5,long,Decision Tree,28,0.3349661356993727,0.548261559687476,19970.0,,,
history_only,2,2,0.5,long,Random Forest,28,0.33505739721011685,0.5481115089228764,19970.0,,,
history_only,2,2,0.5,long,Naive (persistence),29,0.3563483314961419,0.7748295022719134,19958.0,,,
history_only,2,2,0.5,long,Linear Regression,29,0.33769187470097284,0.5453863466330312,19958.0,,,
history_only,2,2,0.5,long,Decision Tree,29,0.3375935416353809,0.5455140866695034,19958.0,,,
history_only,2,2,0.5,long,Random Forest,29,0.337629090421303,0.5454684349666474,19958.0,,,
history_only,2,2,0.5,long,Linear Regression,ALL_MEAN,0.33658862583490984,,,0.010044926754509598,0.042488641100796753,5.0
history_only,2,2,0.5,long,Decision Tree,ALL_MEAN,0.33665835918247844,,,0.01007110706512894,0.04229026698097804,5.0
history_only,2,2,0.5,long,Random Forest,ALL_MEAN,0.3366902286209547,,,0.010090272241541685,0.042199606313918725,5.0
history_only,2,2,0.5,long,Naive (persistence),ALL_MEAN,0.35152442078793383,,,0.018491932271572788,0.0,5.0
history_only,2,2,0.5,extra_long,Naive (persistence),25,0.31332665330661325,0.715138340247104,19960.0,,,
history_only,2,2,0.5,extra_long,Linear Regression,25,0.31825359723444746,0.5057488956408571,19960.0,,,
history_only,2,2,0.5,extra_long,Decision Tree,25,0.31841808652204195,0.5068478339411664,19960.0,,,
history_only,2,2,0.5,extra_long,Random Forest,25,0.31848763055408924,0.5060845139696878,19960.0,,,
history_only,2,2,0.5,extra_long,Naive (persistence),26,0.36394608948344104,0.8137305590406255,19959.0,,,
history_only,2,2,0.5,extra_long,Linear Regression,26,0.3467532895185814,0.5924712741385584,19959.0,,,
history_only,2,2,0.5,extra_long,Decision Tree,26,0.34716537091176514,0.5940854296566408,19959.0,,,
history_only,2,2,0.5,extra_long,Random Forest,26,0.346879288836207,0.5914548275218343,19959.0,,,
history_only,2,2,0.5,extra_long,Naive (persistence),27,0.3677619715487878,0.7948189270697389,19964.0,,,
history_only,2,2,0.5,extra_long,Linear Regression,27,0.3447558806310039,0.566687758269902,19964.0,,,
history_only,2,2,0.5,extra_long,Decision Tree,27,0.34468004917033873,0.5684476132705164,19964.0,,,
history_only,2,2,0.5,extra_long,Random Forest,27,0.34478317911421036,0.5671281410793187,19964.0,,,
history_only,2,2,0.5,extra_long,Naive (persistence),28,0.34381572358537804,0.767191549947904,19970.0,,,
history_only,2,2,0.5,extra_long,Linear Regression,28,0.33483321248104336,0.5477755932115842,19970.0,,,
history_only,2,2,0.5,extra_long,Decision Tree,28,0.33493955082837035,0.5483726343774555,19970.0,,,
history_only,2,2,0.5,extra_long,Random Forest,28,0.3350017401858442,0.5481198956725806,19970.0,,,
history_only,2,2,0.5,extra_long,Naive (persistence),29,0.3584026455556669,0.7759603342469781,19958.0,,,
history_only,2,2,0.5,extra_long,Linear Regression,29,0.3381389564822075,0.5459723048963839,19958.0,,,
history_only,2,2,0.5,extra_long,Decision Tree,29,0.33762836110678385,0.5458377012060522,19958.0,,,
history_only,2,2,0.5,extra_long,Random Forest,29,0.3376169579924573,0.5455172391784598,19958.0,,,
history_only,2,2,0.5,extra_long,Linear Regression,ALL_MEAN,0.33654698726945675,,,0.010116066872005785,0.03692547332874463,5.0
history_only,2,2,0.5,extra_long,Decision Tree,ALL_MEAN,0.33656628370786,,,0.010112419778608382,0.03687025397161281,5.0
history_only,2,2,0.5,extra_long,Random Forest,ALL_MEAN,0.3365537593365616,,,0.010042550207350443,0.036906094146733515,5.0
history_only,2,2,0.5,extra_long,Naive (persistence),ALL_MEAN,0.34945061669597743,,,0.019810381217464534,0.0,5.0
history_only,2,2,0.7,short,Naive (persistence),25,0.7286064793951229,1.2004330498972293,19971.0,,,
history_only,2,2,0.7,short,Linear Regression,25,0.7667862896980279,1.0621684916550567,19971.0,,,
history_only,2,2,0.7,short,Decision Tree,25,0.7665220650779354,1.0355820992764737,19971.0,,,
history_only,2,2,0.7,short,Random Forest,25,0.7661686477060039,1.0348344100097244,19971.0,,,
history_only,2,2,0.7,short,Naive (persistence),26,0.7277552451054028,1.1984918668871902,19971.0,,,
history_only,2,2,0.7,short,Linear Regression,26,0.7672805684003174,1.0590183078780224,19971.0,,,
history_only,2,2,0.7,short,Decision Tree,26,0.7703086827623326,1.0409002268617507,19971.0,,,
history_only,2,2,0.7,short,Random Forest,26,0.7698134959273182,1.0394088187346544,19971.0,,,
history_only,2,2,0.7,short,Naive (persistence),27,0.7554453958239448,1.2382541121300588,19971.0,,,
history_only,2,2,0.7,short,Linear Regression,27,0.7944724989016461,1.1111346322836433,19971.0,,,
history_only,2,2,0.7,short,Decision Tree,27,0.791624756144749,1.0805039213560752,19971.0,,,
history_only,2,2,0.7,short,Random Forest,27,0.7906335242601785,1.0786644949185082,19971.0,,,
history_only,2,2,0.7,short,Naive (persistence),28,0.7175404336287617,1.1617473919290062,19971.0,,,
history_only,2,2,0.7,short,Linear Regression,28,0.7504752894708331,1.0084216520881557,19971.0,,,
history_only,2,2,0.7,short,Decision Tree,28,0.7535731605467714,0.9944058629944732,19971.0,,,
history_only,2,2,0.7,short,Random Forest,28,0.7533304927197683,0.9935706320575486,19971.0,,,
history_only,2,2,0.7,short,Naive (persistence),29,0.7105157736604908,1.1727800815496139,19970.0,,,
history_only,2,2,0.7,short,Linear Regression,29,0.7402424870831408,1.002410516928148,19970.0,,,
history_only,2,2,0.7,short,Decision Tree,29,0.7444875166275011,0.987757844313135,19970.0,,,
history_only,2,2,0.7,short,Random Forest,29,0.7447294414915678,0.9880463333436297,19970.0,,,
history_only,2,2,0.7,short,Linear Regression,ALL_MEAN,0.763851426710793,,,0.018408289292612068,-0.04928586317493733,5.0
history_only,2,2,0.7,short,Decision Tree,ALL_MEAN,0.7653032362318579,,,0.016063942900018394,-0.051280181903955,5.0
history_only,2,2,0.7,short,Random Forest,ALL_MEAN,0.7649351204209673,,,0.01567587281211795,-0.05077450933089733,5.0
history_only,2,2,0.7,short,Naive (persistence),ALL_MEAN,0.7279726655227445,,,0.015289044689878007,0.0,5.0
history_only,2,2,0.7,medium,Naive (persistence),25,0.8871864203094487,1.4585556923979106,19971.0,,,
history_only,2,2,0.7,medium,Linear Regression,25,0.8701489438960521,1.207529006763059,19971.0,,,
history_only,2,2,0.7,medium,Decision Tree,25,0.8653378955752562,1.1862467315786838,19971.0,,,
history_only,2,2,0.7,medium,Random Forest,25,0.8644895504343231,1.1839614248116688,19971.0,,,
history_only,2,2,0.7,medium,Naive (persistence),26,0.8964498522858144,1.4622757821873404,19971.0,,,
history_only,2,2,0.7,medium,Linear Regression,26,0.8757957536723637,1.2043057804810366,19971.0,,,
history_only,2,2,0.7,medium,Decision Tree,26,0.871800349504961,1.1932063055939999,19971.0,,,
history_only,2,2,0.7,medium,Random Forest,26,0.8711462960090358,1.1921515615536193,19971.0,,,
history_only,2,2,0.7,medium,Naive (persistence),27,0.932552200691002,1.5146704686536563,19971.0,,,
history_only,2,2,0.7,medium,Linear Regression,27,0.9096774670242426,1.278363785941249,19971.0,,,
history_only,2,2,0.7,medium,Decision Tree,27,0.899223610497048,1.246204164242598,19971.0,,,
history_only,2,2,0.7,medium,Random Forest,27,0.8989743954640577,1.244542564346718,19971.0,,,
history_only,2,2,0.7,medium,Naive (persistence),28,0.8778228431225277,1.3982793062462524,19971.0,,,
history_only,2,2,0.7,medium,Linear Regression,28,0.850598287849606,1.1266586868586956,19971.0,,,
history_only,2,2,0.7,medium,Decision Tree,28,0.8448639970506622,1.1165286610989678,19971.0,,,
history_only,2,2,0.7,medium,Random Forest,28,0.8450356324176387,1.1167701878230463,19971.0,,,
history_only,2,2,0.7,medium,Naive (persistence),29,0.8597396094141212,1.3982426913579429,19970.0,,,
history_only,2,2,0.7,medium,Linear Regression,29,0.8299155057058801,1.099172602346304,19970.0,,,
history_only,2,2,0.7,medium,Decision Tree,29,0.8283493815251478,1.0930555197582323,19970.0,,,
history_only,2,2,0.7,medium,Random Forest,29,0.827875938350135,1.0917779012009812,19970.0,,,
history_only,2,2,0.7,medium,Linear Regression,ALL_MEAN,0.8672271916296289,,,0.02665582533054574,0.026408070328503452,5.0
history_only,2,2,0.7,medium,Decision Tree,ALL_MEAN,0.861915046830615,,,0.024160944564902604,0.032371745540125674,5.0
history_only,2,2,0.7,medium,Random Forest,ALL_MEAN,0.8615043625350379,,,0.024116266628366682,0.03283279994394961,5.0
history_only,2,2,0.7,medium,Naive (persistence),ALL_MEAN,0.8907501851645827,,,0.02417174841815929,0.0,5.0
history_only,2,2,0.7,long,Naive (persistence),25,1.0167743227680137,1.702087188176453,19971.0,,,
history_only,2,2,0.7,long,Linear Regression,25,0.9125233670063642,1.2885851032668878,19971.0,,,
history_only,2,2,0.7,long,Decision Tree,25,0.9130164668712882,1.2885428530421008,19971.0,,,
history_only,2,2,0.7,long,Random Forest,25,0.9127703152777671,1.2862948075180545,19971.0,,,
history_only,2,2,0.7,long,Naive (persistence),26,1.0318962495618647,1.6940073814662882,19971.0,,,
history_only,2,2,0.7,long,Linear Regression,26,0.9220202287724407,1.2767910246428826,19971.0,,,
history_only,2,2,0.7,long,Decision Tree,26,0.9216132716485751,1.2754420179957582,19971.0,,,
history_only,2,2,0.7,long,Random Forest,26,0.9210895306665629,1.27345941220073,19971.0,,,
history_only,2,2,0.7,long,Naive (persistence),27,1.0740573832056481,1.7412341168153882,19971.0,,,
history_only,2,2,0.7,long,Linear Regression,27,0.9574190992280092,1.3733596994618087,19971.0,,,
history_only,2,2,0.7,long,Decision Tree,27,0.9512376928073235,1.3553215225850654,19971.0,,,
history_only,2,2,0.7,long,Random Forest,27,0.9507902013292513,1.3542422868786592,19971.0,,,
history_only,2,2,0.7,long,Naive (persistence),28,0.9863301787592008,1.5786429503433541,19971.0,,,
history_only,2,2,0.7,long,Linear Regression,28,0.8819396177656408,1.1729700652339141,19971.0,,,
history_only,2,2,0.7,long,Decision Tree,28,0.881236921963118,1.172086965548173,19971.0,,,
history_only,2,2,0.7,long,Random Forest,28,0.8812810520222293,1.1717977059502034,19971.0,,,
history_only,2,2,0.7,long,Naive (persistence),29,0.9629944917376064,1.5545014352094058,19970.0,,,
history_only,2,2,0.7,long,Linear Regression,29,0.8565007743143217,1.1243606516410438,19970.0,,,
history_only,2,2,0.7,long,Decision Tree,29,0.8550337637204706,1.121136256873839,19970.0,,,
history_only,2,2,0.7,long,Random Forest,29,0.8548379294228818,1.1200525266170083,19970.0,,,
history_only,2,2,0.7,long,Linear Regression,ALL_MEAN,0.9060806174173553,,,0.0345605805892962,0.10679099348566268,5.0
history_only,2,2,0.7,long,Decision Tree,ALL_MEAN,0.9044276234021551,,,0.033280202352125594,0.10842050537865477,5.0
history_only,2,2,0.7,long,Random Forest,ALL_MEAN,0.9041538057437386,,,0.03313980968116401,0.10869043323489491,5.0
history_only,2,2,0.7,long,Naive (persistence),ALL_MEAN,1.0144105252064668,,,0.038213087073904105,0.0,5.0
history_only,2,2,0.7,extra_long,Naive (persistence),25,0.9681538230434129,1.6031770820145321,19971.0,,,
history_only,2,2,0.7,extra_long,Linear Regression,25,0.9005162244867619,1.2635032335818974,19971.0,,,
history_only,2,2,0.7,extra_long,Decision Tree,25,0.8981996819582067,1.2547004260508408,19971.0,,,
history_only,2,2,0.7,extra_long,Random Forest,25,0.8971207536522473,1.251328461100307,19971.0,,,
history_only,2,2,0.7,extra_long,Naive (persistence),26,0.9830253868108758,1.6166600462287533,19971.0,,,
history_only,2,2,0.7,extra_long,Linear Regression,26,0.9102590924319314,1.2587946846617402,19971.0,,,
history_only,2,2,0.7,extra_long,Decision Tree,26,0.9079251553774842,1.2528695392164089,19971.0,,,
history_only,2,2,0.7,extra_long,Random Forest,26,0.9074428738425,1.252038376660899,19971.0,,,
history_only,2,2,0.7,extra_long,Naive (persistence),27,1.0255871012968805,1.655588841741422,19971.0,,,
history_only,2,2,0.7,extra_long,Linear Regression,27,0.945760305874981,1.342681577678581,19971.0,,,
history_only,2,2,0.7,extra_long,Decision Tree,27,0.936726852492901,1.3179596972943632,19971.0,,,
history_only,2,2,0.7,extra_long,Random Forest,27,0.9356281817332833,1.315379584767275,19971.0,,,
history_only,2,2,0.7,extra_long,Naive (persistence),28,0.954884582644835,1.520378817938988,19971.0,,,
history_only,2,2,0.7,extra_long,Linear Regression,28,0.8774347829100126,1.1634680103206125,19971.0,,,
history_only,2,2,0.7,extra_long,Decision Tree,28,0.8739453186764524,1.1597142711755357,19971.0,,,
history_only,2,2,0.7,extra_long,Random Forest,28,0.8738193126190885,1.159067425081427,19971.0,,,
history_only,2,2,0.7,extra_long,Naive (persistence),29,0.927240861291938,1.5009427850074095,19970.0,,,
history_only,2,2,0.7,extra_long,Linear Regression,29,0.8521247261058696,1.120927158734658,19970.0,,,
history_only,2,2,0.7,extra_long,Decision Tree,29,0.8498488236168882,1.1173489896438533,19970.0,,,
history_only,2,2,0.7,extra_long,Random Forest,29,0.8492086407946009,1.1159715299138893,19970.0,,,
history_only,2,2,0.7,extra_long,Linear Regression,ALL_MEAN,0.8972190263619113,,,0.03150264388871831,0.07672461994816315,5.0
history_only,2,2,0.7,extra_long,Decision Tree,ALL_MEAN,0.8933291664243864,,,0.029618905230808686,0.08072744624435679,5.0
history_only,2,2,0.7,extra_long,Random Forest,ALL_MEAN,0.892643952528344,,,0.02942001751810796,0.0814325596020734,5.0
history_only,2,2,0.7,extra_long,Naive (persistence),ALL_MEAN,0.9717783510175885,,,0.03256993099374005,0.0,5.0
history_only,2,2,0.8,short,Naive (persistence),25,1.0107656101346953,1.495474119508952,19971.0,,,
history_only,2,2,0.8,short,Linear Regression,25,1.036295267503206,1.3819283873189048,19971.0,,,
history_only,2,2,0.8,short,Decision Tree,25,1.0352483611412755,1.3489647970967598,19971.0,,,
history_only,2,2,0.8,short,Random Forest,25,1.034864387848551,1.3488351643604044,19971.0,,,
history_only,2,2,0.8,short,Naive (persistence),26,1.0376045265635172,1.532744758404642,19971.0,,,
history_only,2,2,0.8,short,Linear Regression,26,1.0573629362985602,1.408184545602312,19971.0,,,
history_only,2,2,0.8,short,Decision Tree,26,1.0565771202720249,1.3879188377091443,19971.0,,,
history_only,2,2,0.8,short,Random Forest,26,1.0561671316928405,1.3874552654884855,19971.0,,,
history_only,2,2,0.8,short,Naive (persistence),27,1.0575334234640228,1.537767491151514,19971.0,,,
history_only,2,2,0.8,short,Linear Regression,27,1.0731302408553876,1.4164237759030036,19971.0,,,
history_only,2,2,0.8,short,Decision Tree,27,1.0690370255614914,1.3940958026816117,19971.0,,,
history_only,2,2,0.8,short,Random Forest,27,1.0686909779000402,1.3939084568632323,19971.0,,,
history_only,2,2,0.8,short,Naive (persistence),28,1.0107155375294177,1.499269596676696,19971.0,,,
history_only,2,2,0.8,short,Linear Regression,28,1.0430891131130338,1.390431072656492,19971.0,,,
history_only,2,2,0.8,short,Decision Tree,28,1.037021079822044,1.3541396054706003,19971.0,,,
history_only,2,2,0.8,short,Random Forest,28,1.0364118560300166,1.3532785402265488,19971.0,,,
history_only,2,2,0.8,short,Naive (persistence),29,1.0566821891743028,1.540809019323726,19971.0,,,
history_only,2,2,0.8,short,Linear Regression,29,1.0736917575957847,1.418296482712049,19971.0,,,
history_only,2,2,0.8,short,Decision Tree,29,1.0695689644298974,1.3975428119923552,19971.0,,,
history_only,2,2,0.8,short,Random Forest,29,1.069078907970077,1.3973197023993922,19971.0,,,
history_only,2,2,0.8,short,Linear Regression,ALL_MEAN,1.0567138630731945,,,0.015236275886760658,-0.021314828266423724,5.0
history_only,2,2,0.8,short,Decision Tree,ALL_MEAN,1.0534905102453467,,,0.014924852637796988,-0.01819945507519738,5.0
history_only,2,2,0.8,short,Random Forest,ALL_MEAN,1.0530426522883052,,,0.01495878768161206,-0.01776659998692076,5.0
history_only,2,2,0.8,short,Naive (persistence),ALL_MEAN,1.0346602573731911,,,0.020789996168280745,0.0,5.0
history_only,2,2,0.8,medium,Naive (persistence),25,1.2757999098693105,1.8676744634590667,19971.0,,,
history_only,2,2,0.8,medium,Linear Regression,25,1.2442731264872449,1.6507820944355431,19971.0,,,
history_only,2,2,0.8,medium,Decision Tree,25,1.2191291537438258,1.6154599779150152,19971.0,,,
history_only,2,2,0.8,medium,Random Forest,25,1.2182089490143455,1.613369736675614,19971.0,,,
history_only,2,2,0.8,medium,Naive (persistence),26,1.3232687396725251,1.9419366934263973,19971.0,,,
history_only,2,2,0.8,medium,Linear Regression,26,1.2751726452169905,1.6880373811289344,19971.0,,,
history_only,2,2,0.8,medium,Decision Tree,26,1.2504035199318084,1.6661503527895754,19971.0,,,
history_only,2,2,0.8,medium,Random Forest,26,1.2497533078601064,1.6650834078495143,19971.0,,,
history_only,2,2,0.8,medium,Naive (persistence),27,1.3554153522607781,1.9431224359163253,19971.0,,,
history_only,2,2,0.8,medium,Linear Regression,27,1.2957708400611463,1.6989216040693744,19971.0,,,
history_only,2,2,0.8,medium,Decision Tree,27,1.2608645588737455,1.6673497987521317,19971.0,,,
history_only,2,2,0.8,medium,Random Forest,27,1.2604421553230958,1.6661997994209108,19971.0,,,
history_only,2,2,0.8,medium,Naive (persistence),28,1.3065945621150667,1.911805363952349,19971.0,,,
history_only,2,2,0.8,medium,Linear Regression,28,1.2744637961241676,1.6870546294942756,19971.0,,,
history_only,2,2,0.8,medium,Decision Tree,28,1.2364398526135214,1.6305766922065954,19971.0,,,
history_only,2,2,0.8,medium,Random Forest,28,1.2358950121275125,1.6294661544103592,19971.0,,,
history_only,2,2,0.8,medium,Naive (persistence),29,1.3571178208402184,1.9603883614389048,19971.0,,,
history_only,2,2,0.8,medium,Linear Regression,29,1.3042371657286898,1.7094766324367856,19971.0,,,
history_only,2,2,0.8,medium,Decision Tree,29,1.2795075349937346,1.6914808542542947,19971.0,,,
history_only,2,2,0.8,medium,Random Forest,29,1.2789300461119462,1.6908856926027738,19971.0,,,
history_only,2,2,0.8,medium,Linear Regression,ALL_MEAN,1.278783514723648,,,0.02078038890496784,0.03388820731524167,5.0
history_only,2,2,0.8,medium,Decision Tree,ALL_MEAN,1.249268924031327,,,0.02060636054531917,0.05618626933731674,5.0
history_only,2,2,0.8,medium,Random Forest,ALL_MEAN,1.2486458940874012,,,0.02071955899330728,0.05665696400071529,5.0
history_only,2,2,0.8,medium,Naive (persistence),ALL_MEAN,1.3236392769515797,,,0.030691355484972233,0.0,5.0
history_only,2,2,0.8,long,Naive (persistence),25,1.511391517700666,2.2328970985485257,19971.0,,,
history_only,2,2,0.8,long,Linear Regression,25,1.3839339112269358,1.861795713153672,19971.0,,,
history_only,2,2,0.8,long,Decision Tree,25,1.3825963614262855,1.8499704221599322,19971.0,,,
history_only,2,2,0.8,long,Random Forest,25,1.3810860129598628,1.8473585974962148,19971.0,,,
history_only,2,2,0.8,long,Naive (persistence),26,1.6219518301537228,2.3463125355856236,19971.0,,,
history_only,2,2,0.8,long,Linear Regression,26,1.4267789351744544,1.885748265690178,19971.0,,,
history_only,2,2,0.8,long,Decision Tree,26,1.4064188515140468,1.859772362761425,19971.0,,,
history_only,2,2,0.8,long,Random Forest,26,1.4050270668845266,1.8581108566684879,19971.0,,,
history_only,2,2,0.8,long,Naive (persistence),27,1.6447348655550549,2.3640968641905835,19971.0,,,
history_only,2,2,0.8,long,Linear Regression,27,1.4399930318373981,1.9137582784171736,19971.0,,,
history_only,2,2,0.8,long,Decision Tree,27,1.4161305956511425,1.8836076223654814,19971.0,,,
history_only,2,2,0.8,long,Random Forest,27,1.415011679271379,1.8825101398707793,19971.0,,,
history_only,2,2,0.8,long,Naive (persistence),28,1.577387211456612,2.3110049932690377,19971.0,,,
history_only,2,2,0.8,long,Linear Regression,28,1.4249207669026311,1.9051614590947903,19971.0,,,
history_only,2,2,0.8,long,Decision Tree,28,1.401032079917701,1.8480847421505553,19971.0,,,
history_only,2,2,0.8,long,Random Forest,28,1.400643849647491,1.8482193928391886,19971.0,,,
history_only,2,2,0.8,long,Naive (persistence),29,1.6860447649091181,2.3933461415646393,19971.0,,,
history_only,2,2,0.8,long,Linear Regression,29,1.4714336988869754,1.9185737069705617,19971.0,,,
history_only,2,2,0.8,long,Decision Tree,29,1.4531501816459331,1.9055984626574722,19971.0,,,
history_only,2,2,0.8,long,Random Forest,29,1.4518726820338372,1.9042712487355962,19971.0,,,
history_only,2,2,0.8,long,Linear Regression,ALL_MEAN,1.429412068805679,,,0.028189154565645025,0.11122908814865107,5.0
history_only,2,2,0.8,long,Decision Tree,ALL_MEAN,1.4118656140310217,,,0.02335092042173424,0.12213901325013743,5.0
history_only,2,2,0.8,long,Random Forest,ALL_MEAN,1.4107282581594192,,,0.023341263418414835,0.12284619128309493,5.0
history_only,2,2,0.8,long,Naive (persistence),ALL_MEAN,1.6083020379550348,,,0.059841415059567735,0.0,5.0
history_only,2,2,0.8,extra_long,Naive (persistence),25,1.4150017525411847,2.085150927118671,19971.0,,,
history_only,2,2,0.8,extra_long,Linear Regression,25,1.333784826428418,1.7837746507980272,19971.0,,,
history_only,2,2,0.8,extra_long,Decision Tree,25,1.3118408352912059,1.7561157743562457,19971.0,,,
history_only,2,2,0.8,extra_long,Random Forest,25,1.3114912909436007,1.7556420837621203,19971.0,,,
history_only,2,2,0.8,extra_long,Naive (persistence),26,1.4885584096940563,2.170421746875708,19971.0,,,
history_only,2,2,0.8,extra_long,Linear Regression,26,1.370167034760829,1.8106052538776891,19971.0,,,
history_only,2,2,0.8,extra_long,Decision Tree,26,1.339333261639726,1.7855712359195945,19971.0,,,
history_only,2,2,0.8,extra_long,Random Forest,26,1.3390988243523643,1.7848768108519881,19971.0,,,
history_only,2,2,0.8,extra_long,Naive (persistence),27,1.528816784337289,2.188891799198276,19971.0,,,
history_only,2,2,0.8,extra_long,Linear Regression,27,1.3908297656284578,1.83612398260566,19971.0,,,
history_only,2,2,0.8,extra_long,Decision Tree,27,1.353997225438348,1.8042973972801435,19971.0,,,
history_only,2,2,0.8,extra_long,Random Forest,27,1.353588680745149,1.8034935794933662,19971.0,,,
history_only,2,2,0.8,extra_long,Naive (persistence),28,1.4660758099243905,2.14814829203494,19971.0,,,
history_only,2,2,0.8,extra_long,Linear Regression,28,1.3743957927413402,1.8264527607939463,19971.0,,,
history_only,2,2,0.8,extra_long,Decision Tree,28,1.3326891753939292,1.767671854122276,19971.0,,,
history_only,2,2,0.8,extra_long,Random Forest,28,1.331661257534406,1.766334409473301,19971.0,,,
history_only,2,2,0.8,extra_long,Naive (persistence),29,1.5664713835060837,2.227980621907384,19971.0,,,
history_only,2,2,0.8,extra_long,Linear Regression,29,1.4205106585549363,1.8520654192693278,19971.0,,,
history_only,2,2,0.8,extra_long,Decision Tree,29,1.3867048851082706,1.8360173952050294,19971.0,,,
history_only,2,2,0.8,extra_long,Random Forest,29,1.386332939929769,1.8354108151556563,19971.0,,,
history_only,2,2,0.8,extra_long,Linear Regression,ALL_MEAN,1.377937615622796,,,0.028288042513293497,0.0770585274680089,5.0
history_only,2,2,0.8,extra_long,Decision Tree,ALL_MEAN,1.344913076574296,,,0.024913483334865108,0.09917833634290973,5.0
history_only,2,2,0.8,extra_long,Random Forest,ALL_MEAN,1.3444345987010577,,,0.02496460884632428,0.09949882042571123,5.0
history_only,2,2,0.8,extra_long,Naive (persistence),ALL_MEAN,1.4929848280006008,,,0.051979325555328394,0.0,5.0
history_only,2,2,0.9,short,Naive (persistence),25,1.3640278403685344,1.8518159661370344,19971.0,,,
history_only,2,2,0.9,short,Linear Regression,25,1.390150816444415,1.8052888716946387,19971.0,,,
history_only,2,2,0.9,short,Decision Tree,25,1.3792304213698812,1.7596956394344,19971.0,,,
history_only,2,2,0.9,short,Random Forest,25,1.3777431538105935,1.7573504250264367,19971.0,,,
history_only,2,2,0.9,short,Naive (persistence),26,1.3743928696610084,1.8689475110228457,19971.0,,,
history_only,2,2,0.9,short,Linear Regression,26,1.4002777772061124,1.818515217391569,19971.0,,,
history_only,2,2,0.9,short,Decision Tree,26,1.3959660421253852,1.784704462396883,19971.0,,,
history_only,2,2,0.9,short,Random Forest,26,1.395796255829431,1.7836602914353288,19971.0,,,
history_only,2,2,0.9,short,Naive (persistence),27,1.3701867708176856,1.8661590760331066,19971.0,,,
history_only,2,2,0.9,short,Linear Regression,27,1.3906011442825168,1.8103801821368146,19971.0,,,
history_only,2,2,0.9,short,Decision Tree,27,1.3832206722781906,1.7697846858508777,19971.0,,,
history_only,2,2,0.9,short,Random Forest,27,1.3829931263252548,1.7690145430032589,19971.0,,,
history_only,2,2,0.9,short,Naive (persistence),28,1.3882629813229181,1.885604805612851,19971.0,,,
history_only,2,2,0.9,short,Linear Regression,28,1.407798413634187,1.8221998514555193,19971.0,,,
history_only,2,2,0.9,short,Decision Tree,28,1.4026438005978268,1.7889857330858163,19971.0,,,
history_only,2,2,0.9,short,Random Forest,28,1.4024084751397679,1.7884429712825767,19971.0,,,
history_only,2,2,0.9,short,Naive (persistence),29,1.366531470632417,1.8683981968900811,19971.0,,,
history_only,2,2,0.9,short,Linear Regression,29,1.3906242265236872,1.8115425301627088,19971.0,,,
history_only,2,2,0.9,short,Decision Tree,29,1.390817752075398,1.781004862070529,19971.0,,,
history_only,2,2,0.9,short,Random Forest,29,1.3905648237446044,1.7803759112316633,19971.0,,,
history_only,2,2,0.9,short,Linear Regression,ALL_MEAN,1.3958904756181838,,,0.007066845066239934,-0.016908589417401032,5.0
history_only,2,2,0.9,short,Decision Tree,ALL_MEAN,1.3903757376893362,,,0.008454173937533586,-0.012891093441760537,5.0
history_only,2,2,0.9,short,Random Forest,ALL_MEAN,1.3899011669699304,,,0.008799586128476264,-0.012545367864231993,5.0
history_only,2,2,0.9,short,Naive (persistence),ALL_MEAN,1.3726803865605126,,,0.00853983255183392,0.0,5.0
history_only,2,2,0.9,medium,Naive (persistence),25,1.8454258675078865,2.4743944330532615,19971.0,,,
history_only,2,2,0.9,medium,Linear Regression,25,1.8355890543244415,2.373642507192591,19971.0,,,
history_only,2,2,0.9,medium,Decision Tree,25,1.7862504534339199,2.2876488516299367,19971.0,,,
history_only,2,2,0.9,medium,Random Forest,25,1.7848051558025935,2.2862866631736685,19971.0,,,
history_only,2,2,0.9,medium,Naive (persistence),26,1.858594962695909,2.4987102977477207,19971.0,,,
history_only,2,2,0.9,medium,Linear Regression,26,1.8393669004503355,2.3841129605653277,19971.0,,,
history_only,2,2,0.9,medium,Decision Tree,26,1.81115503315115,2.325816227910427,19971.0,,,
history_only,2,2,0.9,medium,Random Forest,26,1.80993083008105,2.324760610555668,19971.0,,,
history_only,2,2,0.9,medium,Naive (persistence),27,1.836262580742076,2.4706580133595013,19971.0,,,
history_only,2,2,0.9,medium,Linear Regression,27,1.8087993098413435,2.3491002246676134,19971.0,,,
history_only,2,2,0.9,medium,Decision Tree,27,1.770180056850672,2.282819196701077,19971.0,,,
history_only,2,2,0.9,medium,Random Forest,27,1.7685517571932015,2.2811369926732046,19971.0,,,
history_only,2,2,0.9,medium,Naive (persistence),28,1.8632517149867307,2.5045249720729115,19971.0,,,
history_only,2,2,0.9,medium,Linear Regression,28,1.8301056031036038,2.3617161073490522,19971.0,,,
history_only,2,2,0.9,medium,Decision Tree,28,1.801631275737152,2.3093479043411573,19971.0,,,
history_only,2,2,0.9,medium,Random Forest,28,1.801120955127936,2.3089262479334636,19971.0,,,
history_only,2,2,0.9,medium,Naive (persistence),29,1.8125281658404686,2.4485083275115374,19971.0,,,
history_only,2,2,0.9,medium,Linear Regression,29,1.8007706105430388,2.334317769308514,19971.0,,,
history_only,2,2,0.9,medium,Decision Tree,29,1.7809777018286956,2.283601434729096,19971.0,,,
history_only,2,2,0.9,medium,Random Forest,29,1.7807663707866768,2.2838407045983797,19971.0,,,
history_only,2,2,0.9,medium,Linear Regression,ALL_MEAN,1.8229262956525527,,,0.015314225475407721,0.01100598056882407,5.0
history_only,2,2,0.9,medium,Decision Tree,ALL_MEAN,1.7900389042003177,,,0.014636294240015932,0.028848409820363963,5.0
history_only,2,2,0.9,medium,Random Forest,ALL_MEAN,1.7890350137982913,,,0.01475487087719618,0.02939305148038962,5.0
history_only,2,2,0.9,medium,Naive (persistence),ALL_MEAN,1.8432126583546142,,,0.018071629876579922,0.0,5.0
history_only,2,2,0.9,long,Naive (persistence),25,2.4183065444895098,3.2385502777411244,19971.0,,,
history_only,2,2,0.9,long,Linear Regression,25,2.3143500275444597,3.01847018483888,19971.0,,,
history_only,2,2,0.9,long,Decision Tree,25,2.2490563054975627,2.885606571564064,19971.0,,,
history_only,2,2,0.9,long,Random Forest,25,2.2493662247436643,2.8861143375021463,19971.0,,,
history_only,2,2,0.9,long,Naive (persistence),26,2.4086926042762005,3.239709677154538,19971.0,,,
history_only,2,2,0.9,long,Linear Regression,26,2.3119403253406015,3.0006800514451712,19971.0,,,
history_only,2,2,0.9,long,Decision Tree,26,2.2559536632188157,2.903901649946997,19971.0,,,
history_only,2,2,0.9,long,Random Forest,26,2.2552092449466636,2.901807994146632,19971.0,,,
history_only,2,2,0.9,long,Naive (persistence),27,2.3785488958990535,3.2120024270550513,19971.0,,,
history_only,2,2,0.9,long,Linear Regression,27,2.2647531275776647,2.9498538365837574,19971.0,,,
history_only,2,2,0.9,long,Decision Tree,27,2.2075172476093234,2.866202592957747,19971.0,,,
history_only,2,2,0.9,long,Random Forest,27,2.206937618874312,2.8650300586798876,19971.0,,,
history_only,2,2,0.9,long,Naive (persistence),28,2.3831555755845977,3.226747162548372,19971.0,,,
history_only,2,2,0.9,long,Linear Regression,28,2.254450442111799,2.9160447365379945,19971.0,,,
history_only,2,2,0.9,long,Decision Tree,28,2.219149982439129,2.8418563072444627,19971.0,,,
history_only,2,2,0.9,long,Random Forest,28,2.2186118343113175,2.840560485661452,19971.0,,,
history_only,2,2,0.9,long,Naive (persistence),29,2.3671824145010265,3.1854926898883527,19971.0,,,
history_only,2,2,0.9,long,Linear Regression,29,2.2765233989412965,2.9447411794485174,19971.0,,,
history_only,2,2,0.9,long,Decision Tree,29,2.2349773659728367,2.87640254020813,19971.0,,,
history_only,2,2,0.9,long,Random Forest,29,2.2340189236059973,2.8748518906553646,19971.0,,,
history_only,2,2,0.9,long,Linear Regression,ALL_MEAN,2.284403464303164,,,0.024496898039095806,0.04465321195625738,5.0
history_only,2,2,0.9,long,Decision Tree,ALL_MEAN,2.2333309129475336,,,0.01805121445516147,0.06601195994330977,5.0
history_only,2,2,0.9,long,Random Forest,ALL_MEAN,2.232828769296391,,,0.018156334987172888,0.0662219584535344,5.0
history_only,2,2,0.9,long,Naive (persistence),ALL_MEAN,2.3911772069500774,,,0.0191956295716421,0.0,5.0
history_only,2,2,0.9,extra_long,Naive (persistence),25,2.1749036102348405,2.911054387088061,19971.0,,,
history_only,2,2,0.9,extra_long,Linear Regression,25,2.114541687655921,2.749158169946208,19971.0,,,
history_only,2,2,0.9,extra_long,Decision Tree,25,2.0618295720904753,2.6376094673042387,19971.0,,,
history_only,2,2,0.9,extra_long,Random Forest,25,2.060835288935364,2.6353750023995937,19971.0,,,
history_only,2,2,0.9,extra_long,Naive (persistence),26,2.1739021581292874,2.9178236508643627,19971.0,,,
history_only,2,2,0.9,extra_long,Linear Regression,26,2.1116252487232057,2.7397059047625683,19971.0,,,
history_only,2,2,0.9,extra_long,Decision Tree,26,2.078212592798192,2.6620429538112464,19971.0,,,
history_only,2,2,0.9,extra_long,Random Forest,26,2.077448033685495,2.660156653379042,19971.0,,,
history_only,2,2,0.9,extra_long,Naive (persistence),27,2.1469130238846326,2.8934649820627714,19971.0,,,
history_only,2,2,0.9,extra_long,Linear Regression,27,2.0726540987599553,2.701679621032284,19971.0,,,
history_only,2,2,0.9,extra_long,Decision Tree,27,2.027167509451658,2.621350024200769,19971.0,,,
history_only,2,2,0.9,extra_long,Random Forest,27,2.0255230055976807,2.619117130456948,19971.0,,,
history_only,2,2,0.9,extra_long,Naive (persistence),28,2.175955134945671,2.92935874499052,19971.0,,,
history_only,2,2,0.9,extra_long,Linear Regression,28,2.0835352265013993,2.698873059515546,19971.0,,,
history_only,2,2,0.9,extra_long,Decision Tree,28,2.0560543298152525,2.6304498299280974,19971.0,,,
history_only,2,2,0.9,extra_long,Random Forest,28,2.056847182277432,2.629962151339132,19971.0,,,
history_only,2,2,0.9,extra_long,Naive (persistence),29,2.1271844174052377,2.870025037065776,19971.0,,,
history_only,2,2,0.9,extra_long,Linear Regression,29,2.0707856777031246,2.6906960167618013,19971.0,,,
history_only,2,2,0.9,extra_long,Decision Tree,29,2.0471087295727313,2.626679511137643,19971.0,,,
history_only,2,2,0.9,extra_long,Random Forest,29,2.0470836634705503,2.626698550083658,19971.0,,,
history_only,2,2,0.9,extra_long,Linear Regression,ALL_MEAN,2.0906283878687213,,,0.018867088945141032,0.03201416244421329,5.0
history_only,2,2,0.9,extra_long,Decision Tree,ALL_MEAN,2.0540745467456616,,,0.01684764963526371,0.04893902614581924,5.0
history_only,2,2,0.9,extra_long,Random Forest,ALL_MEAN,2.0535474347933045,,,0.017101980881252903,0.04918308525629944,5.0
history_only,2,2,0.9,extra_long,Naive (persistence),ALL_MEAN,2.1597716689199338,,,0.019584813807057636,0.0,5.0
history_only,2,2,0.95,short,Naive (persistence),25,1.5894046367232486,2.0991401250115316,19971.0,,,
history_only,2,2,0.95,short,Linear Regression,25,1.611162097785155,2.079364690091702,19971.0,,,
history_only,2,2,0.95,short,Decision Tree,25,1.6160338176794968,2.053902877170016,19971.0,,,
history_only,2,2,0.95,short,Random Forest,25,1.6141358993348476,2.0514027340557743,19971.0,,,
history_only,2,2,0.95,short,Naive (persistence),26,1.6318662059986981,2.136848351022866,19971.0,,,
history_only,2,2,0.95,short,Linear Regression,26,1.6524751967323175,2.1227131732544944,19971.0,,,
history_only,2,2,0.95,short,Decision Tree,26,1.6480799622795017,2.097720187278989,19971.0,,,
history_only,2,2,0.95,short,Random Forest,26,1.6444458617098918,2.093106235596698,19971.0,,,
history_only,2,2,0.95,short,Naive (persistence),27,1.4909618947473837,1.9992738153874512,19971.0,,,
history_only,2,2,0.95,short,Linear Regression,27,1.5112812238741522,1.9740110231609351,19971.0,,,
history_only,2,2,0.95,short,Decision Tree,27,1.5160855435475937,1.9345373586174581,19971.0,,,
history_only,2,2,0.95,short,Random Forest,27,1.514969231748463,1.9335765002207137,19971.0,,,
history_only,2,2,0.95,short,Naive (persistence),28,1.6115367282559712,2.1110570847141097,19971.0,,,
history_only,2,2,0.95,short,Linear Regression,28,1.6347239639033257,2.096734410578433,19971.0,,,
history_only,2,2,0.95,short,Decision Tree,28,1.6481471661268308,2.086819041500742,19971.0,,,
history_only,2,2,0.95,short,Random Forest,28,1.6446748681259418,2.0822120527700116,19971.0,,,
history_only,2,2,0.95,short,Naive (persistence),29,1.5834960693004858,2.0727106376945232,19971.0,,,
history_only,2,2,0.95,short,Linear Regression,29,1.6013534315460893,2.052499090122003,19971.0,,,
history_only,2,2,0.95,short,Decision Tree,29,1.6015858150485647,2.028049287108513,19971.0,,,
history_only,2,2,0.95,short,Random Forest,29,1.5998624517558793,2.0252167553057983,19971.0,,,
history_only,2,2,0.95,short,Linear Regression,ALL_MEAN,1.6021991827682078,,,0.04885215114649219,-0.013118362897486024,5.0
history_only,2,2,0.95,short,Decision Tree,ALL_MEAN,1.6059864609363976,,,0.04848067228613536,-0.015513171919273594,5.0
history_only,2,2,0.95,short,Random Forest,ALL_MEAN,1.603617662535005,,,0.047614945496325445,-0.014015309990329738,5.0
history_only,2,2,0.95,short,Naive (persistence),ALL_MEAN,1.5814531070051574,,,0.04837884833969123,0.0,5.0
history_only,2,2,0.95,medium,Naive (persistence),25,2.189274447949527,2.8656949769936597,19971.0,,,
history_only,2,2,0.95,medium,Linear Regression,25,2.1948213484081944,2.8216302003999014,19971.0,,,
history_only,2,2,0.95,medium,Decision Tree,25,2.1835409377707995,2.7669054743546564,19971.0,,,
history_only,2,2,0.95,medium,Random Forest,25,2.181481927756072,2.7638369073382485,19971.0,,,
history_only,2,2,0.95,medium,Naive (persistence),26,2.2655850983926693,2.939784240467611,19971.0,,,
history_only,2,2,0.95,medium,Linear Regression,26,2.2718999317891253,2.9095053870218606,19971.0,,,
history_only,2,2,0.95,medium,Decision Tree,26,2.2397957262070407,2.846140648226867,19971.0,,,
history_only,2,2,0.95,medium,Random Forest,26,2.2379462897923355,2.8434062568623233,19971.0,,,
history_only,2,2,0.95,medium,Naive (persistence),27,2.0252866656652144,2.6792085267067005,19971.0,,,
history_only,2,2,0.95,medium,Linear Regression,27,2.0314678659166785,2.6269638700664477,19971.0,,,
history_only,2,2,0.95,medium,Decision Tree,27,2.0272638498821225,2.5515579725746935,19971.0,,,
history_only,2,2,0.95,medium,Random Forest,27,2.026837754847647,2.551179995395631,19971.0,,,
history_only,2,2,0.95,medium,Naive (persistence),28,2.2445546041760553,2.9126622223957876,19971.0,,,
history_only,2,2,0.95,medium,Linear Regression,28,2.258363715241972,2.8862719930916185,19971.0,,,
history_only,2,2,0.95,medium,Decision Tree,28,2.268302262752904,2.860119820392527,19971.0,,,
history_only,2,2,0.95,medium,Random Forest,28,2.2657109705085645,2.856508793796489,19971.0,,,
history_only,2,2,0.95,medium,Naive (persistence),29,2.163737419257924,2.816772017161695,19971.0,,,
history_only,2,2,0.95,medium,Linear Regression,29,2.169671307778114,2.775451515064655,19971.0,,,
history_only,2,2,0.95,medium,Decision Tree,29,2.162055171875847,2.727082728249516,19971.0,,,
history_only,2,2,0.95,medium,Random Forest,29,2.1608891073164544,2.7247664592801644,19971.0,,,
history_only,2,2,0.95,medium,Linear Regression,ALL_MEAN,2.1852448338268164,,,0.08583364961017734,-0.0034702803905983792,5.0
history_only,2,2,0.95,medium,Decision Tree,ALL_MEAN,2.1761915896977433,,,0.08362198895540751,0.0006869935605938737,5.0
history_only,2,2,0.95,medium,Random Forest,ALL_MEAN,2.1745732100442146,,,0.0829252535591444,0.001430157831967982,5.0
history_only,2,2,0.95,medium,Naive (persistence),ALL_MEAN,2.177687647088278,,,0.08456012517187576,0.0,5.0
history_only,2,2,0.95,long,Naive (persistence),25,3.005307696159431,3.890410798291129,19971.0,,,
history_only,2,2,0.95,long,Linear Regression,25,2.969447045712018,3.7927334837498083,19971.0,,,
history_only,2,2,0.95,long,Decision Tree,25,2.9177202643579085,3.6838192736064688,19971.0,,,
history_only,2,2,0.95,long,Random Forest,25,2.91585222069341,3.6819396058205007,19971.0,,,
history_only,2,2,0.95,long,Naive (persistence),26,3.100295428371138,4.021100024351355,19971.0,,,
history_only,2,2,0.95,long,Linear Regression,26,3.0671148365513843,3.9483779166629978,19971.0,,,
history_only,2,2,0.95,long,Decision Tree,26,2.98875428220638,3.837191584258686,19971.0,,,
history_only,2,2,0.95,long,Random Forest,26,2.988423116314169,3.835565637051184,19971.0,,,
history_only,2,2,0.95,long,Naive (persistence),27,2.6945070352010414,3.5618669260935114,19971.0,,,
history_only,2,2,0.95,long,Linear Regression,27,2.6620012202149033,3.451298108524656,19971.0,,,
history_only,2,2,0.95,long,Decision Tree,27,2.6379824594290846,3.3328166026135984,19971.0,,,
history_only,2,2,0.95,long,Random Forest,27,2.636838482449158,3.3311035941358735,19971.0,,,
history_only,2,2,0.95,long,Naive (persistence),28,3.139652496119373,4.03595328670341,19971.0,,,
history_only,2,2,0.95,long,Linear Regression,28,3.1237231545408557,3.967456154185414,19971.0,,,
history_only,2,2,0.95,long,Decision Tree,28,3.099020590642621,3.904911474843399,19971.0,,,
history_only,2,2,0.95,long,Random Forest,28,3.0963218682759357,3.9002959374332464,19971.0,,,
history_only,2,2,0.95,long,Naive (persistence),29,2.9365079365079363,3.8249397037625648,19971.0,,,
history_only,2,2,0.95,long,Linear Regression,29,2.8948981537427168,3.7349196009579275,19971.0,,,
history_only,2,2,0.95,long,Decision Tree,29,2.865998568070292,3.651752939313098,19971.0,,,
history_only,2,2,0.95,long,Random Forest,29,2.8659730463831767,3.6508827649996483,19971.0,,,
history_only,2,2,0.95,long,Linear Regression,ALL_MEAN,2.9434368821523753,,,0.16126868573301248,0.010693955895018314,5.0
history_only,2,2,0.95,long,Decision Tree,ALL_MEAN,2.901895232941257,,,0.15335700523889695,0.024656342822981125,5.0
history_only,2,2,0.95,long,Random Forest,ALL_MEAN,2.90068174682317,,,0.15298477725670914,0.025064202477910524,5.0
history_only,2,2,0.95,long,Naive (persistence),ALL_MEAN,2.975254118471784,,,0.15740747419874188,0.0,5.0
history_only,2,2,0.95,extra_long,Naive (persistence),25,2.641680436633118,3.430249493375207,19971.0,,,
history_only,2,2,0.95,extra_long,Linear Regression,25,2.6289730001401135,3.3596376681767213,19971.0,,,
history_only,2,2,0.95,extra_long,Decision Tree,25,2.588971302944661,3.2758816155340953,19971.0,,,
history_only,2,2,0.95,extra_long,Random Forest,25,2.5877957623745282,3.2737811239451293,19971.0,,,
history_only,2,2,0.95,extra_long,Naive (persistence),26,2.7217966050773623,3.5327392144365777,19971.0,,,
history_only,2,2,0.95,extra_long,Linear Regression,26,2.7068982016882446,3.4821363473420828,19971.0,,,
history_only,2,2,0.95,extra_long,Decision Tree,26,2.651535328144807,3.3944865205563732,19971.0,,,
history_only,2,2,0.95,extra_long,Random Forest,26,2.649520027562604,3.391441271399946,19971.0,,,
history_only,2,2,0.95,extra_long,Naive (persistence),27,2.407591006960092,3.1735948025476723,19971.0,,,
history_only,2,2,0.95,extra_long,Linear Regression,27,2.393168740564436,3.092043714132365,19971.0,,,
history_only,2,2,0.95,extra_long,Decision Tree,27,2.365625527937979,2.9887858635477578,19971.0,,,
history_only,2,2,0.95,extra_long,Random Forest,27,2.365014772018295,2.987969157480344,19971.0,,,
history_only,2,2,0.95,extra_long,Naive (persistence),28,2.7275048820790144,3.526255804106417,19971.0,,,
history_only,2,2,0.95,extra_long,Linear Regression,28,2.735136864869451,3.4817441144454775,19971.0,,,
history_only,2,2,0.95,extra_long,Decision Tree,28,2.724175538203977,3.441257494009414,19971.0,,,
history_only,2,2,0.95,extra_long,Random Forest,28,2.7202599730770824,3.435427631996445,19971.0,,,
history_only,2,2,0.95,extra_long,Naive (persistence),29,2.5946622602774023,3.3663082814258285,19971.0,,,
history_only,2,2,0.95,extra_long,Linear Regression,29,2.5804427648176445,3.302508119960211,19971.0,,,
history_only,2,2,0.95,extra_long,Decision Tree,29,2.5563478245729065,3.2328143705481986,19971.0,,,
history_only,2,2,0.95,extra_long,Random Forest,29,2.5544296854581447,3.230805339174621,19971.0,,,
history_only,2,2,0.95,extra_long,Linear Regression,ALL_MEAN,2.6089239144159775,,,0.12107196751784027,0.0037130333517891856,5.0
history_only,2,2,0.95,extra_long,Decision Tree,ALL_MEAN,2.577331104360866,,,0.12038654237111203,0.015777587907703006,5.0
history_only,2,2,0.95,extra_long,Random Forest,ALL_MEAN,2.575404044098131,,,0.11944332829735169,0.01651348710855749,5.0
history_only,2,2,0.95,extra_long,Naive (persistence),ALL_MEAN,2.618647038205398,,,0.11673929814684633,0.0,5.0
rich_features,2,2,0.3,short,Naive (persistence),25,0.07075519513431323,0.2933629744350618,19730.0,,,
rich_features,2,2,0.3,short,Linear Regression,25,0.0744287506117187,0.21146410762286838,19730.0,,,
rich_features,2,2,0.3,short,Decision Tree,25,0.07431391821085416,0.21143046979391844,19730.0,,,
rich_features,2,2,0.3,short,Random Forest,25,0.07433493538031209,0.21147703735462217,19730.0,,,
rich_features,2,2,0.3,short,Naive (persistence),26,0.07462686567164178,0.296108498448675,19765.0,,,
rich_features,2,2,0.3,short,Linear Regression,26,0.07617666015602716,0.21233771752804392,19765.0,,,
rich_features,2,2,0.3,short,Decision Tree,26,0.0762585978638891,0.21369066818315585,19765.0,,,
rich_features,2,2,0.3,short,Random Forest,26,0.07618504268938622,0.21294421132721214,19765.0,,,
rich_features,2,2,0.3,short,Naive (persistence),27,0.06869033789585333,0.2851617755667049,19799.0,,,
rich_features,2,2,0.3,short,Linear Regression,27,0.07351789905594568,0.2051068015672018,19799.0,,,
rich_features,2,2,0.3,short,Decision Tree,27,0.0737592825673702,0.2081466235191754,19799.0,,,
rich_features,2,2,0.3,short,Random Forest,27,0.07359718452609264,0.20571932812821103,19799.0,,,
rich_features,2,2,0.3,short,Naive (persistence),28,0.07568552059091369,0.30327565120060407,19766.0,,,
rich_features,2,2,0.3,short,Linear Regression,28,0.07751793161137266,0.2191863319667716,19766.0,,,
rich_features,2,2,0.3,short,Decision Tree,28,0.07739273673922106,0.21917652734607604,19766.0,,,
rich_features,2,2,0.3,short,Random Forest,28,0.07738360443798818,0.2191298514650941,19766.0,,,
rich_features,2,2,0.3,short,Naive (persistence),29,0.07489611837437925,0.3020151232825859,19734.0,,,
rich_features,2,2,0.3,short,Linear Regression,29,0.07753933764362997,0.22127355454728573,19734.0,,,
rich_features,2,2,0.3,short,Decision Tree,29,0.07758761550460903,0.22315337150565612,19734.0,,,
rich_features,2,2,0.3,short,Random Forest,29,0.0774670001481166,0.22159838634970747,19734.0,,,
rich_features,2,2,0.3,short,Linear Regression,ALL_MEAN,0.07583611581573883,,,0.0016248227703982467,-0.03983650230373814,5.0
rich_features,2,2,0.3,short,Decision Tree,ALL_MEAN,0.0758624301771887,,,0.0015681945416495863,-0.04019731500196322,5.0
rich_features,2,2,0.3,short,Random Forest,ALL_MEAN,0.07579355343637914,,,0.0015769307494954113,-0.03925290285106264,5.0
rich_features,2,2,0.3,short,Naive (persistence),ALL_MEAN,0.07293080753342025,,,0.0027218514286131944,0.0,5.0
rich_features,2,2,0.3,medium,Naive (persistence),25,0.07303598580841358,0.300109795755425,19730.0,,,
rich_features,2,2,0.3,medium,Linear Regression,25,0.07488136080574019,0.21231194222866767,19730.0,,,
rich_features,2,2,0.3,medium,Decision Tree,25,0.07499683235307356,0.21346442422558146,19730.0,,,
rich_features,2,2,0.3,medium,Random Forest,25,0.07483900299959094,0.21255669278213749,19730.0,,,
rich_features,2,2,0.3,medium,Naive (persistence),26,0.07599291677207184,0.2995907487670048,19765.0,,,
rich_features,2,2,0.3,medium,Linear Regression,26,0.07641870848603195,0.21261725865072945,19765.0,,,
rich_features,2,2,0.3,medium,Decision Tree,26,0.07671973435922322,0.21551702751887206,19765.0,,,
rich_features,2,2,0.3,medium,Random Forest,26,0.07646517883342858,0.21319456987075405,19765.0,,,
rich_features,2,2,0.3,medium,Naive (persistence),27,0.06985201272791555,0.28631073515060157,19799.0,,,
rich_features,2,2,0.3,medium,Linear Regression,27,0.07356672095423991,0.20403001249185942,19799.0,,,
rich_features,2,2,0.3,medium,Decision Tree,27,0.0736418573498394,0.20511038060140654,19799.0,,,
rich_features,2,2,0.3,medium,Random Forest,27,0.0734922536467224,0.20415908140720274,19799.0,,,
rich_features,2,2,0.3,medium,Naive (persistence),28,0.0777597895375898,0.3086496327075654,19766.0,,,
rich_features,2,2,0.3,medium,Linear Regression,28,0.07773330519568399,0.21953498933600243,19766.0,,,
rich_features,2,2,0.3,medium,Decision Tree,28,0.07758369017724982,0.2194813339100776,19766.0,,,
rich_features,2,2,0.3,medium,Random Forest,28,0.07750463009327704,0.21948439608672,19766.0,,,
rich_features,2,2,0.3,medium,Naive (persistence),29,0.07753116448768622,0.3111065262901345,19734.0,,,
rich_features,2,2,0.3,medium,Linear Regression,29,0.07759854027715543,0.22106742391414544,19734.0,,,
rich_features,2,2,0.3,medium,Decision Tree,29,0.07751315488338573,0.22107458663969295,19734.0,,,
rich_features,2,2,0.3,medium,Random Forest,29,0.07761931827689648,0.22160083324283286,19734.0,,,
rich_features,2,2,0.3,medium,Linear Regression,ALL_MEAN,0.0760397271437703,,,0.0016061945116988207,-0.01610694677797908,5.0
rich_features,2,2,0.3,medium,Decision Tree,ALL_MEAN,0.07609105382455435,,,0.001538925463951691,-0.016792817162562645,5.0
rich_features,2,2,0.3,medium,Random Forest,ALL_MEAN,0.07598407676998309,,,0.0015961160864812383,-0.015363299561977684,5.0
rich_features,2,2,0.3,medium,Naive (persistence),ALL_MEAN,0.0748343738667354,,,0.0030076928131034584,0.0,5.0
rich_features,2,2,0.3,long,Naive (persistence),25,0.0728839330968069,0.299348845619192,19730.0,,,
rich_features,2,2,0.3,long,Linear Regression,25,0.07460371528450908,0.21172121264567278,19730.0,,,
rich_features,2,2,0.3,long,Decision Tree,25,0.0745943052216778,0.21174759367180612,19730.0,,,
rich_features,2,2,0.3,long,Random Forest,25,0.07458995350170185,0.21178385811895029,19730.0,,,
rich_features,2,2,0.3,long,Naive (persistence),26,0.07584113331646851,0.2993373235852343,19765.0,,,
rich_features,2,2,0.3,long,Linear Regression,26,0.0765606054873237,0.21292220585681412,19765.0,,,
rich_features,2,2,0.3,long,Decision Tree,26,0.076525653428964,0.21288162518037237,19765.0,,,
rich_features,2,2,0.3,long,Random Forest,26,0.07645182818522996,0.21287979909605662,19765.0,,,
rich_features,2,2,0.3,long,Naive (persistence),27,0.07025607353906763,0.28824469516913254,19799.0,,,
rich_features,2,2,0.3,long,Linear Regression,27,0.07360793054576657,0.20453024831864974,19799.0,,,
rich_features,2,2,0.3,long,Decision Tree,27,0.07354330241558879,0.20450575399686158,19799.0,,,
rich_features,2,2,0.3,long,Random Forest,27,0.07350052920762395,0.20449705842327312,19799.0,,,
rich_features,2,2,0.3,long,Naive (persistence),28,0.07856926034604877,0.30881350297804727,19766.0,,,
rich_features,2,2,0.3,long,Linear Regression,28,0.07763800552715666,0.21946492534441597,19766.0,,,
rich_features,2,2,0.3,long,Decision Tree,28,0.07762893714140286,0.21949248496617135,19766.0,,,
rich_features,2,2,0.3,long,Random Forest,28,0.07759594856305514,0.2194944684614829,19766.0,,,
rich_features,2,2,0.3,long,Naive (persistence),29,0.07753116448768622,0.31061749293626323,19734.0,,,
rich_features,2,2,0.3,long,Linear Regression,29,0.07678691562869683,0.2184659286309674,19734.0,,,
rich_features,2,2,0.3,long,Decision Tree,29,0.07674576438679061,0.2184493803773959,19734.0,,,
rich_features,2,2,0.3,long,Random Forest,29,0.07668451821971724,0.21844708384005004,19734.0,,,
rich_features,2,2,0.3,long,Linear Regression,ALL_MEAN,0.07583943449469058,,,0.0014939396038136435,-0.01097256723273543,5.0
rich_features,2,2,0.3,long,Decision Tree,ALL_MEAN,0.07580759251888482,,,0.0015041376197500818,-0.0105480998795624,5.0
rich_features,2,2,0.3,long,Random Forest,ALL_MEAN,0.07576455553546563,,,0.001495204374519768,-0.009974398217581948,5.0
rich_features,2,2,0.3,long,Naive (persistence),ALL_MEAN,0.0750163129572156,,,0.003060560902198531,0.0,5.0
rich_features,2,2,0.3,extra_long,Naive (persistence),25,0.07222503801317791,0.29807627851861906,19730.0,,,
rich_features,2,2,0.3,extra_long,Linear Regression,25,0.07460355936032383,0.21139210295511277,19730.0,,,
rich_features,2,2,0.3,extra_long,Decision Tree,25,0.07480366011045464,0.21244813080003852,19730.0,,,
rich_features,2,2,0.3,extra_long,Random Forest,25,0.07483884348732278,0.21175370992456685,19730.0,,,
rich_features,2,2,0.3,extra_long,Naive (persistence),26,0.07584113331646851,0.29899908921327306,19765.0,,,
rich_features,2,2,0.3,extra_long,Linear Regression,26,0.07647345678557126,0.21269411940131913,19765.0,,,
rich_features,2,2,0.3,extra_long,Decision Tree,26,0.07651961767596012,0.21267472215341307,19765.0,,,
rich_features,2,2,0.3,extra_long,Random Forest,26,0.07658337359634698,0.2127268911184607,19765.0,,,
rich_features,2,2,0.3,extra_long,Naive (persistence),27,0.07081165715440174,0.2881570694807818,19799.0,,,
rich_features,2,2,0.3,extra_long,Linear Regression,27,0.07398241966703337,0.20532969717101152,19799.0,,,
rich_features,2,2,0.3,extra_long,Decision Tree,27,0.07391793926317015,0.20528042664862248,19799.0,,,
rich_features,2,2,0.3,extra_long,Random Forest,27,0.07401746456812927,0.2053220399483297,19799.0,,,
rich_features,2,2,0.3,extra_long,Naive (persistence),28,0.07826570879287666,0.30963155342577614,19766.0,,,
rich_features,2,2,0.3,extra_long,Linear Regression,28,0.07734952635094852,0.21842452360010467,19766.0,,,
rich_features,2,2,0.3,extra_long,Decision Tree,28,0.07730811298650414,0.21839385291780447,19766.0,,,
rich_features,2,2,0.3,extra_long,Random Forest,28,0.0773525726258881,0.21838978447829585,19766.0,,,
rich_features,2,2,0.3,extra_long,Naive (persistence),29,0.07778453430627344,0.311676095404085,19734.0,,,
rich_features,2,2,0.3,extra_long,Linear Regression,29,0.07738867598729174,0.22055290315127668,19734.0,,,
rich_features,2,2,0.3,extra_long,Decision Tree,29,0.07734652043877638,0.22053602919501253,19734.0,,,
rich_features,2,2,0.3,extra_long,Random Forest,29,0.07746335768831751,0.2206003444845437,19734.0,,,
rich_features,2,2,0.3,extra_long,Linear Regression,ALL_MEAN,0.07595952763023375,,,0.0014132438214214172,-0.012988002065057014,5.0
rich_features,2,2,0.3,extra_long,Decision Tree,ALL_MEAN,0.07597917009497308,,,0.0013826290916310277,-0.013249951839268137,5.0
rich_features,2,2,0.3,extra_long,Random Forest,ALL_MEAN,0.07605112239320093,,,0.0013839694270681875,-0.014209499865693864,5.0
rich_features,2,2,0.3,extra_long,Naive (persistence),ALL_MEAN,0.07498561431663966,,,0.0029788449291600237,0.0,5.0
rich_features,2,2,0.5,short,Naive (persistence),25,0.2792084168336673,0.6478343760233128,19960.0,,,
rich_features,2,2,0.5,short,Linear Regression,25,0.30504065348328846,0.49873618359091076,19960.0,,,
rich_features,2,2,0.5,short,Decision Tree,25,0.306435350242261,0.49922732840673245,19960.0,,,
rich_features,2,2,0.5,short,Random Forest,25,0.30620719495801574,0.4980917074032078,19960.0,,,
rich_features,2,2,0.5,short,Naive (persistence),26,0.3144947141640363,0.7040355925213231,19959.0,,,
rich_features,2,2,0.5,short,Linear Regression,26,0.33278580062138235,0.5667743314264795,19959.0,,,
rich_features,2,2,0.5,short,Decision Tree,26,0.3319108347499841,0.562005843174096,19959.0,,,
rich_features,2,2,0.5,short,Random Forest,26,0.3317238057611397,0.5605348231165117,19959.0,,,
rich_features,2,2,0.5,short,Naive (persistence),27,0.318873973151673,0.6989845799425015,19964.0,,,
rich_features,2,2,0.5,short,Linear Regression,27,0.3327351074531379,0.5498511016755775,19964.0,,,
rich_features,2,2,0.5,short,Decision Tree,27,0.33159589871226197,0.5479419980708177,19964.0,,,
rich_features,2,2,0.5,short,Random Forest,27,0.3314988913482832,0.5465383316602523,19964.0,,,
rich_features,2,2,0.5,short,Naive (persistence),28,0.30485728592889333,0.6825678341911583,19970.0,,,
rich_features,2,2,0.5,short,Linear Regression,28,0.32306544645228086,0.5336060555795624,19970.0,,,
rich_features,2,2,0.5,short,Decision Tree,28,0.32231385459733286,0.5301883956680848,19970.0,,,
rich_features,2,2,0.5,short,Random Forest,28,0.3220278643682316,0.5288723953890236,19970.0,,,
rich_features,2,2,0.5,short,Naive (persistence),29,0.31030163343020345,0.6894550248462187,19958.0,,,
rich_features,2,2,0.5,short,Linear Regression,29,0.3268636614528317,0.5347902372395635,19958.0,,,
rich_features,2,2,0.5,short,Decision Tree,29,0.32727776942505094,0.5365305890922977,19958.0,,,
rich_features,2,2,0.5,short,Random Forest,29,0.3269816754545405,0.5349811155746351,19958.0,,,
rich_features,2,2,0.5,short,Linear Regression,ALL_MEAN,0.32409813389258424,,,0.010217387249810096,-0.06071379120944931,5.0
rich_features,2,2,0.5,short,Decision Tree,ALL_MEAN,0.3239067415453782,,,0.00940573524852239,-0.060087399135619446,5.0
rich_features,2,2,0.5,short,Random Forest,ALL_MEAN,0.3236878863780422,,,0.009431511979025137,-0.059371126284916365,5.0
rich_features,2,2,0.5,short,Naive (persistence),ALL_MEAN,0.30554720470169466,,,0.013960465677781014,0.0,5.0
rich_features,2,2,0.5,medium,Naive (persistence),25,0.3105711422845691,0.7058657754743263,19960.0,,,
rich_features,2,2,0.5,medium,Linear Regression,25,0.31675624184254564,0.5059542601699837,19960.0,,,
rich_features,2,2,0.5,medium,Decision Tree,25,0.31704962025038314,0.5063304270729344,19960.0,,,
rich_features,2,2,0.5,medium,Random Forest,25,0.3170712538867524,0.5061545242199742,19960.0,,,
rich_features,2,2,0.5,medium,Naive (persistence),26,0.3528232877398667,0.7851520557757664,19959.0,,,
rich_features,2,2,0.5,medium,Linear Regression,26,0.3454800197824953,0.5885476500618285,19959.0,,,
rich_features,2,2,0.5,medium,Decision Tree,26,0.3449909325313391,0.5867919209966693,19959.0,,,
rich_features,2,2,0.5,medium,Random Forest,26,0.34522566070931376,0.5848462555785147,19959.0,,,
rich_features,2,2,0.5,medium,Naive (persistence),27,0.3534361851332398,0.7706939369555388,19964.0,,,
rich_features,2,2,0.5,medium,Linear Regression,27,0.3438884644350524,0.5650711497167741,19964.0,,,
rich_features,2,2,0.5,medium,Decision Tree,27,0.3432447380582814,0.5662230785083432,19964.0,,,
rich_features,2,2,0.5,medium,Random Forest,27,0.3432627897314099,0.5650228584825155,19964.0,,,
rich_features,2,2,0.5,medium,Naive (persistence),28,0.33640460691036556,0.7484251534492098,19970.0,,,
rich_features,2,2,0.5,medium,Linear Regression,28,0.3340693378812166,0.5468513349288852,19970.0,,,
rich_features,2,2,0.5,medium,Decision Tree,28,0.33363576458505967,0.5492070647598868,19970.0,,,
rich_features,2,2,0.5,medium,Random Forest,28,0.3336262352493145,0.5468494541722962,19970.0,,,
rich_features,2,2,0.5,medium,Naive (persistence),29,0.3461769716404449,0.7576645145345189,19958.0,,,
rich_features,2,2,0.5,medium,Linear Regression,29,0.3376603555971747,0.5456651762797031,19958.0,,,
rich_features,2,2,0.5,medium,Decision Tree,29,0.3371287869397623,0.546462814607682,19958.0,,,
rich_features,2,2,0.5,medium,Random Forest,29,0.33713494521031706,0.5457750587545782,19958.0,,,
rich_features,2,2,0.5,medium,Linear Regression,ALL_MEAN,0.3355708839076969,,,0.010276034332998186,0.012685429850281094,5.0
rich_features,2,2,0.5,medium,Decision Tree,ALL_MEAN,0.33520996847296514,,,0.009961756973094477,0.013747313000431305,5.0
rich_features,2,2,0.5,medium,Random Forest,ALL_MEAN,0.3352641769574215,,,0.010003739716705012,0.013587821134193545,5.0
rich_features,2,2,0.5,medium,Naive (persistence),ALL_MEAN,0.33988243874169716,,,0.015887341959546095,0.0,5.0
rich_features,2,2,0.5,long,Naive (persistence),25,0.3179859719438878,0.7193642818071243,19960.0,,,
rich_features,2,2,0.5,long,Linear Regression,25,0.3184830651633322,0.5056587573747279,19960.0,,,
rich_features,2,2,0.5,long,Decision Tree,25,0.31879076396236017,0.5078351062447282,19960.0,,,
rich_features,2,2,0.5,long,Random Forest,25,0.3186972256483978,0.505788674622849,19960.0,,,
rich_features,2,2,0.5,long,Naive (persistence),26,0.3682549225913122,0.8254069651688226,19959.0,,,
rich_features,2,2,0.5,long,Linear Regression,26,0.34719914951240133,0.5941098539963467,19959.0,,,
rich_features,2,2,0.5,long,Decision Tree,26,0.3473978979225486,0.5957690646687425,19959.0,,,
rich_features,2,2,0.5,long,Random Forest,26,0.34718969152867074,0.5939105388013186,19959.0,,,
rich_features,2,2,0.5,long,Naive (persistence),27,0.3677619715487878,0.8005332824845309,19964.0,,,
rich_features,2,2,0.5,long,Linear Regression,27,0.34449478386649907,0.5669444069812555,19964.0,,,
rich_features,2,2,0.5,long,Decision Tree,27,0.344240529930972,0.5672075506064013,19964.0,,,
rich_features,2,2,0.5,long,Random Forest,27,0.34455520855733596,0.5671120248661479,19964.0,,,
rich_features,2,2,0.5,long,Naive (persistence),28,0.34727090635953933,0.775081367786657,19970.0,,,
rich_features,2,2,0.5,long,Linear Regression,28,0.3348490325793528,0.5477970852052342,19970.0,,,
rich_features,2,2,0.5,long,Decision Tree,28,0.33473468796450634,0.5479895759283144,19970.0,,,
rich_features,2,2,0.5,long,Random Forest,28,0.3348720924431053,0.5479289362178603,19970.0,,,
rich_features,2,2,0.5,long,Naive (persistence),29,0.3563483314961419,0.7748295022719134,19958.0,,,
rich_features,2,2,0.5,long,Linear Regression,29,0.337665126890636,0.5453495298671555,19958.0,,,
rich_features,2,2,0.5,long,Decision Tree,29,0.3373505386412313,0.5454754048947433,19958.0,,,
rich_features,2,2,0.5,long,Random Forest,29,0.3375402644623346,0.5454032774020197,19958.0,,,
rich_features,2,2,0.5,long,Linear Regression,ALL_MEAN,0.3365382316024442,,,0.010070493692840285,0.0426320002231948,5.0
rich_features,2,2,0.5,long,Decision Tree,ALL_MEAN,0.3365028836843237,,,0.009961292333468721,0.04273255630416717,5.0
rich_features,2,2,0.5,long,Random Forest,ALL_MEAN,0.3365708965279689,,,0.009998017464191381,0.04253907659230893,5.0
rich_features,2,2,0.5,long,Naive (persistence),ALL_MEAN,0.35152442078793383,,,0.018491932271572788,0.0,5.0
rich_features,2,2,0.5,extra_long,Naive (persistence),25,0.31332665330661325,0.715138340247104,19960.0,,,
rich_features,2,2,0.5,extra_long,Linear Regression,25,0.318053792114958,0.5058146572997454,19960.0,,,
rich_features,2,2,0.5,extra_long,Decision Tree,25,0.31858056374176935,0.5096274350973231,19960.0,,,
rich_features,2,2,0.5,extra_long,Random Forest,25,0.31865087672353803,0.506783503059599,19960.0,,,
rich_features,2,2,0.5,extra_long,Naive (persistence),26,0.36394608948344104,0.8137305590406255,19959.0,,,
rich_features,2,2,0.5,extra_long,Linear Regression,26,0.3467297988195328,0.5923856125155795,19959.0,,,
rich_features,2,2,0.5,extra_long,Decision Tree,26,0.34633610381624047,0.5930376387425559,19959.0,,,
rich_features,2,2,0.5,extra_long,Random Forest,26,0.34684384464938656,0.5922850687781139,19959.0,,,
rich_features,2,2,0.5,extra_long,Naive (persistence),27,0.3677619715487878,0.7948189270697389,19964.0,,,
rich_features,2,2,0.5,extra_long,Linear Regression,27,0.34469665801972293,0.5668207817121751,19964.0,,,
rich_features,2,2,0.5,extra_long,Decision Tree,27,0.3445678309765749,0.56759165595642,19964.0,,,
rich_features,2,2,0.5,extra_long,Random Forest,27,0.3447909905902968,0.5673324427070806,19964.0,,,
rich_features,2,2,0.5,extra_long,Naive (persistence),28,0.34381572358537804,0.767191549947904,19970.0,,,
rich_features,2,2,0.5,extra_long,Linear Regression,28,0.3348474857226519,0.5478399356492829,19970.0,,,
rich_features,2,2,0.5,extra_long,Decision Tree,28,0.3344122271583484,0.5479442403167857,19970.0,,,
rich_features,2,2,0.5,extra_long,Random Forest,28,0.33489406652999004,0.5482365096544446,19970.0,,,
rich_features,2,2,0.5,extra_long,Naive (persistence),29,0.3584026455556669,0.7759603342469781,19958.0,,,
rich_features,2,2,0.5,extra_long,Linear Regression,29,0.33810503006074777,0.5457935296344087,19958.0,,,
rich_features,2,2,0.5,extra_long,Decision Tree,29,0.3375809510299518,0.5464600047717478,19958.0,,,
rich_features,2,2,0.5,extra_long,Random Forest,29,0.3377009398462546,0.5457892139942824,19958.0,,,
rich_features,2,2,0.5,extra_long,Linear Regression,ALL_MEAN,0.3364865529475226,,,0.010172537468451329,0.037098414279616465,5.0
rich_features,2,2,0.5,extra_long,Decision Tree,ALL_MEAN,0.336295535344577,,,0.009881935562976906,0.037645036874682014,5.0
rich_features,2,2,0.5,extra_long,Random Forest,ALL_MEAN,0.33657614366789324,,,0.009983177233436138,0.03684203836814237,5.0
rich_features,2,2,0.5,extra_long,Naive (persistence),ALL_MEAN,0.34945061669597743,,,0.019810381217464534,0.0,5.0
rich_features,2,2,0.7,short,Naive (persistence),25,0.7286064793951229,1.2004330498972293,19971.0,,,
rich_features,2,2,0.7,short,Linear Regression,25,0.7679268385074172,1.0584381696649725,19971.0,,,
rich_features,2,2,0.7,short,Decision Tree,25,0.7662544839240524,1.0362563618246965,19971.0,,,
rich_features,2,2,0.7,short,Random Forest,25,0.7659240892070467,1.0352190224957034,19971.0,,,
rich_features,2,2,0.7,short,Naive (persistence),26,0.7277552451054028,1.1984918668871902,19971.0,,,
rich_features,2,2,0.7,short,Linear Regression,26,0.768468654579615,1.0561146661968872,19971.0,,,
rich_features,2,2,0.7,short,Decision Tree,26,0.7691532795442889,1.0401217223412795,19971.0,,,
rich_features,2,2,0.7,short,Random Forest,26,0.7691235216957996,1.0385502264842656,19971.0,,,
rich_features,2,2,0.7,short,Naive (persistence),27,0.7554453958239448,1.2382541121300588,19971.0,,,
rich_features,2,2,0.7,short,Linear Regression,27,0.794784132601679,1.105707093331353,19971.0,,,
rich_features,2,2,0.7,short,Decision Tree,27,0.7906471469020988,1.0794804328631078,19971.0,,,
rich_features,2,2,0.7,short,Random Forest,27,0.790190744515512,1.078702600196332,19971.0,,,
rich_features,2,2,0.7,short,Naive (persistence),28,0.7175404336287617,1.1617473919290062,19971.0,,,
rich_features,2,2,0.7,short,Linear Regression,28,0.7516991753123318,1.0071521502671954,19971.0,,,
rich_features,2,2,0.7,short,Decision Tree,28,0.753195181926212,0.9944062279903663,19971.0,,,
rich_features,2,2,0.7,short,Random Forest,28,0.7528419892493424,0.993389947847177,19971.0,,,
rich_features,2,2,0.7,short,Naive (persistence),29,0.7105157736604908,1.1727800815496139,19970.0,,,
rich_features,2,2,0.7,short,Linear Regression,29,0.7422636588789217,1.002268629700451,19970.0,,,
rich_features,2,2,0.7,short,Decision Tree,29,0.7446872963467517,0.9892005510816474,19970.0,,,
rich_features,2,2,0.7,short,Random Forest,29,0.7445355854817478,0.987793884999671,19970.0,,,
rich_features,2,2,0.7,short,Linear Regression,ALL_MEAN,0.7650284919759929,,,0.017897159490032077,-0.050902771777342926,5.0
rich_features,2,2,0.7,short,Decision Tree,ALL_MEAN,0.7647874777286807,,,0.015673757915620846,-0.05057169581978749,5.0
rich_features,2,2,0.7,short,Random Forest,ALL_MEAN,0.7645231860298897,,,0.015607073463411393,-0.050208644140365966,5.0
rich_features,2,2,0.7,short,Naive (persistence),ALL_MEAN,0.7279726655227445,,,0.015289044689878007,0.0,5.0
rich_features,2,2,0.7,medium,Naive (persistence),25,0.8871864203094487,1.4585556923979106,19971.0,,,
rich_features,2,2,0.7,medium,Linear Regression,25,0.8709513647989754,1.205712906229553,19971.0,,,
rich_features,2,2,0.7,medium,Decision Tree,25,0.8645442112697567,1.1851666444004758,19971.0,,,
rich_features,2,2,0.7,medium,Random Forest,25,0.8644150799106904,1.1842960331037222,19971.0,,,
rich_features,2,2,0.7,medium,Naive (persistence),26,0.8964498522858144,1.4622757821873404,19971.0,,,
rich_features,2,2,0.7,medium,Linear Regression,26,0.8758092334093591,1.2024368350920203,19971.0,,,
rich_features,2,2,0.7,medium,Decision Tree,26,0.871548557285788,1.1929507849351144,19971.0,,,
rich_features,2,2,0.7,medium,Random Forest,26,0.8706011733108159,1.1907544341691187,19971.0,,,
rich_features,2,2,0.7,medium,Naive (persistence),27,0.932552200691002,1.5146704686536563,19971.0,,,
rich_features,2,2,0.7,medium,Linear Regression,27,0.9088927218706775,1.2739056751759374,19971.0,,,
rich_features,2,2,0.7,medium,Decision Tree,27,0.8987699663848733,1.244697510448525,19971.0,,,
rich_features,2,2,0.7,medium,Random Forest,27,0.8982131730749197,1.2435127100955108,19971.0,,,
rich_features,2,2,0.7,medium,Naive (persistence),28,0.8778228431225277,1.3982793062462524,19971.0,,,
rich_features,2,2,0.7,medium,Linear Regression,28,0.8488092821536128,1.125002502523446,19971.0,,,
rich_features,2,2,0.7,medium,Decision Tree,28,0.8452354397895845,1.1176002900389796,19971.0,,,
rich_features,2,2,0.7,medium,Random Forest,28,0.8449536575994266,1.116586827139419,19971.0,,,
rich_features,2,2,0.7,medium,Naive (persistence),29,0.8597396094141212,1.3982426913579429,19970.0,,,
rich_features,2,2,0.7,medium,Linear Regression,29,0.8310847705360468,1.1004331058812398,19970.0,,,
rich_features,2,2,0.7,medium,Decision Tree,29,0.8282360796567068,1.0929293899925046,19970.0,,,
rich_features,2,2,0.7,medium,Random Forest,29,0.8278205698019367,1.091852118810605,19970.0,,,
rich_features,2,2,0.7,medium,Linear Regression,ALL_MEAN,0.8671094745537344,,,0.026339939341596046,0.026540225311859178,5.0
rich_features,2,2,0.7,medium,Decision Tree,ALL_MEAN,0.8616668508773419,,,0.023959032699493944,0.03265038253331054,5.0
rich_features,2,2,0.7,medium,Random Forest,ALL_MEAN,0.8612007307395579,,,0.023861365336460622,0.033173671942111294,5.0
rich_features,2,2,0.7,medium,Naive (persistence),ALL_MEAN,0.8907501851645827,,,0.02417174841815929,0.0,5.0
rich_features,2,2,0.7,long,Naive (persistence),25,1.0167743227680137,1.702087188176453,19971.0,,,
rich_features,2,2,0.7,long,Linear Regression,25,0.9130549876207723,1.2881236350168477,19971.0,,,
rich_features,2,2,0.7,long,Decision Tree,25,0.9132469326167811,1.2902979518550297,19971.0,,,
rich_features,2,2,0.7,long,Random Forest,25,0.9127543246747328,1.2866660824580896,19971.0,,,
rich_features,2,2,0.7,long,Naive (persistence),26,1.0318962495618647,1.6940073814662882,19971.0,,,
rich_features,2,2,0.7,long,Linear Regression,26,0.9222016946620636,1.2757126376583479,19971.0,,,
rich_features,2,2,0.7,long,Decision Tree,26,0.9215739077669458,1.2759160865841472,19971.0,,,
rich_features,2,2,0.7,long,Random Forest,26,0.9206308055419472,1.2731591359649128,19971.0,,,
rich_features,2,2,0.7,long,Naive (persistence),27,1.0740573832056481,1.7412341168153882,19971.0,,,
rich_features,2,2,0.7,long,Linear Regression,27,0.9561804176646442,1.3707841070967353,19971.0,,,
rich_features,2,2,0.7,long,Decision Tree,27,0.9515232902184275,1.3577821928181113,19971.0,,,
rich_features,2,2,0.7,long,Random Forest,27,0.9505416933291971,1.3536979961855808,19971.0,,,
rich_features,2,2,0.7,long,Naive (persistence),28,0.9863301787592008,1.5786429503433541,19971.0,,,
rich_features,2,2,0.7,long,Linear Regression,28,0.8823561321642668,1.173077245034407,19971.0,,,
rich_features,2,2,0.7,long,Decision Tree,28,0.8810963510260056,1.172380552520671,19971.0,,,
rich_features,2,2,0.7,long,Random Forest,28,0.8815673084464394,1.1719513611044028,19971.0,,,
rich_features,2,2,0.7,long,Naive (persistence),29,0.9629944917376064,1.5545014352094058,19970.0,,,
rich_features,2,2,0.7,long,Linear Regression,29,0.8557998704461526,1.123632871954727,19970.0,,,
rich_features,2,2,0.7,long,Decision Tree,29,0.8550922951997858,1.1210797066784328,19970.0,,,
rich_features,2,2,0.7,long,Random Forest,29,0.8549215276660391,1.1204068262050266,19970.0,,,
rich_features,2,2,0.7,long,Linear Regression,ALL_MEAN,0.9059186205115799,,,0.03437846552015124,0.10695068909385097,5.0
rich_features,2,2,0.7,long,Decision Tree,ALL_MEAN,0.9045065553655892,,,0.03337085208280457,0.10834269470785352,5.0
rich_features,2,2,0.7,long,Random Forest,ALL_MEAN,0.9040831319316711,,,0.03295827256946567,0.10876010306807526,5.0
rich_features,2,2,0.7,long,Naive (persistence),ALL_MEAN,1.0144105252064668,,,0.038213087073904105,0.0,5.0
rich_features,2,2,0.7,extra_long,Naive (persistence),25,0.9681538230434129,1.6031770820145321,19971.0,,,
rich_features,2,2,0.7,extra_long,Linear Regression,25,0.9009249594697928,1.2622523544902515,19971.0,,,
rich_features,2,2,0.7,extra_long,Decision Tree,25,0.8977134936467109,1.2537766067250735,19971.0,,,
rich_features,2,2,0.7,extra_long,Random Forest,25,0.8970064691218315,1.2514173093244019,19971.0,,,
rich_features,2,2,0.7,extra_long,Naive (persistence),26,0.9830253868108758,1.6166600462287533,19971.0,,,
rich_features,2,2,0.7,extra_long,Linear Regression,26,0.9098405137150776,1.2571332455850044,19971.0,,,
rich_features,2,2,0.7,extra_long,Decision Tree,26,0.9081823028744441,1.2537066129532903,19971.0,,,
rich_features,2,2,0.7,extra_long,Random Forest,26,0.9073017245104109,1.25173441320134,19971.0,,,
rich_features,2,2,0.7,extra_long,Naive (persistence),27,1.0255871012968805,1.655588841741422,19971.0,,,
rich_features,2,2,0.7,extra_long,Linear Regression,27,0.9445362051962825,1.338661836735681,19971.0,,,
rich_features,2,2,0.7,extra_long,Decision Tree,27,0.9364092357114278,1.318625721667633,19971.0,,,
rich_features,2,2,0.7,extra_long,Random Forest,27,0.9350519161012666,1.3148677646474554,19971.0,,,
rich_features,2,2,0.7,extra_long,Naive (persistence),28,0.954884582644835,1.520378817938988,19971.0,,,
rich_features,2,2,0.7,extra_long,Linear Regression,28,0.8771673079353175,1.1629226148868985,19971.0,,,
rich_features,2,2,0.7,extra_long,Decision Tree,28,0.8735560220030733,1.1586840872397506,19971.0,,,
rich_features,2,2,0.7,extra_long,Random Forest,28,0.8736885826160503,1.1590089779758839,19971.0,,,
rich_features,2,2,0.7,extra_long,Naive (persistence),29,0.927240861291938,1.5009427850074095,19970.0,,,
rich_features,2,2,0.7,extra_long,Linear Regression,29,0.8517967190116637,1.120663372582589,19970.0,,,
rich_features,2,2,0.7,extra_long,Decision Tree,29,0.8492533787062885,1.1166434868682054,19970.0,,,
rich_features,2,2,0.7,extra_long,Random Forest,29,0.8490242960871717,1.1156888228635928,19970.0,,,
rich_features,2,2,0.7,extra_long,Linear Regression,ALL_MEAN,0.8968531410656269,,,0.031229919476936426,0.07710113100739935,5.0
rich_features,2,2,0.7,extra_long,Decision Tree,ALL_MEAN,0.8930228865883889,,,0.029762102156803305,0.08104262082678781,5.0
rich_features,2,2,0.7,extra_long,Random Forest,ALL_MEAN,0.8924145976873461,,,0.029305407907931937,0.0816685751922106,5.0
rich_features,2,2,0.7,extra_long,Naive (persistence),ALL_MEAN,0.9717783510175885,,,0.03256993099374005,0.0,5.0
rich_features,2,2,0.8,short,Naive (persistence),25,1.0107656101346953,1.495474119508952,19971.0,,,
rich_features,2,2,0.8,short,Linear Regression,25,1.0389289000182624,1.3739740193164658,19971.0,,,
rich_features,2,2,0.8,short,Decision Tree,25,1.0350951268922606,1.3488129984787895,19971.0,,,
rich_features,2,2,0.8,short,Random Forest,25,1.0345067835378992,1.3488087873675252,19971.0,,,
rich_features,2,2,0.8,short,Naive (persistence),26,1.0376045265635172,1.532744758404642,19971.0,,,
rich_features,2,2,0.8,short,Linear Regression,26,1.0576881510738603,1.404220510444112,19971.0,,,
rich_features,2,2,0.8,short,Decision Tree,26,1.0563024615954115,1.3881763395144304,19971.0,,,
rich_features,2,2,0.8,short,Random Forest,26,1.0557347275517333,1.3874227119705331,19971.0,,,
rich_features,2,2,0.8,short,Naive (persistence),27,1.0575334234640228,1.537767491151514,19971.0,,,
rich_features,2,2,0.8,short,Linear Regression,27,1.0717090682138026,1.4112269871658727,19971.0,,,
rich_features,2,2,0.8,short,Decision Tree,27,1.0690635383279419,1.3944018145000736,19971.0,,,
rich_features,2,2,0.8,short,Random Forest,27,1.0681410698052758,1.393636549833701,19971.0,,,
rich_features,2,2,0.8,short,Naive (persistence),28,1.0107155375294177,1.499269596676696,19971.0,,,
rich_features,2,2,0.8,short,Linear Regression,28,1.0429598266605058,1.3817472947123153,19971.0,,,
rich_features,2,2,0.8,short,Decision Tree,28,1.0366245607160811,1.3541657869495176,19971.0,,,
rich_features,2,2,0.8,short,Random Forest,28,1.0357517573711348,1.3531930077632595,19971.0,,,
rich_features,2,2,0.8,short,Naive (persistence),29,1.0566821891743028,1.540809019323726,19971.0,,,
rich_features,2,2,0.8,short,Linear Regression,29,1.0687966411924863,1.4107488492172688,19971.0,,,
rich_features,2,2,0.8,short,Decision Tree,29,1.0693893669603745,1.3978681977712004,19971.0,,,
rich_features,2,2,0.8,short,Random Forest,29,1.068707016550652,1.3975001109246876,19971.0,,,
rich_features,2,2,0.8,short,Linear Regression,ALL_MEAN,1.0560165174317837,,,0.013227591732330485,-0.020640843123531427,5.0
rich_features,2,2,0.8,short,Decision Tree,ALL_MEAN,1.0532950108984138,,,0.015005726914474282,-0.018010504793653626,5.0
rich_features,2,2,0.8,short,Random Forest,ALL_MEAN,1.0525682709633393,,,0.014980053922771706,-0.017308110041467373,5.0
rich_features,2,2,0.8,short,Naive (persistence),ALL_MEAN,1.0346602573731911,,,0.020789996168280745,0.0,5.0
rich_features,2,2,0.8,medium,Naive (persistence),25,1.2757999098693105,1.8676744634590667,19971.0,,,
rich_features,2,2,0.8,medium,Linear Regression,25,1.235111182610602,1.639546548968848,19971.0,,,
rich_features,2,2,0.8,medium,Decision Tree,25,1.219771044464271,1.6173631952251397,19971.0,,,
rich_features,2,2,0.8,medium,Random Forest,25,1.2190667009717553,1.6148627788713208,19971.0,,,
rich_features,2,2,0.8,medium,Naive (persistence),26,1.3232687396725251,1.9419366934263973,19971.0,,,
rich_features,2,2,0.8,medium,Linear Regression,26,1.2679161964295458,1.684724031290163,19971.0,,,
rich_features,2,2,0.8,medium,Decision Tree,26,1.2513999324224911,1.6691780275898596,19971.0,,,
rich_features,2,2,0.8,medium,Random Forest,26,1.2500995285672516,1.6658999351332038,19971.0,,,
rich_features,2,2,0.8,medium,Naive (persistence),27,1.3554153522607781,1.9431224359163253,19971.0,,,
rich_features,2,2,0.8,medium,Linear Regression,27,1.2892719773389498,1.694580888565047,19971.0,,,
rich_features,2,2,0.8,medium,Decision Tree,27,1.2601080881430375,1.6659200907477758,19971.0,,,
rich_features,2,2,0.8,medium,Random Forest,27,1.2596430996802968,1.6643389160345587,19971.0,,,
rich_features,2,2,0.8,medium,Naive (persistence),28,1.3065945621150667,1.911805363952349,19971.0,,,
rich_features,2,2,0.8,medium,Linear Regression,28,1.2638903053888995,1.6731288395859847,19971.0,,,
rich_features,2,2,0.8,medium,Decision Tree,28,1.2368026467990743,1.6326073147165348,19971.0,,,
rich_features,2,2,0.8,medium,Random Forest,28,1.2361211165526635,1.6305205634429571,19971.0,,,
rich_features,2,2,0.8,medium,Naive (persistence),29,1.3571178208402184,1.9603883614389048,19971.0,,,
rich_features,2,2,0.8,medium,Linear Regression,29,1.2924710018926622,1.7023534296092055,19971.0,,,
rich_features,2,2,0.8,medium,Decision Tree,29,1.2811941859307556,1.6953154142515063,19971.0,,,
rich_features,2,2,0.8,medium,Random Forest,29,1.2796368848866027,1.6917762601046455,19971.0,,,
rich_features,2,2,0.8,medium,Linear Regression,ALL_MEAN,1.2697321327321318,,,0.020663477232251853,0.04072646162600979,5.0
rich_features,2,2,0.8,medium,Decision Tree,ALL_MEAN,1.249855179551926,,,0.020808966875160664,0.05574335748753467,5.0
rich_features,2,2,0.8,medium,Random Forest,ALL_MEAN,1.2489134661317138,,,0.020566642110186422,0.05645481523634133,5.0
rich_features,2,2,0.8,medium,Naive (persistence),ALL_MEAN,1.3236392769515797,,,0.030691355484972233,0.0,5.0
rich_features,2,2,0.8,long,Naive (persistence),25,1.511391517700666,2.2328970985485257,19971.0,,,
rich_features,2,2,0.8,long,Linear Regression,25,1.3860305092845022,1.8586518624869643,19971.0,,,
rich_features,2,2,0.8,long,Decision Tree,25,1.3818637026699632,1.8477543249269823,19971.0,,,
rich_features,2,2,0.8,long,Random Forest,25,1.3804856142857662,1.8450716041064419,19971.0,,,
rich_features,2,2,0.8,long,Naive (persistence),26,1.6219518301537228,2.3463125355856236,19971.0,,,
rich_features,2,2,0.8,long,Linear Regression,26,1.4223866554916402,1.8816383004602601,19971.0,,,
rich_features,2,2,0.8,long,Decision Tree,26,1.4046587215111745,1.8579272500016415,19971.0,,,
rich_features,2,2,0.8,long,Random Forest,26,1.4050768681502797,1.8581005784959272,19971.0,,,
rich_features,2,2,0.8,long,Naive (persistence),27,1.6447348655550549,2.3640968641905835,19971.0,,,
rich_features,2,2,0.8,long,Linear Regression,27,1.4352772969856284,1.910096231233867,19971.0,,,
rich_features,2,2,0.8,long,Decision Tree,27,1.414314499366594,1.8814857112659413,19971.0,,,
rich_features,2,2,0.8,long,Random Forest,27,1.4135641797694745,1.880220205869924,19971.0,,,
rich_features,2,2,0.8,long,Naive (persistence),28,1.577387211456612,2.3110049932690377,19971.0,,,
rich_features,2,2,0.8,long,Linear Regression,28,1.4228179334656925,1.8953465468585375,19971.0,,,
rich_features,2,2,0.8,long,Decision Tree,28,1.4015961357419033,1.8486792053178012,19971.0,,,
rich_features,2,2,0.8,long,Random Forest,28,1.4011063072945091,1.8492373859239326,19971.0,,,
rich_features,2,2,0.8,long,Naive (persistence),29,1.6860447649091181,2.3933461415646393,19971.0,,,
rich_features,2,2,0.8,long,Linear Regression,29,1.4654263343191611,1.9149249654396239,19971.0,,,
rich_features,2,2,0.8,long,Decision Tree,29,1.4529922545310734,1.9059710348562495,19971.0,,,
rich_features,2,2,0.8,long,Random Forest,29,1.4518283480554848,1.904659672340281,19971.0,,,
rich_features,2,2,0.8,long,Linear Regression,ALL_MEAN,1.4263877459093248,,,0.025536226568449536,0.11310953275730162,5.0
rich_features,2,2,0.8,long,Decision Tree,ALL_MEAN,1.4110850627641418,,,0.023460040350546066,0.12262433954361929,5.0
rich_features,2,2,0.8,long,Random Forest,ALL_MEAN,1.410412263511103,,,0.023391871381764108,0.12304266846266632,5.0
rich_features,2,2,0.8,long,Naive (persistence),ALL_MEAN,1.6083020379550348,,,0.059841415059567735,0.0,5.0
rich_features,2,2,0.8,extra_long,Naive (persistence),25,1.4150017525411847,2.085150927118671,19971.0,,,
rich_features,2,2,0.8,extra_long,Linear Regression,25,1.3273584134723935,1.776467481333665,19971.0,,,
rich_features,2,2,0.8,extra_long,Decision Tree,25,1.3138818394325538,1.7585080293848134,19971.0,,,
rich_features,2,2,0.8,extra_long,Random Forest,25,1.3121466925902998,1.7557702796930623,19971.0,,,
rich_features,2,2,0.8,extra_long,Naive (persistence),26,1.4885584096940563,2.170421746875708,19971.0,,,
rich_features,2,2,0.8,extra_long,Linear Regression,26,1.3640883779614126,1.8080199176717953,19971.0,,,
rich_features,2,2,0.8,extra_long,Decision Tree,26,1.340221479677172,1.7873755674131784,19971.0,,,
rich_features,2,2,0.8,extra_long,Random Forest,26,1.3395622711452264,1.7862420424373022,19971.0,,,
rich_features,2,2,0.8,extra_long,Naive (persistence),27,1.528816784337289,2.188891799198276,19971.0,,,
rich_features,2,2,0.8,extra_long,Linear Regression,27,1.3828859383489704,1.8313652587166716,19971.0,,,
rich_features,2,2,0.8,extra_long,Decision Tree,27,1.3541143090818908,1.8046651182974327,19971.0,,,
rich_features,2,2,0.8,extra_long,Random Forest,27,1.3522094776775753,1.801835153918319,19971.0,,,
rich_features,2,2,0.8,extra_long,Naive (persistence),28,1.4660758099243905,2.14814829203494,19971.0,,,
rich_features,2,2,0.8,extra_long,Linear Regression,28,1.3657330911006038,1.8129617326811351,19971.0,,,
rich_features,2,2,0.8,extra_long,Decision Tree,28,1.332704304585575,1.7688113896202806,19971.0,,,
rich_features,2,2,0.8,extra_long,Random Forest,28,1.331393359900174,1.7663227889302433,19971.0,,,
rich_features,2,2,0.8,extra_long,Naive (persistence),29,1.5664713835060837,2.227980621907384,19971.0,,,
rich_features,2,2,0.8,extra_long,Linear Regression,29,1.408635670458767,1.8466657707979834,19971.0,,,
rich_features,2,2,0.8,extra_long,Decision Tree,29,1.3888436169730956,1.8405842695817938,19971.0,,,
rich_features,2,2,0.8,extra_long,Random Forest,29,1.3869321464189184,1.8362290109649138,19971.0,,,
rich_features,2,2,0.8,extra_long,Linear Regression,ALL_MEAN,1.3697402982684295,,,0.02657022356796879,0.08254908383578141,5.0
rich_features,2,2,0.8,extra_long,Decision Tree,ALL_MEAN,1.3459531099500572,,,0.02507249323757257,0.09848172285008938,5.0
rich_features,2,2,0.8,extra_long,Random Forest,ALL_MEAN,1.3444487895464388,,,0.024911088553176405,0.09948931540924022,5.0
rich_features,2,2,0.8,extra_long,Naive (persistence),ALL_MEAN,1.4929848280006008,,,0.051979325555328394,0.0,5.0
rich_features,2,2,0.9,short,Naive (persistence),25,1.3640278403685344,1.8518159661370344,19971.0,,,
rich_features,2,2,0.9,short,Linear Regression,25,1.3824896942540283,1.788071164703717,19971.0,,,
rich_features,2,2,0.9,short,Decision Tree,25,1.3786877160435127,1.7591021137252034,19971.0,,,
rich_features,2,2,0.9,short,Random Forest,25,1.3773456114029554,1.7572749695860663,19971.0,,,
rich_features,2,2,0.9,short,Naive (persistence),26,1.3743928696610084,1.8689475110228457,19971.0,,,
rich_features,2,2,0.9,short,Linear Regression,26,1.3971423970711727,1.8055494594507604,19971.0,,,
rich_features,2,2,0.9,short,Decision Tree,26,1.3952731934777416,1.7846536045354144,19971.0,,,
rich_features,2,2,0.9,short,Random Forest,26,1.3956251744023083,1.7838465706959392,19971.0,,,
rich_features,2,2,0.9,short,Naive (persistence),27,1.3701867708176856,1.8661590760331066,19971.0,,,
rich_features,2,2,0.9,short,Linear Regression,27,1.3866358145630464,1.7974422538493355,19971.0,,,
rich_features,2,2,0.9,short,Decision Tree,27,1.3827698590425566,1.7699752104489515,19971.0,,,
rich_features,2,2,0.9,short,Random Forest,27,1.382364840639427,1.7683482977711276,19971.0,,,
rich_features,2,2,0.9,short,Naive (persistence),28,1.3882629813229181,1.885604805612851,19971.0,,,
rich_features,2,2,0.9,short,Linear Regression,28,1.3996143034169435,1.8092438899366654,19971.0,,,
rich_features,2,2,0.9,short,Decision Tree,28,1.40248466172385,1.7895793516792535,19971.0,,,
rich_features,2,2,0.9,short,Random Forest,28,1.4019901572065494,1.7882067499705199,19971.0,,,
rich_features,2,2,0.9,short,Naive (persistence),29,1.366531470632417,1.8683981968900811,19971.0,,,
rich_features,2,2,0.9,short,Linear Regression,29,1.3890158089077096,1.8004964122092224,19971.0,,,
rich_features,2,2,0.9,short,Decision Tree,29,1.3904374684051177,1.7812452930058993,19971.0,,,
rich_features,2,2,0.9,short,Random Forest,29,1.390352823301007,1.7804749298874354,19971.0,,,
rich_features,2,2,0.9,short,Linear Regression,ALL_MEAN,1.39097960364258,,,0.006439590325337411,-0.013331010817397404,5.0
rich_features,2,2,0.9,short,Decision Tree,ALL_MEAN,1.389930579738556,,,0.00853326827342659,-0.012566795116280893,5.0
rich_features,2,2,0.9,short,Random Forest,ALL_MEAN,1.3895357213904496,,,0.008864337282231662,-0.012279140137035682,5.0
rich_features,2,2,0.9,short,Naive (persistence),ALL_MEAN,1.3726803865605126,,,0.00853983255183392,0.0,5.0
rich_features,2,2,0.9,medium,Naive (persistence),25,1.8454258675078865,2.4743944330532615,19971.0,,,
rich_features,2,2,0.9,medium,Linear Regression,25,1.8186433831686983,2.347440115951203,19971.0,,,
rich_features,2,2,0.9,medium,Decision Tree,25,1.7869487318931208,2.2883083700960256,19971.0,,,
rich_features,2,2,0.9,medium,Random Forest,25,1.7847516068576441,2.286708695543404,19971.0,,,
rich_features,2,2,0.9,medium,Naive (persistence),26,1.858594962695909,2.4987102977477207,19971.0,,,
rich_features,2,2,0.9,medium,Linear Regression,26,1.8285696301866037,2.3650156702147305,19971.0,,,
rich_features,2,2,0.9,medium,Decision Tree,26,1.8129449685734318,2.328469030630539,19971.0,,,
rich_features,2,2,0.9,medium,Random Forest,26,1.8112165319938909,2.326198180238178,19971.0,,,
rich_features,2,2,0.9,medium,Naive (persistence),27,1.836262580742076,2.4706580133595013,19971.0,,,
rich_features,2,2,0.9,medium,Linear Regression,27,1.793693141157709,2.327614290245836,19971.0,,,
rich_features,2,2,0.9,medium,Decision Tree,27,1.7694838387814695,2.282187617249628,19971.0,,,
rich_features,2,2,0.9,medium,Random Forest,27,1.7681589487901257,2.2803462557478222,19971.0,,,
rich_features,2,2,0.9,medium,Naive (persistence),28,1.8632517149867307,2.5045249720729115,19971.0,,,
rich_features,2,2,0.9,medium,Linear Regression,28,1.8156257339930808,2.3454224338044884,19971.0,,,
rich_features,2,2,0.9,medium,Decision Tree,28,1.8012562419500417,2.308939926272792,19971.0,,,
rich_features,2,2,0.9,medium,Random Forest,28,1.800296362793802,2.307483774622069,19971.0,,,
rich_features,2,2,0.9,medium,Naive (persistence),29,1.8125281658404686,2.4485083275115374,19971.0,,,
rich_features,2,2,0.9,medium,Linear Regression,29,1.7923693243993861,2.3183132606733023,19971.0,,,
rich_features,2,2,0.9,medium,Decision Tree,29,1.7813520994208498,2.2846403043780144,19971.0,,,
rich_features,2,2,0.9,medium,Random Forest,29,1.7804477535221401,2.283632176733466,19971.0,,,
rich_features,2,2,0.9,medium,Linear Regression,ALL_MEAN,1.8097802425810958,,,0.014336673405289886,0.01813812183959429,5.0
rich_features,2,2,0.9,medium,Decision Tree,ALL_MEAN,1.7903971761237827,,,0.015214434685119226,0.028654036196766652,5.0
rich_features,2,2,0.9,medium,Random Forest,ALL_MEAN,1.7889742407915203,,,0.015144094348381152,0.02942602272030348,5.0
rich_features,2,2,0.9,medium,Naive (persistence),ALL_MEAN,1.8432126583546142,,,0.018071629876579922,0.0,5.0
rich_features,2,2,0.9,long,Naive (persistence),25,2.4183065444895098,3.2385502777411244,19971.0,,,
rich_features,2,2,0.9,long,Linear Regression,25,2.296028698023588,2.978780808391149,19971.0,,,
rich_features,2,2,0.9,long,Decision Tree,25,2.2518090691189476,2.893965070496851,19971.0,,,
rich_features,2,2,0.9,long,Random Forest,25,2.2478205068513355,2.8858792359654717,19971.0,,,
rich_features,2,2,0.9,long,Naive (persistence),26,2.4086926042762005,3.239709677154538,19971.0,,,
rich_features,2,2,0.9,long,Linear Regression,26,2.294170911196194,2.9727319019593725,19971.0,,,
rich_features,2,2,0.9,long,Decision Tree,26,2.257517535798881,2.904532541689575,19971.0,,,
rich_features,2,2,0.9,long,Random Forest,26,2.2564158476779705,2.9033150982967064,19971.0,,,
rich_features,2,2,0.9,long,Naive (persistence),27,2.3785488958990535,3.2120024270550513,19971.0,,,
rich_features,2,2,0.9,long,Linear Regression,27,2.241273157805059,2.9205421640108273,19971.0,,,
rich_features,2,2,0.9,long,Decision Tree,27,2.209841679233369,2.8693768011821312,19971.0,,,
rich_features,2,2,0.9,long,Random Forest,27,2.2084493063652633,2.867385106553677,19971.0,,,
rich_features,2,2,0.9,long,Naive (persistence),28,2.3831555755845977,3.226747162548372,19971.0,,,
rich_features,2,2,0.9,long,Linear Regression,28,2.246237085706862,2.8998859033074056,19971.0,,,
rich_features,2,2,0.9,long,Decision Tree,28,2.2189325291120636,2.84114870670063,19971.0,,,
rich_features,2,2,0.9,long,Random Forest,28,2.217613203406022,2.8394573141450765,19971.0,,,
rich_features,2,2,0.9,long,Naive (persistence),29,2.3671824145010265,3.1854926898883527,19971.0,,,
rich_features,2,2,0.9,long,Linear Regression,29,2.262201664644263,2.9240385398701534,19971.0,,,
rich_features,2,2,0.9,long,Decision Tree,29,2.2352431938218884,2.878481340296133,19971.0,,,
rich_features,2,2,0.9,long,Random Forest,29,2.2330673023050887,2.8744124796379964,19971.0,,,
rich_features,2,2,0.9,long,Linear Regression,ALL_MEAN,2.2679823034751934,,,0.023203845220320502,0.051520607973684185,5.0
rich_features,2,2,0.9,long,Decision Tree,ALL_MEAN,2.23466880141703,,,0.018331391809456327,0.0654524495625618,5.0
rich_features,2,2,0.9,long,Random Forest,ALL_MEAN,2.232673233321136,,,0.017927130615175157,0.06628700422881317,5.0
rich_features,2,2,0.9,long,Naive (persistence),ALL_MEAN,2.3911772069500774,,,0.0191956295716421,0.0,5.0
rich_features,2,2,0.9,extra_long,Naive (persistence),25,2.1749036102348405,2.911054387088061,19971.0,,,
rich_features,2,2,0.9,extra_long,Linear Regression,25,2.0976682163986764,2.714485318335938,19971.0,,,
rich_features,2,2,0.9,extra_long,Decision Tree,25,2.0615900571785053,2.636560754592719,19971.0,,,
rich_features,2,2,0.9,extra_long,Random Forest,25,2.060871163516078,2.63539371604636,19971.0,,,
rich_features,2,2,0.9,extra_long,Naive (persistence),26,2.1739021581292874,2.9178236508643627,19971.0,,,
rich_features,2,2,0.9,extra_long,Linear Regression,26,2.102541115300701,2.7174089530508936,19971.0,,,
rich_features,2,2,0.9,extra_long,Decision Tree,26,2.0797957226730666,2.664988318581389,19971.0,,,
rich_features,2,2,0.9,extra_long,Random Forest,26,2.079049154169602,2.662746577224851,19971.0,,,
rich_features,2,2,0.9,extra_long,Naive (persistence),27,2.1469130238846326,2.8934649820627714,19971.0,,,
rich_features,2,2,0.9,extra_long,Linear Regression,27,2.053988181357834,2.674413417511398,19971.0,,,
rich_features,2,2,0.9,extra_long,Decision Tree,27,2.0271140691756835,2.6217401078488907,19971.0,,,
rich_features,2,2,0.9,extra_long,Random Forest,27,2.026529444865649,2.619979327390424,19971.0,,,
rich_features,2,2,0.9,extra_long,Naive (persistence),28,2.175955134945671,2.92935874499052,19971.0,,,
rich_features,2,2,0.9,extra_long,Linear Regression,28,2.0791049864101936,2.682965250827892,19971.0,,,
rich_features,2,2,0.9,extra_long,Decision Tree,28,2.0577065946158455,2.632675275647805,19971.0,,,
rich_features,2,2,0.9,extra_long,Random Forest,28,2.0566449119283363,2.6299486227250273,19971.0,,,
rich_features,2,2,0.9,extra_long,Naive (persistence),29,2.1271844174052377,2.870025037065776,19971.0,,,
rich_features,2,2,0.9,extra_long,Linear Regression,29,2.063164834681731,2.670299354652552,19971.0,,,
rich_features,2,2,0.9,extra_long,Decision Tree,29,2.045662198414229,2.6267173565141895,19971.0,,,
rich_features,2,2,0.9,extra_long,Random Forest,29,2.0464812179344363,2.625706209443834,19971.0,,,
rich_features,2,2,0.9,extra_long,Linear Regression,ALL_MEAN,2.079293466829827,,,0.018860595715933823,0.03726236585479081,5.0
rich_features,2,2,0.9,extra_long,Decision Tree,ALL_MEAN,2.054373728411466,,,0.017483941013346428,0.0488005014720726,5.0
rich_features,2,2,0.9,extra_long,Random Forest,ALL_MEAN,2.0539151784828205,,,0.017278866175046394,0.049012815549178135,5.0
rich_features,2,2,0.9,extra_long,Naive (persistence),ALL_MEAN,2.1597716689199338,,,0.019584813807057636,0.0,5.0
rich_features,2,2,0.95,short,Naive (persistence),25,1.5894046367232486,2.0991401250115316,19971.0,,,
rich_features,2,2,0.95,short,Linear Regression,25,1.6135847345547034,2.0658602957146517,19971.0,,,
rich_features,2,2,0.95,short,Decision Tree,25,1.6168611359811949,2.0537428451961075,19971.0,,,
rich_features,2,2,0.95,short,Random Forest,25,1.6153699298594013,2.0512517277735975,19971.0,,,
rich_features,2,2,0.95,short,Naive (persistence),26,1.6318662059986981,2.136848351022866,19971.0,,,
rich_features,2,2,0.95,short,Linear Regression,26,1.6488616345988363,2.1106887391661973,19971.0,,,
rich_features,2,2,0.95,short,Decision Tree,26,1.6488964757610238,2.097474628289915,19971.0,,,
rich_features,2,2,0.95,short,Random Forest,26,1.645839363889322,2.0933173672389747,19971.0,,,
rich_features,2,2,0.95,short,Naive (persistence),27,1.4909618947473837,1.9992738153874512,19971.0,,,
rich_features,2,2,0.95,short,Linear Regression,27,1.519830107369162,1.9598786955522092,19971.0,,,
rich_features,2,2,0.95,short,Decision Tree,27,1.5177193426231588,1.934489783502759,19971.0,,,
rich_features,2,2,0.95,short,Random Forest,27,1.5167870701717487,1.9332849620974062,19971.0,,,
rich_features,2,2,0.95,short,Naive (persistence),28,1.6115367282559712,2.1110570847141097,19971.0,,,
rich_features,2,2,0.95,short,Linear Regression,28,1.6394121177787897,2.0896858367901014,19971.0,,,
rich_features,2,2,0.95,short,Decision Tree,28,1.649015221192183,2.086752599231818,19971.0,,,
rich_features,2,2,0.95,short,Random Forest,28,1.6458912557104952,2.082316009769987,19971.0,,,
rich_features,2,2,0.95,short,Naive (persistence),29,1.5834960693004858,2.0727106376945232,19971.0,,,
rich_features,2,2,0.95,short,Linear Regression,29,1.6006602656687199,2.0400984353963016,19971.0,,,
rich_features,2,2,0.95,short,Decision Tree,29,1.6029310821460887,2.0281602234594276,19971.0,,,
rich_features,2,2,0.95,short,Random Forest,29,1.6013618537047993,2.0251797118489026,19971.0,,,
rich_features,2,2,0.95,short,Linear Regression,ALL_MEAN,1.6044697719940424,,,0.04572323851872458,-0.01455412423354896,5.0
rich_features,2,2,0.95,short,Decision Tree,ALL_MEAN,1.6070846515407298,,,0.04817757059169294,-0.016207590615261225,5.0
rich_features,2,2,0.95,short,Random Forest,ALL_MEAN,1.6050498946671534,,,0.047417778378398716,-0.014920953114241797,5.0
rich_features,2,2,0.95,short,Naive (persistence),ALL_MEAN,1.5814531070051574,,,0.04837884833969123,0.0,5.0
rich_features,2,2,0.95,medium,Naive (persistence),25,2.189274447949527,2.8656949769936597,19971.0,,,
rich_features,2,2,0.95,medium,Linear Regression,25,2.1843921256131456,2.793927019862618,19971.0,,,
rich_features,2,2,0.95,medium,Decision Tree,25,2.183952612449719,2.767363188150236,19971.0,,,
rich_features,2,2,0.95,medium,Random Forest,25,2.181616518180125,2.764019523656211,19971.0,,,
rich_features,2,2,0.95,medium,Naive (persistence),26,2.2655850983926693,2.939784240467611,19971.0,,,
rich_features,2,2,0.95,medium,Linear Regression,26,2.258239997530022,2.887721252011219,19971.0,,,
rich_features,2,2,0.95,medium,Decision Tree,26,2.2408363068916453,2.847408703946646,19971.0,,,
rich_features,2,2,0.95,medium,Random Forest,26,2.2384743511739043,2.8440698092603296,19971.0,,,
rich_features,2,2,0.95,medium,Naive (persistence),27,2.0252866656652144,2.6792085267067005,19971.0,,,
rich_features,2,2,0.95,medium,Linear Regression,27,2.0307174342913985,2.5996555910408,19971.0,,,
rich_features,2,2,0.95,medium,Decision Tree,27,2.0265507526999667,2.551480676489847,19971.0,,,
rich_features,2,2,0.95,medium,Random Forest,27,2.026511377303814,2.551056007176598,19971.0,,,
rich_features,2,2,0.95,medium,Naive (persistence),28,2.2445546041760553,2.9126622223957876,19971.0,,,
rich_features,2,2,0.95,medium,Linear Regression,28,2.2546338555853898,2.871761412269338,19971.0,,,
rich_features,2,2,0.95,medium,Decision Tree,28,2.2677067397889252,2.8595729892845303,19971.0,,,
rich_features,2,2,0.95,medium,Random Forest,28,2.265551117095386,2.8561477439336365,19971.0,,,
rich_features,2,2,0.95,medium,Naive (persistence),29,2.163737419257924,2.816772017161695,19971.0,,,
rich_features,2,2,0.95,medium,Linear Regression,29,2.1594354662373494,2.7519965587430573,19971.0,,,
rich_features,2,2,0.95,medium,Decision Tree,29,2.1616367799221017,2.7266303795281654,19971.0,,,
rich_features,2,2,0.95,medium,Random Forest,29,2.1612709528485015,2.7248138727948796,19971.0,,,
rich_features,2,2,0.95,medium,Linear Regression,ALL_MEAN,2.177483775851461,,,0.08293072763943404,9.361821797049252e-05,5.0
rich_features,2,2,0.95,medium,Decision Tree,ALL_MEAN,2.1761366383504717,,,0.0839266383434905,0.0007122273664360579,5.0
rich_features,2,2,0.95,medium,Random Forest,ALL_MEAN,2.1746848633203464,,,0.08307723831142003,0.0013788863485295622,5.0
rich_features,2,2,0.95,medium,Naive (persistence),ALL_MEAN,2.177687647088278,,,0.08456012517187576,0.0,5.0
rich_features,2,2,0.95,long,Naive (persistence),25,3.005307696159431,3.890410798291129,19971.0,,,
rich_features,2,2,0.95,long,Linear Regression,25,2.9429568053471575,3.7440754039361788,19971.0,,,
rich_features,2,2,0.95,long,Decision Tree,25,2.917694183537379,3.6841075400501486,19971.0,,,
rich_features,2,2,0.95,long,Random Forest,25,2.915074175644803,3.68162397368389,19971.0,,,
rich_features,2,2,0.95,long,Naive (persistence),26,3.100295428371138,4.021100024351355,19971.0,,,
rich_features,2,2,0.95,long,Linear Regression,26,3.042650271963697,3.9185512587109814,19971.0,,,
rich_features,2,2,0.95,long,Decision Tree,26,2.9901058803477913,3.838192572799125,19971.0,,,
rich_features,2,2,0.95,long,Random Forest,26,2.9882906868097434,3.8353388236456794,19971.0,,,
rich_features,2,2,0.95,long,Naive (persistence),27,2.6945070352010414,3.5618669260935114,19971.0,,,
rich_features,2,2,0.95,long,Linear Regression,27,2.6589782398876562,3.4164718473930757,19971.0,,,
rich_features,2,2,0.95,long,Decision Tree,27,2.6382977145736524,3.3342847669321642,19971.0,,,
rich_features,2,2,0.95,long,Random Forest,27,2.6366527303701663,3.3314371653751054,19971.0,,,
rich_features,2,2,0.95,long,Naive (persistence),28,3.139652496119373,4.03595328670341,19971.0,,,
rich_features,2,2,0.95,long,Linear Regression,28,3.098271210060405,3.934837014417476,19971.0,,,
rich_features,2,2,0.95,long,Decision Tree,28,3.0993376813236972,3.904901573587479,19971.0,,,
rich_features,2,2,0.95,long,Random Forest,28,3.096863592954114,3.9010055051182677,19971.0,,,
rich_features,2,2,0.95,long,Naive (persistence),29,2.9365079365079363,3.8249397037625648,19971.0,,,
rich_features,2,2,0.95,long,Linear Regression,29,2.8679622590287637,3.698941848507488,19971.0,,,
rich_features,2,2,0.95,long,Decision Tree,29,2.8667103402253598,3.6519204002732484,19971.0,,,
rich_features,2,2,0.95,long,Random Forest,29,2.866483132464614,3.6512799810681322,19971.0,,,
rich_features,2,2,0.95,long,Linear Regression,ALL_MEAN,2.9221637572575356,,,0.15373197778673434,0.017843975371595433,5.0
rich_features,2,2,0.95,long,Decision Tree,ALL_MEAN,2.9024291600015757,,,0.153449958327483,0.02447688687096561,5.0
rich_features,2,2,0.95,long,Random Forest,ALL_MEAN,2.900672863648688,,,0.1531343537439813,0.02506718816388165,5.0
rich_features,2,2,0.95,long,Naive (persistence),ALL_MEAN,2.975254118471784,,,0.15740747419874188,0.0,5.0
rich_features,2,2,0.95,extra_long,Naive (persistence),25,2.641680436633118,3.430249493375207,19971.0,,,
rich_features,2,2,0.95,extra_long,Linear Regression,25,2.6093383144845386,3.320497134962176,19971.0,,,
rich_features,2,2,0.95,extra_long,Decision Tree,25,2.5884922297369815,3.274418306560698,19971.0,,,
rich_features,2,2,0.95,extra_long,Random Forest,25,2.5878219995294387,3.273570921718308,19971.0,,,
rich_features,2,2,0.95,extra_long,Naive (persistence),26,2.7217966050773623,3.5327392144365777,19971.0,,,
rich_features,2,2,0.95,extra_long,Linear Regression,26,2.6908660673139813,3.4563665863458635,19971.0,,,
rich_features,2,2,0.95,extra_long,Decision Tree,26,2.6520877546129085,3.395588560525293,19971.0,,,
rich_features,2,2,0.95,extra_long,Random Forest,26,2.649766471444988,3.391268859860449,19971.0,,,
rich_features,2,2,0.95,extra_long,Naive (persistence),27,2.407591006960092,3.1735948025476723,19971.0,,,
rich_features,2,2,0.95,extra_long,Linear Regression,27,2.38566249265486,3.0565761067468045,19971.0,,,
rich_features,2,2,0.95,extra_long,Decision Tree,27,2.3664547567516636,2.990125811059452,19971.0,,,
rich_features,2,2,0.95,extra_long,Random Forest,27,2.3647859000844678,2.9880930031397464,19971.0,,,
rich_features,2,2,0.95,extra_long,Naive (persistence),28,2.7275048820790144,3.526255804106417,19971.0,,,
rich_features,2,2,0.95,extra_long,Linear Regression,28,2.720114243044084,3.457026815067653,19971.0,,,
rich_features,2,2,0.95,extra_long,Decision Tree,28,2.724670836943401,3.44199907800574,19971.0,,,
rich_features,2,2,0.95,extra_long,Random Forest,28,2.7204823243118983,3.43582061641468,19971.0,,,
rich_features,2,2,0.95,extra_long,Naive (persistence),29,2.5946622602774023,3.3663082814258285,19971.0,,,
rich_features,2,2,0.95,extra_long,Linear Regression,29,2.558266177452664,3.2705149888448344,19971.0,,,
rich_features,2,2,0.95,extra_long,Decision Tree,29,2.5572635758119397,3.2343944953275345,19971.0,,,
rich_features,2,2,0.95,extra_long,Random Forest,29,2.5547394103619756,3.23136358839539,19971.0,,,
rich_features,2,2,0.95,extra_long,Linear Regression,ALL_MEAN,2.5928494589900257,,,0.11848873828701047,0.009851491567589021,5.0
rich_features,2,2,0.95,extra_long,Decision Tree,ALL_MEAN,2.577793830771379,,,0.1202435806007661,0.01560088352419442,5.0
rich_features,2,2,0.95,extra_long,Random Forest,ALL_MEAN,2.5755192211465534,,,0.11959819978096839,0.01646950369011968,5.0
rich_features,2,2,0.95,extra_long,Naive (persistence),ALL_MEAN,2.618647038205398,,,0.11673929814684633,0.0,5.0
